POSTALCODE,COUNTRY,STATE,ACI_AIRPORT,ACI_ZONE
99530,US,AK,ANC,A
99529,US,AK,ANC,A
99540,US,AK,ANC,A
99599,US,AK,ANC,A
99654,US,AK,ANC,E
99521,US,AK,ANC,A
99508,US,AK,ANC,A
99506,US,AK,ANC,A
99702,US,AK,FAI,D
99901,US,AK,KTN,A
99577,US,AK,ANC,D
99824,US,AK,JNU,A
99574,US,AK,CDV,A
99574,US,AK,CDV,A
99701,US,AK,FAI,A
99574,US,AK,CDV,A
99524,US,AK,ANC,A
99709,US,AK,FAI,A
99522,US,AK,ANC,A
99701,US,AK,FAI,A
99520,US,AK,ANC,A
99519,US,AK,ANC,A
99518,US,AK,ANC,A
99517,US,AK,ANC,A
99516,US,AK,ANC,A
99515,US,AK,ANC,A
99514,US,AK,ANC,A
99513,US,AK,ANC,A
99511,US,AK,ANC,A
99510,US,AK,ANC,A
99509,US,AK,ANC,A
99523,US,AK,ANC,A
99901,US,AK,KTN,A
99929,US,AK,WRG,A
99929,US,AK,WRG,A
99694,US,AK,ANC,E
99687,US,AK,ANC,E
99652,US,AK,ANC,F
99835,US,AK,SIT,A
99835,US,AK,SIT,A
99833,US,AK,PSG,A
99833,US,AK,PSG,A
99645,US,AK,ANC,E
99705,US,AK,FAI,C
99725,US,AK,FAI,D
99901,US,AK,KTN,A
99652,US,AK,ANC,F
99824,US,AK,JNU,A
99801,US,AK,JNU,A
99801,US,AK,JNU,A
99694,US,AK,ANC,F
99703,US,AK,FAI,B
99505,US,AK,ANC,A
99775,US,AK,FAI,B
99709,US,AK,FAI,C
99705,US,AK,FAI,C
99703,US,AK,FAI,B
99702,US,AK,FAI,D
99901,US,AK,KTN,A
99505,US,AK,ANC,C
99507,US,AK,ANC,A
99506,US,AK,ANC,B
99504,US,AK,ANC,A
99503,US,AK,ANC,A
99502,US,AK,ANC,A
99501,US,AK,ANC,A
99502,US,AK,ANC,A
99567,US,AK,ANC,E
36140,US,AL,MGM,B
36141,US,AL,MGM,B
36141,US,AL,MGM,B
36140,US,AL,MGM,B
36135,US,AL,MGM,B
36115,US,AL,MGM,B
36177,US,AL,MGM,B
36177,US,AL,MGM,B
36177,US,AL,MGM,B
36191,US,AL,MGM,B
36132,US,AL,MGM,B
36133,US,AL,MGM,B
36134,US,AL,MGM,B
36133,US,AL,MGM,B
36579,US,AL,MOB,D
36135,US,AL,MGM,B
36135,US,AL,MGM,B
36134,US,AL,MGM,B
36132,US,AL,MGM,B
36132,US,AL,MGM,B
36133,US,AL,MGM,B
36134,US,AL,MGM,B
36141,US,AL,MGM,B
36675,US,AL,MOB,B
36504,US,AL,MOB,L
36503,US,AL,MOB,L
36502,US,AL,MOB,L
36441,US,AL,MOB,L
36542,US,AL,MOB,F
36427,US,AL,MOB,L
36426,US,AL,MOB,L
36511,US,AL,MOB,F
36562,US,AL,MOB,F
36131,US,AL,MGM,B
36561,US,AL,MOB,E
36140,US,AL,MGM,B
36671,US,AL,MOB,B
36670,US,AL,MOB,A
36575,US,AL,MOB,C
36663,US,AL,MOB,B
36644,US,AL,MOB,B
36577,US,AL,MOB,C
36142,US,AL,MGM,B
36142,US,AL,MGM,B
36330,US,AL,MGM,D
36549,US,AL,MOB,F
36110,US,AL,MGM,A
36116,US,AL,MGM,B
36115,US,AL,MGM,B
36118,US,AL,MGM,B
36115,US,AL,MGM,B
36118,US,AL,MGM,B
36118,US,AL,MGM,B
36352,US,AL,MGM,E
36130,US,AL,MGM,B
36142,US,AL,MGM,B
36130,US,AL,MGM,B
36115,US,AL,MGM,B
36117,US,AL,MGM,B
36119,US,AL,MGM,B
36110,US,AL,MGM,A
36111,US,AL,MGM,A
36112,US,AL,MGM,A
36113,US,AL,MGM,B
36114,US,AL,MGM,B
36114,US,AL,MGM,B
36114,US,AL,MGM,B
36301,US,AL,DHN,A
36301,US,AL,DHN,A
36301,US,AL,DHN,A
36301,US,AL,DHN,A
36130,US,AL,MGM,B
36131,US,AL,MGM,B
36107,US,AL,MGM,A
36082,US,AL,MGM,D
36082,US,AL,MGM,D
36105,US,AL,MGM,A
36191,US,AL,MGM,B
36108,US,AL,MGM,A
36305,US,AL,MGM,E
36106,US,AL,MGM,B
36303,US,AL,MGM,E
36108,US,AL,MGM,A
36301,US,AL,MGM,E
36301,US,AL,MGM,E
36301,US,AL,MGM,E
36301,US,AL,MGM,E
36305,US,AL,MGM,E
36617,US,AL,MOB,A
36322,US,AL,MGM,D
36619,US,AL,MOB,C
36118,US,AL,MGM,B
36109,US,AL,MGM,B
36067,US,AL,MGM,C
36131,US,AL,MGM,B
36104,US,AL,MGM,A
36066,US,AL,MGM,C
35739,US,AL,HSV,D
35057,US,AL,BHM,E
35022,US,AL,BHM,D
35022,US,AL,BHM,D
36502,US,AL,PNS,F
36503,US,AL,PNS,F
36504,US,AL,PNS,F
36502,US,AL,PNS,F
35613,US,AL,HSV,B
35058,US,AL,BHM,E
35957,US,AL,HSV,E
35016,US,AL,HSV,D
35950,US,AL,HSV,E
36427,US,AL,PNS,F
36426,US,AL,PNS,F
35951,US,AL,HSV,E
36426,US,AL,PNS,F
36207,US,AL,BHM,E
35741,US,AL,HSV,C
35115,US,AL,ATL,Y
35007,US,AL,ATL,Y
35645,US,AL,ATL,Y
35754,US,AL,ATL,Y
35094,US,AL,ATL,Y
35646,US,AL,ATL,Y
35575,US,AL,ATL,Y
35758,US,AL,ATL,Y
35186,US,AL,ATL,Y
35228,US,AL,ATL,Y
36265,US,AL,ATL,Y
35649,US,AL,ATL,Y
35650,US,AL,ATL,Y
35223,US,AL,ATL,Y
35118,US,AL,ATL,Y
36268,US,AL,ATL,Y
35661,US,AL,ATL,Y
35760,US,AL,ATL,Y
35759,US,AL,ATL,Y
35244,US,AL,ATL,Y
35640,US,AL,ATL,Y
35750,US,AL,ATL,Y
35080,US,AL,ATL,Y
35903,US,AL,ATL,Y
35752,US,AL,ATL,Y
35404,US,AL,ATL,Y
35209,US,AL,ATL,Y
35085,US,AL,ATL,Y
35226,US,AL,ATL,Y
35501,US,AL,ATL,Y
35023,US,AL,ATL,Y
35808,US,AL,ATL,Y
35811,US,AL,ATL,Y
35812,US,AL,ATL,Y
35899,US,AL,ATL,Y
35124,US,AL,ATL,Y
35210,US,AL,ATL,Y
35120,US,AL,ATL,Y
35216,US,AL,ATL,Y
35674,US,AL,ATL,Y
35762,US,AL,ATL,Y
35171,US,AL,ATL,Y
35672,US,AL,ATL,Y
35758,US,AL,ATL,Y
35173,US,AL,ATL,Y
35401,US,AL,ATL,Y
35402,US,AL,ATL,Y
35118,US,AL,ATL,Y
35404,US,AL,ATL,Y
35150,US,AL,ATL,Y
35216,US,AL,ATL,Y
35226,US,AL,ATL,Y
35242,US,AL,ATL,Y
35216,US,AL,ATL,Y
35226,US,AL,ATL,Y
35242,US,AL,ATL,Y
35178,US,AL,ATL,Y
35180,US,AL,ATL,Y
35403,US,AL,ATL,Y
35652,US,AL,ATL,Y
35748,US,AL,ATL,Y
35121,US,AL,ATL,Y
36203,US,AL,ATL,Y
35580,US,AL,ATL,Y
35124,US,AL,ATL,Y
36272,US,AL,ATL,Y
35236,US,AL,ATL,Y
35160,US,AL,ATL,Y
35135,US,AL,ATL,Y
35476,US,AL,ATL,Y
35957,US,AL,ATL,Y
35660,US,AL,ATL,Y
35661,US,AL,ATL,Y
35242,US,AL,ATL,Y
35952,US,AL,ATL,Y
35901,US,AL,ATL,Y
35987,US,AL,ATL,Y
35148,US,AL,ATL,Y
35244,US,AL,ATL,Y
35236,US,AL,ATL,Y
35244,US,AL,ATL,Y
35213,US,AL,ATL,Y
35215,US,AL,ATL,Y
35216,US,AL,ATL,Y
35220,US,AL,ATL,Y
35223,US,AL,ATL,Y
35226,US,AL,ATL,Y
35209,US,AL,ATL,Y
35235,US,AL,ATL,Y
35204,US,AL,ATL,Y
35240,US,AL,ATL,Y
35242,US,AL,ATL,Y
35243,US,AL,ATL,Y
35244,US,AL,ATL,Y
35298,US,AL,ATL,Y
35031,US,AL,ATL,Y
36204,US,AL,ATL,Y
35078,US,AL,ATL,Y
35228,US,AL,ATL,Y
36205,US,AL,ATL,Y
35005,US,AL,ATL,Y
35007,US,AL,ATL,Y
35950,US,AL,ATL,Y
35073,US,AL,ATL,Y
35952,US,AL,ATL,Y
36201,US,AL,ATL,Y
36202,US,AL,ATL,Y
35210,US,AL,ATL,Y
36204,US,AL,ATL,Y
35957,US,AL,ATL,Y
35611,US,AL,ATL,Y
35954,US,AL,ATL,Y
35020,US,AL,ATL,Y
35021,US,AL,ATL,Y
35023,US,AL,ATL,Y
35201,US,AL,ATL,Y
35202,US,AL,ATL,Y
35203,US,AL,ATL,Y
36203,US,AL,ATL,Y
35902,US,AL,ATL,Y
35226,US,AL,ATL,Y
35064,US,AL,ATL,Y
35630,US,AL,ATL,Y
35631,US,AL,ATL,Y
35632,US,AL,ATL,Y
35633,US,AL,ATL,Y
36205,US,AL,ATL,Y
35062,US,AL,ATL,Y
35901,US,AL,ATL,Y
35603,US,AL,ATL,Y
35903,US,AL,ATL,Y
35904,US,AL,ATL,Y
35905,US,AL,ATL,Y
35071,US,AL,ATL,Y
35905,US,AL,ATL,Y
35747,US,AL,ATL,Y
35073,US,AL,ATL,Y
35054,US,AL,ATL,Y
35068,US,AL,ATL,Y
35068,US,AL,ATL,Y
35036,US,AL,ATL,Y
35444,US,AL,ATL,Y
36253,US,AL,ATL,Y
35243,US,AL,ATL,Y
35215,US,AL,ATL,Y
35220,US,AL,ATL,Y
35235,US,AL,ATL,Y
36260,US,AL,ATL,Y
35044,US,AL,ATL,Y
35077,US,AL,ATL,Y
35051,US,AL,ATL,Y
35044,US,AL,ATL,Y
35550,US,AL,ATL,Y
35453,US,AL,ATL,Y
35213,US,AL,ATL,Y
35055,US,AL,ATL,Y
35601,US,AL,ATL,Y
35602,US,AL,ATL,Y
35960,US,AL,ATL,Y
35618,US,AL,ATL,Y
35906,US,AL,BHM,E
35151,US,AL,BHM,E
35653,US,AL,HSV,D
35673,US,AL,HSV,B
35022,US,AL,BHM,D
35769,US,AL,HSV,E
36079,US,AL,MGM,D
36703,US,AL,MGM,E
35620,US,AL,HSV,C
36536,US,AL,MOB,E
35475,US,AL,BHM,E
35634,US,AL,HSV,C
36441,US,AL,PNS,F
36502,US,AL,PNS,F
35906,US,AL,BHM,E
36502,US,AL,PNS,F
36426,US,AL,PNS,F
36093,US,AL,MGM,C
36701,US,AL,MGM,E
35907,US,AL,BHM,E
36701,US,AL,MGM,E
36703,US,AL,MGM,E
35957,US,AL,HSV,E
35761,US,AL,HSV,C
35670,US,AL,HSV,C
36547,US,AL,MOB,E
35907,US,AL,BHM,E
35475,US,AL,BHM,E
35976,US,AL,HSV,E
35473,US,AL,BHM,E
35749,US,AL,HSV,B
35116,US,AL,BHM,D
35475,US,AL,BHM,E
35473,US,AL,BHM,E
35151,US,AL,BHM,E
36503,US,AL,PNS,F
35473,US,AL,BHM,E
36530,US,AL,PNS,F
35906,US,AL,BHM,E
35756,US,AL,HSV,A
36441,US,AL,PNS,F
36530,US,AL,PNS,F
36426,US,AL,PNS,F
35128,US,AL,BHM,E
36427,US,AL,PNS,F
36426,US,AL,PNS,F
35757,US,AL,HSV,A
36426,US,AL,PNS,F
36549,US,AL,PNS,F
36530,US,AL,PNS,F
36530,US,AL,PNS,F
35752,US,AL,HSV,F
35976,US,AL,HSV,F
35950,US,AL,HSV,F
35772,US,AL,HSV,H
35957,US,AL,HSV,F
35653,US,AL,HSV,F
35184,US,AL,BHM,G
35501,US,AL,BHM,G
36561,US,AL,MOB,E
35123,US,AL,BHM,E
35232,US,AL,BHM,A
35231,US,AL,BHM,A
35230,US,AL,BHM,A
35229,US,AL,BHM,B
35228,US,AL,BHM,B
35233,US,AL,BHM,A
36361,US,AL,MGM,D
36360,US,AL,MGM,D
36203,US,AL,BHM,E
35214,US,AL,BHM,C
35763,US,AL,HSV,D
35220,US,AL,BHM,A
35121,US,AL,BHM,E
35763,US,AL,HSV,D
35222,US,AL,BHM,A
35763,US,AL,HSV,D
35212,US,AL,BHM,A
35245,US,AL,BHM,A
35244,US,AL,BHM,D
35226,US,AL,BHM,C
35225,US,AL,BHM,A
35218,US,AL,BHM,B
35223,US,AL,BHM,B
35215,US,AL,BHM,B
35221,US,AL,BHM,A
35762,US,AL,HSV,A
35219,US,AL,BHM,A
35021,US,AL,BHM,D
35217,US,AL,BHM,A
35216,US,AL,BHM,B
35224,US,AL,BHM,B
36120,US,AL,MGM,A
36140,US,AL,MGM,B
36135,US,AL,MGM,B
36134,US,AL,MGM,B
36133,US,AL,MGM,B
36132,US,AL,MGM,B
36130,US,AL,MGM,B
36125,US,AL,MGM,A
36124,US,AL,MGM,A
35120,US,AL,BHM,E
36121,US,AL,MGM,A
36177,US,AL,MGM,B
36119,US,AL,MGM,B
36118,US,AL,MGM,B
36117,US,AL,MGM,B
36116,US,AL,MGM,B
36115,US,AL,MGM,B
36114,US,AL,MGM,B
36113,US,AL,MGM,B
36112,US,AL,MGM,A
36123,US,AL,MGM,A
35253,US,AL,BHM,A
35020,US,AL,BHM,D
36352,US,AL,MGM,E
35010,US,AL,BHM,F
35760,US,AL,HSV,C
35119,US,AL,BHM,F
36303,US,AL,MGM,E
36303,US,AL,DHN,A
35661,US,AL,HSV,C
36141,US,AL,MGM,B
35118,US,AL,BHM,D
36142,US,AL,MGM,B
35223,US,AL,BHM,B
36560,US,AL,MOB,E
36057,US,AL,MGM,C
35650,US,AL,HSV,C
35649,US,AL,HSV,B
35004,US,AL,BHM,C
36559,US,AL,MOB,C
36191,US,AL,MGM,B
35476,US,AL,BHM,E
36268,US,AL,BHM,E
35280,US,AL,BHM,A
35023,US,AL,BHM,D
35291,US,AL,BHM,A
35290,US,AL,BHM,A
35289,US,AL,BHM,A
35288,US,AL,BHM,A
35286,US,AL,BHM,A
35285,US,AL,BHM,A
35283,US,AL,BHM,A
35293,US,AL,BHM,A
35281,US,AL,BHM,A
35294,US,AL,BHM,A
35279,US,AL,BHM,A
35278,US,AL,BHM,A
35277,US,AL,BHM,A
35263,US,AL,BHM,A
35259,US,AL,BHM,B
35255,US,AL,BHM,B
35254,US,AL,BHM,A
35253,US,AL,BHM,A
35282,US,AL,BHM,A
35244,US,AL,BHM,D
35048,US,AL,BHM,F
35045,US,AL,BHM,F
35044,US,AL,BHM,E
36611,US,AL,MOB,B
35043,US,AL,BHM,E
36015,US,AL,MGM,D
35960,US,AL,BHM,E
35235,US,AL,BHM,A
35292,US,AL,BHM,A
35957,US,AL,BHM,E
35052,US,AL,BHM,E
35226,US,AL,BHM,C
36204,US,AL,BHM,E
35031,US,AL,BHM,E
35299,US,AL,BHM,A
35298,US,AL,BHM,D
35297,US,AL,BHM,A
35296,US,AL,BHM,A
35295,US,AL,BHM,A
35033,US,AL,BHM,E
36311,US,AL,MGM,D
35010,US,AL,BHM,F
35015,US,AL,BHM,B
35952,US,AL,BHM,E
36201,US,AL,BHM,E
36202,US,AL,BHM,E
36203,US,AL,BHM,E
36204,US,AL,BHM,E
36205,US,AL,BHM,E
36523,US,AL,MOB,E
35016,US,AL,BHM,E
35950,US,AL,BHM,E
36312,US,AL,DHN,C
36312,US,AL,MGM,E
35611,US,AL,HSV,B
35954,US,AL,BHM,E
36505,US,AL,MOB,C
36507,US,AL,MOB,D
36509,US,AL,MOB,D
35543,US,AL,BHM,F
36206,US,AL,BHM,E
35242,US,AL,BHM,D
35068,US,AL,BHM,B
35044,US,AL,BHM,E
36020,US,AL,MGM,C
35550,US,AL,BHM,E
35234,US,AL,BHM,A
35235,US,AL,BHM,A
35236,US,AL,BHM,D
35237,US,AL,BHM,A
35073,US,AL,BHM,D
35240,US,AL,BHM,A
35246,US,AL,BHM,A
35243,US,AL,BHM,D
35004,US,AL,BHM,C
35005,US,AL,BHM,D
36616,US,AL,MOB,A
35006,US,AL,BHM,E
36111,US,AL,MGM,A
35007,US,AL,BHM,D
35144,US,AL,BHM,D
35051,US,AL,BHM,E
35238,US,AL,BHM,A
35259,US,AL,BHM,B
35803,US,AL,HSV,A
36345,US,AL,MGM,E
35080,US,AL,BHM,D
35978,US,AL,CHA,D
35979,US,AL,CHA,D
35903,US,AL,BHM,E
35083,US,AL,BHM,E
35750,US,AL,HSV,C
35209,US,AL,BHM,B
36040,US,AL,MGM,D
35216,US,AL,BHM,B
35226,US,AL,BHM,C
35244,US,AL,BHM,D
36043,US,AL,MGM,B
35023,US,AL,BHM,D
35824,US,AL,HSV,A
35801,US,AL,HSV,A
36618,US,AL,MOB,A
35404,US,AL,BHM,E
35563,US,AL,BHM,F
36512,US,AL,MOB,D
35958,US,AL,CHA,D
36010,US,AL,MGM,D
35444,US,AL,BHM,E
35036,US,AL,BHM,D
36615,US,AL,MOB,A
35740,US,AL,CHA,D
36345,US,AL,DHN,B
36037,US,AL,MGM,D
35804,US,AL,HSV,A
36542,US,AL,MOB,E
36115,US,AL,MGM,B
35976,US,AL,BHM,E
35748,US,AL,HSV,C
35763,US,AL,HSV,D
35077,US,AL,BHM,E
35078,US,AL,BHM,E
35640,US,AL,HSV,C
35073,US,AL,BHM,D
35645,US,AL,HSV,C
35802,US,AL,HSV,A
35124,US,AL,BHM,D
35210,US,AL,BHM,A
36544,US,AL,MOB,E
36265,US,AL,BHM,E
35501,US,AL,BHM,F
35502,US,AL,BHM,F
35899,US,AL,HSV,A
35007,US,AL,BHM,D
35898,US,AL,HSV,A
36303,US,AL,DHN,A
36303,US,AL,MGM,E
35754,US,AL,HSV,C
35094,US,AL,BHM,C
35602,US,AL,HSV,B
35646,US,AL,HSV,C
36047,US,AL,MGM,D
36322,US,AL,MGM,D
35085,US,AL,BHM,E
35814,US,AL,HSV,A
35805,US,AL,HSV,A
35806,US,AL,HSV,A
35807,US,AL,HSV,A
35808,US,AL,HSV,A
35809,US,AL,HSV,A
35810,US,AL,HSV,A
35811,US,AL,HSV,A
35768,US,AL,HSV,D
35813,US,AL,HSV,A
36253,US,AL,BHM,E
35815,US,AL,HSV,A
35816,US,AL,HSV,A
35824,US,AL,HSV,A
35893,US,AL,HSV,A
35894,US,AL,HSV,A
35895,US,AL,HSV,A
35896,US,AL,HSV,A
35897,US,AL,HSV,A
35812,US,AL,HSV,A
35096,US,AL,BHM,E
36752,US,AL,MGM,D
36640,US,AL,MOB,A
36633,US,AL,MOB,A
36630,US,AL,MOB,A
36628,US,AL,MOB,A
36625,US,AL,MOB,A
36622,US,AL,MOB,A
36652,US,AL,MOB,B
36619,US,AL,MOB,C
36660,US,AL,MOB,A
36617,US,AL,MOB,A
35203,US,AL,BHM,A
36615,US,AL,MOB,A
36613,US,AL,MOB,B
36612,US,AL,MOB,B
36611,US,AL,MOB,B
36610,US,AL,MOB,B
36609,US,AL,MOB,A
36621,US,AL,MOB,A
36108,US,AL,MGM,A
36109,US,AL,MGM,B
36108,US,AL,MGM,A
36107,US,AL,MGM,A
36106,US,AL,MGM,B
36105,US,AL,MGM,A
36104,US,AL,MGM,A
36103,US,AL,MGM,A
36641,US,AL,MOB,A
36101,US,AL,MGM,A
36606,US,AL,MOB,A
35115,US,AL,BHM,E
36695,US,AL,MOB,A
36693,US,AL,MOB,A
36691,US,AL,MOB,A
36690,US,AL,MOB,A
36689,US,AL,MOB,A
36688,US,AL,MOB,A
36685,US,AL,MOB,A
36102,US,AL,MGM,A
36036,US,AL,MGM,D
36033,US,AL,MGM,E
35112,US,AL,BHM,E
36555,US,AL,MOB,E
36610,US,AL,MOB,B
35758,US,AL,HSV,A
36551,US,AL,MOB,E
36752,US,AL,MGM,D
36608,US,AL,MOB,A
35072,US,AL,BHM,F
36113,US,AL,MGM,B
36541,US,AL,MOB,C
35747,US,AL,HSV,C
35220,US,AL,BHM,A
35215,US,AL,BHM,B
35041,US,AL,BHM,F
35040,US,AL,BHM,E
35243,US,AL,BHM,D
36110,US,AL,MGM,A
35905,US,AL,BHM,E
35228,US,AL,BHM,B
35038,US,AL,BHM,E
36605,US,AL,MOB,A
36604,US,AL,MOB,A
36603,US,AL,MOB,A
36602,US,AL,MOB,A
36601,US,AL,MOB,A
36601,US,AL,MOB,A
36054,US,AL,MGM,C
35601,US,AL,HSV,B
36350,US,AL,DHN,B
36112,US,AL,MGM,A
35759,US,AL,HSV,C
36553,US,AL,MOB,E
35111,US,AL,BHM,E
35114,US,AL,BHM,E
35905,US,AL,BHM,E
35071,US,AL,BHM,D
36114,US,AL,MGM,B
36607,US,AL,MOB,A
36350,US,AL,MGM,E
36069,US,AL,MGM,D
36571,US,AL,MOB,C
36568,US,AL,MOB,C
35652,US,AL,HSV,C
36567,US,AL,MOB,E
35135,US,AL,BHM,E
35901,US,AL,BHM,E
35244,US,AL,BHM,D
35148,US,AL,BHM,F
35133,US,AL,BHM,E
35768,US,AL,HSV,D
35061,US,AL,BHM,C
35986,US,AL,CHA,D
36617,US,AL,MOB,B
36610,US,AL,MOB,B
36068,US,AL,MGM,C
36526,US,AL,MOB,C
35062,US,AL,BHM,E
35236,US,AL,BHM,D
35952,US,AL,BHM,E
35586,US,AL,BHM,F
35772,US,AL,CHA,D
35147,US,AL,BHM,E
35060,US,AL,BHM,C
35987,US,AL,BHM,E
36578,US,AL,MOB,E
35146,US,AL,BHM,E
35957,US,AL,BHM,E
35901,US,AL,BHM,E
36572,US,AL,MOB,C
36576,US,AL,MOB,E
35144,US,AL,BHM,D
36075,US,AL,MGM,D
35242,US,AL,BHM,D
35661,US,AL,HSV,C
35142,US,AL,BHM,C
36574,US,AL,MOB,E
36301,US,AL,MGM,E
36527,US,AL,MOB,C
35632,US,AL,HSV,C
36303,US,AL,DHN,A
36330,US,AL,MGM,D
36331,US,AL,MGM,D
35064,US,AL,BHM,B
36532,US,AL,MOB,C
36533,US,AL,MOB,C
36362,US,AL,MGM,D
35063,US,AL,BHM,F
35631,US,AL,HSV,C
36025,US,AL,MGM,C
35633,US,AL,HSV,C
36535,US,AL,MOB,E
35967,US,AL,CHA,D
35214,US,AL,BHM,C
36032,US,AL,MGM,D
36205,US,AL,BHM,E
35202,US,AL,BHM,A
35201,US,AL,BHM,A
35630,US,AL,HSV,C
36564,US,AL,MOB,C
35137,US,AL,BHM,E
36302,US,AL,DHN,A
36302,US,AL,MGM,E
36303,US,AL,DHN,A
36303,US,AL,MGM,E
36304,US,AL,DHN,A
36304,US,AL,MGM,E
35218,US,AL,BHM,B
36066,US,AL,MGM,C
36301,US,AL,DHN,A
35127,US,AL,BHM,C
35126,US,AL,BHM,D
36065,US,AL,MGM,D
36305,US,AL,MGM,E
36260,US,AL,BHM,E
35068,US,AL,BHM,B
36613,US,AL,MOB,B
36530,US,AL,MOB,F
36067,US,AL,MGM,C
36022,US,AL,MGM,D
35179,US,AL,BHM,F
35453,US,AL,BHM,E
35618,US,AL,HSV,C
36321,US,AL,DHN,C
36321,US,AL,MGM,E
36525,US,AL,MOB,D
35213,US,AL,BHM,B
36277,US,AL,BHM,E
35055,US,AL,BHM,E
36376,US,AL,DHN,C
36370,US,AL,DHN,B
35181,US,AL,BHM,C
36370,US,AL,MGM,E
35124,US,AL,BHM,D
35125,US,AL,BHM,E
36272,US,AL,BHM,F
36064,US,AL,MGM,D
35180,US,AL,BHM,E
35054,US,AL,BHM,E
35212,US,AL,BHM,A
35603,US,AL,HSV,B
35204,US,AL,BHM,A
35205,US,AL,BHM,A
35206,US,AL,BHM,A
35207,US,AL,BHM,A
35208,US,AL,BHM,A
35209,US,AL,BHM,B
36322,US,AL,MGM,D
35211,US,AL,BHM,B
36376,US,AL,MGM,E
35213,US,AL,BHM,B
35186,US,AL,BHM,E
36587,US,AL,MOB,E
36612,US,AL,MOB,B
36574,US,AL,MOB,E
35185,US,AL,BHM,E
36580,US,AL,MOB,E
35699,US,AL,HSV,B
35210,US,AL,BHM,A
36301,US,AL,MGM,E
35903,US,AL,BHM,E
35402,US,AL,BHM,E
35401,US,AL,BHM,E
35173,US,AL,BHM,C
36081,US,AL,MGM,D
35758,US,AL,HSV,A
35672,US,AL,HSV,C
35403,US,AL,BHM,E
36590,US,AL,MOB,C
35171,US,AL,BHM,E
35178,US,AL,BHM,E
36092,US,AL,MGM,C
35150,US,AL,BHM,E
35902,US,AL,BHM,E
36301,US,AL,DHN,A
36078,US,AL,MGM,D
35160,US,AL,BHM,E
35118,US,AL,BHM,D
35773,US,AL,HSV,D
35490,US,AL,BHM,E
35216,US,AL,BHM,B
35242,US,AL,BHM,D
35592,US,AL,BHM,F
36582,US,AL,MOB,C
35404,US,AL,BHM,E
35226,US,AL,BHM,C
35216,US,AL,BHM,B
35226,US,AL,BHM,C
35989,US,AL,CHA,D
35242,US,AL,BHM,D
36688,US,AL,MOB,A
35674,US,AL,HSV,C
35056,US,AL,BHM,E
35126,US,AL,BHM,D
35405,US,AL,BHM,E
35406,US,AL,BHM,E
35486,US,AL,BHM,E
35904,US,AL,BHM,E
71602,US,AR,LIT,C
71601,US,AR,LIT,C
71658,US,AR,LIT,F
71601,US,AR,LIT,C
71659,US,AR,LIT,F
71665,US,AR,LIT,F
71630,US,AR,LIT,F
71770,US,AR,LIT,F
71838,US,AR,LIT,F
71677,US,AR,LIT,F
71674,US,AR,LIT,F
71675,US,AR,LIT,F
71635,US,AR,LIT,F
71601,US,AR,LIT,C
71758,US,AR,LIT,F
71721,US,AR,LIT,F
71762,US,AR,LIT,F
71731,US,AR,LIT,F
71730,US,AR,LIT,F
71728,US,AR,LIT,F
71724,US,AR,LIT,F
72113,US,AR,LIT,B
71802,US,AR,LIT,F
71765,US,AR,LIT,F
71825,US,AR,LIT,F
71638,US,AR,LIT,F
71801,US,AR,LIT,F
71766,US,AR,LIT,F
71835,US,AR,LIT,F
71764,US,AR,LIT,F
71678,US,AR,LIT,F
71822,US,AR,LIT,F
71646,US,AR,LIT,F
71643,US,AR,LIT,F
71642,US,AR,LIT,F
71657,US,AR,LIT,E
71901,US,AR,LIT,C
71847,US,AR,LIT,F
71846,US,AR,LIT,F
71853,US,AR,LIT,F
71901,US,AR,LIT,C
71902,US,AR,LIT,C
71901,US,AR,LIT,C
71901,US,AR,LIT,C
71901,US,AR,LIT,C
71744,US,AR,LIT,F
71901,US,AR,LIT,C
72099,US,AR,LIT,B
71854,US,AR,LIT,F
71901,US,AR,LIT,C
71901,US,AR,LIT,C
71901,US,AR,LIT,C
71901,US,AR,LIT,C
71901,US,AR,LIT,C
71901,US,AR,LIT,C
71901,US,AR,LIT,C
71909,US,AR,LIT,C
71901,US,AR,LIT,C
72601,US,AR,LIT,F
71901,US,AR,LIT,C
71923,US,AR,LIT,D
71654,US,AR,LIT,F
71653,US,AR,LIT,F
71923,US,AR,LIT,D
71923,US,AR,LIT,D
71923,US,AR,LIT,D
71923,US,AR,LIT,D
71923,US,AR,LIT,D
71920,US,AR,LIT,F
71923,US,AR,LIT,D
71913,US,AR,LIT,C
71901,US,AR,LIT,C
71914,US,AR,LIT,C
71852,US,AR,LIT,F
71941,US,AR,LIT,F
71923,US,AR,LIT,D
71933,US,AR,LIT,F
71929,US,AR,LIT,F
71923,US,AR,LIT,D
71923,US,AR,LIT,D
71923,US,AR,LIT,D
71942,US,AR,LIT,F
71860,US,AR,LIT,F
71656,US,AR,LIT,E
71909,US,AR,LIT,C
71962,US,AR,LIT,F
72099,US,AR,LIT,B
72046,US,AR,LIT,C
72046,US,AR,LIT,C
72046,US,AR,LIT,C
72046,US,AR,LIT,C
72046,US,AR,LIT,C
71968,US,AR,LIT,F
72006,US,AR,LIT,F
71999,US,AR,LIT,E
71999,US,AR,LIT,E
72046,US,AR,LIT,C
72003,US,AR,LIT,F
72046,US,AR,LIT,C
72104,US,AR,LIT,C
71960,US,AR,LIT,F
72029,US,AR,LIT,F
72028,US,AR,LIT,F
72024,US,AR,LIT,C
72022,US,AR,LIT,B
72015,US,AR,LIT,C
72015,US,AR,LIT,C
72013,US,AR,LIT,F
72104,US,AR,LIT,C
71998,US,AR,LIT,D
72041,US,AR,LIT,F
72036,US,AR,LIT,F
72035,US,AR,LIT,C
72035,US,AR,LIT,C
72035,US,AR,LIT,C
72035,US,AR,LIT,C
72039,US,AR,LIT,D
72040,US,AR,LIT,F
72032,US,AR,LIT,C
72032,US,AR,LIT,C
72032,US,AR,LIT,C
72046,US,AR,LIT,C
72032,US,AR,LIT,C
72104,US,AR,LIT,C
72046,US,AR,LIT,C
72032,US,AR,LIT,C
72032,US,AR,LIT,C
72032,US,AR,LIT,C
72032,US,AR,LIT,C
72046,US,AR,LIT,C
72053,US,AR,LIT,B
72031,US,AR,LIT,E
72046,US,AR,LIT,C
72046,US,AR,LIT,C
72032,US,AR,LIT,C
72073,US,AR,LIT,F
72110,US,AR,LIT,C
72106,US,AR,LIT,B
72105,US,AR,LIT,C
72086,US,AR,LIT,C
72110,US,AR,LIT,C
72065,US,AR,LIT,C
72064,US,AR,LIT,C
72064,US,AR,LIT,C
72086,US,AR,LIT,C
72086,US,AR,LIT,C
72104,US,AR,LIT,C
72081,US,AR,LIT,D
72105,US,AR,LIT,C
72076,US,AR,LIT,B
72076,US,AR,LIT,B
72076,US,AR,LIT,B
72076,US,AR,LIT,B
72076,US,AR,LIT,B
72081,US,AR,LIT,D
71754,US,AR,LIT,F
71753,US,AR,LIT,F
71751,US,AR,LIT,F
71748,US,AR,LIT,F
72086,US,AR,LIT,C
72602,US,AR,LIT,F
71745,US,AR,LIT,F
72104,US,AR,LIT,C
72104,US,AR,LIT,C
72104,US,AR,LIT,C
72103,US,AR,LIT,B
72103,US,AR,LIT,B
72101,US,AR,LIT,F
72099,US,AR,LIT,B
72099,US,AR,LIT,B
72099,US,AR,LIT,B
72110,US,AR,LIT,C
72099,US,AR,LIT,B
72110,US,AR,LIT,C
72104,US,AR,LIT,C
72110,US,AR,LIT,C
71711,US,AR,LIT,E
71958,US,AR,LIT,F
72113,US,AR,LIT,B
72113,US,AR,LIT,B
72110,US,AR,LIT,C
72110,US,AR,LIT,C
72110,US,AR,LIT,C
72104,US,AR,LIT,C
72104,US,AR,LIT,C
72921,US,AR,LIT,F
72118,US,AR,LIT,B
72118,US,AR,LIT,B
72114,US,AR,LIT,B
72114,US,AR,LIT,B
72114,US,AR,LIT,B
72115,US,AR,LIT,A
72114,US,AR,LIT,B
72118,US,AR,LIT,B
72114,US,AR,LIT,B
72118,US,AR,LIT,B
72117,US,AR,LIT,B
72117,US,AR,LIT,B
72117,US,AR,LIT,B
72117,US,AR,LIT,B
72116,US,AR,LIT,B
72117,US,AR,LIT,B
72118,US,AR,LIT,B
72143,US,AR,LIT,C
72120,US,AR,LIT,B
72132,US,AR,LIT,C
72132,US,AR,LIT,C
72124,US,AR,LIT,B
72114,US,AR,LIT,B
72126,US,AR,LIT,F
72117,US,AR,LIT,B
72116,US,AR,LIT,B
72116,US,AR,LIT,B
72116,US,AR,LIT,B
72116,US,AR,LIT,B
72116,US,AR,LIT,B
72115,US,AR,LIT,A
72127,US,AR,LIT,F
72199,US,AR,LIT,B
72160,US,AR,LIT,C
72170,US,AR,LIT,F
72190,US,AR,LIT,A
72199,US,AR,LIT,B
72199,US,AR,LIT,B
72116,US,AR,LIT,B
72199,US,AR,LIT,B
72169,US,AR,LIT,F
72189,US,AR,LIT,F
72183,US,AR,LIT,C
72183,US,AR,LIT,C
72181,US,AR,LIT,F
72160,US,AR,LIT,C
72927,US,AR,LIT,F
72199,US,AR,LIT,B
72176,US,AR,LIT,C
72118,US,AR,LIT,B
72117,US,AR,LIT,B
72117,US,AR,LIT,B
72117,US,AR,LIT,B
72116,US,AR,LIT,B
72117,US,AR,LIT,B
72160,US,AR,LIT,C
72176,US,AR,LIT,C
72167,US,AR,LIT,F
72175,US,AR,LIT,F
72173,US,AR,LIT,E
72173,US,AR,LIT,E
72173,US,AR,LIT,E
72160,US,AR,LIT,C
72117,US,AR,LIT,B
72168,US,AR,LIT,F
72404,US,AR,LIT,F
72118,US,AR,LIT,B
72315,US,AR,LIT,F
72231,US,AR,LIT,A
72439,US,AR,LIT,F
72401,US,AR,LIT,F
72321,US,AR,LIT,F
72410,US,AR,LIT,F
72313,US,AR,LIT,F
72416,US,AR,LIT,F
72402,US,AR,LIT,F
72417,US,AR,LIT,F
72396,US,AR,LIT,F
72394,US,AR,LIT,F
72392,US,AR,LIT,F
72326,US,AR,LIT,F
72319,US,AR,LIT,F
72821,US,AR,FSM,K
72905,US,AR,FSM,B
71965,US,AR,FSM,L
72916,US,AR,FSM,B
72919,US,AR,FSM,A
72316,US,AR,LIT,F
72941,US,AR,FSM,B
72438,US,AR,LIT,F
72301,US,AR,LIT,F
72303,US,AR,LIT,F
72310,US,AR,LIT,F
72325,US,AR,LIT,F
72311,US,AR,LIT,F
72312,US,AR,LIT,F
72944,US,AR,FSM,F
72123,US,AR,LIT,F
72366,US,AR,LIT,F
72365,US,AR,LIT,F
72364,US,AR,LIT,F
72360,US,AR,LIT,F
72359,US,AR,LIT,F
72390,US,AR,LIT,F
72119,US,AR,LIT,B
72373,US,AR,LIT,F
72120,US,AR,LIT,B
72120,US,AR,LIT,B
72118,US,AR,LIT,B
72124,US,AR,LIT,B
72119,US,AR,LIT,B
72118,US,AR,LIT,B
72355,US,AR,LIT,F
72342,US,AR,LIT,F
72143,US,AR,LIT,C
72432,US,AR,LIT,F
72422,US,AR,LIT,F
72419,US,AR,LIT,F
72351,US,AR,LIT,F
72350,US,AR,LIT,F
72370,US,AR,LIT,F
72347,US,AR,LIT,F
72372,US,AR,LIT,F
72336,US,AR,LIT,F
72335,US,AR,LIT,F
72329,US,AR,LIT,F
72340,US,AR,LIT,F
72327,US,AR,LIT,F
72403,US,AR,LIT,F
72348,US,AR,LIT,F
72461,US,AR,LIT,F
72712,US,AR,LIT,F
72542,US,AR,LIT,F
72545,US,AR,LIT,D
72450,US,AR,LIT,F
72513,US,AR,LIT,F
72550,US,AR,LIT,F
72454,US,AR,LIT,F
72555,US,AR,LIT,F
72451,US,AR,LIT,F
72447,US,AR,LIT,F
72443,US,AR,LIT,F
72442,US,AR,LIT,F
72473,US,AR,LIT,F
72479,US,AR,LIT,F
72455,US,AR,LIT,F
72753,US,AR,LIT,F
72142,US,AR,LIT,C
72703,US,AR,LIT,F
72702,US,AR,LIT,F
72718,US,AR,LIT,F
72905,US,AR,LIT,F
72532,US,AR,LIT,F
72741,US,AR,LIT,F
72471,US,AR,LIT,F
72737,US,AR,LIT,F
72527,US,AR,LIT,F
72903,US,AR,LIT,F
72521,US,AR,LIT,F
72543,US,AR,LIT,D
72556,US,AR,LIT,F
72745,US,AR,LIT,F
72576,US,AR,LIT,F
72956,US,AR,LIT,F
72433,US,AR,LIT,F
72923,US,AR,LIT,F
72928,US,AR,LIT,F
72930,US,AR,LIT,F
72476,US,AR,LIT,F
72952,US,AR,LIT,F
72916,US,AR,LIT,F
72568,US,AR,LIT,F
72567,US,AR,LIT,F
72564,US,AR,LIT,F
72904,US,AR,LIT,F
72616,US,AR,LIT,F
72957,US,AR,LIT,F
72917,US,AR,LIT,F
72560,US,AR,LIT,F
72714,US,AR,LIT,F
72475,US,AR,LIT,F
72936,US,AR,LIT,F
72941,US,AR,LIT,F
72933,US,AR,LIT,F
72946,US,AR,LIT,F
72918,US,AR,LIT,F
72949,US,AR,LIT,F
72935,US,AR,LIT,F
72919,US,AR,LIT,F
72906,US,AR,LIT,F
72908,US,AR,LIT,F
72913,US,AR,LIT,F
72914,US,AR,LIT,F
72472,US,AR,LIT,F
72947,US,AR,LIT,F
72645,US,AR,LIT,F
72704,US,AR,LIT,F
72149,US,AR,LIT,C
72143,US,AR,LIT,C
72143,US,AR,LIT,C
72143,US,AR,LIT,C
72150,US,AR,LIT,C
72150,US,AR,LIT,C
72143,US,AR,LIT,C
72654,US,AR,LIT,F
72653,US,AR,LIT,F
72687,US,AR,LIT,F
72638,US,AR,LIT,F
72650,US,AR,LIT,F
72685,US,AR,LIT,F
72143,US,AR,LIT,C
72142,US,AR,LIT,C
72143,US,AR,LIT,C
72143,US,AR,LIT,C
72143,US,AR,LIT,C
72143,US,AR,LIT,C
72160,US,AR,LIT,C
72143,US,AR,LIT,C
72143,US,AR,LIT,C
72677,US,AR,LIT,F
72142,US,AR,LIT,C
72143,US,AR,LIT,C
72150,US,AR,LIT,C
72160,US,AR,LIT,C
72156,US,AR,LIT,F
72150,US,AR,LIT,C
72143,US,AR,LIT,C
72716,US,AR,LIT,F
72762,US,AR,LIT,F
72758,US,AR,LIT,F
72757,US,AR,LIT,F
72768,US,AR,LIT,F
72832,US,AR,LIT,F
72682,US,AR,LIT,F
72821,US,AR,LIT,F
72770,US,AR,LIT,F
72756,US,AR,LIT,F
72728,US,AR,LIT,F
72727,US,AR,LIT,F
72719,US,AR,LIT,F
72730,US,AR,LIT,F
72715,US,AR,LIT,F
72830,US,AR,LIT,E
72631,US,AR,LIT,F
72611,US,AR,LIT,F
72853,US,AR,LIT,F
72855,US,AR,LIT,F
72846,US,AR,LIT,F
72901,US,AR,LIT,F
72902,US,AR,LIT,F
72764,US,AR,LIT,F
72632,US,AR,LIT,F
72766,US,AR,LIT,F
72626,US,AR,LIT,F
72635,US,AR,LIT,F
72840,US,AR,LIT,F
72765,US,AR,LIT,F
72774,US,AR,LIT,F
72634,US,AR,LIT,F
72701,US,AR,LIT,F
72429,US,AR,LIT,F
72455,US,AR,MEM,H
72396,US,AR,MEM,F
72384,US,AR,MEM,G
72373,US,AR,MEM,G
72360,US,AR,MEM,E
72404,US,AR,MEM,E
72342,US,AR,MEM,E
72335,US,AR,MEM,F
72101,US,AR,MEM,E
72331,US,AR,MEM,G
72327,US,AR,MEM,F
72326,US,AR,MEM,E
72432,US,AR,MEM,E
72386,US,AR,MEM,G
72422,US,AR,MEM,I
72926,US,AR,FSM,M
72824,US,AR,FSM,M
72745,US,AR,FSM,P
72833,US,AR,FSM,N
72846,US,AR,FSM,N
72769,US,AR,FSM,L
72034,US,AR,LIT,C
72734,US,AR,FSM,O
71953,US,AR,FSM,O
72853,US,AR,FSM,O
72764,US,AR,FSM,O
72842,US,AR,FSM,M
72761,US,AR,FSM,O
72801,US,AR,FSM,D
72834,US,AR,FSM,D
72207,US,AR,LIT,A
72744,US,AR,FSM,L
72033,US,AR,LIT,C
71901,US,AR,FSM,B
72823,US,AR,LIT,D
72089,US,AR,LIT,C
72084,US,AR,FSM,H
72018,US,AR,LIT,C
71901,US,AR,FSM,C
72207,US,AR,LIT,A
72937,US,AR,FSM,C
72935,US,AR,FSM,E
72933,US,AR,FSM,F
72938,US,AR,FSM,F
72944,US,AR,FSM,E
72948,US,AR,FSM,F
72945,US,AR,FSM,E
72940,US,AR,FSM,E
72851,US,AR,FSM,P
72934,US,AR,FSM,G
72932,US,AR,FSM,E
72952,US,AR,FSM,D
72921,US,AR,FSM,D
72905,US,AR,FSM,A
72916,US,AR,FSM,A
72923,US,AR,FSM,B
72956,US,AR,FSM,B
72941,US,AR,FSM,D
72904,US,AR,FSM,A
72903,US,AR,FSM,A
72901,US,AR,FSM,A
72936,US,AR,FSM,D
72730,US,AR,FSM,M
72729,US,AR,FSM,I
72737,US,AR,FSM,M
72826,US,AR,FSM,J
72951,US,AR,FSM,H
72865,US,AR,FSM,J
72701,US,AR,FSM,M
72821,US,AR,FSM,J
72927,US,AR,FSM,H
72947,US,AR,FSM,F
72855,US,AR,FSM,I
72928,US,AR,FSM,G
72830,US,AR,FSM,M
72946,US,AR,FSM,G
72651,US,AR,FSM,K
72958,US,AR,FSM,I
72943,US,AR,FSM,I
72949,US,AR,FSM,I
72774,US,AR,FSM,L
72765,US,AR,FSM,O
72072,US,AR,LIT,C
71612,US,AR,LIT,C
72704,US,AR,FSM,M
71903,US,AR,LIT,C
72902,US,AR,FSM,A
72058,US,AR,LIT,C
72914,US,AR,FSM,A
72762,US,AR,FSM,O
71901,US,AR,FSM,B
72766,US,AR,FSM,O
71901,US,AR,FSM,B
71903,US,AR,LIT,C
71901,US,AR,FSM,B
72847,US,AR,LIT,E
71901,US,AR,FSM,B
72918,US,AR,FSM,A
72231,US,AR,LIT,A
72084,US,AR,FSM,H
72223,US,AR,LIT,B
72231,US,AR,LIT,A
71901,US,AR,FSM,B
72058,US,AR,LIT,C
72913,US,AR,FSM,A
71901,US,AR,FSM,B
72917,US,AR,FSM,A
71901,US,AR,FSM,B
71901,US,AR,FSM,B
72811,US,AR,FSM,D
72908,US,AR,FSM,A
72906,US,AR,FSM,A
71901,US,AR,FSM,B
72837,US,AR,LIT,E
72058,US,AR,LIT,C
72957,US,AR,FSM,B
71910,US,AR,LIT,C
71901,US,AR,FSM,B
72052,US,AR,LIT,C
72704,US,AR,FSM,M
72702,US,AR,FSM,M
72812,US,AR,FSM,D
72058,US,AR,LIT,C
72084,US,AR,FSM,H
71901,US,AR,FSM,B
71901,US,AR,FSM,B
71901,US,AR,FSM,B
71901,US,AR,FSM,B
72863,US,AR,FSM,N
71612,US,AR,LIT,C
72703,US,AR,FSM,M
72084,US,AR,FSM,H
71910,US,AR,LIT,C
72955,US,AR,FSM,F
71910,US,AR,LIT,C
71901,US,AR,FSM,B
72058,US,AR,LIT,C
71965,US,AR,FSM,L
72753,US,AR,FSM,O
72802,US,AR,FSM,D
72058,US,AR,LIT,C
72802,US,AR,LIT,D
72858,US,AR,LIT,D
72127,US,AR,LIT,D
72801,US,AR,LIT,D
72811,US,AR,LIT,D
72812,US,AR,LIT,D
72145,US,AR,LIT,C
72135,US,AR,LIT,C
72143,US,AR,LIT,C
72150,US,AR,LIT,C
72465,US,AR,MEM,E
72834,US,AR,LIT,D
72823,US,AR,LIT,D
72823,US,AR,LIT,D
72190,US,AR,LIT,B
72132,US,AR,LIT,C
72190,US,AR,LIT,B
72142,US,AR,LIT,C
71859,US,AR,DFW,N
72756,US,AR,TUL,D
71857,US,AR,LIT,E
71857,US,AR,DFW,N
72753,US,AR,TUL,F
71613,US,AR,LIT,C
71611,US,AR,LIT,C
71603,US,AR,LIT,C
72116,US,AR,LIT,B
72476,US,AR,MEM,F
71601,US,AR,LIT,C
71602,US,AR,LIT,C
71858,US,AR,DFW,N
72472,US,AR,MEM,D
72472,US,AR,MEM,D
71852,US,AR,DFW,N
72183,US,AR,LIT,C
72180,US,AR,LIT,B
71866,US,AR,DFW,N
72395,US,AR,MEM,G
71864,US,AR,DFW,N
72301,US,AR,MEM,C
71862,US,AR,DFW,N
71671,US,AR,LIT,E
72173,US,AR,LIT,E
71770,US,AR,DFW,N
72120,US,AR,LIT,B
72770,US,AR,TUL,D
72135,US,AR,LIT,C
72135,US,AR,LIT,C
71861,US,AR,DFW,N
72164,US,AR,LIT,B
72160,US,AR,LIT,C
71667,US,AR,LIT,D
71860,US,AR,DFW,N
72764,US,AR,TUL,D
72761,US,AR,TUL,D
72124,US,AR,LIT,B
72176,US,AR,LIT,C
72053,US,AR,LIT,B
71639,US,AR,LIT,E
71833,US,AR,DFW,N
72722,US,AR,TUL,D
72042,US,AR,LIT,E
72216,US,AR,LIT,A
72215,US,AR,LIT,A
71832,US,AR,DFW,N
72037,US,AR,LIT,C
72022,US,AR,LIT,B
72053,US,AR,LIT,B
71731,US,AR,DFW,N
72476,US,AR,MEM,F
72522,US,AR,LIT,E
72719,US,AR,TUL,D
72024,US,AR,LIT,C
71701,US,AR,LIT,E
72023,US,AR,LIT,C
72321,US,AR,MEM,D
72064,US,AR,LIT,C
72032,US,AR,LIT,C
71742,US,AR,LIT,D
72451,US,AR,MEM,F
72736,US,AR,TUL,D
72112,US,AR,LIT,E
71644,US,AR,LIT,D
72319,US,AR,MEM,G
72339,US,AR,MEM,D
72143,US,AR,LIT,C
72734,US,AR,TUL,D
71730,US,AR,DFW,N
71836,US,AR,DFW,N
71730,US,AR,SHV,H
72703,US,AR,TUL,D
72702,US,AR,TUL,D
72701,US,AR,TUL,D
72730,US,AR,TUL,D
72046,US,AR,LIT,C
71835,US,AR,DFW,N
72728,US,AR,TUL,D
72045,US,AR,LIT,E
72417,US,AR,MEM,E
72901,US,AR,FSM,A
72207,US,AR,LIT,A
72010,US,AR,LIT,D
72007,US,AR,LIT,C
71822,US,AR,SHV,F
72310,US,AR,MEM,G
71923,US,AR,LIT,D
72004,US,AR,LIT,D
71820,US,AR,DFW,N
72002,US,AR,LIT,B
71827,US,AR,DFW,N
72209,US,AR,LIT,A
72011,US,AR,LIT,C
72206,US,AR,LIT,A
72205,US,AR,LIT,A
72204,US,AR,LIT,A
72203,US,AR,LIT,A
72202,US,AR,LIT,A
72201,US,AR,LIT,A
72078,US,AR,LIT,B
72127,US,AR,LIT,D
72076,US,AR,LIT,B
72716,US,AR,TUL,F
72021,US,AR,LIT,D
72214,US,AR,LIT,A
72212,US,AR,LIT,A
71826,US,AR,DFW,N
72416,US,AR,MEM,E
72319,US,AR,MEM,G
72316,US,AR,MEM,G
72315,US,AR,MEM,G
72501,US,AR,LIT,E
72764,US,AR,TUL,D
72503,US,AR,LIT,E
72714,US,AR,TUL,F
72712,US,AR,TUL,D
72158,US,AR,LIT,C
72015,US,AR,LIT,C
72211,US,AR,LIT,A
72210,US,AR,LIT,B
72714,US,AR,TUL,F
72012,US,AR,LIT,C
71743,US,AR,LIT,E
71825,US,AR,DFW,N
72190,US,AR,LIT,B
72107,US,AR,LIT,C
71655,US,AR,LIT,E
71851,US,AR,DFW,N
71847,US,AR,DFW,N
72747,US,AR,TUL,F
72106,US,AR,LIT,B
72113,US,AR,LIT,B
72365,US,AR,MEM,D
71956,US,AR,LIT,D
72105,US,AR,LIT,C
72114,US,AR,LIT,B
72135,US,AR,LIT,C
72104,US,AR,LIT,C
71753,US,AR,DFW,N
72103,US,AR,LIT,B
72076,US,AR,LIT,B
72745,US,AR,TUL,D
72065,US,AR,LIT,C
72076,US,AR,LIT,B
72364,US,AR,MEM,D
72114,US,AR,LIT,B
72450,US,AR,MEM,F
71855,US,AR,DFW,N
72370,US,AR,MEM,D
72124,US,AR,LIT,B
72120,US,AR,LIT,B
72119,US,AR,LIT,B
72118,US,AR,LIT,B
72117,US,AR,LIT,B
72110,US,AR,LIT,C
72115,US,AR,LIT,A
72086,US,AR,LIT,C
72113,US,AR,LIT,B
72124,US,AR,LIT,B
72562,US,AR,LIT,E
72119,US,AR,LIT,B
72118,US,AR,LIT,B
72117,US,AR,LIT,B
72116,US,AR,LIT,B
72115,US,AR,LIT,A
72116,US,AR,LIT,B
71902,US,AR,LIT,C
72102,US,AR,LIT,C
72741,US,AR,TUL,E
72358,US,AR,MEM,D
72076,US,AR,LIT,B
72433,US,AR,MEM,F
71909,US,AR,LIT,C
71951,US,AR,LIT,C
71914,US,AR,LIT,C
72401,US,AR,MEM,E
71909,US,AR,LIT,C
72350,US,AR,MEM,D
71901,US,AR,LIT,C
71951,US,AR,LIT,C
71914,US,AR,LIT,C
71913,US,AR,LIT,C
71909,US,AR,LIT,C
71902,US,AR,LIT,C
71901,US,AR,LIT,C
71842,US,AR,DFW,N
71913,US,AR,LIT,C
72202,US,AR,LIT,A
72102,US,AR,LIT,C
72295,US,AR,LIT,A
72231,US,AR,LIT,A
72227,US,AR,LIT,A
72225,US,AR,LIT,A
72222,US,AR,LIT,A
72221,US,AR,LIT,A
72219,US,AR,LIT,A
72079,US,AR,LIT,C
72217,US,AR,LIT,A
72083,US,AR,LIT,C
72402,US,AR,MEM,E
72403,US,AR,MEM,E
72081,US,AR,LIT,D
72082,US,AR,LIT,C
72845,US,AR,LIT,E
71913,US,AR,LIT,C
71844,US,AR,DFW,N
72439,US,AR,MEM,F
72744,US,AR,TUL,F
96799,SAMOA (USA),AS,PPG,C
96799,SAMOA (USA),AS,PPG,C
96799,SAMOA (USA),AS,PPG,A
96799,SAMOA (USA),AS,PPG,B
96799,SAMOA (USA),AS,PPG,A
96799,SAMOA (USA),AS,PPG,A
96799,SAMOA (USA),AS,PPG,C
96799,SAMOA (USA),AS,PPG,B
85722,US,AZ,PHX,F
85714,US,AZ,PHX,F
85715,US,AZ,PHX,F
85716,US,AZ,PHX,F
85717,US,AZ,PHX,F
85718,US,AZ,PHX,F
85719,US,AZ,PHX,F
85721,US,AZ,PHX,F
85713,US,AZ,PHX,F
85704,US,AZ,PHX,F
85720,US,AZ,PHX,F
85712,US,AZ,PHX,F
85711,US,AZ,PHX,F
85710,US,AZ,PHX,F
85709,US,AZ,PHX,F
85708,US,AZ,PHX,F
85723,US,AZ,PHX,F
85706,US,AZ,PHX,F
85705,US,AZ,PHX,F
85702,US,AZ,PHX,F
85701,US,AZ,PHX,F
85707,US,AZ,PHX,F
85755,US,AZ,PHX,F
85745,US,AZ,PHX,F
85746,US,AZ,PHX,F
85747,US,AZ,PHX,F
85748,US,AZ,PHX,F
85749,US,AZ,PHX,F
85621,US,AZ,OLS,A
85744,US,AZ,PHX,F
85754,US,AZ,PHX,F
85750,US,AZ,PHX,F
85757,US,AZ,PHX,F
85775,US,AZ,PHX,F
85777,US,AZ,PHX,F
85621,US,AZ,OLS,A
85648,US,AZ,OLS,A
85724,US,AZ,PHX,F
85703,US,AZ,PHX,F
85751,US,AZ,PHX,F
85728,US,AZ,PHX,F
85725,US,AZ,PHX,F
85752,US,AZ,PHX,F
85726,US,AZ,PHX,F
85730,US,AZ,PHX,F
85731,US,AZ,PHX,F
85732,US,AZ,PHX,F
85733,US,AZ,PHX,F
85734,US,AZ,PHX,F
85735,US,AZ,PHX,F
85742,US,AZ,PHX,F
85736,US,AZ,PHX,F
85737,US,AZ,PHX,F
85738,US,AZ,PHX,F
85739,US,AZ,PHX,F
85740,US,AZ,PHX,F
85741,US,AZ,PHX,F
85743,US,AZ,PHX,F
85364,US,AZ,CXL,E
85365,US,AZ,CXL,E
85366,US,AZ,CXL,E
85367,US,AZ,CXL,E
85369,US,AZ,CXL,E
85645,US,AZ,TUS,C
85329,US,AZ,PHX,E
85230,US,AZ,PHX,E
85326,US,AZ,PHX,E
86015,US,AZ,PHX,F
85607,US,AZ,TUS,E
85603,US,AZ,TUS,D
85603,US,AZ,TUS,D
85086,US,AZ,PHX,A
85322,US,AZ,PHX,E
85246,US,AZ,PHX,C
85637,US,AZ,TUS,C
85624,US,AZ,TUS,D
86303,US,AZ,PHX,F
85635,US,AZ,TUS,D
85650,US,AZ,TUS,D
85603,US,AZ,TUS,D
85637,US,AZ,TUS,C
85670,US,AZ,TUS,D
85671,US,AZ,TUS,D
85636,US,AZ,TUS,D
85613,US,AZ,TUS,D
85646,US,AZ,TUS,C
85603,US,AZ,TUS,D
85390,US,AZ,PHX,F
85365,US,AZ,PHX,F
85358,US,AZ,PHX,F
85617,US,AZ,TUS,B
85617,US,AZ,TUS,B
85277,US,AZ,PHX,C
86330,US,AZ,PHX,F
85275,US,AZ,PHX,C
85274,US,AZ,PHX,C
85603,US,AZ,TUS,D
85365,US,AZ,PHX,F
85645,US,AZ,TUS,C
86024,US,AZ,PHX,F
85337,US,AZ,PHX,F
85369,US,AZ,PHX,F
85367,US,AZ,PHX,F
85366,US,AZ,PHX,F
85603,US,AZ,TUS,D
85364,US,AZ,PHX,F
85365,US,AZ,PHX,F
85603,US,AZ,TUS,D
85603,US,AZ,TUS,D
86038,US,AZ,PHX,F
85624,US,AZ,TUS,D
85646,US,AZ,TUS,C
86015,US,AZ,PHX,E
85635,US,AZ,TUS,D
86303,US,AZ,PHX,E
86330,US,AZ,PHX,E
86313,US,AZ,PHX,E
86304,US,AZ,PHX,E
85343,US,AZ,PHX,E
86018,US,AZ,PHX,F
85359,US,AZ,PHX,F
86018,US,AZ,PHX,F
86018,US,AZ,PHX,E
85297,US,AZ,PHX,D
86038,US,AZ,PHX,E
85670,US,AZ,TUS,D
85613,US,AZ,TUS,D
85648,US,AZ,TUS,D
85346,US,AZ,PHX,F
85070,US,AZ,PHX,A
85086,US,AZ,PHX,A
85617,US,AZ,TUS,B
85655,US,AZ,TUS,E
85607,US,AZ,TUS,E
85608,US,AZ,TUS,E
85045,US,AZ,PHX,A
86305,US,AZ,PHX,E
85042,US,AZ,PHX,A
86024,US,AZ,PHX,E
85048,US,AZ,PHX,A
85053,US,AZ,PHX,A
85086,US,AZ,PHX,A
85085,US,AZ,PHX,A
85607,US,AZ,TUS,E
85624,US,AZ,TUS,D
85030,US,AZ,PHX,A
85628,US,AZ,TUS,D
85296,US,AZ,PHX,D
85299,US,AZ,PHX,D
85648,US,AZ,TUS,D
85662,US,AZ,TUS,D
85613,US,AZ,TUS,D
85290,US,AZ,PHX,E
85218,US,AZ,PHX,E
85219,US,AZ,PHX,E
85278,US,AZ,PHX,E
85264,US,AZ,PHX,B
85264,US,AZ,PHX,B
85218,US,AZ,PHX,E
85376,US,AZ,PHX,D
85387,US,AZ,PHX,D
85379,US,AZ,PHX,D
85318,US,AZ,PHX,D
85376,US,AZ,PHX,D
85263,US,AZ,PHX,B
85250,US,AZ,PHX,B
85263,US,AZ,PHX,B
85218,US,AZ,PHX,E
85742,US,AZ,TUS,A
85215,US,AZ,PHX,C
85378,US,AZ,PHX,D
85754,US,AZ,TUS,A
85378,US,AZ,PHX,D
85218,US,AZ,PHX,E
85387,US,AZ,PHX,D
85742,US,AZ,TUS,A
85752,US,AZ,TUS,A
85387,US,AZ,PHX,D
85219,US,AZ,PHX,E
85290,US,AZ,PHX,E
85750,US,AZ,TUS,A
85379,US,AZ,PHX,D
85728,US,AZ,TUS,A
85902,US,AZ,PHX,L
85930,US,AZ,PHX,L
85929,US,AZ,PHX,L
85928,US,AZ,PHX,L
85927,US,AZ,PHX,L
85926,US,AZ,PHX,L
85925,US,AZ,PHX,L
85924,US,AZ,PHX,L
85923,US,AZ,PHX,L
85920,US,AZ,PHX,L
85613,US,AZ,PHX,L
85911,US,AZ,PHX,L
85934,US,AZ,PHX,L
85901,US,AZ,PHX,L
85671,US,AZ,PHX,L
85670,US,AZ,PHX,L
85650,US,AZ,PHX,L
85636,US,AZ,PHX,L
85635,US,AZ,PHX,L
85626,US,AZ,PHX,L
85625,US,AZ,PHX,L
85624,US,AZ,PHX,L
85644,US,AZ,PHX,O
85912,US,AZ,PHX,L
86507,US,AZ,PHX,L
85643,US,AZ,PHX,O
85638,US,AZ,PHX,O
85637,US,AZ,PHX,O
85611,US,AZ,PHX,O
85634,US,AZ,PHX,N
85341,US,AZ,PHX,N
85609,US,AZ,PHX,M
85606,US,AZ,PHX,M
86538,US,AZ,PHX,L
86535,US,AZ,PHX,L
85931,US,AZ,PHX,L
86510,US,AZ,PHX,L
85933,US,AZ,PHX,L
86505,US,AZ,PHX,L
86503,US,AZ,PHX,L
85941,US,AZ,PHX,L
85940,US,AZ,PHX,L
85939,US,AZ,PHX,L
85938,US,AZ,PHX,L
85937,US,AZ,PHX,L
85936,US,AZ,PHX,L
85935,US,AZ,PHX,L
85547,US,AZ,PHX,L
86514,US,AZ,PHX,L
85534,US,AZ,PHX,I
85639,US,AZ,PHX,I
85633,US,AZ,PHX,I
85618,US,AZ,PHX,I
85553,US,AZ,PHX,I
85552,US,AZ,PHX,I
85551,US,AZ,PHX,I
85548,US,AZ,PHX,I
85546,US,AZ,PHX,I
85545,US,AZ,PHX,I
85616,US,AZ,PHX,L
85539,US,AZ,PHX,I
86040,US,AZ,PHX,I
85533,US,AZ,PHX,I
85531,US,AZ,PHX,I
85371,US,AZ,PHX,I
85354,US,AZ,PHX,I
85320,US,AZ,PHX,I
85273,US,AZ,PHX,I
85237,US,AZ,PHX,I
85325,US,AZ,PHX,H
85321,US,AZ,PHX,H
85348,US,AZ,PHX,G
85540,US,AZ,PHX,I
85627,US,AZ,PHX,J
85541,US,AZ,PHX,L
86342,US,AZ,PHX,K
86338,US,AZ,PHX,K
86334,US,AZ,PHX,K
86332,US,AZ,PHX,K
86046,US,AZ,PHX,K
85544,US,AZ,PHX,K
85362,US,AZ,PHX,K
85658,US,AZ,PHX,J
85648,US,AZ,PHX,J
85922,US,AZ,PHX,I
85630,US,AZ,PHX,J
85932,US,AZ,PHX,I
85623,US,AZ,PHX,J
85602,US,AZ,PHX,J
85601,US,AZ,PHX,J
85542,US,AZ,PHX,J
85502,US,AZ,PHX,J
85501,US,AZ,PHX,J
86434,US,AZ,PHX,I
86431,US,AZ,PHX,I
86343,US,AZ,PHX,I
85357,US,AZ,PHX,I
85631,US,AZ,PHX,J
85098,US,AZ,PHX,A
85233,US,AZ,PHX,D
85295,US,AZ,PHX,D
85298,US,AZ,PHX,D
85395,US,AZ,PHX,D
85309,US,AZ,PHX,D
85383,US,AZ,PHX,D
85127,US,AZ,PHX,D
85140,US,AZ,PHX,D
85142,US,AZ,PHX,D
85382,US,AZ,PHX,D
85209,US,AZ,PHX,C
85286,US,AZ,PHX,B
85388,US,AZ,PHX,D
85096,US,AZ,PHX,A
85381,US,AZ,PHX,D
85083,US,AZ,PHX,A
85097,US,AZ,PHX,A
85087,US,AZ,PHX,A
85603,US,AZ,PHX,R
85605,US,AZ,PHX,R
85607,US,AZ,PHX,R
85608,US,AZ,PHX,R
85610,US,AZ,PHX,R
85615,US,AZ,PHX,R
85620,US,AZ,PHX,R
85632,US,AZ,PHX,R
85655,US,AZ,PHX,R
85619,US,AZ,PHX,S
85309,US,AZ,PHX,B
85392,US,AZ,PHX,D
85293,US,AZ,PHX,E
85194,US,AZ,PHX,E
85193,US,AZ,PHX,E
85130,US,AZ,PHX,E
85123,US,AZ,PHX,E
85122,US,AZ,PHX,E
85396,US,AZ,PHX,E
85294,US,AZ,PHX,E
85123,US,AZ,PHX,E
85118,US,AZ,PHX,E
85120,US,AZ,PHX,E
85143,US,AZ,PHX,D
85235,US,AZ,PHX,P
85328,US,AZ,PHX,I
85536,US,AZ,PHX,R
85535,US,AZ,PHX,R
85543,US,AZ,PHX,Q
85292,US,AZ,PHX,P
85324,US,AZ,PHX,E
85119,US,AZ,PHX,E
85132,US,AZ,PHX,E
85178,US,AZ,PHX,E
85190,US,AZ,PHX,E
85756,US,AZ,PHX,E
85243,US,AZ,PHX,D
85388,US,AZ,PHX,D
85117,US,AZ,PHX,E
86004,US,AZ,PHX,E
85654,US,AZ,TUS,C
85078,US,AZ,PHX,A
85256,US,AZ,PHX,B
85255,US,AZ,PHX,B
85254,US,AZ,PHX,B
85253,US,AZ,PHX,B
85252,US,AZ,PHX,B
85258,US,AZ,PHX,B
85629,US,AZ,TUS,B
85259,US,AZ,PHX,B
85242,US,AZ,PHX,E
86301,US,AZ,PHX,E
85099,US,AZ,PHX,A
85082,US,AZ,PHX,A
85080,US,AZ,PHX,A
85032,US,AZ,PHX,A
85251,US,AZ,PHX,B
85271,US,AZ,PHX,B
85375,US,AZ,PHX,D
85374,US,AZ,PHX,D
85373,US,AZ,PHX,D
85372,US,AZ,PHX,D
85351,US,AZ,PHX,D
86341,US,AZ,PHX,E
85257,US,AZ,PHX,B
86336,US,AZ,PHX,E
85077,US,AZ,PHX,A
86002,US,AZ,PHX,E
85268,US,AZ,PHX,E
85266,US,AZ,PHX,B
85262,US,AZ,PHX,B
85261,US,AZ,PHX,B
85260,US,AZ,PHX,B
86340,US,AZ,PHX,E
85039,US,AZ,PHX,A
85079,US,AZ,PHX,A
85051,US,AZ,PHX,A
85050,US,AZ,PHX,A
85046,US,AZ,PHX,A
85044,US,AZ,PHX,A
85043,US,AZ,PHX,A
85055,US,AZ,PHX,A
85040,US,AZ,PHX,A
85060,US,AZ,PHX,A
85038,US,AZ,PHX,A
85037,US,AZ,PHX,A
85036,US,AZ,PHX,A
85035,US,AZ,PHX,A
85034,US,AZ,PHX,A
85033,US,AZ,PHX,A
85041,US,AZ,PHX,A
85067,US,AZ,PHX,A
85076,US,AZ,PHX,A
85075,US,AZ,PHX,A
85074,US,AZ,PHX,A
85073,US,AZ,PHX,A
85072,US,AZ,PHX,A
85071,US,AZ,PHX,A
85054,US,AZ,PHX,A
85068,US,AZ,PHX,A
85280,US,AZ,PHX,A
85066,US,AZ,PHX,A
85065,US,AZ,PHX,A
85064,US,AZ,PHX,A
85063,US,AZ,PHX,A
85062,US,AZ,PHX,A
85061,US,AZ,PHX,A
85069,US,AZ,PHX,A
85733,US,AZ,TUS,A
85248,US,AZ,PHX,C
85741,US,AZ,TUS,A
85740,US,AZ,TUS,A
85738,US,AZ,TUS,A
85737,US,AZ,TUS,A
85736,US,AZ,TUS,A
85744,US,AZ,TUS,A
85734,US,AZ,TUS,A
85745,US,AZ,TUS,A
85732,US,AZ,TUS,A
85731,US,AZ,TUS,A
85730,US,AZ,TUS,A
85726,US,AZ,TUS,A
85725,US,AZ,TUS,A
85724,US,AZ,TUS,A
85735,US,AZ,TUS,A
85777,US,AZ,TUS,A
86438,US,AZ,LAS,F
85363,US,AZ,PHX,E
85361,US,AZ,PHX,E
86445,US,AZ,LAS,E
86340,US,AZ,PHX,E
86437,US,AZ,LAS,E
85743,US,AZ,TUS,A
85640,US,AZ,TUS,C
85721,US,AZ,TUS,A
85775,US,AZ,TUS,A
85751,US,AZ,TUS,A
85749,US,AZ,TUS,A
85748,US,AZ,TUS,A
85747,US,AZ,TUS,A
85746,US,AZ,TUS,A
85641,US,AZ,TUS,B
85287,US,AZ,PHX,A
85703,US,AZ,TUS,A
85702,US,AZ,TUS,A
85701,US,AZ,TUS,A
85706,US,AZ,TUS,A
85640,US,AZ,TUS,C
85353,US,AZ,PHX,D
85723,US,AZ,TUS,A
85289,US,AZ,PHX,A
85706,US,AZ,TUS,A
85285,US,AZ,PHX,A
85284,US,AZ,PHX,A
85283,US,AZ,PHX,A
85282,US,AZ,PHX,A
85281,US,AZ,PHX,A
85267,US,AZ,PHX,B
86443,US,AZ,LAS,E
85713,US,AZ,TUS,A
85374,US,AZ,PHX,D
85720,US,AZ,TUS,A
85719,US,AZ,TUS,A
85718,US,AZ,TUS,A
85717,US,AZ,TUS,A
85716,US,AZ,TUS,A
85704,US,AZ,TUS,A
85714,US,AZ,TUS,A
85705,US,AZ,TUS,A
85712,US,AZ,TUS,A
85711,US,AZ,TUS,A
85710,US,AZ,TUS,A
85709,US,AZ,TUS,A
85708,US,AZ,TUS,A
85707,US,AZ,TUS,A
85722,US,AZ,TUS,A
85715,US,AZ,TUS,A
85268,US,AZ,PHX,E
86445,US,AZ,LAS,E
85307,US,AZ,PHX,D
85306,US,AZ,PHX,D
85305,US,AZ,PHX,D
85304,US,AZ,PHX,D
85303,US,AZ,PHX,D
85310,US,AZ,PHX,D
85234,US,AZ,PHX,D
85311,US,AZ,PHX,D
85232,US,AZ,PHX,E
86017,US,AZ,PHX,E
86011,US,AZ,PHX,E
86003,US,AZ,PHX,E
86001,US,AZ,PHX,E
85222,US,AZ,PHX,E
85302,US,AZ,PHX,D
85236,US,AZ,PHX,E
86437,US,AZ,LAS,E
86412,US,AZ,LAS,E
86411,US,AZ,LAS,E
86402,US,AZ,LAS,E
86401,US,AZ,LAS,E
86331,US,AZ,PHX,E
85308,US,AZ,PHX,D
86412,US,AZ,LAS,E
86327,US,AZ,PHX,E
86411,US,AZ,LAS,E
85283,US,AZ,PHX,A
85622,US,AZ,TUS,B
85614,US,AZ,TUS,B
85338,US,AZ,PHX,D
85312,US,AZ,PHX,D
86329,US,AZ,PHX,E
86430,US,AZ,LAS,D
85226,US,AZ,PHX,E
85225,US,AZ,PHX,E
85224,US,AZ,PHX,C
85331,US,AZ,PHX,D
85738,US,AZ,TUS,B
85222,US,AZ,PHX,E
85335,US,AZ,PHX,D
86322,US,AZ,PHX,E
85248,US,AZ,PHX,C
85602,US,AZ,TUS,D
85323,US,AZ,PHX,D
85287,US,AZ,PHX,A
85220,US,AZ,PHX,E
85217,US,AZ,PHX,E
85640,US,AZ,TUS,C
85377,US,AZ,PHX,D
85332,US,AZ,PHX,D
85301,US,AZ,PHX,D
85707,US,AZ,TUS,A
86326,US,AZ,PHX,E
85652,US,AZ,TUS,B
85641,US,AZ,TUS,B
85641,US,AZ,TUS,B
85227,US,AZ,PHX,E
85228,US,AZ,PHX,E
85244,US,AZ,PHX,C
86324,US,AZ,PHX,E
85031,US,AZ,PHX,A
85269,US,AZ,PHX,E
86323,US,AZ,PHX,E
85227,US,AZ,PHX,E
85249,US,AZ,PHX,C
86441,US,AZ,LAS,E
86325,US,AZ,PHX,E
85004,US,AZ,PHX,A
85737,US,AZ,TUS,B
85010,US,AZ,PHX,A
85269,US,AZ,PHX,E
86403,US,AZ,LAS,F
85008,US,AZ,PHX,A
85007,US,AZ,PHX,A
85012,US,AZ,PHX,A
85005,US,AZ,PHX,A
85013,US,AZ,PHX,A
85002,US,AZ,PHX,A
85009,US,AZ,PHX,A
85034,US,AZ,PHX,A
85380,US,AZ,PHX,D
85345,US,AZ,PHX,D
85253,US,AZ,PHX,B
85775,US,AZ,TUS,B
85006,US,AZ,PHX,A
85021,US,AZ,PHX,A
85029,US,AZ,PHX,A
85028,US,AZ,PHX,A
85027,US,AZ,PHX,A
85026,US,AZ,PHX,A
85025,US,AZ,PHX,A
85024,US,AZ,PHX,A
85011,US,AZ,PHX,A
85022,US,AZ,PHX,A
85001,US,AZ,PHX,A
85020,US,AZ,PHX,A
85019,US,AZ,PHX,A
85018,US,AZ,PHX,A
85017,US,AZ,PHX,A
85016,US,AZ,PHX,A
85015,US,AZ,PHX,A
85014,US,AZ,PHX,A
85023,US,AZ,PHX,A
85202,US,AZ,PHX,C
85211,US,AZ,PHX,C
85210,US,AZ,PHX,C
85207,US,AZ,PHX,C
85003,US,AZ,PHX,A
85206,US,AZ,PHX,C
85205,US,AZ,PHX,C
85212,US,AZ,PHX,C
85203,US,AZ,PHX,C
85208,US,AZ,PHX,C
85201,US,AZ,PHX,C
86444,US,AZ,LAS,E
85239,US,AZ,PHX,E
85653,US,AZ,TUS,B
85307,US,AZ,PHX,D
85340,US,AZ,PHX,D
85339,US,AZ,PHX,C
85204,US,AZ,PHX,C
85342,US,AZ,PHX,E
86017,US,AZ,PHX,E
85213,US,AZ,PHX,C
85216,US,AZ,PHX,C
85621,US,AZ,TUS,C
85027,US,AZ,PHX,C
85239,US,AZ,PHX,E
85214,US,AZ,PHX,C
93314,US,CA,BFL,A
93203,US,CA,BFL,B
93206,US,CA,BFL,C
93251,US,CA,BFL,D
93268,US,CA,BFL,C
93252,US,CA,BFL,D
93224,US,CA,BFL,D
92197,US,CA,LAX,Y
92187,US,CA,LAX,Y
92184,US,CA,LAX,Y
92182,US,CA,LAX,Y
92173,US,CA,LAX,Y
92199,US,CA,LAX,Y
92158,US,CA,LAX,Y
92725,US,CA,LAX,C
92161,US,CA,LAX,Y
92069,US,CA,LAX,Y
92078,US,CA,LAX,Y
91383,US,CA,LAX,M
92173,US,CA,LAX,Y
92155,US,CA,LAX,Y
91382,US,CA,LAX,M
91387,US,CA,LAX,M
91390,US,CA,LAX,M
92096,US,CA,LAX,Y
92131,US,CA,LAX,Y
91792,US,CA,LAX,C
91390,US,CA,LAX,M
92122,US,CA,LAX,Y
92124,US,CA,LAX,Y
92126,US,CA,LAX,Y
92127,US,CA,LAX,Y
92128,US,CA,LAX,Y
92123,US,CA,LAX,Y
92130,US,CA,LAX,Y
92154,US,CA,LAX,Y
92132,US,CA,LAX,Y
92134,US,CA,LAX,Y
92136,US,CA,LAX,Y
92139,US,CA,LAX,Y
92140,US,CA,LAX,Y
92145,US,CA,LAX,Y
92147,US,CA,LAX,Y
92152,US,CA,LAX,Y
92129,US,CA,LAX,Y
91359,US,CA,LAX,A
90222,US,CA,LAX,A
91482,US,CA,LAX,B
90043,US,CA,LAX,A
92861,US,CA,LAX,C
92867,US,CA,LAX,C
92081,US,CA,LAX,Y
91795,US,CA,LAX,C
91744,US,CA,LAX,C
91367,US,CA,LAX,D
91381,US,CA,LAX,M
92683,US,CA,LAX,C
90025,US,CA,LAX,A
90612,US,CA,LAX,B
92595,US,CA,LAX,P
92121,US,CA,LAX,Y
90043,US,CA,LAX,A
92117,US,CA,LAX,Y
90505,US,CA,LAX,B
92591,US,CA,LAX,P
90049,US,CA,LAX,A
90064,US,CA,LAX,A
91301,US,CA,LAX,J
91352,US,CA,LAX,B
90755,US,CA,LAX,B
90026,US,CA,LAX,B
92676,US,CA,LAX,F
91601,US,CA,LAX,B
92590,US,CA,LAX,P
90025,US,CA,LAX,A
92592,US,CA,LAX,P
90731,US,CA,LAX,B
92651,US,CA,LAX,F
90290,US,CA,LAX,D
92688,US,CA,LAX,F
90046,US,CA,LAX,A
92612,US,CA,LAX,E
90290,US,CA,LAX,D
90810,US,CA,LAX,B
90005,US,CA,LAX,A
92651,US,CA,LAX,E
90245,US,CA,LAX,A
92869,US,CA,LAX,C
90249,US,CA,LAX,A
92090,US,CA,LAX,Y
92029,US,CA,LAX,Y
90041,US,CA,LAX,B
90290,US,CA,LAX,D
91355,US,CA,LAX,M
90250,US,CA,LAX,A
90065,US,CA,LAX,B
90056,US,CA,LAX,A
90008,US,CA,LAX,A
90019,US,CA,LAX,B
90063,US,CA,LAX,A
90026,US,CA,LAX,A
90038,US,CA,LAX,B
92120,US,CA,LAX,Y
90018,US,CA,LAX,A
91702,US,CA,LAX,B
91010,US,CA,LAX,B
92617,US,CA,LAX,C
90397,US,CA,LAX,A
91335,US,CA,LAX,B
90277,US,CA,LAX,B
91746,US,CA,LAX,B
90027,US,CA,LAX,B
90280,US,CA,LAX,B
90042,US,CA,LAX,B
90004,US,CA,LAX,B
90290,US,CA,LAX,D
90056,US,CA,LAX,A
90001,US,CA,LAX,A
90043,US,CA,LAX,A
93314,US,CA,LAX,L
91902,US,CA,LAX,Y
90807,US,CA,LAX,B
90210,US,CA,LAX,A
90077,US,CA,LAX,A
90803,US,CA,LAX,B
90064,US,CA,LAX,A
91789,US,CA,LAX,B
90008,US,CA,LAX,B
90049,US,CA,LAX,A
93263,US,CA,LAX,L
90601,US,CA,LAX,B
90039,US,CA,LAX,B
90044,US,CA,LAX,A
92808,US,CA,LAX,C
92807,US,CA,LAX,C
92698,US,CA,LAX,E
90056,US,CA,LAX,B
90064,US,CA,LAX,A
92092,US,CA,LAX,Y
91745,US,CA,LAX,B
91744,US,CA,LAX,B
91732,US,CA,LAX,B
90601,US,CA,LAX,B
91915,US,CA,LAX,Y
91914,US,CA,LAX,Y
92003,US,CA,LAX,Y
90012,US,CA,LAX,A
90033,US,CA,LAX,A
90272,US,CA,LAX,B
92011,US,CA,LAX,Y
92010,US,CA,LAX,Y
92054,US,CA,LAX,Y
91301,US,CA,LAX,D
91526,US,CA,LAX,B
91748,US,CA,LAX,B
91913,US,CA,LAX,Y
92865,US,CA,LAX,C
91342,US,CA,LAX,B
90034,US,CA,LAX,A
92211,US,CA,LAX,I
92210,US,CA,LAX,I
93036,US,CA,LAX,J
92154,US,CA,LAX,Y
92599,US,CA,LAX,P
91710,US,CA,LAX,G
91797,US,CA,LAX,C
92821,US,CA,LAX,C
92057,US,CA,LAX,Y
90405,US,CA,LAX,A
91731,US,CA,LAX,B
92620,US,CA,LAX,C
92660,US,CA,LAX,C
91382,US,CA,LAX,M
91798,US,CA,LAX,G
92105,US,CA,LAX,Y
92119,US,CA,LAX,Y
91199,US,CA,LAX,B
92116,US,CA,LAX,Y
92115,US,CA,LAX,Y
92113,US,CA,LAX,Y
92111,US,CA,LAX,Y
91175,US,CA,LAX,B
92108,US,CA,LAX,Y
90046,US,CA,LAX,B
92104,US,CA,LAX,Y
92103,US,CA,LAX,Y
92102,US,CA,LAX,Y
92101,US,CA,LAX,Y
92705,US,CA,LAX,C
92091,US,CA,LAX,Y
90274,US,CA,LAX,B
92110,US,CA,LAX,Y
92688,US,CA,LAX,F
90103,US,CA,LAX,A
90102,US,CA,LAX,A
90095,US,CA,LAX,A
90899,US,CA,LAX,B
90895,US,CA,LAX,B
90755,US,CA,LAX,B
90803,US,CA,LAX,B
90008,US,CA,LAX,B
90189,US,CA,LAX,A
91331,US,CA,LAX,B
92656,US,CA,LAX,E
92698,US,CA,LAX,E
90056,US,CA,LAX,A
92356,US,CA,LAX,F
92253,US,CA,LAX,I
92093,US,CA,LAX,Y
92705,US,CA,LAX,C
90291,US,CA,LAX,A
95811,US,CA,SMF,A
92551,US,CA,LAX,H
90032,US,CA,LAX,J
90031,US,CA,LAX,K
90247,US,CA,LAX,A
92676,US,CA,LAX,F
90274,US,CA,LAX,B
90174,US,CA,LAX,A
90712,US,CA,LAX,B
90185,US,CA,LAX,A
90066,US,CA,LAX,A
90263,US,CA,LAX,J
90027,US,CA,LAX,B
91335,US,CA,LAX,A
91331,US,CA,LAX,A
90230,US,CA,LAX,A
90065,US,CA,LAX,B
90019,US,CA,LAX,A
91110,US,CA,LAX,B
93268,US,CA,FAT,H
93311,US,CA,FAT,H
93309,US,CA,FAT,H
93308,US,CA,FAT,H
93307,US,CA,FAT,H
93306,US,CA,FAT,H
93305,US,CA,FAT,H
93303,US,CA,FAT,H
93301,US,CA,FAT,H
93280,US,CA,FAT,H
93312,US,CA,FAT,H
93270,US,CA,FAT,I
93380,US,CA,FAT,H
93263,US,CA,FAT,H
93263,US,CA,FAT,H
93258,US,CA,FAT,H
93257,US,CA,FAT,H
93276,US,CA,FAT,H
93387,US,CA,FAT,H
93675,US,CA,FAT,H
93675,US,CA,FAT,H
93635,US,CA,FAT,H
93626,US,CA,FAT,Y
93614,US,CA,FAT,Y
93390,US,CA,FAT,H
93314,US,CA,FAT,H
93388,US,CA,FAT,H
93313,US,CA,FAT,H
93386,US,CA,FAT,H
93385,US,CA,FAT,H
93384,US,CA,FAT,H
93383,US,CA,FAT,H
93241,US,CA,FAT,H
93314,US,CA,FAT,H
93252,US,CA,FAT,H
93389,US,CA,FAT,H
92243,US,CA,CXL,A
93247,US,CA,FAT,H
92281,US,CA,CXL,E
92273,US,CA,CXL,E
92259,US,CA,CXL,E
92251,US,CA,CXL,C
92250,US,CA,CXL,C
92305,US,CA,ONT,L
92244,US,CA,CXL,A
92315,US,CA,ONT,L
92233,US,CA,CXL,E
92232,US,CA,CXL,A
92227,US,CA,CXL,C
92004,US,CA,CXL,E
91962,US,CA,CXL,E
91905,US,CA,CXL,E
94513,US,CA,SFO,Q
92249,US,CA,CXL,B
93203,US,CA,FAT,H
94509,US,CA,SFO,Q
93247,US,CA,FAT,H
93304,US,CA,FAT,H
93224,US,CA,FAT,H
93220,US,CA,FAT,H
93216,US,CA,FAT,H
92283,US,CA,CXL,E
93206,US,CA,FAT,H
93247,US,CA,FAT,H
93203,US,CA,FAT,H
92561,US,CA,ONT,L
92549,US,CA,ONT,L
92539,US,CA,ONT,L
92536,US,CA,ONT,L
92397,US,CA,ONT,L
92339,US,CA,ONT,L
93215,US,CA,FAT,H
95358,US,CA,FAT,H
94510,US,CA,SFO,Q
93302,US,CA,FAT,H
95397,US,CA,FAT,H
95382,US,CA,FAT,H
95363,US,CA,FAT,I
95360,US,CA,FAT,I
95357,US,CA,FAT,H
95356,US,CA,FAT,H
95355,US,CA,FAT,H
95354,US,CA,FAT,H
95353,US,CA,FAT,H
94514,US,CA,SFO,Q
94531,US,CA,SFO,Q
95363,US,CA,FAT,I
95352,US,CA,FAT,H
94548,US,CA,SFO,Q
94565,US,CA,SFO,Q
94565,US,CA,SFO,Q
95301,US,CA,FAT,H
95334,US,CA,FAT,H
95350,US,CA,FAT,H
95351,US,CA,FAT,H
94561,US,CA,SFO,Q
95973,US,CA,SMF,H
95973,US,CA,SMF,H
95973,US,CA,SMF,H
95973,US,CA,SMF,H
95966,US,CA,SMF,H
95928,US,CA,SMF,H
95928,US,CA,SMF,H
95965,US,CA,SMF,H
95928,US,CA,SMF,H
95929,US,CA,SMF,H
95929,US,CA,SMF,H
95938,US,CA,SMF,H
95946,US,CA,SMF,H
95946,US,CA,SMF,H
95948,US,CA,SMF,H
95948,US,CA,SMF,H
95948,US,CA,SMF,H
95361,US,CA,SMF,H
95361,US,CA,SMF,H
95928,US,CA,SMF,H
95965,US,CA,SMF,H
95320,US,CA,SMF,G
95917,US,CA,SMF,G
95959,US,CA,SMF,G
91393,US,CA,LAX,B
95361,US,CA,SMF,H
95959,US,CA,SMF,G
95959,US,CA,SMF,G
95682,US,CA,SMF,G
95959,US,CA,SMF,G
95976,US,CA,SMF,H
95976,US,CA,SMF,H
95965,US,CA,SMF,H
95965,US,CA,SMF,H
95965,US,CA,SMF,H
94571,US,CA,SMF,H
95965,US,CA,SMF,H
95959,US,CA,SMF,G
95965,US,CA,SMF,H
95965,US,CA,SMF,H
95965,US,CA,SMF,H
95965,US,CA,SMF,H
95965,US,CA,SMF,H
95965,US,CA,SMF,H
95965,US,CA,SMF,H
95965,US,CA,SMF,H
95965,US,CA,SMF,H
95965,US,CA,SMF,H
95965,US,CA,SMF,H
94083,US,CA,SFO,A
90408,US,CA,LAX,A
90409,US,CA,LAX,A
95682,US,CA,SMF,G
90411,US,CA,LAX,A
95953,US,CA,SMF,F
91025,US,CA,LAX,B
96152,US,CA,RNO,E
95001,US,CA,SFO,P
96154,US,CA,RNO,E
96155,US,CA,RNO,E
96156,US,CA,RNO,E
96157,US,CA,RNO,E
90410,US,CA,LAX,A
91031,US,CA,LAX,B
92735,US,CA,LAX,C
94099,US,CA,SFO,A
91041,US,CA,LAX,B
94085,US,CA,SFO,C
91357,US,CA,LAX,B
91043,US,CA,LAX,B
91618,US,CA,LAX,B
91618,US,CA,LAX,B
94565,US,CA,SFO,D
92685,US,CA,LAX,B
91396,US,CA,LAX,B
92885,US,CA,LAX,C
95005,US,CA,SFO,P
96158,US,CA,RNO,E
94157,US,CA,SFO,A
95926,US,CA,SMF,H
94129,US,CA,SFO,A
94129,US,CA,SJC,C
94130,US,CA,SFO,A
94130,US,CA,SJC,C
94158,US,CA,SFO,A
94158,US,CA,SJC,C
94177,US,CA,SFO,A
94177,US,CA,SJC,C
94199,US,CA,SFO,A
94199,US,CA,SJC,C
94098,US,CA,SFO,A
90407,US,CA,LAX,A
94147,US,CA,SFO,A
95056,US,CA,SFO,C
94165,US,CA,SFO,A
91737,US,CA,LAX,G
95002,US,CA,SFO,C
94166,US,CA,SFO,A
94167,US,CA,SFO,A
94168,US,CA,SFO,A
94169,US,CA,SFO,A
94170,US,CA,SFO,A
94172,US,CA,SFO,A
95140,US,CA,SFO,C
95164,US,CA,SFO,C
95173,US,CA,SFO,C
95969,US,CA,SMF,H
92143,US,CA,SAN,A
95242,US,CA,SMF,D
95212,US,CA,SMF,D
95212,US,CA,SMF,D
95658,US,CA,SMF,D
95648,US,CA,SMF,D
95632,US,CA,SMF,D
95350,US,CA,SMF,F
95240,US,CA,SMF,D
95215,US,CA,SMF,D
95296,US,CA,SMF,D
95296,US,CA,SMF,D
95296,US,CA,SMF,D
95297,US,CA,SMF,D
95693,US,CA,SMF,D
95211,US,CA,SMF,D
95219,US,CA,SMF,D
95209,US,CA,SMF,D
95336,US,CA,SMF,E
95603,US,CA,SMF,E
95603,US,CA,SMF,E
95603,US,CA,SMF,E
95603,US,CA,SMF,E
95603,US,CA,SMF,E
95207,US,CA,SMF,D
95204,US,CA,SMF,D
95206,US,CA,SMF,D
95202,US,CA,SMF,D
95203,US,CA,SMF,D
95663,US,CA,SMF,D
95210,US,CA,SMF,D
95668,US,CA,SMF,D
95743,US,CA,SMF,C
95220,US,CA,SMF,E
95815,US,CA,SMF,A
95211,US,CA,SMF,D
95652,US,CA,SMF,B
95887,US,CA,SMF,A
95605,US,CA,SMF,A
95605,US,CA,SMF,A
95857,US,CA,SMF,A
95662,US,CA,SMF,C
95867,US,CA,SMF,A
95662,US,CA,SMF,C
95821,US,CA,SMF,A
95820,US,CA,SMF,A
95826,US,CA,SMF,A
94299,US,CA,SMF,A
95691,US,CA,SMF,A
95840,US,CA,SMF,A
95894,US,CA,SMF,A
95630,US,CA,SMF,C
95991,US,CA,SMF,E
95757,US,CA,SMF,C
95758,US,CA,SMF,C
95843,US,CA,SMF,C
95843,US,CA,SMF,C
95677,US,CA,SMF,C
95670,US,CA,SMF,C
95765,US,CA,SMF,C
95743,US,CA,SMF,C
95630,US,CA,SMF,C
95630,US,CA,SMF,C
95630,US,CA,SMF,C
95612,US,CA,SMF,C
95671,US,CA,SMF,C
95671,US,CA,SMF,C
95677,US,CA,SMF,C
95391,US,CA,SMF,F
95397,US,CA,SMF,F
95358,US,CA,SMF,F
95366,US,CA,SMF,F
95368,US,CA,SMF,F
95355,US,CA,SMF,F
95376,US,CA,SMF,F
95357,US,CA,SMF,F
95391,US,CA,SMF,F
95672,US,CA,SMF,G
95367,US,CA,SMF,F
95231,US,CA,SMF,F
95351,US,CA,SMF,F
95953,US,CA,SMF,F
95945,US,CA,SMF,F
95337,US,CA,SMF,E
95377,US,CA,SMF,F
95667,US,CA,SMF,G
95961,US,CA,SMF,G
95961,US,CA,SMF,G
95961,US,CA,SMF,G
95307,US,CA,SMF,G
95619,US,CA,SMF,G
95667,US,CA,SMF,G
95356,US,CA,SMF,F
95667,US,CA,SMF,G
95945,US,CA,SMF,F
95667,US,CA,SMF,G
95667,US,CA,SMF,G
95667,US,CA,SMF,G
95667,US,CA,SMF,G
95667,US,CA,SMF,G
95667,US,CA,SMF,G
95667,US,CA,SMF,G
95901,US,CA,SMF,E
95949,US,CA,SMF,F
95688,US,CA,SMF,F
94585,US,CA,SMF,F
94535,US,CA,SMF,F
94535,US,CA,SMF,F
95993,US,CA,SMF,E
95687,US,CA,SMF,F
95901,US,CA,SMF,E
94534,US,CA,SMF,F
95901,US,CA,SMF,E
95762,US,CA,SMF,E
95762,US,CA,SMF,E
95694,US,CA,SMF,E
95602,US,CA,SMF,E
95682,US,CA,SMF,G
95901,US,CA,SMF,E
95945,US,CA,SMF,F
95945,US,CA,SMF,F
95945,US,CA,SMF,F
95945,US,CA,SMF,F
95945,US,CA,SMF,F
95945,US,CA,SMF,F
95945,US,CA,SMF,F
95688,US,CA,SMF,F
95945,US,CA,SMF,F
95991,US,CA,SMF,E
95945,US,CA,SMF,F
95354,US,CA,SMF,F
94533,US,CA,SMF,F
95304,US,CA,SMF,F
95304,US,CA,SMF,F
94534,US,CA,SMF,F
95945,US,CA,SMF,F
92009,US,CA,SAN,C
94945,US,CA,SFO,E
92880,US,CA,LAX,G
92877,US,CA,LAX,G
92879,US,CA,LAX,G
92882,US,CA,LAX,G
92878,US,CA,LAX,G
92313,US,CA,LAX,G
92883,US,CA,LAX,G
92008,US,CA,SAN,C
94976,US,CA,SFO,E
92018,US,CA,SAN,C
92013,US,CA,SAN,C
92007,US,CA,SAN,C
92007,US,CA,SAN,C
95482,US,CA,OAK,O
95007,US,CA,SFO,P
92021,US,CA,SAN,C
94506,US,CA,SFO,D
93925,US,CA,SFO,P
95388,US,CA,LAX,Y
93277,US,CA,SFO,Y
93278,US,CA,SFO,Y
93279,US,CA,SFO,Y
93291,US,CA,SFO,Y
92083,US,CA,LAX,Y
95945,US,CA,SMF,F
95017,US,CA,SFO,P
92881,US,CA,LAX,G
93282,US,CA,SFO,Y
92084,US,CA,LAX,Y
95388,US,CA,SFO,Y
93286,US,CA,LAX,Y
93286,US,CA,SFO,Y
91729,US,CA,LAX,G
92021,US,CA,SAN,C
95013,US,CA,SFO,P
94931,US,CA,SFO,F
94927,US,CA,SFO,F
94506,US,CA,SFO,D
92856,US,CA,LAX,C
94953,US,CA,SFO,E
91618,US,CA,LAX,B
91377,US,CA,LAX,D
92857,US,CA,LAX,C
92859,US,CA,LAX,C
91334,US,CA,LAX,B
90275,US,CA,LAX,B
94954,US,CA,SFO,E
90275,US,CA,LAX,B
95365,US,CA,SFO,Y
93654,US,CA,SFO,Y
93654,US,CA,LAX,Y
93652,US,CA,SFO,Y
93652,US,CA,LAX,Y
92064,US,CA,LAX,Y
91942,US,CA,LAX,Y
93257,US,CA,SFO,Y
92106,US,CA,LAX,Y
95365,US,CA,LAX,Y
93650,US,CA,SFO,Y
93650,US,CA,LAX,Y
91337,US,CA,LAX,B
93446,US,CA,LAX,Y
93258,US,CA,SFO,Y
93657,US,CA,LAX,Y
91977,US,CA,LAX,Y
91976,US,CA,LAX,Y
92075,US,CA,LAX,Y
93662,US,CA,SFO,Y
93662,US,CA,LAX,Y
92071,US,CA,LAX,Y
93656,US,CA,LAX,Y
93657,US,CA,SFO,Y
93656,US,CA,SFO,Y
93452,US,CA,LAX,Y
92118,US,CA,LAX,Y
92114,US,CA,LAX,Y
92109,US,CA,LAX,Y
92107,US,CA,LAX,Y
93647,US,CA,SFO,Y
93456,US,CA,LAX,Y
91945,US,CA,LAX,Y
93637,US,CA,SFO,Y
93637,US,CA,LAX,Y
93247,US,CA,SFO,Y
93245,US,CA,SFO,Y
93246,US,CA,SFO,Y
93648,US,CA,SFO,Y
91946,US,CA,LAX,Y
93639,US,CA,LAX,Y
95333,US,CA,SFO,Y
95333,US,CA,LAX,Y
93242,US,CA,SFO,Y
93242,US,CA,LAX,Y
91944,US,CA,LAX,Y
91943,US,CA,LAX,Y
93245,US,CA,SFO,Y
94820,US,CA,SFO,D
93646,US,CA,LAX,Y
93647,US,CA,LAX,Y
93675,US,CA,SFO,Y
93646,US,CA,SFO,Y
93646,US,CA,LAX,Y
92056,US,CA,LAX,Y
93638,US,CA,LAX,Y
92054,US,CA,LAX,Y
93638,US,CA,SFO,Y
91951,US,CA,LAX,Y
94096,US,CA,SFO,A
91950,US,CA,LAX,Y
93640,US,CA,SFO,Y
93639,US,CA,SFO,Y
93648,US,CA,LAX,Y
92055,US,CA,LAX,Y
92249,US,CA,ONT,E
92320,US,CA,ONT,D
92264,US,CA,ONT,E
92260,US,CA,ONT,E
92257,US,CA,ONT,E
92254,US,CA,ONT,I
92227,US,CA,ONT,E
92250,US,CA,ONT,E
92346,US,CA,ONT,C
92243,US,CA,ONT,E
92242,US,CA,ONT,E
92241,US,CA,ONT,F
93650,US,CA,LAX,Y
92233,US,CA,ONT,E
91978,US,CA,LAX,Y
92251,US,CA,ONT,E
92549,US,CA,ONT,K
92883,US,CA,ONT,B
92882,US,CA,ONT,B
92881,US,CA,ONT,B
92880,US,CA,ONT,B
92879,US,CA,ONT,B
92860,US,CA,ONT,B
92336,US,CA,ONT,A
92595,US,CA,ONT,D
92337,US,CA,ONT,A
92539,US,CA,ONT,K
92536,US,CA,ONT,K
92377,US,CA,ONT,B
92365,US,CA,ONT,J
92357,US,CA,ONT,C
92225,US,CA,ONT,E
92596,US,CA,ONT,D
93272,US,CA,SFO,Y
90275,US,CA,LAX,B
90275,US,CA,LAX,B
93274,US,CA,SFO,Y
93673,US,CA,SFO,Y
93673,US,CA,LAX,Y
92231,US,CA,ONT,E
93668,US,CA,LAX,Y
92871,US,CA,LAX,C
93267,US,CA,SFO,Y
93267,US,CA,LAX,Y
93266,US,CA,SFO,Y
93675,US,CA,SFO,Y
93646,US,CA,SFO,Y
93640,US,CA,LAX,Y
93668,US,CA,SFO,Y
90661,US,CA,LAX,B
92211,US,CA,ONT,E
92203,US,CA,ONT,F
91784,US,CA,ONT,A
91772,US,CA,ONT,A
91771,US,CA,ONT,A
91758,US,CA,ONT,A
94565,US,CA,SFO,D
94999,US,CA,SFO,E
94588,US,CA,SFO,D
90662,US,CA,LAX,B
93275,US,CA,SFO,Y
94955,US,CA,SFO,E
94565,US,CA,SFO,D
94975,US,CA,SFO,E
91979,US,CA,LAX,Y
91737,US,CA,ONT,A
92009,US,CA,LAX,Y
91941,US,CA,LAX,Y
93606,US,CA,SFO,Y
93442,US,CA,LAX,Y
92055,US,CA,LAX,Y
92007,US,CA,LAX,Y
93710,US,CA,LAX,Y
92008,US,CA,LAX,Y
93446,US,CA,LAX,Y
93609,US,CA,LAX,Y
93609,US,CA,SFO,Y
93610,US,CA,LAX,Y
93610,US,CA,SFO,Y
91909,US,CA,LAX,Y
91910,US,CA,LAX,Y
92007,US,CA,LAX,Y
93703,US,CA,LAX,Y
93709,US,CA,LAX,Y
93708,US,CA,LAX,Y
93707,US,CA,LAX,Y
93706,US,CA,SFO,Y
93706,US,CA,LAX,Y
93705,US,CA,LAX,Y
93422,US,CA,LAX,Y
93704,US,CA,LAX,Y
93202,US,CA,SFO,Y
93702,US,CA,SFO,Y
93702,US,CA,LAX,Y
93701,US,CA,SFO,Y
93701,US,CA,LAX,Y
93650,US,CA,SFO,Y
93612,US,CA,LAX,Y
93704,US,CA,SFO,Y
93223,US,CA,SFO,Y
91911,US,CA,LAX,Y
92021,US,CA,LAX,Y
92022,US,CA,LAX,Y
92024,US,CA,LAX,Y
92025,US,CA,LAX,Y
92026,US,CA,LAX,Y
92019,US,CA,LAX,Y
93221,US,CA,SFO,Y
93706,US,CA,SFO,Y
93704,US,CA,LAX,Y
93704,US,CA,SFO,Y
93622,US,CA,LAX,Y
93622,US,CA,SFO,Y
93625,US,CA,LAX,Y
93625,US,CA,SFO,Y
92027,US,CA,LAX,Y
93615,US,CA,SFO,Y
93606,US,CA,LAX,Y
93612,US,CA,SFO,Y
93613,US,CA,LAX,Y
93613,US,CA,SFO,Y
93212,US,CA,SFO,Y
93282,US,CA,SFO,Y
92020,US,CA,LAX,Y
93615,US,CA,LAX,Y
91912,US,CA,LAX,Y
92014,US,CA,LAX,Y
93616,US,CA,LAX,Y
93616,US,CA,SFO,Y
93618,US,CA,LAX,Y
93618,US,CA,SFO,Y
93706,US,CA,LAX,Y
92118,US,CA,LAX,Y
93786,US,CA,LAX,Y
93775,US,CA,LAX,Y
93844,US,CA,LAX,Y
93794,US,CA,LAX,Y
93793,US,CA,LAX,Y
93792,US,CA,LAX,Y
93227,US,CA,SFO,Y
93790,US,CA,LAX,Y
93711,US,CA,LAX,Y
93784,US,CA,LAX,Y
93780,US,CA,LAX,Y
93779,US,CA,LAX,Y
93778,US,CA,LAX,Y
93777,US,CA,LAX,Y
93776,US,CA,LAX,Y
93791,US,CA,LAX,Y
91933,US,CA,LAX,Y
92037,US,CA,LAX,Y
93631,US,CA,SFO,Y
93631,US,CA,LAX,Y
93630,US,CA,SFO,Y
93630,US,CA,LAX,Y
93888,US,CA,LAX,Y
93235,US,CA,LAX,Y
93434,US,CA,LAX,Y
91932,US,CA,LAX,Y
95449,US,CA,OAK,O
93627,US,CA,SFO,Y
93627,US,CA,LAX,Y
93428,US,CA,LAX,Y
93230,US,CA,SFO,Y
93235,US,CA,SFO,Y
93717,US,CA,LAX,Y
93728,US,CA,LAX,Y
93727,US,CA,LAX,Y
93726,US,CA,LAX,Y
93725,US,CA,SFO,Y
93725,US,CA,LAX,Y
93724,US,CA,LAX,Y
93729,US,CA,LAX,Y
93718,US,CA,LAX,Y
93722,US,CA,LAX,Y
93716,US,CA,LAX,Y
93715,US,CA,LAX,Y
93714,US,CA,LAX,Y
93712,US,CA,LAX,Y
93774,US,CA,LAX,Y
93232,US,CA,SFO,Y
93721,US,CA,LAX,Y
93755,US,CA,LAX,Y
93773,US,CA,LAX,Y
93720,US,CA,LAX,Y
93740,US,CA,LAX,Y
93771,US,CA,LAX,Y
93765,US,CA,LAX,Y
93764,US,CA,LAX,Y
93760,US,CA,LAX,Y
93772,US,CA,LAX,Y
93744,US,CA,LAX,Y
93747,US,CA,LAX,Y
93745,US,CA,SFO,Y
93745,US,CA,LAX,Y
93750,US,CA,LAX,Y
93741,US,CA,LAX,Y
93761,US,CA,LAX,Y
91319,US,CA,LAX,J
94592,US,CA,SFO,E
94592,US,CA,OAK,F
94591,US,CA,SFO,E
94591,US,CA,OAK,F
94590,US,CA,SFO,E
94590,US,CA,OAK,F
94589,US,CA,SFO,E
94508,US,CA,OAK,O
94926,US,CA,OAK,G
94503,US,CA,OAK,F
95408,US,CA,SFO,F
93093,US,CA,LAX,J
93094,US,CA,LAX,J
95067,US,CA,SFO,P
95045,US,CA,SFO,P
92075,US,CA,SAN,C
91385,US,CA,LAX,M
93960,US,CA,SFO,P
92064,US,CA,SAN,C
92074,US,CA,SAN,C
94503,US,CA,SFO,E
95409,US,CA,OAK,G
94977,US,CA,SFO,E
92024,US,CA,SAN,C
94926,US,CA,SFO,F
94966,US,CA,SFO,E
95490,US,CA,OAK,O
95071,US,CA,SFO,C
95018,US,CA,SFO,P
92072,US,CA,SAN,C
95482,US,CA,SFO,O
95470,US,CA,OAK,O
95449,US,CA,SFO,O
94926,US,CA,SFO,F
95409,US,CA,OAK,G
92143,US,CA,SAN,C
94999,US,CA,OAK,F
94998,US,CA,SFO,E
94998,US,CA,OAK,F
92071,US,CA,SAN,C
95409,US,CA,SFO,F
94972,US,CA,OAK,O
94954,US,CA,OAK,F
94949,US,CA,OAK,F
94945,US,CA,OAK,F
92078,US,CA,SAN,D
94931,US,CA,OAK,G
95429,US,CA,OAK,O
92150,US,CA,SAN,B
94974,US,CA,SFO,E
92051,US,CA,SAN,D
92058,US,CA,SAN,D
92052,US,CA,SAN,D
92057,US,CA,SAN,D
92049,US,CA,SAN,D
93962,US,CA,SFO,P
94979,US,CA,SFO,E
92673,US,CA,LAX,F
94945,US,CA,SFO,E
92024,US,CA,SAN,C
92130,US,CA,SAN,A
95077,US,CA,SFO,P
92694,US,CA,LAX,F
91358,US,CA,LAX,J
92154,US,CA,SAN,C
91319,US,CA,LAX,J
94974,US,CA,SFO,E
92129,US,CA,SAN,A
92173,US,CA,SAN,C
93943,US,CA,SFO,P
93944,US,CA,SFO,P
92127,US,CA,SAN,C
92128,US,CA,SAN,C
92674,US,CA,LAX,F
91729,US,CA,LAX,G
91737,US,CA,LAX,G
94945,US,CA,SFO,E
92142,US,CA,SAN,B
93944,US,CA,SFO,P
92014,US,CA,SAN,C
93944,US,CA,SFO,P
92079,US,CA,SAN,D
92085,US,CA,SAN,D
92694,US,CA,LAX,F
94581,US,CA,SFO,F
94927,US,CA,SFO,F
91737,US,CA,LAX,G
92173,US,CA,SAN,C
92091,US,CA,SAN,D
94026,US,CA,SFO,A
95045,US,CA,SFO,P
93962,US,CA,SFO,P
95067,US,CA,SFO,P
91729,US,CA,LAX,G
92091,US,CA,SAN,D
91385,US,CA,LAX,M
91784,US,CA,LAX,G
92860,US,CA,LAX,G
91758,US,CA,LAX,G
92128,US,CA,SAN,C
93928,US,CA,SFO,P
92019,US,CA,SAN,C
92020,US,CA,SAN,C
92022,US,CA,SAN,C
92024,US,CA,SAN,C
92023,US,CA,SAN,C
92046,US,CA,SAN,D
94978,US,CA,SFO,E
93927,US,CA,SFO,P
92021,US,CA,SAN,C
92313,US,CA,LAX,G
92337,US,CA,LAX,G
93928,US,CA,SFO,P
93926,US,CA,SFO,P
94926,US,CA,OAK,G
93928,US,CA,SFO,P
95409,US,CA,SFO,F
92694,US,CA,LAX,F
92092,US,CA,SAN,B
92039,US,CA,SAN,B
93930,US,CA,SFO,P
95018,US,CA,SFO,P
92836,US,CA,LAX,C
94820,US,CA,SFO,D
91741,US,CA,LAX,C
90081,US,CA,LAX,B
92609,US,CA,LAX,E
94575,US,CA,SFO,D
94024,US,CA,SFO,C
92650,US,CA,LAX,C
92610,US,CA,LAX,E
92607,US,CA,LAX,E
92637,US,CA,LAX,E
92637,US,CA,LAX,E
92610,US,CA,LAX,E
92607,US,CA,LAX,E
92650,US,CA,LAX,C
92619,US,CA,LAX,C
91394,US,CA,LAX,B
91021,US,CA,LAX,B
92610,US,CA,LAX,E
92846,US,CA,LAX,C
96141,US,CA,RNO,E
94555,US,CA,SFO,C
92838,US,CA,LAX,C
92637,US,CA,LAX,E
94023,US,CA,SFO,C
92837,US,CA,LAX,C
92609,US,CA,LAX,E
94024,US,CA,SFO,C
94570,US,CA,SFO,D
95140,US,CA,SFO,C
94551,US,CA,SFO,D
92657,US,CA,LAX,C
95015,US,CA,SFO,C
94527,US,CA,SFO,D
90239,US,CA,LAX,B
91393,US,CA,LAX,B
90267,US,CA,LAX,A
91395,US,CA,LAX,B
91396,US,CA,LAX,B
91009,US,CA,LAX,B
95033,US,CA,SFO,C
95032,US,CA,SFO,C
91017,US,CA,LAX,B
95011,US,CA,SFO,C
95140,US,CA,SFO,C
95031,US,CA,SFO,C
91755,US,CA,LAX,B
92657,US,CA,LAX,C
94618,US,CA,SFO,B
94617,US,CA,SFO,B
94607,US,CA,SFO,B
94619,US,CA,SFO,B
94620,US,CA,SFO,B
94621,US,CA,SFO,B
94614,US,CA,SFO,B
94613,US,CA,SFO,B
94623,US,CA,SFO,B
94612,US,CA,SFO,B
94611,US,CA,SFO,B
94615,US,CA,SFO,B
94610,US,CA,SFO,B
94608,US,CA,SFO,B
94643,US,CA,SFO,B
94606,US,CA,SFO,B
94605,US,CA,SFO,B
91764,US,CA,ONT,A
92861,US,CA,LAX,C
94604,US,CA,SFO,B
94603,US,CA,SFO,B
94602,US,CA,SFO,B
94601,US,CA,SFO,B
93022,US,CA,LAX,K
91301,US,CA,LAX,D
94609,US,CA,SFO,B
94661,US,CA,SFO,B
91761,US,CA,ONT,A
94088,US,CA,SJC,B
94088,US,CA,SFO,C
96146,US,CA,RNO,D
93023,US,CA,LAX,K
92056,US,CA,SAN,D
92055,US,CA,SAN,D
92054,US,CA,SAN,D
93445,US,CA,LAX,O
94562,US,CA,SFO,T
94562,US,CA,OAK,H
94625,US,CA,SFO,B
94662,US,CA,SFO,B
94624,US,CA,SFO,B
94660,US,CA,SFO,B
94659,US,CA,SFO,B
91761,US,CA,ONT,A
91762,US,CA,LAX,G
91762,US,CA,ONT,A
94947,US,CA,OAK,F
91764,US,CA,LAX,G
92345,US,CA,ONT,G
94649,US,CA,SFO,B
91761,US,CA,LAX,G
94627,US,CA,SFO,B
94666,US,CA,SFO,B
92663,US,CA,LAX,E
94948,US,CA,SFO,E
91606,US,CA,LAX,B
91605,US,CA,LAX,B
91604,US,CA,LAX,B
91603,US,CA,LAX,B
91602,US,CA,LAX,B
91601,US,CA,LAX,B
91343,US,CA,LAX,B
95660,US,CA,SMF,B
95652,US,CA,SMF,B
93523,US,CA,LAX,N
91608,US,CA,LAX,B
92663,US,CA,SNA,A
91609,US,CA,LAX,B
92662,US,CA,SNA,B
92662,US,CA,LAX,C
92661,US,CA,SNA,B
92661,US,CA,LAX,E
92660,US,CA,SNA,A
92660,US,CA,LAX,C
92659,US,CA,SNA,A
92659,US,CA,LAX,C
92658,US,CA,SNA,A
92658,US,CA,LAX,C
91381,US,CA,LAX,M
91186,US,CA,LAX,B
93444,US,CA,LAX,O
91328,US,CA,LAX,B
92567,US,CA,ONT,D
92567,US,CA,LAX,P
94949,US,CA,SFO,E
92861,US,CA,SNA,C
94947,US,CA,SFO,E
92865,US,CA,LAX,G
90659,US,CA,LAX,B
90652,US,CA,LAX,B
90651,US,CA,LAX,B
90650,US,CA,LAX,B
91343,US,CA,LAX,B
91607,US,CA,LAX,B
91329,US,CA,LAX,B
92345,US,CA,LAX,U
91327,US,CA,LAX,B
91326,US,CA,LAX,B
91325,US,CA,LAX,B
91324,US,CA,LAX,B
94801,US,CA,SFO,D
91617,US,CA,LAX,B
91616,US,CA,LAX,B
91615,US,CA,LAX,B
91614,US,CA,LAX,B
91612,US,CA,LAX,B
91611,US,CA,LAX,B
91610,US,CA,LAX,B
91330,US,CA,LAX,B
91104,US,CA,LAX,B
94309,US,CA,SJC,C
91114,US,CA,LAX,B
91109,US,CA,ONT,F
91109,US,CA,LAX,B
91108,US,CA,ONT,F
91108,US,CA,LAX,B
91107,US,CA,ONT,F
91107,US,CA,LAX,B
91106,US,CA,ONT,F
91106,US,CA,LAX,B
91105,US,CA,ONT,F
91115,US,CA,LAX,B
91104,US,CA,ONT,F
91115,US,CA,ONT,F
91103,US,CA,ONT,F
91103,US,CA,LAX,B
91102,US,CA,ONT,F
91102,US,CA,LAX,B
91101,US,CA,ONT,F
91101,US,CA,LAX,B
93648,US,CA,FAT,B
90723,US,CA,LAX,B
91412,US,CA,LAX,B
91402,US,CA,LAX,B
90274,US,CA,LAX,B
92864,US,CA,LAX,C
91105,US,CA,LAX,B
91125,US,CA,LAX,B
91185,US,CA,ONT,F
91185,US,CA,LAX,B
91184,US,CA,ONT,F
91184,US,CA,LAX,B
91182,US,CA,ONT,F
91182,US,CA,LAX,B
91131,US,CA,ONT,F
91131,US,CA,LAX,B
91129,US,CA,ONT,F
91129,US,CA,LAX,B
91126,US,CA,ONT,F
91114,US,CA,ONT,F
91125,US,CA,ONT,F
94309,US,CA,SFO,A
91124,US,CA,ONT,F
91124,US,CA,LAX,B
91123,US,CA,ONT,F
91123,US,CA,LAX,B
91121,US,CA,ONT,F
91121,US,CA,LAX,B
91118,US,CA,ONT,F
91118,US,CA,LAX,B
91117,US,CA,ONT,F
91117,US,CA,LAX,B
91116,US,CA,ONT,F
91116,US,CA,LAX,B
91126,US,CA,LAX,B
92869,US,CA,LAX,F
90274,US,CA,LAX,B
93033,US,CA,LAX,J
93032,US,CA,LAX,J
93031,US,CA,LAX,J
93030,US,CA,LAX,J
93647,US,CA,FAT,D
92368,US,CA,LAX,U
94563,US,CA,SFO,D
93455,US,CA,LAX,O
95662,US,CA,SMF,C
93675,US,CA,FAT,D
93035,US,CA,LAX,J
92869,US,CA,SNA,C
94553,US,CA,SFO,D
92868,US,CA,LAX,C
92867,US,CA,SNA,C
92867,US,CA,LAX,C
92866,US,CA,SNA,B
92866,US,CA,LAX,C
92865,US,CA,SNA,C
91320,US,CA,LAX,J
92864,US,CA,SNA,C
91321,US,CA,LAX,M
92863,US,CA,SNA,C
92863,US,CA,LAX,C
92862,US,CA,SNA,C
93646,US,CA,FAT,D
93550,US,CA,LAX,N
94306,US,CA,SJC,C
94306,US,CA,SFO,A
94305,US,CA,SJC,C
94305,US,CA,SFO,A
94304,US,CA,SJC,C
94304,US,CA,SFO,A
94303,US,CA,SJC,C
94303,US,CA,SFO,A
94302,US,CA,SJC,C
94302,US,CA,SFO,A
94301,US,CA,SJC,C
93034,US,CA,LAX,J
93551,US,CA,LAX,N
92862,US,CA,LAX,F
92264,US,CA,LAX,I
92263,US,CA,LAX,I
92262,US,CA,ONT,E
92262,US,CA,LAX,I
92260,US,CA,LAX,I
92260,US,CA,LAX,I
95076,US,CA,SFO,P
91333,US,CA,LAX,B
91331,US,CA,LAX,B
94044,US,CA,SFO,C
90272,US,CA,LAX,B
93950,US,CA,SFO,P
94301,US,CA,SFO,A
90087,US,CA,LAX,B
90072,US,CA,LAX,B
95030,US,CA,SJC,B
95030,US,CA,SFO,C
93635,US,CA,FAT,G
90009,US,CA,LAX,A
90101,US,CA,LAX,B
90099,US,CA,LAX,B
90097,US,CA,LAX,B
90096,US,CA,LAX,B
90094,US,CA,LAX,B
90093,US,CA,LAX,B
90091,US,CA,LAX,B
95032,US,CA,SJC,B
90088,US,CA,LAX,B
90606,US,CA,LAX,B
90086,US,CA,LAX,B
90084,US,CA,LAX,B
90083,US,CA,LAX,B
90082,US,CA,LAX,B
90080,US,CA,LAX,B
90079,US,CA,LAX,B
90078,US,CA,LAX,B
90077,US,CA,LAX,B
90076,US,CA,LAX,B
90075,US,CA,LAX,B
90074,US,CA,LAX,B
91322,US,CA,LAX,M
90089,US,CA,LAX,B
95653,US,CA,SMF,C
90270,US,CA,LAX,A
95655,US,CA,SMF,C
94553,US,CA,SFO,D
90295,US,CA,LAX,A
90292,US,CA,LAX,A
93933,US,CA,SFO,P
93252,US,CA,LAX,L
92518,US,CA,ONT,D
92518,US,CA,LAX,G
92518,US,CA,ONT,D
92518,US,CA,LAX,G
90266,US,CA,LAX,A
95031,US,CA,SJC,B
90264,US,CA,LAX,J
90071,US,CA,LAX,B
93639,US,CA,FAT,B
93638,US,CA,FAT,B
93637,US,CA,FAT,B
90262,US,CA,LAX,A
92356,US,CA,LAX,V
95651,US,CA,SMF,C
93412,US,CA,LAX,O
93402,US,CA,LAX,O
93441,US,CA,LAX,O
90610,US,CA,ONT,F
90610,US,CA,LAX,B
90606,US,CA,ONT,F
90265,US,CA,LAX,J
90027,US,CA,LAX,B
90073,US,CA,LAX,B
90040,US,CA,LAX,B
90039,US,CA,LAX,B
90038,US,CA,LAX,B
90037,US,CA,LAX,B
90036,US,CA,LAX,B
90035,US,CA,LAX,B
90034,US,CA,LAX,B
90033,US,CA,LAX,B
90032,US,CA,LAX,B
90031,US,CA,LAX,B
90030,US,CA,LAX,B
90042,US,CA,LAX,B
90028,US,CA,LAX,B
90043,US,CA,LAX,B
90026,US,CA,LAX,B
90025,US,CA,LAX,B
90024,US,CA,LAX,B
90023,US,CA,LAX,B
90022,US,CA,LAX,B
90021,US,CA,LAX,B
90020,US,CA,LAX,B
90019,US,CA,LAX,B
90018,US,CA,LAX,B
90017,US,CA,LAX,B
90016,US,CA,LAX,B
90015,US,CA,LAX,B
90029,US,CA,LAX,B
90056,US,CA,LAX,B
90070,US,CA,LAX,B
90069,US,CA,LAX,B
90068,US,CA,LAX,B
90067,US,CA,LAX,B
90066,US,CA,LAX,B
90065,US,CA,LAX,B
90064,US,CA,LAX,B
90063,US,CA,LAX,B
90062,US,CA,LAX,B
90061,US,CA,LAX,B
90060,US,CA,LAX,B
90059,US,CA,LAX,B
90041,US,CA,LAX,B
90057,US,CA,LAX,B
95521,US,CA,ACV,A
90055,US,CA,LAX,B
90054,US,CA,LAX,B
90053,US,CA,LAX,B
90052,US,CA,LAX,B
90051,US,CA,LAX,B
90050,US,CA,LAX,B
90049,US,CA,LAX,B
90048,US,CA,LAX,B
90047,US,CA,LAX,B
90046,US,CA,LAX,B
90045,US,CA,LAX,B
90044,US,CA,LAX,B
90058,US,CA,LAX,B
92555,US,CA,LAX,H
93250,US,CA,BFL,B
94035,US,CA,SFO,C
91023,US,CA,LAX,B
95140,US,CA,SJC,A
94557,US,CA,SJC,E
94557,US,CA,SFO,B
95039,US,CA,SFO,P
95038,US,CA,SFO,P
95037,US,CA,SFO,P
92557,US,CA,ONT,D
92557,US,CA,LAX,H
92556,US,CA,ONT,D
94039,US,CA,SFO,C
92555,US,CA,ONT,D
94039,US,CA,SJC,B
92554,US,CA,ONT,D
92554,US,CA,LAX,H
92553,US,CA,ONT,D
92553,US,CA,LAX,H
92552,US,CA,ONT,D
92552,US,CA,LAX,H
94556,US,CA,SFO,D
93021,US,CA,LAX,J
93020,US,CA,LAX,J
91020,US,CA,LAX,B
91756,US,CA,LAX,B
91754,US,CA,ONT,F
92556,US,CA,LAX,H
92563,US,CA,LAX,P
94560,US,CA,SJC,E
94560,US,CA,SFO,C
92153,US,CA,SAN,C
92363,US,CA,LAS,F
91951,US,CA,SAN,B
91950,US,CA,SAN,A
94501,US,CA,SFO,B
94559,US,CA,SFO,F
94559,US,CA,OAK,G
94558,US,CA,SFO,F
94558,US,CA,OAK,G
92564,US,CA,ONT,E
94035,US,CA,SJC,B
92563,US,CA,ONT,E
93940,US,CA,SFO,P
92562,US,CA,ONT,E
92562,US,CA,LAX,P
94965,US,CA,SFO,E
94965,US,CA,OAK,F
94043,US,CA,SJC,B
94043,US,CA,SFO,C
94042,US,CA,SJC,B
94042,US,CA,SFO,C
94041,US,CA,SJC,B
94041,US,CA,SFO,C
94040,US,CA,SJC,B
94040,US,CA,SFO,C
92564,US,CA,LAX,P
94027,US,CA,SJC,C
94030,US,CA,SJC,C
94030,US,CA,SFO,A
94941,US,CA,SFO,E
94941,US,CA,OAK,F
92655,US,CA,LAX,C
93381,US,CA,LAX,L
93381,US,CA,BFL,A
95348,US,CA,FAT,G
95344,US,CA,FAT,F
95343,US,CA,FAT,F
95341,US,CA,FAT,F
95340,US,CA,FAT,G
91754,US,CA,LAX,B
92359,US,CA,LAX,G
91752,US,CA,LAX,G
94027,US,CA,SFO,A
94026,US,CA,SJC,C
94025,US,CA,SJC,C
94025,US,CA,SFO,A
92584,US,CA,LAX,P
92584,US,CA,ONT,D
93640,US,CA,FAT,D
92570,US,CA,ONT,D
92570,US,CA,LAX,P
95652,US,CA,SMF,B
93251,US,CA,LAX,L
91189,US,CA,LAX,B
92359,US,CA,ONT,C
94035,US,CA,SJC,B
93250,US,CA,LAX,L
93108,US,CA,LAX,K
90640,US,CA,ONT,F
90640,US,CA,LAX,B
95014,US,CA,SJC,B
95014,US,CA,SFO,C
95030,US,CA,SJC,B
95030,US,CA,SFO,C
91302,US,CA,LAX,D
91763,US,CA,ONT,A
91763,US,CA,LAX,G
91016,US,CA,LAX,B
95035,US,CA,SFO,C
92629,US,CA,LAX,F
95035,US,CA,SJC,B
94035,US,CA,SFO,C
92692,US,CA,SNA,D
92692,US,CA,LAX,F
92691,US,CA,SNA,C
92691,US,CA,LAX,E
92690,US,CA,SNA,D
92690,US,CA,LAX,F
92675,US,CA,SNA,D
92675,US,CA,LAX,F
91346,US,CA,LAX,B
91345,US,CA,LAX,B
91752,US,CA,ONT,A
93942,US,CA,SFO,P
92629,US,CA,LAX,F
92423,US,CA,LAX,G
92672,US,CA,LAX,F
94070,US,CA,SJC,C
94070,US,CA,SFO,A
94099,US,CA,SJC,C
94098,US,CA,SJC,C
94096,US,CA,SJC,C
94066,US,CA,SJC,C
94066,US,CA,SFO,A
92427,US,CA,ONT,C
92427,US,CA,LAX,G
92424,US,CA,ONT,C
92410,US,CA,ONT,C
92423,US,CA,ONT,C
92101,US,CA,SAN,A
92418,US,CA,ONT,C
92418,US,CA,LAX,G
92415,US,CA,ONT,C
92415,US,CA,LAX,G
92414,US,CA,ONT,C
92414,US,CA,LAX,G
92413,US,CA,ONT,C
92413,US,CA,LAX,G
92412,US,CA,ONT,C
92412,US,CA,LAX,G
92411,US,CA,ONT,C
92133,US,CA,SAN,A
92424,US,CA,LAX,G
92113,US,CA,SAN,A
95828,US,CA,SMF,A
92131,US,CA,SAN,B
92126,US,CA,SAN,B
92124,US,CA,SAN,A
92123,US,CA,SAN,A
92122,US,CA,SAN,A
92121,US,CA,SAN,B
92120,US,CA,SAN,B
92119,US,CA,SAN,B
92118,US,CA,SAN,B
92117,US,CA,SAN,A
92116,US,CA,SAN,A
92672,US,CA,SNA,D
92114,US,CA,SAN,B
92101,US,CA,SAN,A
92112,US,CA,SAN,A
92111,US,CA,SAN,A
92110,US,CA,SAN,A
92109,US,CA,SAN,A
92108,US,CA,SAN,A
92107,US,CA,SAN,A
92106,US,CA,SAN,A
92105,US,CA,SAN,A
92104,US,CA,SAN,A
92103,US,CA,SAN,A
92102,US,CA,SAN,A
92410,US,CA,LAX,G
92115,US,CA,SAN,B
95842,US,CA,SMF,A
94574,US,CA,OAK,H
95899,US,CA,SMF,A
95894,US,CA,SMF,A
95887,US,CA,SMF,A
95867,US,CA,SMF,A
95866,US,CA,SMF,A
95865,US,CA,SMF,A
95864,US,CA,SMF,A
95860,US,CA,SMF,A
95857,US,CA,SMF,A
95853,US,CA,SMF,A
92411,US,CA,LAX,G
95851,US,CA,SMF,A
93902,US,CA,SFO,P
95841,US,CA,SMF,A
95840,US,CA,SMF,A
95838,US,CA,SMF,A
95837,US,CA,SMF,A
95836,US,CA,SMF,A
95835,US,CA,SMF,A
95834,US,CA,SMF,A
95833,US,CA,SMF,A
95832,US,CA,SMF,A
95831,US,CA,SMF,A
95830,US,CA,SMF,A
91188,US,CA,LAX,B
95852,US,CA,SMF,A
92401,US,CA,ONT,C
92408,US,CA,ONT,C
92408,US,CA,LAX,G
92407,US,CA,ONT,G
92407,US,CA,LAX,G
92406,US,CA,ONT,C
92406,US,CA,LAX,G
92405,US,CA,ONT,C
92405,US,CA,LAX,G
92404,US,CA,ONT,C
92404,US,CA,LAX,G
92403,US,CA,ONT,C
92403,US,CA,LAX,G
94574,US,CA,SFO,T
92402,US,CA,LAX,G
93901,US,CA,SFO,P
92401,US,CA,LAX,G
94960,US,CA,SFO,E
94960,US,CA,OAK,F
95564,US,CA,ACV,B
95563,US,CA,ACV,E
93915,US,CA,SFO,P
93912,US,CA,SFO,P
93908,US,CA,SFO,P
93907,US,CA,SFO,P
93906,US,CA,SFO,P
93905,US,CA,SFO,P
92134,US,CA,SAN,A
92402,US,CA,ONT,C
94107,US,CA,SJC,C
94115,US,CA,SFO,A
94114,US,CA,SJC,C
94114,US,CA,SFO,A
94112,US,CA,SJC,C
94112,US,CA,SFO,A
94111,US,CA,SJC,C
94111,US,CA,SFO,A
94110,US,CA,SJC,C
94110,US,CA,SFO,A
94109,US,CA,SJC,C
94109,US,CA,SFO,A
94101,US,CA,SFO,A
94108,US,CA,SFO,A
94116,US,CA,SJC,C
94107,US,CA,SFO,A
94106,US,CA,SJC,C
94106,US,CA,SFO,A
94105,US,CA,SJC,C
94105,US,CA,SFO,A
94104,US,CA,SJC,C
94104,US,CA,SFO,A
94103,US,CA,SJC,C
94103,US,CA,SFO,A
94102,US,CA,SJC,C
94102,US,CA,SFO,A
92132,US,CA,SAN,A
94108,US,CA,SJC,C
94123,US,CA,SFO,A
94132,US,CA,SFO,A
94131,US,CA,SJC,C
94131,US,CA,SFO,A
94128,US,CA,SJC,C
94128,US,CA,SFO,A
94127,US,CA,SJC,C
94127,US,CA,SFO,A
94126,US,CA,SJC,C
94126,US,CA,SFO,A
94125,US,CA,SJC,C
94125,US,CA,SFO,A
94124,US,CA,SJC,C
94115,US,CA,SJC,C
94123,US,CA,SJC,C
94116,US,CA,SFO,A
94122,US,CA,SJC,C
94122,US,CA,SFO,A
94121,US,CA,SJC,C
94120,US,CA,SJC,C
93305,US,CA,LAX,L
94119,US,CA,SJC,C
94119,US,CA,SFO,A
94118,US,CA,SJC,C
94118,US,CA,SFO,A
94117,US,CA,SJC,C
94117,US,CA,SFO,A
94080,US,CA,SFO,A
94124,US,CA,SFO,A
92159,US,CA,SAN,A
92172,US,CA,SAN,A
92171,US,CA,SAN,A
92170,US,CA,SAN,A
92169,US,CA,SAN,A
92168,US,CA,SAN,A
92167,US,CA,SAN,A
92166,US,CA,SAN,A
92165,US,CA,SAN,A
92164,US,CA,SAN,A
92163,US,CA,SAN,A
92162,US,CA,SAN,A
94101,US,CA,SJC,C
92160,US,CA,SAN,A
92176,US,CA,SAN,A
92155,US,CA,SAN,B
92153,US,CA,SAN,A
92152,US,CA,SAN,A
92149,US,CA,SAN,A
92147,US,CA,SAN,A
92145,US,CA,SAN,B
92140,US,CA,SAN,A
92139,US,CA,SAN,B
92138,US,CA,SAN,A
92137,US,CA,SAN,B
92136,US,CA,SAN,A
92135,US,CA,SAN,B
92161,US,CA,SAN,A
92194,US,CA,SAN,A
91346,US,CA,LAX,B
91345,US,CA,LAX,B
91344,US,CA,LAX,B
91343,US,CA,LAX,B
91342,US,CA,LAX,B
91341,US,CA,LAX,B
91340,US,CA,LAX,B
91773,US,CA,ONT,B
91773,US,CA,LAX,C
92199,US,CA,SAN,A
92198,US,CA,SAN,C
92197,US,CA,SAN,A
92174,US,CA,SAN,A
92195,US,CA,SAN,A
92175,US,CA,SAN,B
92193,US,CA,SAN,A
92192,US,CA,SAN,A
92191,US,CA,SAN,A
92190,US,CA,SAN,A
92187,US,CA,SAN,A
92186,US,CA,SAN,A
92184,US,CA,SAN,A
92182,US,CA,SAN,A
92179,US,CA,SAN,C
92178,US,CA,SAN,B
92177,US,CA,SAN,A
95827,US,CA,SMF,A
92196,US,CA,SAN,A
93257,US,CA,FAT,G
93536,US,CA,LAX,N
92587,US,CA,ONT,D
92587,US,CA,LAX,P
93383,US,CA,LAX,L
93383,US,CA,BFL,A
93313,US,CA,LAX,L
93313,US,CA,BFL,A
93907,US,CA,SFO,P
92679,US,CA,SNA,D
92679,US,CA,LAX,F
93258,US,CA,LAX,L
91768,US,CA,LAX,C
93257,US,CA,LAX,L
95670,US,CA,SMF,C
91326,US,CA,LAX,B
93043,US,CA,LAX,J
93044,US,CA,LAX,J
93043,US,CA,LAX,J
93042,US,CA,LAX,J
93041,US,CA,LAX,J
93280,US,CA,LAX,L
93280,US,CA,BFL,B
91799,US,CA,LAX,C
91769,US,CA,ONT,A
91769,US,CA,LAX,C
90278,US,CA,LAX,A
93258,US,CA,FAT,G
92270,US,CA,ONT,E
95829,US,CA,SMF,A
92375,US,CA,LAX,G
92374,US,CA,ONT,C
92374,US,CA,LAX,G
92373,US,CA,ONT,C
92373,US,CA,LAX,G
96003,US,CA,RDD,B
96002,US,CA,RDD,B
96001,US,CA,RDD,B
96002,US,CA,RDD,A
92688,US,CA,SNA,D
92688,US,CA,LAX,F
93551,US,CA,LAX,N
90064,US,CA,LAX,A
93652,US,CA,FAT,B
92270,US,CA,LAX,I
90224,US,CA,LAX,A
90220,US,CA,LAX,A
91739,US,CA,ONT,A
91739,US,CA,LAX,G
91730,US,CA,ONT,A
91730,US,CA,LAX,G
91701,US,CA,ONT,A
91701,US,CA,LAX,G
95742,US,CA,SMF,C
95741,US,CA,SMF,C
91767,US,CA,ONT,A
92067,US,CA,SAN,D
94951,US,CA,OAK,G
91766,US,CA,LAX,C
92371,US,CA,LAX,U
94952,US,CA,SFO,E
94952,US,CA,OAK,F
92572,US,CA,ONT,D
92572,US,CA,LAX,P
92571,US,CA,ONT,D
92571,US,CA,LAX,P
92570,US,CA,ONT,D
92570,US,CA,LAX,P
95014,US,CA,SJC,B
91768,US,CA,ONT,A
94951,US,CA,SFO,F
90660,US,CA,ONT,F
93953,US,CA,SFO,P
93563,US,CA,LAX,U
93553,US,CA,LAX,U
92369,US,CA,LAX,G
91191,US,CA,ONT,F
91191,US,CA,LAX,B
91189,US,CA,ONT,F
90011,US,CA,LAX,B
91188,US,CA,ONT,F
90014,US,CA,LAX,B
91187,US,CA,ONT,F
91187,US,CA,LAX,B
95014,US,CA,SFO,C
95365,US,CA,FAT,F
91767,US,CA,LAX,C
91766,US,CA,ONT,A
91766,US,CA,LAX,C
91765,US,CA,ONT,A
91765,US,CA,LAX,C
94807,US,CA,SFO,D
94801,US,CA,SFO,D
93042,US,CA,LAX,J
94568,US,CA,SFO,D
94566,US,CA,SFO,D
94523,US,CA,SFO,D
90296,US,CA,LAX,A
91766,US,CA,ONT,A
90291,US,CA,LAX,A
90660,US,CA,LAX,B
92870,US,CA,LAX,C
93449,US,CA,LAX,O
93040,US,CA,LAX,K
94564,US,CA,SFO,D
93650,US,CA,FAT,A
94620,US,CA,SFO,B
94618,US,CA,SFO,B
94611,US,CA,SFO,B
94610,US,CA,SFO,B
94602,US,CA,SFO,B
90665,US,CA,LAX,B
94061,US,CA,SFO,A
90293,US,CA,LAX,A
94572,US,CA,SFO,D
95678,US,CA,SMF,C
95661,US,CA,SMF,C
91772,US,CA,LAX,B
91771,US,CA,LAX,B
91770,US,CA,ONT,A
91770,US,CA,LAX,B
93560,US,CA,LAX,N
92585,US,CA,ONT,D
92585,US,CA,LAX,P
90274,US,CA,LAX,B
90274,US,CA,LAX,B
92517,US,CA,ONT,C
94928,US,CA,OAK,G
90222,US,CA,LAX,A
94547,US,CA,SFO,D
95677,US,CA,SMF,C
92679,US,CA,SNA,D
92679,US,CA,LAX,F
92522,US,CA,ONT,C
92522,US,CA,LAX,G
92521,US,CA,ONT,C
92521,US,CA,LAX,G
92519,US,CA,ONT,C
92519,US,CA,LAX,G
92518,US,CA,ONT,D
90277,US,CA,LAX,A
94928,US,CA,SFO,F
95812,US,CA,SMF,A
95826,US,CA,SMF,A
95825,US,CA,SMF,A
95824,US,CA,SMF,A
95823,US,CA,SMF,A
95822,US,CA,SMF,A
95821,US,CA,SMF,A
95820,US,CA,SMF,A
95819,US,CA,SMF,A
95818,US,CA,SMF,A
95817,US,CA,SMF,A
95816,US,CA,SMF,A
95815,US,CA,SMF,A
95746,US,CA,SMF,C
95813,US,CA,SMF,A
95747,US,CA,SMF,C
95837,US,CA,SMF,A
94573,US,CA,SFO,T
94573,US,CA,OAK,H
92509,US,CA,ONT,C
92509,US,CA,LAX,G
91748,US,CA,ONT,C
91748,US,CA,LAX,B
90720,US,CA,SNA,C
90720,US,CA,LAX,B
94957,US,CA,SFO,E
94957,US,CA,OAK,F
92517,US,CA,LAX,G
95814,US,CA,SMF,A
92376,US,CA,LAX,G
95673,US,CA,SMF,A
95562,US,CA,ACV,D
94850,US,CA,SFO,D
94808,US,CA,SFO,D
94807,US,CA,SFO,D
94806,US,CA,SFO,D
94805,US,CA,SFO,D
94804,US,CA,SFO,D
94803,US,CA,SFO,D
94802,US,CA,SFO,D
94801,US,CA,SFO,D
92518,US,CA,LAX,G
92376,US,CA,ONT,B
93656,US,CA,FAT,B
91335,US,CA,LAX,B
95671,US,CA,SMF,C
93654,US,CA,FAT,B
94065,US,CA,SJC,C
94065,US,CA,SFO,A
94064,US,CA,SJC,C
94064,US,CA,SFO,A
94063,US,CA,SJC,C
94063,US,CA,SFO,A
94062,US,CA,SJC,C
94062,US,CA,SFO,A
94061,US,CA,SJC,C
92377,US,CA,LAX,G
92506,US,CA,ONT,C
92516,US,CA,ONT,C
92516,US,CA,LAX,G
92515,US,CA,ONT,C
92515,US,CA,LAX,G
92514,US,CA,ONT,C
92514,US,CA,LAX,G
92513,US,CA,ONT,C
92513,US,CA,LAX,G
92509,US,CA,ONT,C
92509,US,CA,LAX,G
92508,US,CA,ONT,C
92508,US,CA,LAX,G
93551,US,CA,LAX,N
92507,US,CA,LAX,G
93607,US,CA,FAT,B
92506,US,CA,LAX,G
92505,US,CA,ONT,C
92505,US,CA,LAX,G
92504,US,CA,ONT,C
92504,US,CA,LAX,G
92503,US,CA,ONT,C
92503,US,CA,LAX,G
92502,US,CA,ONT,C
92502,US,CA,LAX,G
92501,US,CA,ONT,C
92501,US,CA,LAX,G
91186,US,CA,ONT,F
92507,US,CA,ONT,C
94576,US,CA,SFO,T
91765,US,CA,ONT,A
91765,US,CA,LAX,C
93203,US,CA,LAX,L
93203,US,CA,BFL,B
93382,US,CA,LAX,L
93382,US,CA,BFL,A
95315,US,CA,FAT,G
93216,US,CA,BFL,C
93215,US,CA,LAX,L
93215,US,CA,BFL,C
93536,US,CA,LAX,N
91735,US,CA,LAX,B
93616,US,CA,FAT,B
93620,US,CA,FAT,F
94576,US,CA,OAK,O
95617,US,CA,SMF,B
95616,US,CA,SMF,B
94526,US,CA,SFO,D
92629,US,CA,LAX,F
92624,US,CA,SNA,D
92624,US,CA,LAX,F
94017,US,CA,SJC,C
94017,US,CA,SFO,A
94016,US,CA,SJC,C
94016,US,CA,SFO,A
94015,US,CA,SJC,C
93940,US,CA,SFO,P
94303,US,CA,SFO,A
94518,US,CA,SFO,D
91733,US,CA,ONT,F
91733,US,CA,LAX,B
91732,US,CA,ONT,C
91732,US,CA,LAX,B
91731,US,CA,ONT,C
91731,US,CA,LAX,B
94530,US,CA,SFO,D
93523,US,CA,LAX,N
93220,US,CA,LAX,L
93220,US,CA,BFL,A
93706,US,CA,FAT,B
93618,US,CA,FAT,C
94303,US,CA,SJC,C
95620,US,CA,SMF,C
90022,US,CA,LAX,A
92650,US,CA,SNA,A
92346,US,CA,LAX,G
94568,US,CA,SFO,D
91010,US,CA,ONT,B
91010,US,CA,LAX,B
90242,US,CA,LAX,B
90241,US,CA,LAX,B
90240,US,CA,LAX,B
92679,US,CA,SNA,D
92679,US,CA,LAX,F
94014,US,CA,SFO,A
90221,US,CA,LAX,A
92625,US,CA,SNA,A
94015,US,CA,SFO,A
94928,US,CA,SFO,F
94928,US,CA,OAK,G
92628,US,CA,SNA,A
92628,US,CA,LAX,C
92627,US,CA,SNA,A
92627,US,CA,LAX,C
92626,US,CA,SNA,A
92626,US,CA,LAX,C
94925,US,CA,SFO,E
94925,US,CA,OAK,F
95076,US,CA,SFO,P
92679,US,CA,SNA,D
92118,US,CA,SAN,B
91722,US,CA,LAX,B
92625,US,CA,LAX,E
91301,US,CA,LAX,D
93282,US,CA,LAX,L
93282,US,CA,FAT,F
93212,US,CA,LAX,L
93212,US,CA,FAT,F
94524,US,CA,SFO,D
94523,US,CA,SFO,D
94522,US,CA,SFO,D
94521,US,CA,SFO,D
94520,US,CA,SFO,D
90013,US,CA,LAX,B
92178,US,CA,SAN,B
90201,US,CA,LAX,B
90245,US,CA,LAX,A
92327,US,CA,ONT,J
92327,US,CA,LAX,V
90630,US,CA,SNA,C
90630,US,CA,LAX,B
95534,US,CA,ACV,B
93615,US,CA,FAT,D
95015,US,CA,SJC,B
95014,US,CA,SJC,B
95014,US,CA,SFO,C
90233,US,CA,LAX,A
90232,US,CA,LAX,A
92679,US,CA,LAX,F
90230,US,CA,LAX,A
94014,US,CA,SJC,C
93544,US,CA,LAX,U
94525,US,CA,SFO,D
95538,US,CA,ACV,F
95531,US,CA,ACV,F
95013,US,CA,SJC,C
92705,US,CA,SNA,A
92705,US,CA,LAX,C
91724,US,CA,ONT,C
91724,US,CA,LAX,B
91723,US,CA,ONT,C
91723,US,CA,LAX,B
91722,US,CA,ONT,C
90231,US,CA,LAX,A
94536,US,CA,SFO,C
93703,US,CA,FAT,A
93702,US,CA,FAT,A
93701,US,CA,FAT,A
93650,US,CA,FAT,A
93727,US,CA,FAT,A
94555,US,CA,SJC,E
94539,US,CA,SJC,E
94539,US,CA,SFO,C
94538,US,CA,SJC,E
94538,US,CA,SFO,C
94537,US,CA,SJC,E
91734,US,CA,LAX,B
94536,US,CA,SJC,E
93706,US,CA,FAT,B
95472,US,CA,SFO,T
95472,US,CA,OAK,H
95019,US,CA,SFO,P
93625,US,CA,FAT,B
92728,US,CA,SNA,A
92728,US,CA,LAX,C
92708,US,CA,SNA,B
92708,US,CA,LAX,C
94404,US,CA,SJC,C
94404,US,CA,SFO,A
95540,US,CA,ACV,C
92310,US,CA,LAX,V
94537,US,CA,SFO,C
93721,US,CA,FAT,A
93755,US,CA,FAT,A
93750,US,CA,FAT,A
93747,US,CA,FAT,A
93745,US,CA,FAT,A
93744,US,CA,FAT,A
93741,US,CA,FAT,A
93740,US,CA,FAT,A
93729,US,CA,FAT,A
93728,US,CA,FAT,A
93727,US,CA,FAT,A
93726,US,CA,FAT,A
93725,US,CA,FAT,A
93704,US,CA,FAT,A
93722,US,CA,FAT,A
93705,US,CA,FAT,A
93718,US,CA,FAT,A
93717,US,CA,FAT,A
93716,US,CA,FAT,A
93715,US,CA,FAT,A
93714,US,CA,FAT,A
93712,US,CA,FAT,A
93711,US,CA,FAT,A
93710,US,CA,FAT,A
93709,US,CA,FAT,A
93708,US,CA,FAT,A
93707,US,CA,FAT,A
95436,US,CA,OAK,H
93724,US,CA,FAT,A
94608,US,CA,SFO,B
95538,US,CA,ACV,F
91739,US,CA,ONT,A
91739,US,CA,LAX,G
92033,US,CA,SAN,D
92030,US,CA,SAN,D
92029,US,CA,SAN,D
92027,US,CA,SAN,D
92026,US,CA,SAN,D
92025,US,CA,SAN,D
91436,US,CA,LAX,B
91426,US,CA,LAX,B
91416,US,CA,LAX,B
95501,US,CA,ACV,B
94662,US,CA,SFO,B
95502,US,CA,ACV,B
95626,US,CA,SMF,A
95624,US,CA,SMF,C
95431,US,CA,SFO,F
95431,US,CA,OAK,G
95433,US,CA,SFO,F
95433,US,CA,OAK,G
92709,US,CA,SNA,C
92709,US,CA,LAX,C
92630,US,CA,SNA,C
92630,US,CA,LAX,E
94803,US,CA,SFO,D
90032,US,CA,LAX,B
91316,US,CA,LAX,B
93622,US,CA,FAT,E
90224,US,CA,LAX,A
94933,US,CA,SFO,T
94933,US,CA,OAK,H
92336,US,CA,LAX,G
92335,US,CA,ONT,A
92335,US,CA,LAX,G
92334,US,CA,LAX,G
95630,US,CA,SMF,C
92698,US,CA,SNA,A
92698,US,CA,LAX,C
91011,US,CA,LAX,B
93624,US,CA,LAX,L
95501,US,CA,ACV,A
90001,US,CA,LAX,A
95436,US,CA,SFO,T
93015,US,CA,LAX,K
93704,US,CA,FAT,A
95536,US,CA,ACV,C
93223,US,CA,LAX,L
93223,US,CA,FAT,F
96151,US,CA,RNO,D
94930,US,CA,SFO,E
94930,US,CA,OAK,F
95628,US,CA,SMF,C
93221,US,CA,LAX,L
93221,US,CA,FAT,F
95534,US,CA,ACV,B
93624,US,CA,FAT,D
94720,US,CA,SFO,B
95060,US,CA,SFO,P
91908,US,CA,SAN,B
91902,US,CA,SAN,B
95525,US,CA,ACV,C
92316,US,CA,ONT,B
92316,US,CA,LAX,G
93606,US,CA,FAT,B
92315,US,CA,ONT,K
90213,US,CA,LAX,A
90212,US,CA,LAX,A
90211,US,CA,LAX,A
91503,US,CA,LAX,B
90209,US,CA,LAX,A
95416,US,CA,SFO,F
94710,US,CA,SFO,B
94709,US,CA,SFO,B
94708,US,CA,SFO,B
94707,US,CA,SFO,B
94706,US,CA,SFO,B
94705,US,CA,SFO,B
94704,US,CA,SFO,B
94703,US,CA,SFO,B
94702,US,CA,SFO,B
94701,US,CA,SFO,B
94920,US,CA,SFO,E
94920,US,CA,OAK,F
90210,US,CA,LAX,A
92318,US,CA,LAX,G
94519,US,CA,SFO,D
91501,US,CA,LAX,B
90624,US,CA,SNA,C
90624,US,CA,LAX,C
90623,US,CA,SNA,C
90623,US,CA,LAX,C
90622,US,CA,SNA,C
90622,US,CA,LAX,C
90621,US,CA,SNA,C
90621,US,CA,LAX,C
90620,US,CA,SNA,C
90620,US,CA,LAX,C
91304,US,CA,LAX,B
95605,US,CA,SMF,A
95416,US,CA,OAK,G
95605,US,CA,SMF,A
94005,US,CA,SJC,C
94005,US,CA,SFO,A
92823,US,CA,LAX,C
92822,US,CA,LAX,C
92821,US,CA,SNA,C
92821,US,CA,ONT,F
92821,US,CA,LAX,C
93064,US,CA,LAX,J
91010,US,CA,ONT,B
91010,US,CA,LAX,B
94002,US,CA,SJC,C
93427,US,CA,LAX,O
93313,US,CA,BFL,A
94920,US,CA,SFO,E
93385,US,CA,LAX,L
93385,US,CA,BFL,A
93384,US,CA,LAX,L
93384,US,CA,BFL,A
93383,US,CA,LAX,L
93383,US,CA,BFL,A
93382,US,CA,LAX,L
93382,US,CA,BFL,A
93381,US,CA,LAX,L
93381,US,CA,BFL,A
93380,US,CA,LAX,L
93386,US,CA,LAX,L
93313,US,CA,LAX,L
93387,US,CA,BFL,A
93312,US,CA,LAX,L
93312,US,CA,BFL,A
93311,US,CA,LAX,L
93311,US,CA,BFL,A
93309,US,CA,LAX,L
93309,US,CA,BFL,A
93308,US,CA,LAX,L
93308,US,CA,BFL,A
93307,US,CA,LAX,L
93307,US,CA,BFL,A
93306,US,CA,LAX,L
93306,US,CA,BFL,A
93380,US,CA,BFL,A
92311,US,CA,LAX,V
91504,US,CA,LAX,B
94002,US,CA,SFO,A
90707,US,CA,LAX,B
90706,US,CA,LAX,B
90201,US,CA,LAX,B
91307,US,CA,LAX,B
90270,US,CA,LAX,A
90201,US,CA,LAX,B
92223,US,CA,ONT,E
92223,US,CA,LAX,H
95524,US,CA,ACV,A
91746,US,CA,ONT,C
93386,US,CA,BFL,A
92312,US,CA,LAX,V
94920,US,CA,OAK,F
92311,US,CA,ONT,H
92310,US,CA,LAX,V
92220,US,CA,ONT,E
92220,US,CA,LAX,H
93463,US,CA,LAX,O
91706,US,CA,ONT,C
91706,US,CA,LAX,B
93389,US,CA,LAX,L
93389,US,CA,BFL,A
93388,US,CA,LAX,L
93388,US,CA,BFL,A
93387,US,CA,LAX,L
91746,US,CA,LAX,B
91312,US,CA,LAX,B
93610,US,CA,FAT,D
92201,US,CA,ONT,F
91709,US,CA,ONT,A
91709,US,CA,LAX,G
91710,US,CA,ONT,A
91710,US,CA,LAX,G
91709,US,CA,ONT,A
91709,US,CA,LAX,G
91708,US,CA,ONT,A
91708,US,CA,LAX,G
92223,US,CA,ONT,E
91502,US,CA,LAX,B
91313,US,CA,LAX,B
91911,US,CA,SAN,B
91311,US,CA,LAX,B
90703,US,CA,SNA,D
90703,US,CA,LAX,B
90701,US,CA,SNA,D
90701,US,CA,LAX,B
90067,US,CA,LAX,A
92234,US,CA,ONT,E
92234,US,CA,LAX,I
95012,US,CA,SFO,P
94552,US,CA,SJC,E
94546,US,CA,SJC,E
94546,US,CA,SFO,B
92223,US,CA,LAX,H
94517,US,CA,SFO,D
90223,US,CA,LAX,A
90222,US,CA,LAX,A
90221,US,CA,LAX,A
90220,US,CA,LAX,A
92324,US,CA,ONT,B
92324,US,CA,LAX,G
94014,US,CA,SJC,C
94014,US,CA,SFO,A
90046,US,CA,LAX,A
93210,US,CA,FAT,G
93613,US,CA,FAT,A
93612,US,CA,FAT,A
91909,US,CA,SAN,B
95425,US,CA,OAK,H
91910,US,CA,SAN,B
91711,US,CA,ONT,A
91711,US,CA,LAX,C
90091,US,CA,LAX,A
90040,US,CA,LAX,A
95621,US,CA,SMF,C
95611,US,CA,SMF,C
95610,US,CA,SMF,C
91915,US,CA,SAN,B
91914,US,CA,SAN,B
91913,US,CA,SAN,B
91912,US,CA,SAN,B
93609,US,CA,FAT,B
95425,US,CA,SFO,T
92282,US,CA,ONT,F
91384,US,CA,LAX,M
95008,US,CA,SJC,B
95008,US,CA,SFO,C
92055,US,CA,SAN,D
93012,US,CA,LAX,J
93011,US,CA,LAX,J
93010,US,CA,LAX,J
94515,US,CA,SFO,T
94515,US,CA,OAK,H
92320,US,CA,LAX,H
91301,US,CA,LAX,D
91399,US,CA,LAX,D
91303,US,CA,LAX,B
93407,US,CA,LAX,O
91304,US,CA,LAX,B
93206,US,CA,LAX,L
93607,US,CA,FAT,B
94010,US,CA,SJC,C
94010,US,CA,SFO,A
91523,US,CA,LAX,B
91522,US,CA,LAX,B
91521,US,CA,LAX,B
91510,US,CA,LAX,B
91508,US,CA,LAX,B
91507,US,CA,LAX,B
91506,US,CA,LAX,B
91505,US,CA,LAX,B
91302,US,CA,LAX,D
93921,US,CA,SFO,P
93764,US,CA,FAT,A
90810,US,CA,SNA,D
90810,US,CA,LAX,A
90749,US,CA,LAX,B
90747,US,CA,LAX,B
90746,US,CA,LAX,B
90745,US,CA,LAX,B
93014,US,CA,LAX,K
93013,US,CA,LAX,K
96140,US,CA,RNO,D
95608,US,CA,SMF,B
93924,US,CA,SFO,P
95009,US,CA,SJC,B
93922,US,CA,SFO,P
91310,US,CA,LAX,M
95010,US,CA,SFO,P
92624,US,CA,SNA,D
92624,US,CA,LAX,F
92587,US,CA,ONT,D
92587,US,CA,LAX,P
91386,US,CA,LAX,M
91351,US,CA,LAX,M
91309,US,CA,LAX,B
91308,US,CA,LAX,B
91307,US,CA,LAX,B
91306,US,CA,LAX,B
91305,US,CA,LAX,B
93923,US,CA,SFO,P
92651,US,CA,SNA,C
91361,US,CA,LAX,J
93550,US,CA,LAX,N
93535,US,CA,LAX,N
92630,US,CA,SNA,C
92630,US,CA,LAX,E
92532,US,CA,ONT,D
92532,US,CA,LAX,P
92531,US,CA,ONT,D
92531,US,CA,LAX,P
92530,US,CA,ONT,D
92530,US,CA,LAX,P
90260,US,CA,LAX,A
92677,US,CA,LAX,E
92567,US,CA,LAX,P
92651,US,CA,LAX,E
92654,US,CA,SNA,C
92654,US,CA,LAX,E
92653,US,CA,SNA,C
92653,US,CA,LAX,E
92677,US,CA,SNA,D
92677,US,CA,LAX,E
92656,US,CA,SNA,C
92656,US,CA,LAX,E
92654,US,CA,SNA,C
92654,US,CA,LAX,E
92653,US,CA,SNA,C
92677,US,CA,SNA,D
90716,US,CA,LAX,B
93760,US,CA,FAT,A
94939,US,CA,SFO,E
94939,US,CA,OAK,F
95403,US,CA,SFO,F
95403,US,CA,OAK,G
93539,US,CA,LAX,N
93536,US,CA,LAX,N
93535,US,CA,LAX,N
93534,US,CA,LAX,N
93241,US,CA,LAX,L
93241,US,CA,BFL,B
90805,US,CA,SNA,D
91342,US,CA,LAX,B
90716,US,CA,SNA,D
92040,US,CA,SAN,D
90715,US,CA,SNA,D
90715,US,CA,LAX,B
90714,US,CA,SNA,D
90714,US,CA,LAX,B
90713,US,CA,SNA,D
90713,US,CA,LAX,B
90712,US,CA,SNA,D
90712,US,CA,LAX,B
90711,US,CA,SNA,D
90711,US,CA,LAX,B
92567,US,CA,ONT,D
92652,US,CA,LAX,E
90805,US,CA,LAX,B
91224,US,CA,LAX,B
92653,US,CA,LAX,E
91942,US,CA,SAN,B
91941,US,CA,SAN,B
92093,US,CA,SAN,B
92038,US,CA,SAN,B
92037,US,CA,SAN,B
90631,US,CA,SNA,C
90631,US,CA,LAX,B
90633,US,CA,SNA,C
90633,US,CA,LAX,B
90632,US,CA,SNA,C
90632,US,CA,LAX,B
91944,US,CA,SAN,B
90631,US,CA,LAX,B
90637,US,CA,LAX,B
91214,US,CA,LAX,B
91011,US,CA,LAX,B
91011,US,CA,LAX,B
95550,US,CA,ACV,C
95549,US,CA,ACV,D
93631,US,CA,FAT,B
96143,US,CA,RNO,D
93630,US,CA,FAT,B
95452,US,CA,SFO,F
95452,US,CA,OAK,G
94914,US,CA,SFO,E
94914,US,CA,OAK,F
90631,US,CA,SNA,C
91746,US,CA,ONT,C
90261,US,CA,LAX,A
92651,US,CA,SNA,C
92651,US,CA,LAX,E
94549,US,CA,SFO,D
91750,US,CA,ONT,B
91750,US,CA,LAX,C
95076,US,CA,SFO,P
92253,US,CA,ONT,F
91749,US,CA,ONT,C
91749,US,CA,LAX,B
91748,US,CA,ONT,C
91748,US,CA,LAX,B
91943,US,CA,SAN,B
91747,US,CA,LAX,B
92652,US,CA,SNA,C
91746,US,CA,LAX,B
91745,US,CA,ONT,C
91745,US,CA,LAX,B
91744,US,CA,ONT,C
91744,US,CA,LAX,B
90623,US,CA,SNA,C
90623,US,CA,LAX,C
90639,US,CA,SNA,D
90639,US,CA,LAX,B
90638,US,CA,SNA,D
90638,US,CA,LAX,B
90637,US,CA,SNA,D
91747,US,CA,ONT,C
90835,US,CA,LAX,B
90847,US,CA,SNA,D
90847,US,CA,LAX,B
90846,US,CA,SNA,D
90846,US,CA,LAX,B
90845,US,CA,SNA,D
90845,US,CA,LAX,B
90844,US,CA,SNA,D
90844,US,CA,LAX,B
90842,US,CA,SNA,D
90842,US,CA,LAX,B
90840,US,CA,SNA,D
93242,US,CA,FAT,C
90835,US,CA,SNA,D
90853,US,CA,LAX,B
90834,US,CA,SNA,D
90834,US,CA,LAX,B
90833,US,CA,SNA,D
90833,US,CA,LAX,B
90832,US,CA,SNA,D
90832,US,CA,LAX,B
90831,US,CA,SNA,D
90831,US,CA,LAX,B
90822,US,CA,SNA,D
90822,US,CA,LAX,B
90815,US,CA,SNA,D
90815,US,CA,LAX,B
90840,US,CA,LAX,B
94023,US,CA,SJC,B
90012,US,CA,LAX,B
94121,US,CA,SFO,A
90010,US,CA,LAX,B
90009,US,CA,LAX,B
90008,US,CA,LAX,B
90007,US,CA,LAX,B
90006,US,CA,LAX,B
90005,US,CA,LAX,B
90004,US,CA,LAX,B
90003,US,CA,LAX,B
90002,US,CA,LAX,B
90001,US,CA,LAX,B
90848,US,CA,LAX,B
94024,US,CA,SJC,B
90848,US,CA,SNA,D
94022,US,CA,SJC,B
94022,US,CA,SFO,C
93440,US,CA,LAX,O
90721,US,CA,SNA,C
90721,US,CA,LAX,B
90720,US,CA,SNA,C
90720,US,CA,LAX,B
95650,US,CA,SMF,C
90888,US,CA,SNA,D
90888,US,CA,LAX,B
90853,US,CA,SNA,D
90813,US,CA,SNA,D
90045,US,CA,LAX,A
90304,US,CA,LAX,A
90814,US,CA,SNA,D
92354,US,CA,ONT,C
92354,US,CA,LAX,G
92350,US,CA,LAX,G
93544,US,CA,LAX,U
95334,US,CA,FAT,G
94550,US,CA,SFO,D
93543,US,CA,LAX,U
93247,US,CA,LAX,L
93247,US,CA,FAT,F
90031,US,CA,LAX,A
91947,US,CA,SAN,A
90717,US,CA,LAX,B
93551,US,CA,LAX,N
93436,US,CA,LAX,O
93245,US,CA,LAX,L
93245,US,CA,FAT,E
93246,US,CA,LAX,L
93246,US,CA,FAT,E
93245,US,CA,LAX,L
93245,US,CA,FAT,E
91946,US,CA,SAN,B
91945,US,CA,SAN,B
93244,US,CA,FAT,G
92653,US,CA,SNA,C
92653,US,CA,LAX,E
95333,US,CA,FAT,F
95620,US,CA,SMF,C
90804,US,CA,SNA,D
94708,US,CA,SFO,B
90813,US,CA,LAX,B
90810,US,CA,SNA,D
90810,US,CA,LAX,B
90809,US,CA,SNA,D
90809,US,CA,LAX,B
90808,US,CA,SNA,D
90808,US,CA,LAX,B
90807,US,CA,SNA,D
90807,US,CA,LAX,B
90806,US,CA,SNA,D
90806,US,CA,LAX,B
92357,US,CA,LAX,G
90805,US,CA,LAX,B
90814,US,CA,LAX,B
90804,US,CA,LAX,B
90803,US,CA,SNA,D
90803,US,CA,LAX,B
90802,US,CA,SNA,D
90802,US,CA,LAX,B
90801,US,CA,SNA,D
90801,US,CA,LAX,B
90749,US,CA,LAX,B
90747,US,CA,LAX,B
90746,US,CA,LAX,B
90745,US,CA,LAX,B
93437,US,CA,LAX,O
90805,US,CA,SNA,D
91222,US,CA,LAX,B
92324,US,CA,LAX,G
91344,US,CA,LAX,B
93227,US,CA,LAX,L
93227,US,CA,FAT,D
93118,US,CA,LAX,K
93117,US,CA,LAX,K
93116,US,CA,LAX,K
95670,US,CA,SMF,C
91740,US,CA,ONT,B
91740,US,CA,LAX,C
91226,US,CA,LAX,B
94904,US,CA,SFO,E
91224,US,CA,LAX,B
95746,US,CA,SMF,C
91221,US,CA,LAX,B
91214,US,CA,LAX,B
91210,US,CA,LAX,B
91209,US,CA,LAX,B
91208,US,CA,LAX,B
91207,US,CA,LAX,B
91206,US,CA,LAX,B
91205,US,CA,LAX,B
91204,US,CA,LAX,B
91203,US,CA,LAX,B
91202,US,CA,LAX,B
91201,US,CA,LAX,B
91225,US,CA,LAX,B
93230,US,CA,FAT,D
94542,US,CA,SFO,B
94541,US,CA,SJC,E
94541,US,CA,SFO,B
94540,US,CA,SJC,E
94540,US,CA,SFO,B
90251,US,CA,LAX,A
90250,US,CA,LAX,A
90716,US,CA,SNA,D
90716,US,CA,LAX,B
90710,US,CA,LAX,B
91331,US,CA,LAX,B
93232,US,CA,LAX,L
92324,US,CA,ONT,B
93230,US,CA,LAX,L
95661,US,CA,SMF,C
91745,US,CA,ONT,C
91745,US,CA,LAX,B
91743,US,CA,LAX,G
93433,US,CA,LAX,O
94904,US,CA,SFO,E
94904,US,CA,OAK,F
93312,US,CA,LAX,L
93312,US,CA,BFL,A
91350,US,CA,LAX,M
95444,US,CA,SFO,T
95444,US,CA,OAK,H
90065,US,CA,LAX,A
93232,US,CA,FAT,D
93784,US,CA,FAT,A
95442,US,CA,SFO,F
92833,US,CA,LAX,C
92832,US,CA,SNA,C
92832,US,CA,LAX,C
92831,US,CA,SNA,C
92831,US,CA,LAX,C
93888,US,CA,FAT,A
93844,US,CA,FAT,A
93794,US,CA,FAT,A
93793,US,CA,FAT,A
93792,US,CA,FAT,A
93791,US,CA,FAT,A
92834,US,CA,LAX,C
93786,US,CA,FAT,A
92834,US,CA,SNA,C
93780,US,CA,FAT,A
93779,US,CA,FAT,A
93778,US,CA,FAT,A
93777,US,CA,FAT,A
93776,US,CA,FAT,A
93775,US,CA,FAT,A
93774,US,CA,FAT,A
93773,US,CA,FAT,A
93772,US,CA,FAT,A
93771,US,CA,FAT,A
93765,US,CA,FAT,A
94132,US,CA,SJC,C
93790,US,CA,FAT,A
92843,US,CA,SNA,B
94543,US,CA,SJC,E
95021,US,CA,SFO,P
95020,US,CA,SFO,P
92583,US,CA,ONT,D
92583,US,CA,LAX,P
95441,US,CA,SFO,T
93117,US,CA,LAX,K
90249,US,CA,LAX,A
90248,US,CA,LAX,A
90247,US,CA,LAX,A
92845,US,CA,SNA,B
92845,US,CA,LAX,C
92833,US,CA,SNA,C
92844,US,CA,LAX,C
95442,US,CA,OAK,G
92843,US,CA,LAX,C
92842,US,CA,SNA,B
92842,US,CA,LAX,C
92841,US,CA,SNA,B
92841,US,CA,LAX,C
92840,US,CA,SNA,B
92840,US,CA,LAX,C
95542,US,CA,ACV,F
95439,US,CA,SFO,F
95439,US,CA,OAK,G
92835,US,CA,SNA,C
92835,US,CA,LAX,C
92844,US,CA,SNA,B
90307,US,CA,LAX,A
90255,US,CA,LAX,A
92604,US,CA,SNA,A
92604,US,CA,LAX,C
92603,US,CA,SNA,A
92603,US,CA,LAX,C
92602,US,CA,SNA,A
92602,US,CA,LAX,C
90398,US,CA,LAX,A
90313,US,CA,LAX,A
90312,US,CA,LAX,A
90311,US,CA,LAX,A
90310,US,CA,LAX,A
92606,US,CA,SNA,A
90308,US,CA,LAX,A
92612,US,CA,LAX,C
90306,US,CA,LAX,A
90305,US,CA,LAX,A
90304,US,CA,LAX,A
90303,US,CA,LAX,A
90302,US,CA,LAX,A
90301,US,CA,LAX,A
91744,US,CA,ONT,C
91744,US,CA,LAX,B
92201,US,CA,ONT,F
91933,US,CA,SAN,B
91932,US,CA,SAN,B
94542,US,CA,SJC,E
90309,US,CA,LAX,A
92697,US,CA,LAX,C
93761,US,CA,FAT,A
94707,US,CA,SFO,B
93543,US,CA,LAX,U
93235,US,CA,FAT,F
93117,US,CA,LAX,K
91706,US,CA,ONT,C
91706,US,CA,LAX,B
92710,US,CA,SNA,A
92710,US,CA,LAX,C
92709,US,CA,SNA,C
92709,US,CA,LAX,C
92698,US,CA,SNA,A
92606,US,CA,LAX,C
92697,US,CA,SNA,A
92649,US,CA,SNA,B
92650,US,CA,SNA,A
92623,US,CA,SNA,A
92623,US,CA,LAX,C
92620,US,CA,SNA,A
92620,US,CA,LAX,C
92618,US,CA,SNA,A
92618,US,CA,LAX,C
92616,US,CA,SNA,A
92616,US,CA,LAX,C
92614,US,CA,SNA,A
92614,US,CA,LAX,C
92612,US,CA,SNA,A
92698,US,CA,LAX,C
95448,US,CA,SFO,F
93234,US,CA,FAT,F
90254,US,CA,LAX,A
94547,US,CA,SFO,D
92546,US,CA,ONT,E
92546,US,CA,LAX,P
92545,US,CA,ONT,D
92545,US,CA,LAX,P
92544,US,CA,ONT,D
92544,US,CA,LAX,P
92543,US,CA,ONT,D
92543,US,CA,LAX,P
93627,US,CA,FAT,D
92345,US,CA,ONT,G
92342,US,CA,LAX,V
93535,US,CA,LAX,N
95448,US,CA,OAK,G
90063,US,CA,LAX,A
94557,US,CA,SJC,E
94557,US,CA,SFO,B
94552,US,CA,SJC,E
94546,US,CA,SJC,E
94546,US,CA,SFO,B
94545,US,CA,SJC,E
94545,US,CA,SFO,B
94544,US,CA,SJC,E
94544,US,CA,SFO,B
94904,US,CA,OAK,F
92342,US,CA,ONT,H
90078,US,CA,LAX,A
92649,US,CA,LAX,C
92648,US,CA,SNA,B
92648,US,CA,LAX,C
92647,US,CA,SNA,B
92647,US,CA,LAX,C
92646,US,CA,SNA,B
92646,US,CA,LAX,C
92615,US,CA,SNA,B
92615,US,CA,LAX,C
92605,US,CA,SNA,B
92605,US,CA,LAX,C
95546,US,CA,ACV,E
92345,US,CA,LAX,U
92548,US,CA,LAX,P
94543,US,CA,SFO,B
90068,US,CA,LAX,A
90028,US,CA,LAX,A
90250,US,CA,LAX,A
95024,US,CA,SFO,P
95023,US,CA,SFO,P
92347,US,CA,LAX,V
94806,US,CA,SFO,D
94010,US,CA,SJC,C
94010,US,CA,SFO,A
92346,US,CA,LAX,G
91361,US,CA,LAX,J
91302,US,CA,LAX,D
92548,US,CA,ONT,D
96148,US,CA,RNO,D
94089,US,CA,SJC,B
94586,US,CA,SFO,D
94586,US,CA,SJC,E
90742,US,CA,LAX,B
90743,US,CA,LAX,B
91342,US,CA,LAX,B
91392,US,CA,LAX,B
93268,US,CA,LAX,L
95401,US,CA,OAK,G
96146,US,CA,RNO,D
94088,US,CA,SFO,C
96142,US,CA,RNO,D
91335,US,CA,LAX,B
91356,US,CA,LAX,B
92589,US,CA,ONT,D
92590,US,CA,ONT,D
92591,US,CA,ONT,D
92592,US,CA,ONT,D
92593,US,CA,ONT,D
91780,US,CA,LAX,B
96145,US,CA,RNO,D
92587,US,CA,ONT,D
91604,US,CA,LAX,B
91607,US,CA,LAX,B
91614,US,CA,LAX,B
93067,US,CA,LAX,K
92584,US,CA,LAX,P
92584,US,CA,ONT,D
92585,US,CA,LAX,P
92585,US,CA,ONT,D
92586,US,CA,LAX,P
94089,US,CA,SFO,C
92587,US,CA,LAX,P
94088,US,CA,SJC,B
91352,US,CA,LAX,B
91353,US,CA,LAX,B
93543,US,CA,LAX,U
91040,US,CA,LAX,B
94086,US,CA,SFO,C
94086,US,CA,SJC,B
94087,US,CA,SFO,C
94087,US,CA,SJC,B
93270,US,CA,LAX,L
92586,US,CA,ONT,D
96161,US,CA,RNO,D
91780,US,CA,ONT,A
92679,US,CA,LAX,F
92679,US,CA,SNA,D
92679,US,CA,LAX,F
92679,US,CA,SNA,D
92679,US,CA,LAX,F
92679,US,CA,SNA,D
93668,US,CA,FAT,D
93673,US,CA,FAT,C
90509,US,CA,LAX,A
96160,US,CA,RNO,D
90508,US,CA,LAX,A
96162,US,CA,RNO,D
91042,US,CA,LAX,B
93274,US,CA,FAT,E
93274,US,CA,LAX,L
93275,US,CA,FAT,E
93275,US,CA,LAX,L
93276,US,CA,LAX,L
95380,US,CA,FAT,G
95381,US,CA,FAT,G
95570,US,CA,ACV,B
91602,US,CA,LAX,B
93266,US,CA,LAX,L
91320,US,CA,LAX,J
91359,US,CA,LAX,J
91360,US,CA,LAX,J
91361,US,CA,LAX,J
91362,US,CA,LAX,J
91363,US,CA,LAX,J
94920,US,CA,OAK,F
94920,US,CA,SFO,E
90510,US,CA,LAX,A
93272,US,CA,LAX,L
93270,US,CA,FAT,G
91610,US,CA,LAX,B
90290,US,CA,LAX,J
90501,US,CA,LAX,A
90502,US,CA,LAX,A
90503,US,CA,LAX,A
90504,US,CA,LAX,A
90505,US,CA,LAX,A
90506,US,CA,LAX,A
90507,US,CA,LAX,A
93272,US,CA,FAT,F
93263,US,CA,BFL,B
91024,US,CA,LAX,B
95066,US,CA,SFO,P
90740,US,CA,LAX,B
90740,US,CA,SNA,C
93955,US,CA,SFO,P
95472,US,CA,OAK,H
95472,US,CA,SFO,T
95473,US,CA,SFO,T
93662,US,CA,FAT,B
95565,US,CA,ACV,D
91040,US,CA,LAX,B
94965,US,CA,SFO,E
93263,US,CA,LAX,L
96003,US,CA,RDD,B
93449,US,CA,LAX,O
91401,US,CA,LAX,B
91403,US,CA,LAX,B
91411,US,CA,LAX,B
91413,US,CA,LAX,B
91423,US,CA,LAX,B
91602,US,CA,LAX,B
91343,US,CA,LAX,B
95407,US,CA,OAK,G
95401,US,CA,SFO,F
95402,US,CA,OAK,G
95402,US,CA,SFO,F
95403,US,CA,OAK,G
95403,US,CA,SFO,F
95404,US,CA,OAK,G
95404,US,CA,SFO,F
95405,US,CA,OAK,G
95405,US,CA,SFO,F
95060,US,CA,SFO,P
95406,US,CA,SFO,F
91024,US,CA,ONT,F
95407,US,CA,SFO,F
93063,US,CA,LAX,J
93460,US,CA,LAX,O
95070,US,CA,SFO,C
95070,US,CA,SJC,B
95071,US,CA,SJC,B
91301,US,CA,LAX,D
91350,US,CA,LAX,M
94965,US,CA,OAK,F
95406,US,CA,OAK,G
93646,US,CA,FAT,D
91495,US,CA,LAX,B
91030,US,CA,LAX,B
94080,US,CA,SFO,A
94080,US,CA,SJC,C
94558,US,CA,OAK,G
94558,US,CA,SFO,F
91976,US,CA,SAN,B
91977,US,CA,SAN,B
91978,US,CA,SAN,B
92677,US,CA,SNA,D
92392,US,CA,LAX,U
92677,US,CA,LAX,E
93675,US,CA,FAT,D
94305,US,CA,SFO,A
94309,US,CA,SFO,A
90680,US,CA,LAX,C
90680,US,CA,SNA,C
91381,US,CA,LAX,M
95205,US,CA,SMF,D
93266,US,CA,FAT,E
92781,US,CA,LAX,C
91979,US,CA,SAN,B
93099,US,CA,LAX,J
90755,US,CA,LAX,B
90804,US,CA,LAX,B
90804,US,CA,SNA,D
90806,US,CA,LAX,B
90806,US,CA,SNA,D
90807,US,CA,LAX,B
90807,US,CA,SNA,D
93062,US,CA,LAX,J
93063,US,CA,LAX,J
96151,US,CA,RNO,D
93065,US,CA,LAX,J
93267,US,CA,FAT,G
93463,US,CA,LAX,O
93066,US,CA,LAX,J
95476,US,CA,OAK,F
95476,US,CA,SFO,E
95073,US,CA,SFO,P
93665,US,CA,FAT,F
91733,US,CA,LAX,B
91733,US,CA,ONT,F
90280,US,CA,LAX,A
93064,US,CA,LAX,J
91363,US,CA,LAX,J
90603,US,CA,LAX,B
90048,US,CA,LAX,A
90069,US,CA,LAX,A
90025,US,CA,LAX,A
94025,US,CA,SFO,A
94025,US,CA,SJC,C
95691,US,CA,SMF,A
90045,US,CA,LAX,A
95570,US,CA,ACV,B
90038,US,CA,LAX,A
91362,US,CA,LAX,J
91308,US,CA,LAX,B
92683,US,CA,LAX,B
92683,US,CA,SNA,B
92684,US,CA,LAX,B
92684,US,CA,SNA,B
92282,US,CA,ONT,F
90601,US,CA,LAX,B
90601,US,CA,ONT,F
90602,US,CA,LAX,B
94598,US,CA,SFO,D
91361,US,CA,LAX,J
91790,US,CA,LAX,B
92780,US,CA,LAX,C
93280,US,CA,BFL,B
93280,US,CA,LAX,L
95076,US,CA,SFO,P
90002,US,CA,LAX,A
90044,US,CA,LAX,A
90051,US,CA,LAX,A
90059,US,CA,LAX,A
90061,US,CA,LAX,A
90046,US,CA,LAX,A
93282,US,CA,LAX,L
90603,US,CA,ONT,F
91790,US,CA,ONT,C
91791,US,CA,LAX,B
91791,US,CA,ONT,C
91792,US,CA,LAX,B
91792,US,CA,ONT,C
91793,US,CA,LAX,B
91793,US,CA,ONT,C
91304,US,CA,LAX,B
91307,US,CA,LAX,B
93282,US,CA,FAT,F
94062,US,CA,SJC,C
90602,US,CA,ONT,F
95695,US,CA,SMF,B
95776,US,CA,SMF,B
91302,US,CA,LAX,B
91303,US,CA,LAX,B
91364,US,CA,LAX,B
91365,US,CA,LAX,B
91367,US,CA,LAX,B
91371,US,CA,LAX,B
94973,US,CA,SFO,T
94062,US,CA,SFO,A
94973,US,CA,OAK,H
92398,US,CA,LAX,V
92886,US,CA,LAX,C
92887,US,CA,LAX,C
94599,US,CA,OAK,H
94599,US,CA,SFO,T
92399,US,CA,LAX,H
92399,US,CA,ONT,D
94120,US,CA,SFO,A
94133,US,CA,SFO,A
91399,US,CA,LAX,B
90609,US,CA,ONT,F
90604,US,CA,LAX,B
90604,US,CA,ONT,F
90605,US,CA,LAX,B
90605,US,CA,ONT,F
90606,US,CA,LAX,B
90606,US,CA,ONT,F
90607,US,CA,LAX,B
90607,US,CA,ONT,F
90608,US,CA,LAX,B
93286,US,CA,FAT,F
90609,US,CA,LAX,B
94597,US,CA,SFO,D
90610,US,CA,LAX,B
90610,US,CA,ONT,F
93560,US,CA,LAX,N
90744,US,CA,LAX,B
90748,US,CA,LAX,B
95492,US,CA,OAK,G
95492,US,CA,SFO,F
90056,US,CA,LAX,A
91306,US,CA,LAX,B
90608,US,CA,ONT,F
91405,US,CA,LAX,B
91423,US,CA,LAX,B
94589,US,CA,OAK,F
91607,US,CA,LAX,B
91617,US,CA,LAX,B
93563,US,CA,LAX,U
91316,US,CA,LAX,B
91388,US,CA,LAX,B
91401,US,CA,LAX,B
91402,US,CA,LAX,B
91355,US,CA,LAX,M
91404,US,CA,LAX,B
91354,US,CA,LAX,M
91406,US,CA,LAX,B
91407,US,CA,LAX,B
91408,US,CA,LAX,B
91409,US,CA,LAX,B
91410,US,CA,LAX,B
91411,US,CA,LAX,B
91412,US,CA,LAX,B
91413,US,CA,LAX,B
90255,US,CA,LAX,A
91403,US,CA,LAX,B
94587,US,CA,SFO,C
94305,US,CA,SJC,C
92781,US,CA,SNA,A
92782,US,CA,LAX,C
92782,US,CA,SNA,A
92710,US,CA,LAX,C
92710,US,CA,SNA,A
92278,US,CA,ONT,I
92278,US,CA,ONT,I
92521,US,CA,LAX,G
91380,US,CA,LAX,M
93107,US,CA,LAX,K
91426,US,CA,LAX,B
94587,US,CA,SJC,E
93106,US,CA,LAX,K
92697,US,CA,LAX,C
92697,US,CA,SNA,A
91608,US,CA,LAX,B
91785,US,CA,LAX,G
91786,US,CA,LAX,G
91786,US,CA,ONT,A
91384,US,CA,LAX,M
92521,US,CA,ONT,C
93291,US,CA,FAT,E
91416,US,CA,LAX,B
92392,US,CA,LAX,U
92393,US,CA,LAX,U
92394,US,CA,LAX,U
92394,US,CA,ONT,G
93277,US,CA,FAT,E
93277,US,CA,LAX,L
93278,US,CA,FAT,E
93278,US,CA,LAX,L
90058,US,CA,LAX,A
93279,US,CA,LAX,L
91046,US,CA,LAX,B
93291,US,CA,LAX,L
93292,US,CA,LAX,L
92083,US,CA,SAN,D
92084,US,CA,SAN,D
91788,US,CA,LAX,C
91789,US,CA,LAX,C
91789,US,CA,ONT,C
94595,US,CA,SFO,D
94596,US,CA,SFO,D
93279,US,CA,FAT,E
90295,US,CA,LAX,A
91436,US,CA,LAX,B
91470,US,CA,LAX,B
91495,US,CA,LAX,B
91496,US,CA,LAX,B
91497,US,CA,LAX,B
91499,US,CA,LAX,B
93437,US,CA,LAX,O
90291,US,CA,LAX,A
90292,US,CA,LAX,A
90073,US,CA,LAX,A
90294,US,CA,LAX,A
92780,US,CA,SNA,A
90296,US,CA,LAX,A
93001,US,CA,LAX,J
93002,US,CA,LAX,J
93003,US,CA,LAX,J
93004,US,CA,LAX,J
93005,US,CA,LAX,J
93006,US,CA,LAX,J
93007,US,CA,LAX,J
93009,US,CA,LAX,J
90293,US,CA,LAX,A
95132,US,CA,SFO,C
95126,US,CA,SJC,A
95127,US,CA,SFO,C
95127,US,CA,SJC,A
95128,US,CA,SFO,C
95128,US,CA,SJC,A
95129,US,CA,SFO,C
95129,US,CA,SJC,A
95130,US,CA,SFO,C
95130,US,CA,SJC,A
95192,US,CA,SJC,A
95131,US,CA,SJC,A
95125,US,CA,SFO,C
95132,US,CA,SJC,A
95133,US,CA,SFO,C
95133,US,CA,SJC,A
95134,US,CA,SFO,C
95134,US,CA,SJC,A
95135,US,CA,SFO,C
95135,US,CA,SJC,A
95136,US,CA,SFO,C
95136,US,CA,SJC,A
95131,US,CA,SFO,C
95120,US,CA,SFO,C
95114,US,CA,SJC,A
95115,US,CA,SFO,C
95115,US,CA,SJC,A
95116,US,CA,SFO,C
95116,US,CA,SJC,A
95117,US,CA,SFO,C
95117,US,CA,SJC,A
95118,US,CA,SFO,C
95118,US,CA,SJC,A
95126,US,CA,SFO,C
95119,US,CA,SJC,A
95125,US,CA,SJC,A
95120,US,CA,SJC,A
95121,US,CA,SFO,C
95121,US,CA,SJC,A
94309,US,CA,SJC,C
95122,US,CA,SJC,A
93060,US,CA,LAX,K
95123,US,CA,SJC,A
95124,US,CA,SFO,C
95124,US,CA,SJC,A
95138,US,CA,SFO,C
95119,US,CA,SFO,C
95170,US,CA,SFO,C
95137,US,CA,SFO,C
95157,US,CA,SFO,C
95157,US,CA,SJC,A
95158,US,CA,SFO,C
95158,US,CA,SJC,A
95159,US,CA,SFO,C
95159,US,CA,SJC,A
95160,US,CA,SFO,C
95160,US,CA,SJC,A
95156,US,CA,SFO,C
95161,US,CA,SJC,A
95155,US,CA,SJC,A
95170,US,CA,SJC,A
95171,US,CA,SFO,C
95171,US,CA,SJC,A
95172,US,CA,SFO,C
95172,US,CA,SJC,A
95190,US,CA,SFO,C
95190,US,CA,SJC,A
95191,US,CA,SFO,C
95191,US,CA,SJC,A
95192,US,CA,SFO,C
95161,US,CA,SFO,C
95150,US,CA,SFO,C
95113,US,CA,SFO,C
95138,US,CA,SJC,A
95139,US,CA,SFO,C
95139,US,CA,SJC,A
95140,US,CA,SJC,A
95141,US,CA,SFO,C
95141,US,CA,SJC,A
95142,US,CA,SFO,C
95142,US,CA,SJC,A
95156,US,CA,SJC,A
95148,US,CA,SJC,A
95137,US,CA,SJC,A
95150,US,CA,SJC,A
95151,US,CA,SFO,C
95151,US,CA,SJC,A
95152,US,CA,SFO,C
95152,US,CA,SJC,A
95153,US,CA,SFO,C
95153,US,CA,SJC,A
95154,US,CA,SFO,C
95154,US,CA,SJC,A
95155,US,CA,SFO,C
95148,US,CA,SFO,C
94154,US,CA,SFO,A
94161,US,CA,SJC,C
94146,US,CA,SFO,A
94146,US,CA,SJC,C
94150,US,CA,SFO,A
94150,US,CA,SJC,C
94151,US,CA,SFO,A
94151,US,CA,SJC,C
94152,US,CA,SFO,A
94152,US,CA,SJC,C
94145,US,CA,SFO,A
94153,US,CA,SJC,C
94144,US,CA,SJC,C
94154,US,CA,SJC,C
94155,US,CA,SFO,A
94155,US,CA,SJC,C
94156,US,CA,SFO,A
94156,US,CA,SJC,C
94159,US,CA,SFO,A
94159,US,CA,SJC,C
94160,US,CA,SFO,A
94160,US,CA,SJC,C
95114,US,CA,SFO,C
94153,US,CA,SFO,A
94139,US,CA,SFO,A
94133,US,CA,SJC,C
94134,US,CA,SFO,A
94134,US,CA,SJC,C
94135,US,CA,SFO,A
94135,US,CA,SJC,C
94136,US,CA,SFO,A
94136,US,CA,SJC,C
94137,US,CA,SFO,A
94137,US,CA,SJC,C
94145,US,CA,SJC,C
94138,US,CA,SJC,C
94162,US,CA,SFO,A
94139,US,CA,SJC,C
94140,US,CA,SFO,A
94140,US,CA,SJC,C
94141,US,CA,SFO,A
94141,US,CA,SJC,C
94142,US,CA,SFO,A
94142,US,CA,SJC,C
94143,US,CA,SFO,A
94143,US,CA,SJC,C
94144,US,CA,SFO,A
94138,US,CA,SFO,A
95108,US,CA,SFO,C
94161,US,CA,SFO,A
93660,US,CA,FAT,B
95110,US,CA,SJC,A
95101,US,CA,SFO,C
95101,US,CA,SJC,A
95102,US,CA,SFO,C
95102,US,CA,SJC,A
95103,US,CA,SFO,C
95103,US,CA,SJC,A
92583,US,CA,LAX,P
95106,US,CA,SJC,A
92582,US,CA,ONT,D
95108,US,CA,SJC,A
95109,US,CA,SFO,C
95109,US,CA,SJC,A
95110,US,CA,SFO,C
95110,US,CA,SJC,A
95111,US,CA,SFO,C
95111,US,CA,SJC,A
95112,US,CA,SFO,C
95112,US,CA,SJC,A
95123,US,CA,SFO,C
95106,US,CA,SFO,C
91775,US,CA,LAX,B
94162,US,CA,SJC,C
94163,US,CA,SFO,A
94163,US,CA,SJC,C
94164,US,CA,SFO,A
94164,US,CA,SJC,C
94171,US,CA,SFO,A
94171,US,CA,SJC,C
94175,US,CA,SFO,A
94175,US,CA,SJC,C
92583,US,CA,ONT,D
94188,US,CA,SJC,C
95113,US,CA,SJC,A
91775,US,CA,ONT,A
91776,US,CA,LAX,B
91776,US,CA,ONT,A
91778,US,CA,LAX,B
91778,US,CA,ONT,A
94963,US,CA,OAK,H
94963,US,CA,SFO,T
92581,US,CA,LAX,P
92581,US,CA,ONT,D
92582,US,CA,LAX,P
94188,US,CA,SFO,A
93108,US,CA,LAX,K
92799,US,CA,LAX,C
92799,US,CA,SNA,A
92707,US,CA,LAX,C
92707,US,CA,SNA,A
93101,US,CA,LAX,K
93102,US,CA,LAX,K
93103,US,CA,LAX,K
93105,US,CA,LAX,K
93140,US,CA,LAX,K
93107,US,CA,LAX,K
92712,US,CA,SNA,A
93109,US,CA,LAX,K
93110,US,CA,LAX,K
93111,US,CA,LAX,K
93116,US,CA,LAX,K
93117,US,CA,LAX,K
93118,US,CA,LAX,K
93120,US,CA,LAX,K
93121,US,CA,LAX,K
93657,US,CA,FAT,B
93106,US,CA,LAX,K
92706,US,CA,LAX,C
92707,US,CA,SNA,A
92701,US,CA,LAX,C
92701,US,CA,SNA,A
92702,US,CA,LAX,C
92702,US,CA,SNA,A
92703,US,CA,LAX,C
92703,US,CA,SNA,A
92704,US,CA,LAX,C
92704,US,CA,SNA,A
92728,US,CA,SNA,A
92705,US,CA,SNA,A
92728,US,CA,LAX,C
92706,US,CA,SNA,A
92707,US,CA,LAX,C
92707,US,CA,SNA,A
92708,US,CA,LAX,C
92708,US,CA,SNA,B
92711,US,CA,LAX,C
92711,US,CA,SNA,A
92712,US,CA,LAX,C
93150,US,CA,LAX,K
92705,US,CA,LAX,C
90670,US,CA,LAX,B
91381,US,CA,LAX,M
91384,US,CA,LAX,M
91386,US,CA,LAX,M
95060,US,CA,SFO,P
95061,US,CA,SFO,P
95062,US,CA,SFO,P
95063,US,CA,SFO,P
95064,US,CA,SFO,P
93130,US,CA,LAX,K
95066,US,CA,SFO,P
95193,US,CA,SFO,C
90671,US,CA,LAX,B
93454,US,CA,LAX,O
93455,US,CA,LAX,O
90401,US,CA,LAX,A
90402,US,CA,LAX,A
90403,US,CA,LAX,A
90404,US,CA,LAX,A
90405,US,CA,LAX,A
90406,US,CA,LAX,A
95065,US,CA,SFO,P
95054,US,CA,SJC,A
93160,US,CA,LAX,K
93190,US,CA,LAX,K
95050,US,CA,SFO,C
95050,US,CA,SJC,A
95051,US,CA,SFO,C
95051,US,CA,SJC,A
95052,US,CA,SFO,C
95052,US,CA,SJC,A
95053,US,CA,SFO,C
95122,US,CA,SFO,C
95054,US,CA,SFO,C
91380,US,CA,LAX,M
95055,US,CA,SFO,C
95055,US,CA,SJC,A
91310,US,CA,LAX,M
91321,US,CA,LAX,M
91322,US,CA,LAX,M
91350,US,CA,LAX,M
91351,US,CA,LAX,M
91354,US,CA,LAX,M
91355,US,CA,LAX,M
95053,US,CA,SJC,A
92069,US,CA,SAN,D
94402,US,CA,SFO,A
95193,US,CA,SJC,A
92690,US,CA,LAX,F
93408,US,CA,LAX,O
92688,US,CA,SNA,D
93409,US,CA,LAX,O
93412,US,CA,LAX,O
92691,US,CA,LAX,E
92675,US,CA,SNA,D
92691,US,CA,SNA,C
91108,US,CA,LAX,B
91108,US,CA,ONT,F
91118,US,CA,LAX,B
91118,US,CA,ONT,F
95046,US,CA,SFO,P
94578,US,CA,SFO,B
94401,US,CA,SFO,A
92688,US,CA,LAX,F
93403,US,CA,LAX,O
94578,US,CA,SJC,E
93955,US,CA,SFO,P
94579,US,CA,SFO,B
94579,US,CA,SJC,E
94580,US,CA,SFO,B
93401,US,CA,LAX,O
93402,US,CA,LAX,O
92690,US,CA,SNA,D
94577,US,CA,SFO,B
94401,US,CA,SJC,C
93405,US,CA,LAX,O
92693,US,CA,SNA,D
92693,US,CA,LAX,F
93406,US,CA,LAX,O
92692,US,CA,SNA,D
92692,US,CA,LAX,F
93407,US,CA,LAX,O
94577,US,CA,SJC,E
95194,US,CA,SFO,C
90734,US,CA,LAX,B
92675,US,CA,LAX,F
94964,US,CA,SFO,E
94901,US,CA,OAK,F
94901,US,CA,SFO,E
94903,US,CA,OAK,F
90733,US,CA,LAX,B
94912,US,CA,OAK,F
94964,US,CA,OAK,F
94912,US,CA,SFO,E
94913,US,CA,OAK,F
94913,US,CA,SFO,E
94915,US,CA,OAK,F
94915,US,CA,SFO,E
94583,US,CA,SFO,D
94903,US,CA,SFO,E
95196,US,CA,SJC,A
94497,US,CA,SFO,A
94404,US,CA,SFO,A
94403,US,CA,SJC,C
94497,US,CA,SJC,C
94404,US,CA,SJC,C
94403,US,CA,SFO,A
90731,US,CA,LAX,B
95196,US,CA,SFO,C
90732,US,CA,LAX,B
95194,US,CA,SJC,A
94402,US,CA,SJC,C
94806,US,CA,SFO,D
91077,US,CA,LAX,B
94502,US,CA,SFO,B
90202,US,CA,LAX,B
91066,US,CA,LAX,B
90202,US,CA,LAX,B
91377,US,CA,LAX,D
91003,US,CA,LAX,B
92809,US,CA,LAX,C
91334,US,CA,LAX,B
92899,US,CA,LAX,C
94565,US,CA,SFO,D
94712,US,CA,SFO,B
94011,US,CA,SFO,A
95009,US,CA,SFO,C
92809,US,CA,LAX,C
91916,US,CA,SAN,F
90090,US,CA,LAX,A
96137,US,CA,LAX,A
91008,US,CA,LAX,B
92366,US,CA,LAS,I
91962,US,CA,SAN,F
92389,US,CA,LAS,I
91008,US,CA,LAX,B
91963,US,CA,SAN,H
92812,US,CA,SNA,B
92806,US,CA,SNA,B
94576,US,CA,OAK,O
92806,US,CA,LAX,C
92807,US,CA,LAX,C
92805,US,CA,LAX,C
94576,US,CA,SFO,T
92307,US,CA,LAX,U
92307,US,CA,ONT,G
92308,US,CA,LAX,U
95003,US,CA,SFO,P
92805,US,CA,SNA,B
92816,US,CA,LAX,C
92817,US,CA,SNA,B
92825,US,CA,LAX,C
92825,US,CA,SNA,B
92808,US,CA,SNA,B
92850,US,CA,LAX,C
92816,US,CA,SNA,B
92814,US,CA,SNA,B
92814,US,CA,LAX,C
92808,US,CA,LAX,C
92815,US,CA,SNA,B
91006,US,CA,LAX,B
96007,US,CA,RDD,A
92812,US,CA,LAX,C
92815,US,CA,LAX,C
92817,US,CA,LAX,C
92807,US,CA,SNA,B
92850,US,CA,SNA,B
93301,US,CA,BFL,A
90701,US,CA,SNA,D
93304,US,CA,LAX,L
91702,US,CA,LAX,B
91702,US,CA,ONT,C
93308,US,CA,BFL,A
95301,US,CA,FAT,G
96150,US,CA,RNO,E
94027,US,CA,SJC,C
93304,US,CA,BFL,A
93303,US,CA,LAX,L
93303,US,CA,BFL,A
93302,US,CA,LAX,L
93302,US,CA,BFL,A
93301,US,CA,LAX,L
92804,US,CA,SNA,B
90701,US,CA,LAX,B
91007,US,CA,LAX,B
95521,US,CA,ACV,A
91331,US,CA,LAX,B
93202,US,CA,FAT,D
93202,US,CA,LAX,L
95342,US,CA,FAT,G
93420,US,CA,LAX,O
91006,US,CA,ONT,C
90702,US,CA,LAX,B
90702,US,CA,SNA,D
90703,US,CA,LAX,B
90703,US,CA,SNA,D
93203,US,CA,LAX,L
94027,US,CA,SFO,A
95004,US,CA,SFO,P
96158,US,CA,RNO,E
91350,US,CA,LAX,M
92804,US,CA,LAX,C
91301,US,CA,LAX,D
96154,US,CA,RNO,E
91301,US,CA,LAX,D
93523,US,CA,LAX,N
92301,US,CA,LAX,U
92301,US,CA,ONT,G
93510,US,CA,LAX,N
96157,US,CA,RNO,E
96156,US,CA,RNO,E
94128,US,CA,SFO,A
96152,US,CA,RNO,E
91376,US,CA,LAX,D
96150,US,CA,RNO,E
96141,US,CA,RNO,E
96155,US,CA,RNO,E
95971,US,CA,RNO,F
96113,US,CA,RNO,F
92028,US,CA,SAN,E
96122,US,CA,RNO,F
96127,US,CA,RNO,F
96130,US,CA,RNO,F
95971,US,CA,RNO,F
93305,US,CA,BFL,A
96155,US,CA,RNO,E
92656,US,CA,SNA,C
92803,US,CA,SNA,B
92803,US,CA,LAX,C
92802,US,CA,SNA,B
92802,US,CA,LAX,C
92801,US,CA,SNA,B
92801,US,CA,LAX,C
94589,US,CA,OAK,F
95002,US,CA,SJC,A
91001,US,CA,ONT,F
91001,US,CA,LAX,B
91376,US,CA,LAX,D
91701,US,CA,LAX,G
94128,US,CA,SJC,C
92656,US,CA,LAX,C
91803,US,CA,LAX,B
92653,US,CA,LAX,C
94501,US,CA,SFO,B
91899,US,CA,LAX,B
91896,US,CA,LAX,B
91841,US,CA,LAX,B
91804,US,CA,LAX,B
92653,US,CA,SNA,C
94507,US,CA,SFO,D
91701,US,CA,ONT,A
91802,US,CA,LAX,B
91801,US,CA,LAX,B
94706,US,CA,SFO,B
80129,US,CO,DEN,B
80214,US,CO,DEN,B
80225,US,CO,DEN,B
80232,US,CO,DEN,B
80235,US,CO,DEN,B
80236,US,CO,DEN,B
80401,US,CO,DEN,B
80535,US,CO,DEN,F
80916,US,CO,COS,A
80128,US,CO,DEN,B
80130,US,CO,DEN,B
80130,US,CO,DEN,B
80163,US,CO,DEN,B
80112,US,CO,DEN,B
80124,US,CO,DEN,B
80503,US,CO,DEN,C
80504,US,CO,DEN,C
80131,US,CO,DEN,J
80646,US,CO,DEN,E
80540,US,CO,DEN,F
80118,US,CO,DEN,K
80516,US,CO,DEN,C
80236,US,CO,DEN,B
80514,US,CO,DEN,C
80831,US,CO,DEN,K
80234,US,CO,DEN,B
80260,US,CO,DEN,B
80504,US,CO,DEN,E
80520,US,CO,DEN,E
80527,US,CO,DEN,F
80528,US,CO,DEN,F
80123,US,CO,DEN,B
80504,US,CO,DEN,C
80163,US,CO,DEN,B
80530,US,CO,DEN,C
80246,US,CO,DEN,A
80439,US,CO,DEN,B
80121,US,CO,DEN,B
80150,US,CO,DEN,B
80155,US,CO,DEN,B
80124,US,CO,DEN,B
80129,US,CO,DEN,B
80503,US,CO,DEN,C
80116,US,CO,DEN,J
80912,US,CO,COS,D
80528,US,CO,DEN,F
80106,US,CO,COS,C
80908,US,CO,COS,C
81215,US,CO,COS,D
81246,US,CO,COS,D
80914,US,CO,COS,B
81290,US,CO,COS,D
80914,US,CO,COS,B
80543,US,CO,DEN,F
80912,US,CO,COS,D
80214,US,CO,DEN,B
80911,US,CO,COS,B
80925,US,CO,COS,B
80840,US,CO,COS,B
80911,US,CO,COS,B
80911,US,CO,COS,A
80912,US,CO,COS,A
80913,US,CO,COS,A
80914,US,CO,COS,A
80915,US,CO,COS,A
80912,US,CO,COS,D
80221,US,CO,DEN,B
80615,US,CO,DEN,E
80504,US,CO,DEN,C
80221,US,CO,DEN,B
80260,US,CO,DEN,B
80648,US,CO,DEN,K
80134,US,CO,DEN,J
80138,US,CO,DEN,J
80470,US,CO,DEN,P
80911,US,CO,DEN,I
80911,US,CO,DEN,I
80135,US,CO,DEN,J
80215,US,CO,DEN,B
80233,US,CO,DEN,B
80234,US,CO,DEN,B
80260,US,CO,DEN,B
80601,US,CO,DEN,B
80547,US,CO,DEN,F
80549,US,CO,DEN,F
80002,US,CO,DEN,B
80212,US,CO,DEN,B
80465,US,CO,DEN,J
80925,US,CO,DEN,I
80997,US,CO,COS,A
80945,US,CO,COS,A
80946,US,CO,COS,A
80947,US,CO,COS,A
80949,US,CO,COS,A
80950,US,CO,COS,A
80960,US,CO,COS,A
80962,US,CO,COS,A
80970,US,CO,COS,A
80113,US,CO,DEN,B
80995,US,CO,COS,A
80942,US,CO,COS,A
80006,US,CO,DEN,B
80007,US,CO,DEN,B
80021,US,CO,DEN,B
80403,US,CO,DEN,B
80610,US,CO,DEN,F
80046,US,CO,DEN,B
80047,US,CO,DEN,B
80220,US,CO,DEN,B
80230,US,CO,DEN,B
80977,US,CO,COS,A
80931,US,CO,COS,A
80917,US,CO,COS,A
80918,US,CO,COS,A
80919,US,CO,COS,A
80920,US,CO,COS,A
80921,US,CO,COS,A
80922,US,CO,COS,A
80925,US,CO,COS,A
80926,US,CO,COS,A
80928,US,CO,COS,A
80944,US,CO,COS,A
80930,US,CO,COS,A
80943,US,CO,COS,A
80932,US,CO,COS,A
80933,US,CO,COS,A
80934,US,CO,COS,A
80935,US,CO,COS,A
80936,US,CO,COS,A
80937,US,CO,COS,A
80940,US,CO,COS,A
80941,US,CO,COS,A
80512,US,CO,DEN,F
80929,US,CO,COS,A
80238,US,CO,DEN,A
80231,US,CO,DEN,B
80002,US,CO,DEN,A
80012,US,CO,DEN,A
80014,US,CO,DEN,A
80022,US,CO,DEN,A
80030,US,CO,DEN,A
80031,US,CO,DEN,A
80033,US,CO,DEN,A
80123,US,CO,DEN,A
80037,US,CO,DEN,A
80232,US,CO,DEN,A
80995,US,CO,DEN,H
80246,US,CO,DEN,A
80247,US,CO,DEN,A
80248,US,CO,DEN,A
80257,US,CO,DEN,A
80260,US,CO,DEN,A
80285,US,CO,DEN,A
80241,US,CO,DEN,B
80614,US,CO,DEN,B
80840,US,CO,DEN,K
80127,US,CO,DEN,A
80108,US,CO,DEN,J
80107,US,CO,DEN,J
80106,US,CO,DEN,K
80908,US,CO,DEN,K
80304,US,CO,DEN,B
80305,US,CO,DEN,B
80022,US,CO,DEN,C
80602,US,CO,DEN,C
80603,US,CO,DEN,C
80021,US,CO,DEN,B
80266,US,CO,DEN,A
80234,US,CO,DEN,B
80247,US,CO,DEN,B
80109,US,CO,DEN,J
80015,US,CO,DEN,B
80016,US,CO,DEN,B
80111,US,CO,DEN,B
80112,US,CO,DEN,B
80121,US,CO,DEN,B
80122,US,CO,DEN,B
80161,US,CO,DEN,B
80113,US,CO,DEN,B
80038,US,CO,DEN,B
80602,US,CO,DEN,B
80155,US,CO,DEN,B
80221,US,CO,DEN,B
80401,US,CO,DEN,B
80522,US,CO,DEN,E
80521,US,CO,DEN,E
80912,US,CO,DEN,K
80154,US,CO,DEN,B
80913,US,CO,COS,B
80516,US,CO,DEN,E
80620,US,CO,DEN,F
80912,US,CO,COS,D
81226,US,CO,COS,D
80913,US,CO,DEN,I
81226,US,CO,DEN,K
80151,US,CO,DEN,B
80111,US,CO,DEN,B
80623,US,CO,DEN,D
80633,US,CO,DEN,E
80634,US,CO,DEN,E
80638,US,CO,DEN,E
80639,US,CO,DEN,E
80819,US,CO,COS,E
80631,US,CO,DEN,E
80110,US,CO,DEN,B
80419,US,CO,DEN,B
80112,US,CO,DEN,B
80640,US,CO,DEN,B
80126,US,CO,DEN,B
80534,US,CO,DEN,F
80457,US,CO,DSM,F
80645,US,CO,DEN,F
80819,US,CO,DEN,K
80913,US,CO,COS,B
80524,US,CO,DEN,E
80525,US,CO,DEN,E
80526,US,CO,DEN,E
80553,US,CO,DEN,E
80621,US,CO,DEN,C
80817,US,CO,COS,B
80632,US,CO,DEN,E
80016,US,CO,DEN,B
80523,US,CO,DEN,E
80913,US,CO,DEN,I
80631,US,CO,DEN,E
80222,US,CO,DEN,A
80279,US,CO,DEN,B
80402,US,CO,DEN,B
80403,US,CO,DEN,B
80817,US,CO,DEN,I
80236,US,CO,DEN,B
81001,US,CO,DEN,K
80256,US,CO,DEN,B
80255,US,CO,DEN,B
80252,US,CO,DEN,B
80251,US,CO,DEN,B
80250,US,CO,DEN,B
80249,US,CO,DEN,B
80244,US,CO,DEN,B
80243,US,CO,DEN,B
80241,US,CO,DEN,B
80281,US,CO,DEN,B
80237,US,CO,DEN,A
80263,US,CO,DEN,B
80235,US,CO,DEN,B
80234,US,CO,DEN,B
80233,US,CO,DEN,B
80231,US,CO,DEN,A
80230,US,CO,DEN,A
80229,US,CO,DEN,B
80228,US,CO,DEN,B
80227,US,CO,DEN,B
80226,US,CO,DEN,B
80225,US,CO,DEN,B
80239,US,CO,DEN,A
80026,US,CO,DEN,C
80112,US,CO,DEN,B
80111,US,CO,DEN,B
80110,US,CO,DEN,B
80214,US,CO,DEN,A
80024,US,CO,DEN,B
80299,US,CO,DEN,B
80295,US,CO,DEN,B
80294,US,CO,DEN,B
80293,US,CO,DEN,B
80292,US,CO,DEN,B
80261,US,CO,DEN,B
80290,US,CO,DEN,B
80208,US,CO,DEN,A
80280,US,CO,DEN,B
80133,US,CO,COS,E
80275,US,CO,DEN,B
80274,US,CO,DEN,B
80273,US,CO,DEN,B
80271,US,CO,DEN,B
80270,US,CO,DEN,B
80266,US,CO,DEN,B
80265,US,CO,DEN,B
80264,US,CO,DEN,B
80150,US,CO,DEN,B
80291,US,CO,DEN,B
80841,US,CO,COS,B
80234,US,CO,DEN,B
80621,US,CO,DEN,C
80110,US,CO,DEN,B
81069,US,CO,COS,C
80841,US,CO,DEN,I
80310,US,CO,DEN,B
81011,US,CO,DEN,M
81012,US,CO,COS,C
80840,US,CO,COS,B
80841,US,CO,DEN,I
80863,US,CO,DEN,K
80866,US,CO,COS,E
80841,US,CO,COS,B
81007,US,CO,DEN,M
80864,US,CO,DEN,K
80977,US,CO,DEN,H
81007,US,CO,COS,C
80977,US,CO,COS,A
81012,US,CO,DEN,M
81001,US,CO,COS,D
80866,US,CO,DEN,K
81005,US,CO,DEN,M
81005,US,CO,COS,C
81006,US,CO,COS,C
80229,US,CO,DEN,B
81010,US,CO,COS,C
80550,US,CO,DEN,E
81009,US,CO,DEN,M
80551,US,CO,DEN,E
81010,US,CO,DEN,M
80224,US,CO,DEN,A
81009,US,CO,COS,C
80259,US,CO,DEN,B
80241,US,CO,DEN,B
80863,US,CO,COS,E
81006,US,CO,DEN,M
80840,US,CO,COS,B
81004,US,CO,COS,C
80034,US,CO,DEN,B
81008,US,CO,COS,C
80033,US,CO,DEN,B
81007,US,CO,DEN,M
81011,US,CO,COS,C
80027,US,CO,DEN,C
80030,US,CO,DEN,B
80840,US,CO,DEN,I
81007,US,CO,COS,C
80864,US,CO,COS,E
81008,US,CO,DEN,M
80127,US,CO,DEN,B
80538,US,CO,DEN,E
80537,US,CO,DEN,E
80028,US,CO,DEN,C
80027,US,CO,DEN,C
80502,US,CO,DEN,C
80501,US,CO,DEN,C
80601,US,CO,DEN,C
80166,US,CO,DEN,B
80165,US,CO,DEN,B
80162,US,CO,DEN,B
80639,US,CO,DEN,E
80160,US,CO,DEN,B
80829,US,CO,DEN,I
80126,US,CO,DEN,B
80125,US,CO,DEN,B
80124,US,CO,DEN,B
80123,US,CO,DEN,B
80122,US,CO,DEN,B
80121,US,CO,DEN,B
80120,US,CO,DEN,B
80228,US,CO,DEN,B
80227,US,CO,DEN,B
80226,US,CO,DEN,B
80161,US,CO,DEN,B
81240,US,CO,DEN,K
80215,US,CO,DEN,B
81003,US,CO,DEN,M
81003,US,CO,COS,C
81002,US,CO,DEN,K
81002,US,CO,COS,D
81001,US,CO,DEN,K
81001,US,CO,COS,D
80651,US,CO,DEN,F
80831,US,CO,DEN,K
80831,US,CO,COS,D
80539,US,CO,DEN,E
80914,US,CO,COS,A
80829,US,CO,COS,B
81240,US,CO,COS,D
80133,US,CO,DEN,K
80241,US,CO,DEN,B
80840,US,CO,DEN,I
80233,US,CO,DEN,B
81022,US,CO,DEN,K
81022,US,CO,COS,D
80544,US,CO,DEN,C
80132,US,CO,DEN,M
80132,US,CO,COS,C
81004,US,CO,DEN,M
80914,US,CO,DEN,H
80841,US,CO,DEN,I
80110,US,CO,DEN,B
80104,US,CO,DEN,E
80809,US,CO,DEN,I
80809,US,CO,COS,B
81212,US,CO,DEN,K
81212,US,CO,COS,D
80909,US,CO,DEN,H
80808,US,CO,COS,E
80914,US,CO,DEN,H
80841,US,CO,COS,B
80020,US,CO,DEN,B
80601,US,CO,DEN,C
80123,US,CO,DEN,B
80329,US,CO,DEN,B
80328,US,CO,DEN,B
80323,US,CO,DEN,B
80808,US,CO,DEN,K
80916,US,CO,COS,A
80903,US,CO,COS,A
80908,US,CO,DEN,M
80907,US,CO,DEN,H
80906,US,CO,DEN,H
80905,US,CO,DEN,H
80904,US,CO,DEN,H
80903,US,CO,DEN,H
80111,US,CO,DEN,B
80901,US,CO,DEN,H
80914,US,CO,COS,A
81019,US,CO,DEN,M
81019,US,CO,COS,C
80920,US,CO,DEN,H
80920,US,CO,COS,A
80914,US,CO,DEN,H
80914,US,CO,COS,A
80314,US,CO,DEN,B
80901,US,CO,COS,A
80010,US,CO,DEN,B
80322,US,CO,DEN,B
80018,US,CO,DEN,B
80017,US,CO,DEN,B
80016,US,CO,DEN,B
80015,US,CO,DEN,B
80014,US,CO,DEN,B
80013,US,CO,DEN,B
80040,US,CO,DEN,B
80011,US,CO,DEN,B
80041,US,CO,DEN,B
80005,US,CO,DEN,B
80004,US,CO,DEN,B
80003,US,CO,DEN,B
80002,US,CO,DEN,B
80001,US,CO,DEN,B
80262,US,CO,DEN,B
80223,US,CO,DEN,A
80012,US,CO,DEN,B
81023,US,CO,DEN,K
80310,US,CO,DEN,B
80309,US,CO,DEN,B
80307,US,CO,DEN,B
80306,US,CO,DEN,B
80303,US,CO,DEN,B
80302,US,CO,DEN,B
80301,US,CO,DEN,B
80019,US,CO,DEN,B
81025,US,CO,COS,D
80321,US,CO,DEN,B
81023,US,CO,COS,D
80513,US,CO,DEN,E
81022,US,CO,DEN,K
81022,US,CO,COS,D
80045,US,CO,DEN,B
80044,US,CO,DEN,B
80042,US,CO,DEN,B
81025,US,CO,DEN,K
80977,US,CO,DEN,H
80201,US,CO,DEN,A
80220,US,CO,DEN,A
80514,US,CO,DEN,F
80997,US,CO,DEN,H
80997,US,CO,COS,A
80910,US,CO,COS,A
80022,US,CO,DEN,A
80946,US,CO,DEN,H
80997,US,CO,DEN,H
80205,US,CO,DEN,A
80970,US,CO,DEN,H
80962,US,CO,DEN,H
80960,US,CO,DEN,H
80909,US,CO,COS,A
80950,US,CO,DEN,H
80949,US,CO,DEN,H
80947,US,CO,DEN,H
80123,US,CO,DEN,B
80214,US,CO,DEN,A
80222,US,CO,DEN,A
80221,US,CO,DEN,B
80308,US,CO,DEN,B
80910,US,CO,DEN,H
80219,US,CO,DEN,A
80218,US,CO,DEN,A
80217,US,CO,DEN,A
80203,US,CO,DEN,A
80215,US,CO,DEN,B
80204,US,CO,DEN,A
80212,US,CO,DEN,A
80211,US,CO,DEN,A
80210,US,CO,DEN,A
80209,US,CO,DEN,A
80208,US,CO,DEN,A
80207,US,CO,DEN,A
80206,US,CO,DEN,A
80249,US,CO,DEN,A
80216,US,CO,DEN,A
80917,US,CO,DEN,H
80928,US,CO,DEN,H
80926,US,CO,DEN,I
80925,US,CO,DEN,I
80922,US,CO,DEN,H
80921,US,CO,DEN,I
80905,US,CO,COS,A
80920,US,CO,DEN,H
80929,US,CO,DEN,I
80918,US,CO,DEN,H
80915,US,CO,DEN,H
80916,US,CO,DEN,H
80945,US,CO,DEN,H
80904,US,CO,COS,A
80202,US,CO,DEN,A
80914,US,CO,DEN,H
80913,US,CO,DEN,I
80912,US,CO,DEN,K
80911,US,CO,DEN,I
80919,US,CO,DEN,H
80940,US,CO,DEN,H
80944,US,CO,DEN,H
80906,US,CO,COS,A
80943,US,CO,DEN,H
80941,US,CO,DEN,H
80908,US,CO,COS,A
80937,US,CO,DEN,H
80936,US,CO,DEN,H
80907,US,CO,COS,A
80935,US,CO,DEN,H
80931,US,CO,DEN,M
80933,US,CO,DEN,H
80942,US,CO,DEN,H
80934,US,CO,DEN,H
80932,US,CO,DEN,H
80930,US,CO,DEN,M
80927,US,CO,DEN,H
80023,US,CO,DEN,A
80422,US,CO,DEN,B
80023,US,CO,DEN,B
80023,US,CO,DEN,B
80023,US,CO,DEN,B
80642,US,CO,DEN,F
80938,US,CO,DEN,H
80939,US,CO,DEN,H
80902,US,CO,DEN,H
80924,US,CO,DEN,H
80923,US,CO,DEN,H
80951,US,CO,DEN,H
6074,US,CT,LGA,Y
6107,US,CT,LGA,Y
6078,US,CT,LGA,Y
6109,US,CT,JFK,Y
6109,US,CT,LGA,Y
6096,US,CT,JFK,Y
6002,US,CT,LGA,Y
6078,US,CT,JFK,Y
6082,US,CT,LGA,Y
6032,US,CT,JFK,Y
6074,US,CT,JFK,Y
6107,US,CT,JFK,Y
6088,US,CT,LGA,Y
6096,US,CT,LGA,Y
6108,US,CT,JFK,Y
6107,US,CT,JFK,Y
6109,US,CT,LGA,Y
6002,US,CT,JFK,Y
6109,US,CT,JFK,Y
6088,US,CT,JFK,Y
6107,US,CT,LGA,Y
6108,US,CT,JFK,Y
6032,US,CT,LGA,Y
6108,US,CT,LGA,Y
6082,US,CT,JFK,Y
6108,US,CT,LGA,Y
6779,US,CT,BDL,C
6370,US,CT,BDL,E
6779,US,CT,BDR,A
6859,US,CT,BDR,A
6475,US,CT,BDL,E
6061,US,CT,BDL,D
6859,US,CT,BDL,F
6858,US,CT,BDR,A
6858,US,CT,BDL,F
6360,US,CT,BDL,E
6870,US,CT,BDR,A
6372,US,CT,BDL,F
6781,US,CT,BDR,A
6373,US,CT,PVD,D
6857,US,CT,BDR,A
6781,US,CT,BDL,C
6477,US,CT,BDL,E
6379,US,CT,PVD,D
6477,US,CT,BDR,A
6379,US,CT,BDL,F
6371,US,CT,BDL,E
6852,US,CT,BDL,F
6374,US,CT,BDL,H
6850,US,CT,BDL,F
6778,US,CT,BDL,C
6256,US,CT,BDL,H
6850,US,CT,BDR,A
6472,US,CT,BDR,A
6851,US,CT,BDL,F
6472,US,CT,BDL,D
6854,US,CT,BDR,A
6778,US,CT,BDR,A
6857,US,CT,BDL,F
6852,US,CT,BDR,A
6853,US,CT,BDL,F
6853,US,CT,BDR,A
6854,US,CT,BDL,F
6359,US,CT,PVD,D
6855,US,CT,BDL,F
6855,US,CT,BDR,A
6856,US,CT,BDL,F
6856,US,CT,BDR,A
6851,US,CT,BDR,A
6481,US,CT,BDR,A
6481,US,CT,BDL,D
6876,US,CT,BDR,A
6877,US,CT,BDL,F
6877,US,CT,BDR,A
6879,US,CT,BDL,F
6879,US,CT,BDR,A
6905,US,CT,BDL,F
6905,US,CT,BDR,A
6875,US,CT,BDL,G
6065,US,CT,BDL,D
6896,US,CT,BDR,A
6067,US,CT,BDL,B
6067,US,CT,BDR,A
6263,US,CT,BDL,H
6263,US,CT,PVD,D
6359,US,CT,BDL,F
6504,US,CT,BDR,A
6267,US,CT,BDL,H
6783,US,CT,BDR,A
6073,US,CT,BDL,B
6878,US,CT,BDR,A
6064,US,CT,BDL,A
6062,US,CT,BDL,B
6062,US,CT,BDR,A
6479,US,CT,BDL,C
6479,US,CT,BDR,A
6063,US,CT,BDL,C
6782,US,CT,BDL,C
6782,US,CT,BDR,A
6258,US,CT,BDL,H
6875,US,CT,BDR,A
6259,US,CT,BDL,H
6374,US,CT,PVD,C
6480,US,CT,BDL,B
6480,US,CT,BDR,A
6712,US,CT,BDL,E
6712,US,CT,BDR,A
6260,US,CT,BDL,H
6260,US,CT,PVD,C
6262,US,CT,BDL,H
6875,US,CT,BDL,G
6875,US,CT,BDR,A
6258,US,CT,PVD,D
6514,US,CT,BDR,A
6509,US,CT,BDR,A
6510,US,CT,BDL,D
6510,US,CT,BDR,A
6511,US,CT,BDL,D
6511,US,CT,BDR,A
6512,US,CT,BDL,E
6512,US,CT,BDR,A
6513,US,CT,BDL,D
6505,US,CT,BDR,A
6514,US,CT,BDL,D
6508,US,CT,BDL,D
6515,US,CT,BDL,D
6515,US,CT,BDR,A
6516,US,CT,BDL,D
6516,US,CT,BDR,A
6517,US,CT,BDL,D
6517,US,CT,BDR,A
6518,US,CT,BDL,D
6518,US,CT,BDR,A
6513,US,CT,BDR,A
6503,US,CT,BDR,A
6840,US,CT,BDR,A
6842,US,CT,BDL,F
6812,US,CT,BDL,E
6812,US,CT,BDR,A
6057,US,CT,BDL,D
6501,US,CT,BDL,D
6501,US,CT,BDR,A
6502,US,CT,BDL,D
6509,US,CT,BDL,D
6503,US,CT,BDL,D
6508,US,CT,BDR,A
6504,US,CT,BDL,D
6013,US,CT,BDL,C
6505,US,CT,BDL,D
6482,US,CT,BDL,F
6506,US,CT,BDL,D
6506,US,CT,BDR,A
6507,US,CT,BDL,D
6507,US,CT,BDR,A
6520,US,CT,BDL,D
6502,US,CT,BDR,A
6470,US,CT,BDL,E
6519,US,CT,BDL,D
6538,US,CT,BDR,A
6540,US,CT,BDL,D
6540,US,CT,BDR,A
6320,US,CT,BDL,E
6320,US,CT,PVD,D
6776,US,CT,BDL,G
6111,US,CT,BDL,B
6537,US,CT,BDR,A
6131,US,CT,BDL,A
6537,US,CT,BDL,D
6470,US,CT,BDR,A
6357,US,CT,BDL,E
6471,US,CT,BDL,D
6471,US,CT,BDR,A
6059,US,CT,BDL,D
6060,US,CT,BDL,B
6255,US,CT,BDL,H
6255,US,CT,PVD,D
6473,US,CT,BDL,D
6111,US,CT,BDR,A
6532,US,CT,BDL,D
6473,US,CT,BDR,A
6520,US,CT,BDR,A
6521,US,CT,BDL,D
6521,US,CT,BDR,A
6525,US,CT,BDL,F
6525,US,CT,BDR,A
6530,US,CT,BDL,D
6530,US,CT,BDR,A
6538,US,CT,BDL,D
6531,US,CT,BDR,A
6519,US,CT,BDR,A
6532,US,CT,BDR,A
6533,US,CT,BDL,D
6533,US,CT,BDR,A
6534,US,CT,BDL,D
6534,US,CT,BDR,A
6535,US,CT,BDL,D
6535,US,CT,BDR,A
6536,US,CT,BDL,D
6536,US,CT,BDR,A
6531,US,CT,BDL,D
6725,US,CT,BDL,C
6795,US,CT,BDL,C
6720,US,CT,BDR,A
6721,US,CT,BDL,C
6721,US,CT,BDR,A
6722,US,CT,BDL,C
6722,US,CT,BDR,A
6723,US,CT,BDL,C
6723,US,CT,BDR,A
6716,US,CT,BDR,A
6724,US,CT,BDR,A
6716,US,CT,BDL,C
6725,US,CT,BDR,A
6726,US,CT,BDL,C
6726,US,CT,BDR,A
6749,US,CT,BDL,C
6749,US,CT,BDR,A
6385,US,CT,BDL,E
6386,US,CT,BDL,E
6779,US,CT,BDL,C
6611,US,CT,BDR,A
6724,US,CT,BDL,C
6705,US,CT,BDL,C
6493,US,CT,BDR,A
6494,US,CT,BDL,C
6494,US,CT,BDR,A
6278,US,CT,BDL,H
6701,US,CT,BDL,C
6701,US,CT,BDR,A
6702,US,CT,BDL,C
6702,US,CT,BDR,A
6720,US,CT,BDL,C
6704,US,CT,BDR,A
6795,US,CT,BDR,A
6705,US,CT,BDR,A
6706,US,CT,BDL,C
6706,US,CT,BDR,A
6708,US,CT,BDL,C
6708,US,CT,BDR,A
6710,US,CT,BDL,C
6710,US,CT,BDR,A
6712,US,CT,BDL,E
6712,US,CT,BDR,A
6704,US,CT,BDL,C
6016,US,CT,BDL,A
6779,US,CT,BDR,A
6517,US,CT,BDL,D
6517,US,CT,BDR,A
6279,US,CT,BDL,H
6897,US,CT,BDL,F
6897,US,CT,BDR,A
6094,US,CT,BDL,F
6006,US,CT,BDL,A
6129,US,CT,BDL,A
6096,US,CT,BDL,A
6109,US,CT,BDL,A
6094,US,CT,BDL,F
6098,US,CT,BDL,D
6716,US,CT,BDL,C
6716,US,CT,BDR,A
6525,US,CT,BDL,F
6525,US,CT,BDR,A
6798,US,CT,BDL,E
6798,US,CT,BDR,A
6282,US,CT,BDL,H
6095,US,CT,BDL,A
6883,US,CT,BDL,F
6387,US,CT,PVD,D
6089,US,CT,BDL,A
6090,US,CT,BDL,A
6091,US,CT,BDL,E
6516,US,CT,BDL,D
6516,US,CT,BDR,A
6388,US,CT,BDL,F
6092,US,CT,BDL,A
6161,US,CT,BDL,A
6498,US,CT,BDL,E
6492,US,CT,BDL,C
6883,US,CT,BDR,A
6880,US,CT,BDL,F
6880,US,CT,BDR,A
6881,US,CT,BDL,F
6881,US,CT,BDR,A
6888,US,CT,BDL,F
6888,US,CT,BDR,A
6889,US,CT,BDL,F
6889,US,CT,BDR,A
6093,US,CT,BDL,A
6907,US,CT,BDR,A
6493,US,CT,BDL,C
6903,US,CT,BDL,F
6903,US,CT,BDR,A
6904,US,CT,BDL,F
6904,US,CT,BDR,A
6905,US,CT,BDL,F
6905,US,CT,BDR,A
6906,US,CT,BDL,F
6902,US,CT,BDL,F
6907,US,CT,BDL,F
6901,US,CT,BDR,A
6910,US,CT,BDL,F
6910,US,CT,BDR,A
6911,US,CT,BDL,F
6911,US,CT,BDR,A
6912,US,CT,BDL,F
6912,US,CT,BDR,A
6913,US,CT,BDL,F
6913,US,CT,BDR,A
6920,US,CT,BDL,F
6906,US,CT,BDR,A
6376,US,CT,BDL,E
6483,US,CT,BDL,F
6483,US,CT,BDR,A
6069,US,CT,BDL,G
6484,US,CT,BDR,A
6138,US,CT,BDL,A
6070,US,CT,BDL,A
6071,US,CT,BDL,E
6072,US,CT,BDL,B
6902,US,CT,BDR,A
6073,US,CT,BDL,B
6921,US,CT,BDR,A
6074,US,CT,BDL,A
6267,US,CT,BDL,H
6488,US,CT,BDL,E
6488,US,CT,BDR,A
6489,US,CT,BDL,C
6489,US,CT,BDR,A
6075,US,CT,BDL,D
6077,US,CT,BDL,C
6901,US,CT,BDL,F
6487,US,CT,BDR,A
6066,US,CT,BDL,B
6277,US,CT,PVD,D
6084,US,CT,BDL,C
6790,US,CT,BDL,C
6791,US,CT,BDL,C
6611,US,CT,BDL,F
6840,US,CT,BDL,F
6382,US,CT,BDL,E
6468,US,CT,BDR,A
6920,US,CT,BDR,A
6087,US,CT,BDL,C
6778,US,CT,BDR,A
6383,US,CT,BDL,E
6107,US,CT,BDL,A
6110,US,CT,BDL,A
6117,US,CT,BDL,A
6119,US,CT,BDL,A
6127,US,CT,BDL,A
6133,US,CT,BDL,A
6137,US,CT,BDL,A
6482,US,CT,BDR,A
6085,US,CT,BDL,C
6378,US,CT,PVD,D
6492,US,CT,BDR,A
6922,US,CT,BDL,F
6922,US,CT,BDR,A
6925,US,CT,BDL,F
6925,US,CT,BDR,A
6926,US,CT,BDL,F
6926,US,CT,BDR,A
6927,US,CT,BDL,F
6927,US,CT,BDR,A
6787,US,CT,BDR,A
6378,US,CT,BDL,F
6787,US,CT,BDL,C
6497,US,CT,BDL,E
6497,US,CT,BDR,A
6078,US,CT,BDL,A
6380,US,CT,BDL,E
6081,US,CT,BDL,A
6786,US,CT,BDL,C
6786,US,CT,BDR,A
6778,US,CT,BDL,C
6921,US,CT,BDL,F
6491,US,CT,BDR,A
6820,US,CT,BDL,F
6422,US,CT,BDR,A
6813,US,CT,BDL,E
6813,US,CT,BDR,A
6816,US,CT,BDL,E
6816,US,CT,BDR,A
6817,US,CT,BDL,E
6812,US,CT,BDL,E
6239,US,CT,PVD,C
6811,US,CT,BDR,A
6820,US,CT,BDR,A
6241,US,CT,BDL,H
6241,US,CT,PVD,C
6417,US,CT,BDL,E
6418,US,CT,BDL,E
6418,US,CT,BDR,A
6410,US,CT,BDL,C
6817,US,CT,BDR,A
6237,US,CT,BDL,C
6335,US,CT,BDL,E
6411,US,CT,BDL,C
6411,US,CT,BDR,A
6412,US,CT,BDL,E
6413,US,CT,BDL,E
6414,US,CT,BDL,D
6812,US,CT,BDR,A
6022,US,CT,BDL,B
6025,US,CT,BDL,B
6807,US,CT,BDR,A
6238,US,CT,BDL,C
6416,US,CT,BDL,B
6416,US,CT,BDR,A
6810,US,CT,BDL,E
6810,US,CT,BDR,A
6811,US,CT,BDL,E
6415,US,CT,BDL,D
6612,US,CT,BDL,E
6422,US,CT,BDL,E
6513,US,CT,BDR,A
6243,US,CT,BDL,H
6243,US,CT,PVD,D
6333,US,CT,BDL,E
6088,US,CT,BDL,A
6512,US,CT,BDR,A
6244,US,CT,BDL,H
6512,US,CT,BDL,E
6612,US,CT,BDR,A
6029,US,CT,BDL,B
6082,US,CT,BDL,A
6426,US,CT,BDL,E
6245,US,CT,BDL,H
6032,US,CT,BDL,B
6034,US,CT,BDL,B
6028,US,CT,BDL,A
6423,US,CT,BDL,G
6243,US,CT,BDL,H
6243,US,CT,PVD,D
6028,US,CT,BDL,A
6244,US,CT,BDL,H
6023,US,CT,BDL,B
6023,US,CT,BDR,A
6513,US,CT,BDL,D
6026,US,CT,BDL,A
6332,US,CT,PVD,D
6424,US,CT,BDL,H
6447,US,CT,BDL,C
6108,US,CT,BDL,A
6118,US,CT,BDL,A
6128,US,CT,BDL,A
6138,US,CT,BDL,A
6027,US,CT,BDL,E
6025,US,CT,BDL,B
6405,US,CT,BDR,A
6604,US,CT,BDL,E
6751,US,CT,BDL,G
6117,US,CT,BDL,A
6137,US,CT,BDL,A
6002,US,CT,BDL,A
6043,US,CT,BDL,B
6801,US,CT,BDL,E
6405,US,CT,BDL,D
6037,US,CT,BDR,A
6615,US,CT,BDR,A
6461,US,CT,BDL,E
6461,US,CT,BDR,A
6601,US,CT,BDL,E
6601,US,CT,BDR,A
6602,US,CT,BDL,E
6410,US,CT,BDR,A
6404,US,CT,BDR,A
6278,US,CT,BDL,H
6230,US,CT,BDL,H
6230,US,CT,PVD,D
6516,US,CT,BDL,D
6516,US,CT,BDR,A
6231,US,CT,BDL,H
6232,US,CT,BDL,H
6801,US,CT,BDR,A
6401,US,CT,BDR,A
6604,US,CT,BDR,A
6001,US,CT,BDL,B
6233,US,CT,BDL,H
6233,US,CT,PVD,D
6750,US,CT,BDL,E
6403,US,CT,BDL,E
6403,US,CT,BDR,A
6037,US,CT,BDL,B
6401,US,CT,BDL,E
6804,US,CT,BDR,A
6602,US,CT,BDR,A
6699,US,CT,BDR,A
6010,US,CT,BDL,C
6010,US,CT,BDR,A
6016,US,CT,BDL,A
6804,US,CT,BDL,F
6673,US,CT,BDR,A
6804,US,CT,BDL,F
6673,US,CT,BDL,E
6234,US,CT,BDL,H
6234,US,CT,PVD,D
6013,US,CT,BDL,C
6018,US,CT,BDL,G
6331,US,CT,BDL,H
6053,US,CT,BDR,A
6020,US,CT,BDL,D
6804,US,CT,BDR,A
6610,US,CT,BDL,E
6605,US,CT,BDL,E
6605,US,CT,BDR,A
6606,US,CT,BDL,E
6606,US,CT,BDR,A
6607,US,CT,BDL,E
6607,US,CT,BDR,A
6699,US,CT,BDL,E
6608,US,CT,BDR,A
6019,US,CT,BDL,D
6610,US,CT,BDR,A
6611,US,CT,BDL,F
6611,US,CT,BDR,A
6612,US,CT,BDL,E
6612,US,CT,BDR,A
6650,US,CT,BDL,E
6650,US,CT,BDR,A
6608,US,CT,BDL,E
6037,US,CT,BDL,B
6180,US,CT,BDL,A
6183,US,CT,BDL,A
6199,US,CT,BDL,A
6791,US,CT,BDL,C
6440,US,CT,BDR,A
6248,US,CT,BDL,H
6043,US,CT,BDL,B
6442,US,CT,BDL,D
6161,US,CT,BDL,A
6037,US,CT,BDR,A
6039,US,CT,BDL,G
6339,US,CT,BDL,E
6759,US,CT,BDL,G
6443,US,CT,BDL,E
6040,US,CT,BDL,B
6137,US,CT,BDL,A
6441,US,CT,BDL,D
6151,US,CT,BDL,A
6138,US,CT,BDL,A
6140,US,CT,BDL,A
6141,US,CT,BDL,A
6142,US,CT,BDL,A
6143,US,CT,BDL,A
6144,US,CT,BDL,A
6145,US,CT,BDL,A
6176,US,CT,BDL,A
6150,US,CT,BDL,A
6167,US,CT,BDL,A
6152,US,CT,BDL,A
6153,US,CT,BDL,A
6154,US,CT,BDL,A
6155,US,CT,BDL,A
6156,US,CT,BDL,A
6160,US,CT,BDL,A
6111,US,CT,BDL,B
6146,US,CT,BDL,A
6770,US,CT,BDL,D
6467,US,CT,BDL,C
6467,US,CT,BDR,A
6353,US,CT,BDL,E
6469,US,CT,BDL,D
6354,US,CT,BDL,H
6354,US,CT,PVD,C
6041,US,CT,BDL,B
6388,US,CT,BDL,F
6460,US,CT,BDR,A
6770,US,CT,BDR,A
6339,US,CT,BDL,E
6050,US,CT,BDR,A
6051,US,CT,BDR,A
6052,US,CT,BDL,B
6052,US,CT,BDR,A
6053,US,CT,BDL,B
6355,US,CT,BDL,F
6762,US,CT,BDL,E
6111,US,CT,BDR,A
6131,US,CT,BDL,A
6444,US,CT,BDL,C
6444,US,CT,BDR,A
6447,US,CT,BDL,C
6339,US,CT,BDL,E
6450,US,CT,BDL,C
6461,US,CT,BDR,A
6456,US,CT,BDL,D
6461,US,CT,BDL,E
6762,US,CT,BDR,A
6455,US,CT,BDL,C
6455,US,CT,BDR,A
6457,US,CT,BDL,B
6457,US,CT,BDR,A
6460,US,CT,BDL,E
6050,US,CT,BDL,B
6450,US,CT,BDR,A
6518,US,CT,BDL,D
6437,US,CT,BDL,D
6437,US,CT,BDR,A
6438,US,CT,BDL,E
6514,US,CT,BDL,D
6514,US,CT,BDR,A
6104,US,CT,BDL,A
6517,US,CT,BDR,A
6340,US,CT,BDL,F
6518,US,CT,BDR,A
6247,US,CT,BDL,C
6096,US,CT,BDL,A
6101,US,CT,BDL,A
6102,US,CT,BDL,A
6103,US,CT,BDL,A
6517,US,CT,BDL,D
6831,US,CT,BDR,A
6051,US,CT,BDL,B
6134,US,CT,BDL,A
6829,US,CT,BDR,A
6033,US,CT,BDL,B
6035,US,CT,BDL,B
6830,US,CT,BDL,F
6349,US,CT,BDL,F
6831,US,CT,BDL,F
6340,US,CT,PVD,D
6832,US,CT,BDL,F
6836,US,CT,BDL,F
6836,US,CT,BDR,A
6246,US,CT,BDL,H
6246,US,CT,PVD,D
6832,US,CT,BDR,A
6830,US,CT,BDR,A
6129,US,CT,BDL,A
6119,US,CT,BDL,A
6118,US,CT,BDL,A
6117,US,CT,BDL,A
6120,US,CT,BDL,A
6123,US,CT,BDL,A
6126,US,CT,BDL,A
6127,US,CT,BDL,A
6115,US,CT,BDL,A
6114,US,CT,BDL,A
6128,US,CT,BDL,A
6111,US,CT,BDR,A
6111,US,CT,BDL,B
6108,US,CT,BDL,A
6131,US,CT,BDL,A
6132,US,CT,BDL,A
6106,US,CT,BDL,A
6105,US,CT,BDL,A
6109,US,CT,BDL,A
6107,US,CT,BDL,A
6110,US,CT,BDL,A
6112,US,CT,BDL,A
6133,US,CT,BDL,A
56901,US,DC,BWI,D
56915,US,DC,BWI,D
56920,US,DC,BWI,D
20003,US,DC,IAD,B
20426,US,DC,BWI,D
20002,US,DC,IAD,B
20005,US,DC,IAD,B
20004,US,DC,IAD,B
20522,US,DC,BWI,D
20511,US,DC,BWI,D
20509,US,DC,BWI,D
20508,US,DC,BWI,D
20426,US,DC,BWI,D
20528,US,DC,BWI,D
20012,US,DC,IAD,B
20007,US,DC,IAD,B
20006,US,DC,IAD,B
20529,US,DC,BWI,D
20355,US,DC,BWI,D
20009,US,DC,IAD,B
20011,US,DC,IAD,B
20008,US,DC,IAD,B
20013,US,DC,IAD,B
20015,US,DC,IAD,B
20254,US,DC,BWI,D
20303,US,DC,BWI,D
20303,US,DC,BWI,D
20010,US,DC,IAD,B
20262,US,DC,BWI,D
20016,US,DC,IAD,B
20237,US,DC,BWI,D
20017,US,DC,IAD,B
20511,US,DC,IAD,B
20277,US,DC,IAD,B
20303,US,DC,IAD,B
20355,US,DC,IAD,B
20376,US,DC,IAD,B
20426,US,DC,IAD,B
20434,US,DC,IAD,B
20437,US,DC,IAD,B
20447,US,DC,IAD,B
20509,US,DC,IAD,B
20238,US,DC,IAD,B
20522,US,DC,IAD,B
20528,US,DC,IAD,B
20529,US,DC,IAD,B
20578,US,DC,IAD,B
56901,US,DC,IAD,B
56915,US,DC,IAD,B
56920,US,DC,IAD,B
56944,US,DC,IAD,B
20508,US,DC,IAD,B
20237,US,DC,IAD,B
20099,US,DC,IAD,B
20254,US,DC,IAD,B
20262,US,DC,IAD,B
20434,US,DC,BWI,D
20428,US,DC,DCA,A
20429,US,DC,BWI,D
20429,US,DC,DCA,A
20431,US,DC,BWI,D
20431,US,DC,DCA,A
20350,US,DC,DCA,A
20433,US,DC,DCA,A
20427,US,DC,BWI,D
20435,US,DC,BWI,D
20435,US,DC,DCA,A
20436,US,DC,BWI,D
20436,US,DC,DCA,A
20437,US,DC,BWI,D
20433,US,DC,BWI,D
20423,US,DC,BWI,D
20419,US,DC,BWI,D
20419,US,DC,DCA,A
20420,US,DC,BWI,D
20420,US,DC,DCA,A
20421,US,DC,BWI,D
20421,US,DC,DCA,A
20428,US,DC,BWI,D
20422,US,DC,DCA,A
20427,US,DC,DCA,A
20423,US,DC,DCA,A
20424,US,DC,BWI,D
20424,US,DC,DCA,A
20425,US,DC,BWI,D
20425,US,DC,DCA,A
20440,US,DC,BWI,D
20422,US,DC,BWI,D
20470,US,DC,BWI,D
20439,US,DC,BWI,D
20463,US,DC,BWI,D
20463,US,DC,DCA,A
20468,US,DC,BWI,D
20468,US,DC,DCA,A
20460,US,DC,BWI,D
20469,US,DC,DCA,A
20456,US,DC,DCA,A
20470,US,DC,DCA,A
20472,US,DC,BWI,D
20472,US,DC,DCA,A
20500,US,DC,BWI,D
20500,US,DC,DCA,A
20501,US,DC,BWI,D
20469,US,DC,BWI,D
20444,US,DC,DCA,A
20416,US,DC,DCA,A
20440,US,DC,DCA,A
20441,US,DC,BWI,D
20441,US,DC,DCA,A
20442,US,DC,BWI,D
20460,US,DC,DCA,A
20444,US,DC,BWI,D
20439,US,DC,DCA,A
20447,US,DC,BWI,D
20451,US,DC,BWI,D
20451,US,DC,DCA,A
20453,US,DC,BWI,D
20453,US,DC,DCA,A
20456,US,DC,BWI,D
20442,US,DC,DCA,A
20393,US,DC,DCA,A
20401,US,DC,BWI,D
20390,US,DC,DCA,C
20391,US,DC,BWI,D
20391,US,DC,DCA,A
20392,US,DC,BWI,D
20389,US,DC,DCA,A
20393,US,DC,BWI,D
20389,US,DC,BWI,D
20394,US,DC,BWI,D
20394,US,DC,DCA,A
20395,US,DC,BWI,D
20395,US,DC,DCA,A
20398,US,DC,BWI,D
20418,US,DC,DCA,A
20392,US,DC,DCA,A
20374,US,DC,DCA,A
20370,US,DC,BWI,D
20370,US,DC,DCA,A
20372,US,DC,BWI,D
20372,US,DC,DCA,A
20373,US,DC,BWI,D
20390,US,DC,BWI,D
20374,US,DC,BWI,D
20401,US,DC,DCA,A
20375,US,DC,BWI,D
20375,US,DC,DCA,A
20380,US,DC,BWI,D
20380,US,DC,DCA,A
20388,US,DC,BWI,D
20388,US,DC,DCA,A
20373,US,DC,DCA,A
20413,US,DC,DCA,A
20398,US,DC,DCA,A
20410,US,DC,DCA,A
20411,US,DC,BWI,D
20411,US,DC,DCA,A
20412,US,DC,BWI,D
20409,US,DC,DCA,A
20413,US,DC,BWI,D
20409,US,DC,BWI,D
20414,US,DC,BWI,D
20414,US,DC,DCA,A
20415,US,DC,BWI,D
20415,US,DC,DCA,A
20416,US,DC,BWI,D
20502,US,DC,DCA,A
20412,US,DC,DCA,A
20405,US,DC,DCA,A
20402,US,DC,BWI,D
20402,US,DC,DCA,A
20403,US,DC,BWI,D
20403,US,DC,DCA,A
20404,US,DC,BWI,D
20410,US,DC,BWI,D
20405,US,DC,BWI,D
20418,US,DC,BWI,D
20406,US,DC,BWI,D
20406,US,DC,DCA,A
20407,US,DC,BWI,D
20407,US,DC,DCA,A
20408,US,DC,BWI,D
20408,US,DC,DCA,A
20404,US,DC,DCA,A
20566,US,DC,DCA,A
20573,US,DC,BWI,D
20559,US,DC,DCA,A
20560,US,DC,BWI,D
20560,US,DC,DCA,A
20565,US,DC,BWI,D
20558,US,DC,DCA,A
20566,US,DC,BWI,D
20558,US,DC,BWI,D
20570,US,DC,BWI,D
20570,US,DC,DCA,A
20571,US,DC,BWI,D
20571,US,DC,DCA,A
20572,US,DC,BWI,D
20501,US,DC,DCA,A
20565,US,DC,DCA,A
20553,US,DC,DCA,A
20550,US,DC,BWI,D
20550,US,DC,DCA,A
20551,US,DC,BWI,D
20551,US,DC,DCA,A
20552,US,DC,BWI,D
20559,US,DC,BWI,D
20553,US,DC,BWI,D
20573,US,DC,DCA,A
20554,US,DC,BWI,D
20554,US,DC,DCA,A
20555,US,DC,BWI,D
20555,US,DC,DCA,B
20557,US,DC,BWI,D
20557,US,DC,DCA,A
20552,US,DC,DCA,B
20594,US,DC,BWI,D
20572,US,DC,DCA,A
20590,US,DC,BWI,D
20590,US,DC,DCA,A
20591,US,DC,BWI,D
20591,US,DC,DCA,A
20586,US,DC,BWI,D
20593,US,DC,DCA,A
20585,US,DC,DCA,A
20594,US,DC,DCA,A
20597,US,DC,BWI,D
20597,US,DC,DCA,A
20599,US,DC,BWI,D
20599,US,DC,DCA,A
20008,US,DC,DCA,A
20593,US,DC,BWI,D
20579,US,DC,BWI,D
20575,US,DC,BWI,D
20575,US,DC,DCA,A
20576,US,DC,BWI,D
20576,US,DC,DCA,A
20577,US,DC,BWI,D
20586,US,DC,DCA,A
20578,US,DC,BWI,D
20548,US,DC,DCA,A
20579,US,DC,DCA,A
20580,US,DC,BWI,D
20580,US,DC,DCA,A
20581,US,DC,BWI,D
20581,US,DC,DCA,A
20585,US,DC,BWI,D
20577,US,DC,DCA,A
20525,US,DC,BWI,D
20549,US,DC,DCA,A
20521,US,DC,BWI,D
20521,US,DC,DCA,A
20523,US,DC,BWI,D
20523,US,DC,DCA,A
20520,US,DC,BWI,D
20524,US,DC,DCA,A
20515,US,DC,DCA,A
20525,US,DC,DCA,A
20526,US,DC,BWI,D
20526,US,DC,DCA,A
20527,US,DC,BWI,D
20527,US,DC,DCA,A
20530,US,DC,BWI,D
20524,US,DC,BWI,D
20506,US,DC,BWI,D
20534,US,DC,DCA,A
20503,US,DC,BWI,D
20503,US,DC,DCA,A
20504,US,DC,BWI,D
20504,US,DC,DCA,A
20520,US,DC,DCA,A
20505,US,DC,DCA,A
20531,US,DC,DCA,A
20506,US,DC,DCA,A
20507,US,DC,BWI,D
20507,US,DC,DCA,A
20510,US,DC,BWI,D
20510,US,DC,DCA,A
20515,US,DC,BWI,D
20505,US,DC,BWI,D
20544,US,DC,DCA,A
20541,US,DC,BWI,D
20541,US,DC,DCA,A
20542,US,DC,BWI,D
20542,US,DC,DCA,A
20543,US,DC,BWI,D
20530,US,DC,DCA,A
20544,US,DC,BWI,D
20539,US,DC,DCA,A
20546,US,DC,BWI,D
20546,US,DC,DCA,A
20547,US,DC,BWI,D
20547,US,DC,DCA,A
20548,US,DC,BWI,D
20502,US,DC,BWI,D
20543,US,DC,DCA,A
20536,US,DC,DCA,A
20549,US,DC,BWI,D
20532,US,DC,BWI,D
20532,US,DC,DCA,A
20533,US,DC,BWI,D
20533,US,DC,DCA,A
20534,US,DC,BWI,D
20540,US,DC,DCA,A
20536,US,DC,BWI,D
20540,US,DC,BWI,D
20537,US,DC,BWI,D
20537,US,DC,DCA,A
20538,US,DC,BWI,D
20538,US,DC,DCA,A
20539,US,DC,BWI,D
20531,US,DC,BWI,D
20535,US,DC,BWI,D
20063,US,DC,BWI,D
20066,US,DC,DCA,A
20060,US,DC,BWI,D
20060,US,DC,DCA,A
20061,US,DC,BWI,D
20061,US,DC,DCA,A
20059,US,DC,BWI,D
20062,US,DC,DCA,A
20058,US,DC,DCA,A
20063,US,DC,DCA,A
20064,US,DC,BWI,D
20064,US,DC,DCA,A
20065,US,DC,BWI,D
20065,US,DC,DCA,A
20050,US,DC,BWI,D
20062,US,DC,BWI,D
20055,US,DC,BWI,D
20090,US,DC,DCA,A
20051,US,DC,BWI,D
20051,US,DC,DCA,A
20052,US,DC,BWI,D
20052,US,DC,DCA,A
20059,US,DC,DCA,A
20053,US,DC,DCA,A
20067,US,DC,BWI,D
20055,US,DC,DCA,A
20056,US,DC,BWI,D
20056,US,DC,DCA,A
20057,US,DC,BWI,D
20057,US,DC,DCA,A
20058,US,DC,BWI,D
20053,US,DC,BWI,D
20081,US,DC,BWI,D
20066,US,DC,BWI,D
20077,US,DC,BWI,D
20077,US,DC,DCA,A
20078,US,DC,BWI,D
20078,US,DC,DCA,A
20076,US,DC,BWI,D
20080,US,DC,DCA,A
20075,US,DC,DCA,A
20081,US,DC,DCA,A
20082,US,DC,BWI,D
20082,US,DC,DCA,A
20088,US,DC,BWI,D
20088,US,DC,DCA,A
20090,US,DC,BWI,D
20080,US,DC,BWI,D
20071,US,DC,BWI,D
20067,US,DC,DCA,A
20068,US,DC,BWI,D
20068,US,DC,DCA,A
20069,US,DC,BWI,D
20069,US,DC,DCA,A
20076,US,DC,DCA,A
20070,US,DC,DCA,A
20049,US,DC,DCA,A
20071,US,DC,DCA,A
20073,US,DC,BWI,D
20073,US,DC,DCA,A
20074,US,DC,BWI,D
20074,US,DC,DCA,A
20075,US,DC,BWI,D
20070,US,DC,BWI,D
20020,US,DC,DCA,A
20029,US,DC,DCA,A
20017,US,DC,DCA,A
20018,US,DC,BWI,D
20018,US,DC,DCA,A
20019,US,DC,BWI,D
20016,US,DC,DCA,A
20020,US,DC,BWI,D
20016,US,DC,BWI,D
20024,US,DC,BWI,D
20024,US,DC,DCA,A
20026,US,DC,BWI,D
20026,US,DC,DCA,A
20027,US,DC,BWI,D
20050,US,DC,DCA,A
20019,US,DC,DCA,A
20011,US,DC,DCA,A
20535,US,DC,DCA,A
20350,US,DC,BWI,D
20009,US,DC,BWI,D
20009,US,DC,DCA,A
20010,US,DC,BWI,D
20017,US,DC,BWI,D
20011,US,DC,BWI,D
20030,US,DC,BWI,D
20012,US,DC,BWI,D
20012,US,DC,DCA,A
20013,US,DC,BWI,D
20013,US,DC,DCA,A
20015,US,DC,BWI,D
20015,US,DC,DCA,A
20010,US,DC,DCA,A
20045,US,DC,BWI,D
20029,US,DC,BWI,D
20042,US,DC,BWI,D
20042,US,DC,DCA,A
20043,US,DC,BWI,D
20043,US,DC,DCA,A
20041,US,DC,BWI,D
20044,US,DC,DCA,A
20040,US,DC,DCA,A
20045,US,DC,DCA,A
20046,US,DC,BWI,D
20046,US,DC,DCA,A
20047,US,DC,BWI,D
20047,US,DC,DCA,A
20049,US,DC,BWI,D
20044,US,DC,BWI,D
20036,US,DC,BWI,D
20030,US,DC,DCA,A
20032,US,DC,BWI,D
20032,US,DC,DCA,A
20033,US,DC,BWI,D
20033,US,DC,DCA,A
20041,US,DC,DCA,B
20035,US,DC,DCA,A
20040,US,DC,BWI,D
20036,US,DC,DCA,A
20037,US,DC,BWI,D
20037,US,DC,DCA,A
20038,US,DC,BWI,D
20038,US,DC,DCA,A
20039,US,DC,DCA,A
20035,US,DC,BWI,D
20261,US,DC,DCA,A
20233,US,DC,BWI,D
20250,US,DC,DCA,A
20251,US,DC,BWI,D
20251,US,DC,DCA,A
20260,US,DC,BWI,D
20245,US,DC,DCA,A
20261,US,DC,BWI,D
20245,US,DC,BWI,D
20265,US,DC,BWI,D
20265,US,DC,DCA,A
20266,US,DC,BWI,D
20266,US,DC,DCA,A
20268,US,DC,BWI,D
20268,US,DC,DCA,A
20260,US,DC,DCA,A
20240,US,DC,DCA,A
20233,US,DC,DCA,A
20235,US,DC,BWI,D
20235,US,DC,DCA,A
20238,US,DC,BWI,D
20239,US,DC,BWI,D
20250,US,DC,BWI,D
20240,US,DC,BWI,D
20277,US,DC,BWI,D
20241,US,DC,BWI,D
20241,US,DC,DCA,A
20242,US,DC,BWI,D
20242,US,DC,DCA,A
20244,US,DC,BWI,D
20244,US,DC,DCA,A
20239,US,DC,DCA,A
20337,US,DC,BWI,D
20317,US,DC,DCA,A
20318,US,DC,BWI,D
20318,US,DC,DCA,A
20319,US,DC,BWI,D
20319,US,DC,DCA,A
20270,US,DC,BWI,D
20330,US,DC,DCA,A
20315,US,DC,BWI,D
20337,US,DC,DCA,A
20338,US,DC,BWI,D
20091,US,DC,BWI,D
20039,US,DC,BWI,D
20340,US,DC,BWI,D
20340,US,DC,DCA,A
20330,US,DC,BWI,D
20307,US,DC,BWI,D
20299,US,DC,DCA,A
20289,US,DC,BWI,D
20289,US,DC,DCA,A
20299,US,DC,BWI,D
20338,US,DC,DCA,A
20301,US,DC,BWI,D
20317,US,DC,BWI,D
20306,US,DC,DCA,A
20315,US,DC,DCA,B
20307,US,DC,DCA,A
20310,US,DC,BWI,D
20310,US,DC,DCA,A
20314,US,DC,BWI,D
20314,US,DC,DCA,A
20270,US,DC,DCA,A
20306,US,DC,BWI,D
20213,US,DC,BWI,D
20216,US,DC,DCA,A
20208,US,DC,DCA,A
20210,US,DC,BWI,D
20210,US,DC,DCA,A
20211,US,DC,BWI,D
20211,US,DC,DCA,A
20207,US,DC,DCA,A
20212,US,DC,DCA,A
20206,US,DC,DCA,A
20213,US,DC,DCA,A
20214,US,DC,BWI,D
20214,US,DC,DCA,A
20215,US,DC,BWI,D
20215,US,DC,DCA,A
20216,US,DC,BWI,D
20212,US,DC,BWI,D
20202,US,DC,BWI,D
20097,US,DC,BWI,D
20097,US,DC,DCA,A
20098,US,DC,BWI,D
20301,US,DC,DCA,A
20232,US,DC,DCA,A
20098,US,DC,DCA,A
20208,US,DC,BWI,D
20201,US,DC,DCA,A
20207,US,DC,BWI,D
20202,US,DC,DCA,A
20203,US,DC,BWI,D
20203,US,DC,DCA,A
20204,US,DC,BWI,D
20204,US,DC,DCA,A
20091,US,DC,DCA,A
20201,US,DC,BWI,D
20229,US,DC,BWI,D
20223,US,DC,DCA,A
20224,US,DC,BWI,D
20224,US,DC,DCA,A
20226,US,DC,BWI,D
20226,US,DC,DCA,A
20227,US,DC,DCA,A
20223,US,DC,BWI,D
20228,US,DC,DCA,A
20227,US,DC,BWI,D
20229,US,DC,DCA,A
20217,US,DC,BWI,D
20206,US,DC,BWI,D
20230,US,DC,BWI,D
20230,US,DC,DCA,A
20231,US,DC,DCA,A
20231,US,DC,BWI,D
20220,US,DC,BWI,D
20218,US,DC,DCA,A
20228,US,DC,BWI,D
20218,US,DC,BWI,D
20222,US,DC,DCA,A
20219,US,DC,DCA,A
20219,US,DC,BWI,D
20232,US,DC,BWI,D
20220,US,DC,DCA,A
20221,US,DC,BWI,D
20221,US,DC,DCA,A
20222,US,DC,BWI,D
20217,US,DC,DCA,A
20405,US,DC,IAD,B
20301,US,DC,IAD,B
20244,US,DC,IAD,A
20245,US,DC,IAD,B
20250,US,DC,IAD,B
20251,US,DC,IAD,B
20241,US,DC,IAD,B
20261,US,DC,IAD,B
20240,US,DC,IAD,B
20265,US,DC,IAD,B
20266,US,DC,IAD,B
20268,US,DC,IAD,B
20270,US,DC,IAD,B
20289,US,DC,IAD,B
20318,US,DC,IAD,B
20260,US,DC,IAD,B
20409,US,DC,IAD,B
20227,US,DC,IAD,B
20228,US,DC,IAD,B
20410,US,DC,IAD,B
20229,US,DC,IAD,B
20230,US,DC,IAD,B
20242,US,DC,IAD,B
20232,US,DC,IAD,B
20306,US,DC,IAD,B
20408,US,DC,IAD,B
20407,US,DC,IAD,B
20233,US,DC,IAD,B
20406,US,DC,IAD,B
20235,US,DC,IAD,B
20239,US,DC,IAD,B
20231,US,DC,IAD,B
20390,US,DC,IAD,C
20299,US,DC,IAD,B
20393,US,DC,IAD,B
20340,US,DC,IAD,B
20350,US,DC,IAD,B
20392,US,DC,IAD,B
20338,US,DC,IAD,B
20391,US,DC,IAD,B
20337,US,DC,IAD,B
20372,US,DC,IAD,B
20373,US,DC,IAD,B
20374,US,DC,IAD,B
20389,US,DC,IAD,B
20388,US,DC,IAD,B
20380,US,DC,IAD,B
20370,US,DC,IAD,B
20402,US,DC,IAD,B
20307,US,DC,IAD,B
20404,US,DC,IAD,B
20310,US,DC,IAD,B
20550,US,DC,IAD,B
20403,US,DC,IAD,B
20394,US,DC,IAD,B
20317,US,DC,IAD,B
20375,US,DC,IAD,B
20401,US,DC,IAD,B
20398,US,DC,IAD,B
20218,US,DC,IAD,B
20319,US,DC,IAD,B
20395,US,DC,IAD,B
20330,US,DC,IAD,B
20315,US,DC,IAD,B
20065,US,DC,IAD,B
20074,US,DC,IAD,B
20058,US,DC,IAD,B
20059,US,DC,IAD,B
20060,US,DC,IAD,B
20061,US,DC,IAD,B
20062,US,DC,IAD,B
20056,US,DC,IAD,B
20064,US,DC,IAD,B
20055,US,DC,IAD,B
20066,US,DC,IAD,B
20067,US,DC,IAD,B
20068,US,DC,IAD,B
20069,US,DC,IAD,B
20070,US,DC,IAD,B
20071,US,DC,IAD,B
20220,US,DC,IAD,B
20063,US,DC,IAD,B
20045,US,DC,IAD,B
20037,US,DC,IAD,B
20038,US,DC,IAD,B
20039,US,DC,IAD,B
20040,US,DC,IAD,B
20041,US,DC,IAD,A
20042,US,DC,IAD,B
20057,US,DC,IAD,B
20044,US,DC,IAD,B
20075,US,DC,IAD,B
20046,US,DC,IAD,B
20047,US,DC,IAD,B
20049,US,DC,IAD,B
20050,US,DC,IAD,B
20051,US,DC,IAD,B
20052,US,DC,IAD,B
20053,US,DC,IAD,B
20043,US,DC,IAD,B
20217,US,DC,IAD,B
20073,US,DC,IAD,B
20210,US,DC,IAD,B
20211,US,DC,IAD,B
20212,US,DC,IAD,B
20213,US,DC,IAD,B
20214,US,DC,IAD,B
20207,US,DC,IAD,B
20216,US,DC,IAD,B
20206,US,DC,IAD,B
20314,US,DC,IAD,B
20219,US,DC,IAD,B
20411,US,DC,IAD,B
20221,US,DC,IAD,B
20222,US,DC,IAD,B
20223,US,DC,IAD,B
20224,US,DC,IAD,B
20215,US,DC,IAD,B
20090,US,DC,IAD,B
20076,US,DC,IAD,B
20077,US,DC,IAD,B
20036,US,DC,IAD,B
20078,US,DC,IAD,B
20080,US,DC,IAD,B
20081,US,DC,IAD,B
20208,US,DC,IAD,B
20088,US,DC,IAD,B
20226,US,DC,IAD,B
20091,US,DC,IAD,B
20097,US,DC,IAD,B
20098,US,DC,IAD,B
20201,US,DC,IAD,B
20202,US,DC,IAD,B
20203,US,DC,IAD,B
20204,US,DC,IAD,B
20082,US,DC,IAD,B
20599,US,DC,IAD,B
20472,US,DC,IAD,B
20500,US,DC,IAD,B
20501,US,DC,IAD,B
20502,US,DC,IAD,B
20542,US,DC,IAD,B
20594,US,DC,IAD,B
20581,US,DC,IAD,B
20597,US,DC,IAD,B
20468,US,DC,IAD,B
20035,US,DC,IAD,B
20504,US,DC,IAD,B
20505,US,DC,IAD,B
20506,US,DC,IAD,B
20507,US,DC,IAD,B
20510,US,DC,IAD,B
20515,US,DC,IAD,B
20503,US,DC,IAD,B
20585,US,DC,IAD,B
20547,US,DC,IAD,B
20546,US,DC,IAD,B
20441,US,DC,IAD,B
20442,US,DC,IAD,B
20444,US,DC,IAD,B
20451,US,DC,IAD,B
20453,US,DC,IAD,B
20470,US,DC,IAD,B
20460,US,DC,IAD,B
20469,US,DC,IAD,B
20586,US,DC,IAD,B
20544,US,DC,IAD,B
20590,US,DC,IAD,B
20166,US,DC,IAD,A
20463,US,DC,IAD,B
20593,US,DC,IAD,B
20523,US,DC,IAD,B
20456,US,DC,IAD,B
20472,US,DC,IAD,B
20520,US,DC,IAD,B
20020,US,DC,IAD,B
20019,US,DC,IAD,B
20018,US,DC,IAD,B
20537,US,DC,IAD,B
20538,US,DC,IAD,B
20539,US,DC,IAD,B
20026,US,DC,IAD,B
20541,US,DC,IAD,B
20412,US,DC,IAD,B
20024,US,DC,IAD,B
20319,US,DC,IAD,B
20390,US,DC,IAD,C
20370,US,DC,IAD,B
20050,US,DC,IAD,B
20001,US,DC,IAD,B
20301,US,DC,IAD,B
20540,US,DC,IAD,B
20532,US,DC,IAD,B
20543,US,DC,IAD,B
20524,US,DC,IAD,B
20525,US,DC,IAD,B
20526,US,DC,IAD,B
20527,US,DC,IAD,B
20530,US,DC,IAD,B
20033,US,DC,IAD,B
20024,US,DC,IAD,B
20531,US,DC,IAD,B
20521,US,DC,IAD,B
20030,US,DC,IAD,B
20533,US,DC,IAD,B
20534,US,DC,IAD,B
20029,US,DC,IAD,B
20027,US,DC,IAD,B
20535,US,DC,IAD,B
20536,US,DC,IAD,B
20032,US,DC,IAD,B
20591,US,DC,IAD,B
20429,US,DC,IAD,B
20428,US,DC,IAD,B
20553,US,DC,IAD,B
20555,US,DC,IAD,B
20427,US,DC,IAD,B
20425,US,DC,IAD,B
20418,US,DC,IAD,B
20419,US,DC,IAD,B
20420,US,DC,IAD,B
20421,US,DC,IAD,B
20431,US,DC,IAD,B
20422,US,DC,IAD,B
20416,US,DC,IAD,B
20571,US,DC,IAD,B
20423,US,DC,IAD,B
20424,US,DC,IAD,B
20554,US,DC,IAD,B
20570,US,DC,IAD,B
20566,US,DC,IAD,B
20565,US,DC,IAD,B
20560,US,DC,IAD,B
20559,US,DC,IAD,B
20558,US,DC,IAD,B
20557,US,DC,IAD,B
20572,US,DC,IAD,B
20549,US,DC,IAD,B
20439,US,DC,IAD,B
20552,US,DC,IAD,A
20436,US,DC,IAD,B
20435,US,DC,IAD,B
20573,US,DC,IAD,B
20415,US,DC,IAD,B
20440,US,DC,IAD,B
20575,US,DC,IAD,B
20433,US,DC,IAD,B
20576,US,DC,IAD,B
20577,US,DC,IAD,B
20548,US,DC,IAD,B
20579,US,DC,IAD,B
20580,US,DC,IAD,B
20414,US,DC,IAD,B
20551,US,DC,IAD,B
20413,US,DC,IAD,B
20024,US,DC,DCA,A
20024,US,DC,BWI,D
20007,US,DC,DCA,A
20006,US,DC,BWI,D
20472,US,DC,BWI,D
20008,US,DC,BWI,D
20007,US,DC,BWI,D
20319,US,DC,BWI,D
20006,US,DC,DCA,A
20472,US,DC,DCA,A
20003,US,DC,DCA,A
20002,US,DC,BWI,D
20005,US,DC,DCA,A
20002,US,DC,DCA,A
20003,US,DC,BWI,D
20001,US,DC,DCA,A
20001,US,DC,BWI,D
20001,US,DC,DCA,A
20004,US,DC,BWI,D
20301,US,DC,DCA,A
20301,US,DC,BWI,D
20390,US,DC,BWI,D
20004,US,DC,DCA,A
20390,US,DC,DCA,C
20005,US,DC,BWI,D
20370,US,DC,BWI,D
20370,US,DC,DCA,A
20319,US,DC,DCA,A
20050,US,DC,BWI,D
20050,US,DC,DCA,A
19971,US,DE,BWI,N
19732,US,DE,PHL,C
19808,US,DE,PHL,C
19733,US,DE,PHL,D
19702,US,DE,PHL,D
19973,US,DE,BWI,M
19715,US,DE,PHL,D
19714,US,DE,PHL,D
19804,US,DE,PHL,C
19713,US,DE,PHL,D
19712,US,DE,PHL,D
19711,US,DE,PHL,D
19804,US,DE,PHL,C
19808,US,DE,PHL,C
19703,US,DE,PHL,C
19706,US,DE,PHL,D
19971,US,DE,BWI,N
19809,US,DE,PHL,C
19701,US,DE,PHL,D
19810,US,DE,PHL,C
19710,US,DE,PHL,C
19807,US,DE,PHL,C
19721,US,DE,PHL,C
19803,US,DE,PHL,C
19720,US,DE,PHL,D
19973,US,DE,BWI,M
19884,US,DE,PHL,C
19707,US,DE,PHL,C
19720,US,DE,PHL,D
19805,US,DE,PHL,C
19889,US,DE,PHL,C
19899,US,DE,PHL,C
19898,US,DE,PHL,C
19897,US,DE,PHL,C
19896,US,DE,PHL,C
19895,US,DE,PHL,C
19894,US,DE,PHL,C
19893,US,DE,PHL,C
19892,US,DE,PHL,C
19736,US,DE,PHL,C
19806,US,DE,PHL,C
19890,US,DE,PHL,C
19801,US,DE,PHL,C
19887,US,DE,PHL,C
19886,US,DE,PHL,C
19807,US,DE,PHL,C
19802,US,DE,PHL,C
19803,US,DE,PHL,C
19804,US,DE,PHL,C
19891,US,DE,PHL,C
19885,US,DE,PHL,C
19809,US,DE,PHL,C
19810,US,DE,PHL,C
19850,US,DE,PHL,C
19880,US,DE,PHL,C
19884,US,DE,PHL,C
19805,US,DE,PHL,C
32561,US,FL,PNS,C
32448,US,FL,PNS,M
32570,US,FL,MOB,I
32343,US,FL,MOB,M
32568,US,FL,MOB,I
32537,US,FL,MOB,I
32569,US,FL,MOB,I
32561,US,FL,MOB,I
32448,US,FL,MOB,M
32447,US,FL,PNS,M
32447,US,FL,MOB,M
32446,US,FL,PNS,M
32446,US,FL,MOB,M
32444,US,FL,MOB,K
32507,US,FL,PNS,D
32507,US,FL,MOB,J
32571,US,FL,MOB,I
32544,US,FL,MOB,I
32565,US,FL,MOB,L
32509,US,FL,MOB,H
32588,US,FL,MOB,I
32433,US,FL,MOB,L
32578,US,FL,MOB,I
32564,US,FL,MOB,I
32512,US,FL,PNS,B
32512,US,FL,MOB,H
32570,US,FL,PNS,C
32566,US,FL,MOB,I
32509,US,FL,PNS,B
32572,US,FL,MOB,I
32508,US,FL,PNS,B
32508,US,FL,MOB,H
32511,US,FL,PNS,B
32511,US,FL,MOB,H
32434,US,FL,MOB,L
32577,US,FL,MOB,J
32550,US,FL,MOB,I
32583,US,FL,MOB,I
32570,US,FL,MOB,I
32404,US,FL,MOB,K
32435,US,FL,MOB,L
32536,US,FL,MOB,I
32431,US,FL,PNS,M
32431,US,FL,MOB,M
32533,US,FL,PNS,C
32533,US,FL,MOB,I
32535,US,FL,MOB,L
32408,US,FL,MOB,K
32404,US,FL,PNS,E
32433,US,FL,PNS,F
32505,US,FL,PNS,B
32505,US,FL,MOB,H
32425,US,FL,MOB,L
32424,US,FL,PNS,M
32424,US,FL,MOB,M
32526,US,FL,PNS,B
32526,US,FL,MOB,H
32531,US,FL,MOB,I
32533,US,FL,MOB,I
32547,US,FL,MOB,I
32563,US,FL,MOB,I
32566,US,FL,MOB,I
32562,US,FL,MOB,H
32561,US,FL,MOB,H
32442,US,FL,MOB,L
32560,US,FL,MOB,I
32439,US,FL,MOB,J
32539,US,FL,MOB,I
32548,US,FL,MOB,I
32563,US,FL,PNS,C
32514,US,FL,PNS,B
32514,US,FL,MOB,H
32542,US,FL,MOB,I
32437,US,FL,MOB,L
32542,US,FL,MOB,I
32550,US,FL,MOB,J
32541,US,FL,MOB,J
32571,US,FL,MOB,I
32549,US,FL,MOB,I
32301,US,FL,PNS,M
32307,US,FL,PNS,M
32307,US,FL,MOB,M
32306,US,FL,PNS,M
32306,US,FL,MOB,M
32305,US,FL,PNS,M
32305,US,FL,MOB,M
32304,US,FL,PNS,M
32304,US,FL,MOB,M
32303,US,FL,PNS,M
32303,US,FL,MOB,M
32351,US,FL,PNS,M
32302,US,FL,MOB,M
32309,US,FL,MOB,M
32301,US,FL,MOB,M
32401,US,FL,PNS,E
32401,US,FL,MOB,K
32409,US,FL,MOB,L
32579,US,FL,MOB,I
32459,US,FL,MOB,K
32550,US,FL,MOB,J
32541,US,FL,MOB,J
32461,US,FL,MOB,K
32352,US,FL,PNS,M
32406,US,FL,MOB,K
32302,US,FL,PNS,M
32314,US,FL,PNS,M
32547,US,FL,PNS,C
32547,US,FL,MOB,I
32461,US,FL,MOB,J
32506,US,FL,PNS,B
32506,US,FL,MOB,H
32580,US,FL,MOB,I
32403,US,FL,MOB,L
32317,US,FL,PNS,M
32317,US,FL,MOB,M
32316,US,FL,PNS,M
32316,US,FL,MOB,M
32308,US,FL,MOB,M
32315,US,FL,MOB,M
32308,US,FL,PNS,M
32314,US,FL,MOB,M
32313,US,FL,PNS,M
32313,US,FL,MOB,M
32312,US,FL,PNS,M
32312,US,FL,MOB,M
32311,US,FL,PNS,M
32311,US,FL,MOB,M
32310,US,FL,PNS,M
32310,US,FL,MOB,M
32309,US,FL,PNS,M
32351,US,FL,MOB,M
32315,US,FL,PNS,M
32461,US,FL,MOB,K
32509,US,FL,MOB,G
32508,US,FL,MOB,H
32507,US,FL,MOB,H
32506,US,FL,MOB,H
32505,US,FL,MOB,H
32504,US,FL,MOB,G
32503,US,FL,MOB,G
32502,US,FL,MOB,G
32501,US,FL,MOB,G
32417,US,FL,MOB,K
32352,US,FL,MOB,M
32407,US,FL,MOB,K
32513,US,FL,MOB,H
32417,US,FL,MOB,K
32413,US,FL,MOB,K
32412,US,FL,MOB,K
32411,US,FL,MOB,K
32409,US,FL,MOB,K
32407,US,FL,MOB,K
32530,US,FL,MOB,I
32405,US,FL,MOB,K
32404,US,FL,MOB,K
32403,US,FL,MOB,L
32402,US,FL,MOB,K
32413,US,FL,MOB,K
32559,US,FL,MOB,H
32455,US,FL,MOB,L
32534,US,FL,PNS,C
32534,US,FL,MOB,I
32507,US,FL,PNS,D
32507,US,FL,MOB,J
32561,US,FL,MOB,I
32597,US,FL,MOB,H
32595,US,FL,MOB,H
32593,US,FL,MOB,H
32592,US,FL,MOB,H
32591,US,FL,MOB,H
32511,US,FL,MOB,H
32559,US,FL,PNS,B
32512,US,FL,MOB,H
32534,US,FL,MOB,H
32526,US,FL,MOB,H
32524,US,FL,MOB,H
32523,US,FL,MOB,H
32522,US,FL,MOB,H
32521,US,FL,PNS,B
32521,US,FL,MOB,H
32520,US,FL,MOB,H
32516,US,FL,MOB,H
32514,US,FL,MOB,H
32401,US,FL,MOB,K
32590,US,FL,MOB,H
32570,US,FL,MOB,I
32570,US,FL,PNS,C
32540,US,FL,MOB,J
32420,US,FL,MOB,L
33915,US,FL,TPA,K
33910,US,FL,TPA,K
32550,US,FL,PNS,C
33430,US,FL,MIA,Y
32435,US,FL,PNS,F
34136,US,FL,TPA,K
34133,US,FL,TPA,K
34119,US,FL,MIA,Y
33526,US,FL,TPA,H
34603,US,FL,TPA,H
33050,US,FL,MIA,Y
32455,US,FL,PNS,F
34972,US,FL,MIA,Y
33757,US,FL,TPA,B
33758,US,FL,TPA,B
33766,US,FL,TPA,B
33438,US,FL,MIA,Y
33440,US,FL,MIA,Y
33406,US,FL,MIA,G
32966,US,FL,MIA,Y
34108,US,FL,MIA,Y
32461,US,FL,PNS,E
33509,US,FL,TPA,C
33910,US,FL,TPA,K
32461,US,FL,PNS,D
33424,US,FL,MIA,F
33425,US,FL,MIA,F
32420,US,FL,PNS,F
33438,US,FL,MIA,Y
33910,US,FL,TPA,K
32461,US,FL,PNS,E
32550,US,FL,PNS,D
33775,US,FL,TPA,C
34611,US,FL,TPA,J
33508,US,FL,TPA,C
33775,US,FL,TPA,C
34423,US,FL,TPA,K
33831,US,FL,TPA,E
32461,US,FL,PNS,E
32539,US,FL,PNS,C
33042,US,FL,MIA,Y
33042,US,FL,MIA,Y
32550,US,FL,PNS,D
33826,US,FL,TPA,K
33037,US,FL,MIA,Y
33924,US,FL,TPA,K
33921,US,FL,TPA,K
34265,US,FL,TPA,K
34143,US,FL,TPA,K
34611,US,FL,TPA,J
33764,US,FL,TPA,B
33763,US,FL,TPA,B
33762,US,FL,TPA,B
33755,US,FL,TPA,B
33756,US,FL,TPA,B
33765,US,FL,TPA,B
33759,US,FL,TPA,B
33760,US,FL,TPA,B
33761,US,FL,TPA,B
33767,US,FL,TPA,D
33769,US,FL,TPA,C
33827,US,FL,TPA,L
33834,US,FL,TPA,M
33857,US,FL,TPA,P
33865,US,FL,TPA,Q
33729,US,FL,TPA,C
33513,US,FL,TPA,J
33875,US,FL,TPA,J
33867,US,FL,TPA,I
33859,US,FL,TPA,I
33565,US,FL,TPA,C
33876,US,FL,TPA,J
34288,US,FL,TPA,I
33510,US,FL,TPA,C
33514,US,FL,TPA,J
33538,US,FL,TPA,L
33548,US,FL,TPA,C
33558,US,FL,TPA,C
33523,US,FL,TPA,J
33563,US,FL,TPA,C
33664,US,FL,TPA,A
33567,US,FL,TPA,C
33572,US,FL,TPA,D
33573,US,FL,TPA,D
33576,US,FL,TPA,H
33585,US,FL,TPA,I
33597,US,FL,TPA,M
33650,US,FL,TPA,A
33663,US,FL,TPA,A
33559,US,FL,TPA,C
34135,US,FL,TPA,M
34109,US,FL,TPA,P
34287,US,FL,TPA,I
34269,US,FL,TPA,R
34266,US,FL,TPA,Q
34498,US,FL,TPA,P
34224,US,FL,TPA,J
34212,US,FL,TPA,D
34211,US,FL,TPA,D
34203,US,FL,TPA,D
34428,US,FL,TPA,O
34142,US,FL,TPA,R
34429,US,FL,TPA,O
34134,US,FL,TPA,O
34120,US,FL,TPA,R
34119,US,FL,TPA,P
34117,US,FL,TPA,P
34116,US,FL,TPA,P
34114,US,FL,TPA,P
34113,US,FL,TPA,P
34112,US,FL,TPA,P
34110,US,FL,TPA,P
34145,US,FL,TPA,R
34286,US,FL,TPA,I
34604,US,FL,TPA,H
34484,US,FL,TPA,P
34465,US,FL,TPA,P
34461,US,FL,TPA,M
34607,US,FL,TPA,H
34453,US,FL,TPA,M
34608,US,FL,TPA,H
34609,US,FL,TPA,H
34610,US,FL,TPA,I
34289,US,FL,TPA,I
34450,US,FL,TPA,M
34223,US,FL,TPA,J
33896,US,FL,TPA,I
34449,US,FL,TPA,P
34448,US,FL,TPA,O
34442,US,FL,TPA,O
34436,US,FL,TPA,M
34434,US,FL,TPA,P
34433,US,FL,TPA,P
34432,US,FL,TPA,P
34431,US,FL,TPA,P
34452,US,FL,TPA,M
34251,US,FL,TPA,P
33946,US,FL,TPA,R
33936,US,FL,TPA,O
33935,US,FL,TPA,R
33931,US,FL,TPA,O
33928,US,FL,TPA,Q
33922,US,FL,TPA,R
33919,US,FL,TPA,K
33917,US,FL,TPA,K
33916,US,FL,TPA,K
33947,US,FL,TPA,R
33913,US,FL,TPA,K
33914,US,FL,TPA,L
33912,US,FL,TPA,K
33909,US,FL,TPA,L
33908,US,FL,TPA,K
33907,US,FL,TPA,K
33905,US,FL,TPA,K
33904,US,FL,TPA,L
33903,US,FL,TPA,K
33901,US,FL,TPA,K
33898,US,FL,TPA,I
33897,US,FL,TPA,I
34108,US,FL,TPA,P
33983,US,FL,TPA,K
34105,US,FL,TPA,P
34104,US,FL,TPA,P
34103,US,FL,TPA,P
34102,US,FL,TPA,P
33993,US,FL,TPA,L
33991,US,FL,TPA,L
33990,US,FL,TPA,L
33948,US,FL,TPA,L
33982,US,FL,TPA,K
33981,US,FL,TPA,K
33980,US,FL,TPA,K
33972,US,FL,TPA,O
33971,US,FL,TPA,O
33957,US,FL,TPA,R
33965,US,FL,TPA,K
33950,US,FL,TPA,K
33954,US,FL,TPA,K
33952,US,FL,TPA,K
33955,US,FL,TPA,K
33956,US,FL,TPA,R
33953,US,FL,TPA,K
33463,US,FL,FLL,G
33802,US,FL,MCO,E
33801,US,FL,MCO,E
33467,US,FL,PBI,B
33802,US,FL,TPA,E
33466,US,FL,PBI,B
33803,US,FL,MCO,E
33801,US,FL,TPA,D
33465,US,FL,PBI,B
33464,US,FL,PBI,B
33460,US,FL,PBI,B
33463,US,FL,MIA,J
33462,US,FL,PBI,B
33462,US,FL,MIA,J
33461,US,FL,FLL,G
33810,US,FL,MCO,E
33461,US,FL,MIA,J
33461,US,FL,PBI,B
33462,US,FL,FLL,G
33463,US,FL,PBI,B
33810,US,FL,TPA,D
33815,US,FL,TPA,D
34639,US,FL,TPA,G
33815,US,FL,MCO,E
33462,US,FL,FLL,G
33462,US,FL,MIA,J
34741,US,FL,MCO,B
33813,US,FL,TPA,D
33813,US,FL,MCO,E
33809,US,FL,MCO,E
33811,US,FL,MCO,E
33803,US,FL,TPA,D
33809,US,FL,TPA,D
33807,US,FL,TPA,E
33807,US,FL,MCO,E
33806,US,FL,TPA,E
33806,US,FL,MCO,E
33805,US,FL,TPA,D
33805,US,FL,MCO,E
33804,US,FL,TPA,E
33804,US,FL,MCO,E
33811,US,FL,TPA,D
32815,US,FL,MCO,C
34743,US,FL,MCO,B
34746,US,FL,MCO,B
34745,US,FL,MCO,B
34744,US,FL,MCO,B
34742,US,FL,MCO,B
32656,US,FL,JAX,G
33149,US,FL,MIA,C
33149,US,FL,FLL,D
34759,US,FL,MCO,B
32899,US,FL,MCO,C
33935,US,FL,RSW,D
33256,US,FL,MIA,C
33256,US,FL,FLL,F
33156,US,FL,MIA,C
33462,US,FL,PBI,B
33477,US,FL,MIA,J
33477,US,FL,PBI,C
33156,US,FL,FLL,F
33478,US,FL,PBI,C
33709,US,FL,TPA,C
32744,US,FL,MCO,C
33460,US,FL,FLL,G
33855,US,FL,MCO,F
33853,US,FL,TPA,J
33853,US,FL,MCO,F
34684,US,FL,TPA,C
33403,US,FL,PBI,B
33403,US,FL,MIA,J
33403,US,FL,FLL,G
34758,US,FL,MCO,B
32746,US,FL,MCO,B
33460,US,FL,MIA,J
32744,US,FL,DAB,D
33851,US,FL,TPA,H
33851,US,FL,MCO,D
32054,US,FL,JAX,G
32830,US,FL,MCO,B
33850,US,FL,TPA,H
33850,US,FL,MCO,D
33975,US,FL,RSW,D
32747,US,FL,MCO,C
33470,US,FL,PBI,C
33738,US,FL,TPA,B
33550,US,FL,TPA,C
32751,US,FL,MCO,B
33708,US,FL,TPA,D
33608,US,FL,TPA,A
32063,US,FL,JAX,E
32444,US,FL,PNS,E
33549,US,FL,TPA,C
34145,US,FL,RSW,D
33255,US,FL,FLL,F
34146,US,FL,APF,B
33858,US,FL,MCO,D
32791,US,FL,MCO,B
32779,US,FL,MCO,B
32752,US,FL,MCO,B
32750,US,FL,MCO,B
34228,US,FL,TPA,N
34228,US,FL,SRQ,C
32810,US,FL,MCO,B
32061,US,FL,JAX,G
33073,US,FL,FLL,B
33166,US,FL,FLL,D
32568,US,FL,PNS,C
33026,US,FL,FLL,A
33477,US,FL,FLL,G
32228,US,FL,JAX,C
33909,US,FL,RSW,D
33909,US,FL,APF,C
34753,US,FL,MCO,B
34145,US,FL,APF,B
33073,US,FL,MIA,E
33074,US,FL,MIA,E
33068,US,FL,MIA,E
33068,US,FL,FLL,B
33066,US,FL,MIA,E
33066,US,FL,FLL,B
33065,US,FL,MIA,F
33065,US,FL,FLL,C
33063,US,FL,MIA,F
33063,US,FL,FLL,C
32569,US,FL,PNS,C
33779,US,FL,TPA,B
33319,US,FL,MIA,E
33319,US,FL,FLL,B
33313,US,FL,MIA,E
33313,US,FL,FLL,B
33311,US,FL,MIA,D
33311,US,FL,FLL,A
33309,US,FL,MIA,E
33309,US,FL,FLL,B
32771,US,FL,MCO,C
33308,US,FL,FLL,B
33313,US,FL,FLL,B
33778,US,FL,TPA,C
33777,US,FL,TPA,C
33776,US,FL,TPA,C
33774,US,FL,TPA,B
33773,US,FL,TPA,B
33772,US,FL,TPA,C
33771,US,FL,TPA,B
33770,US,FL,TPA,B
33308,US,FL,MIA,E
34748,US,FL,MCO,E
33465,US,FL,PBI,B
33074,US,FL,FLL,B
33064,US,FL,MIA,F
33064,US,FL,FLL,C
33972,US,FL,RSW,B
33971,US,FL,RSW,B
33936,US,FL,RSW,B
34789,US,FL,MCO,E
33311,US,FL,FLL,A
34749,US,FL,MCO,E
33311,US,FL,MIA,D
33305,US,FL,MIA,D
33305,US,FL,FLL,A
32058,US,FL,JAX,E
34272,US,FL,TPA,L
34272,US,FL,SRQ,C
33319,US,FL,MIA,E
33319,US,FL,FLL,B
33313,US,FL,MIA,E
33547,US,FL,TPA,C
34788,US,FL,MCO,E
33084,US,FL,FLL,A
33027,US,FL,MIA,D
33031,US,FL,FLL,F
33030,US,FL,MIA,C
33030,US,FL,FLL,F
32564,US,FL,PNS,C
34218,US,FL,TPA,L
34218,US,FL,SRQ,C
34217,US,FL,TPA,L
33032,US,FL,FLL,F
33084,US,FL,MIA,D
33032,US,FL,MIA,C
33083,US,FL,MIA,D
33083,US,FL,FLL,A
33081,US,FL,MIA,D
33081,US,FL,FLL,A
33029,US,FL,MIA,D
33029,US,FL,FLL,A
33028,US,FL,MIA,D
33027,US,FL,FLL,A
34217,US,FL,SRQ,C
33090,US,FL,FLL,F
33462,US,FL,FLL,G
32544,US,FL,PNS,C
32703,US,FL,MCO,B
34674,US,FL,TPA,D
34737,US,FL,MCO,D
33039,US,FL,MIA,C
33039,US,FL,FLL,F
33092,US,FL,MIA,C
33031,US,FL,MIA,C
33090,US,FL,MIA,C
33026,US,FL,MIA,D
33039,US,FL,MIA,C
33039,US,FL,FLL,F
33035,US,FL,MIA,C
33035,US,FL,FLL,F
33034,US,FL,MIA,C
33034,US,FL,FLL,F
33033,US,FL,MIA,C
33033,US,FL,FLL,F
33092,US,FL,FLL,F
33015,US,FL,MIA,B
33028,US,FL,FLL,A
33846,US,FL,TPA,G
33846,US,FL,MCO,E
33487,US,FL,PBI,C
33487,US,FL,MIA,F
33487,US,FL,FLL,C
32643,US,FL,JAX,G
32818,US,FL,MCO,B
33062,US,FL,FLL,B
33016,US,FL,FLL,D
33062,US,FL,MIA,E
33015,US,FL,FLL,D
33014,US,FL,MIA,B
33014,US,FL,FLL,D
33013,US,FL,MIA,A
33013,US,FL,FLL,D
33012,US,FL,MIA,A
33166,US,FL,MIA,A
33027,US,FL,MIA,D
33016,US,FL,MIA,A
33020,US,FL,MIA,D
33025,US,FL,MIA,D
33025,US,FL,FLL,A
33024,US,FL,MIA,E
33024,US,FL,FLL,B
33023,US,FL,MIA,E
33023,US,FL,FLL,B
33022,US,FL,MIA,D
33022,US,FL,FLL,A
32046,US,FL,JAX,E
33021,US,FL,FLL,A
34142,US,FL,APF,C
33020,US,FL,FLL,A
33019,US,FL,MIA,D
33019,US,FL,FLL,A
32117,US,FL,MCO,F
32117,US,FL,DAB,A
32147,US,FL,JAX,G
33475,US,FL,PBI,C
33455,US,FL,PBI,C
33021,US,FL,MIA,D
32234,US,FL,JAX,D
33462,US,FL,MIA,J
32246,US,FL,JAX,E
32245,US,FL,JAX,B
32244,US,FL,JAX,C
32241,US,FL,JAX,B
32240,US,FL,JAX,C
32239,US,FL,JAX,C
32238,US,FL,JAX,C
32250,US,FL,JAX,C
32236,US,FL,JAX,B
32254,US,FL,JAX,B
32233,US,FL,JAX,C
32232,US,FL,JAX,B
32231,US,FL,JAX,B
32230,US,FL,JAX,B
32229,US,FL,JAX,A
32228,US,FL,JAX,C
32227,US,FL,JAX,C
32226,US,FL,JAX,B
32237,US,FL,JAX,B
32250,US,FL,JAX,C
33468,US,FL,PBI,C
33458,US,FL,PBI,C
33408,US,FL,PBI,B
33408,US,FL,MIA,J
33408,US,FL,FLL,G
33880,US,FL,TPA,F
33880,US,FL,MCO,E
34957,US,FL,PBI,E
32247,US,FL,JAX,C
32212,US,FL,JAX,B
32223,US,FL,JAX,C
32240,US,FL,JAX,C
32276,US,FL,JAX,C
32267,US,FL,JAX,C
32259,US,FL,JAX,C
32258,US,FL,JAX,C
32257,US,FL,JAX,B
32256,US,FL,JAX,B
32255,US,FL,JAX,B
32565,US,FL,PNS,F
32937,US,FL,MCO,D
32099,US,FL,JAX,C
32218,US,FL,JAX,A
32149,US,FL,JAX,G
32148,US,FL,JAX,G
33848,US,FL,MCO,D
34956,US,FL,PBI,J
33786,US,FL,TPA,D
33785,US,FL,TPA,D
32225,US,FL,JAX,C
33855,US,FL,MCO,F
32203,US,FL,JAX,A
32937,US,FL,MCO,D
33154,US,FL,MIA,C
33154,US,FL,FLL,F
32903,US,FL,MCO,D
34143,US,FL,RSW,D
34143,US,FL,APF,C
34142,US,FL,RSW,D
33469,US,FL,PBI,C
32963,US,FL,MCO,F
32212,US,FL,JAX,B
33462,US,FL,PBI,B
32222,US,FL,JAX,C
32221,US,FL,JAX,B
32220,US,FL,JAX,B
32219,US,FL,JAX,A
32218,US,FL,JAX,A
32217,US,FL,JAX,B
32216,US,FL,JAX,B
32201,US,FL,JAX,A
32214,US,FL,JAX,B
32202,US,FL,JAX,A
32211,US,FL,JAX,B
32210,US,FL,JAX,B
32209,US,FL,JAX,A
32208,US,FL,JAX,A
32207,US,FL,JAX,B
32206,US,FL,JAX,A
32205,US,FL,JAX,A
32204,US,FL,JAX,A
32224,US,FL,JAX,C
32215,US,FL,JAX,C
33119,US,FL,MIA,A
33280,US,FL,FLL,D
33150,US,FL,FLL,D
33138,US,FL,MIA,B
33138,US,FL,FLL,D
33141,US,FL,MIA,C
33141,US,FL,FLL,D
33140,US,FL,MIA,C
33140,US,FL,FLL,D
33153,US,FL,FLL,D
33139,US,FL,FLL,F
33153,US,FL,MIA,B
33119,US,FL,FLL,D
33109,US,FL,MIA,C
33109,US,FL,FLL,D
33296,US,FL,MIA,A
33296,US,FL,FLL,D
33283,US,FL,MIA,A
33283,US,FL,FLL,D
33025,US,FL,MIA,D
33139,US,FL,MIA,C
34292,US,FL,SRQ,C
34755,US,FL,MCO,C
32754,US,FL,MCO,G
32572,US,FL,PNS,C
32301,US,FL,TLH,A
32571,US,FL,PNS,C
32570,US,FL,PNS,C
32537,US,FL,PNS,C
32343,US,FL,PNS,M
33150,US,FL,MIA,B
34292,US,FL,TPA,I
33269,US,FL,MIA,C
32976,US,FL,PBI,K
33266,US,FL,FLL,F
33166,US,FL,MIA,A
33166,US,FL,FLL,D
33168,US,FL,MIA,B
33168,US,FL,FLL,D
33167,US,FL,MIA,A
33167,US,FL,FLL,D
32068,US,FL,JAX,E
33192,US,FL,FLL,D
33280,US,FL,MIA,A
33196,US,FL,MIA,C
33196,US,FL,FLL,D
33195,US,FL,MIA,A
33195,US,FL,FLL,D
33194,US,FL,MIA,B
33194,US,FL,FLL,D
33193,US,FL,MIA,C
33197,US,FL,MIA,A
33192,US,FL,MIA,B
33199,US,FL,FLL,D
33190,US,FL,MIA,C
33190,US,FL,FLL,D
33189,US,FL,MIA,C
33189,US,FL,FLL,D
33188,US,FL,MIA,A
33188,US,FL,FLL,D
33187,US,FL,MIA,C
33187,US,FL,FLL,D
33193,US,FL,FLL,D
33255,US,FL,FLL,F
33269,US,FL,FLL,D
33266,US,FL,FLL,F
33265,US,FL,MIA,B
33265,US,FL,FLL,F
33261,US,FL,MIA,B
33261,US,FL,FLL,D
33257,US,FL,MIA,C
33257,US,FL,FLL,F
33197,US,FL,FLL,D
33256,US,FL,FLL,F
33025,US,FL,FLL,A
33247,US,FL,FLL,F
33245,US,FL,FLL,F
33243,US,FL,MIA,B
33243,US,FL,FLL,F
33242,US,FL,FLL,F
33238,US,FL,FLL,F
33233,US,FL,FLL,F
33199,US,FL,MIA,B
33256,US,FL,MIA,C
34655,US,FL,TPA,E
33023,US,FL,FLL,B
32578,US,FL,PNS,C
32669,US,FL,JAX,F
32170,US,FL,MCO,F
32170,US,FL,DAB,D
32169,US,FL,MCO,F
32169,US,FL,DAB,D
32168,US,FL,MCO,F
34275,US,FL,TPA,I
34656,US,FL,TPA,D
33141,US,FL,MIA,C
34654,US,FL,TPA,E
34653,US,FL,TPA,E
34652,US,FL,TPA,E
32566,US,FL,PNS,C
33092,US,FL,MIA,C
33092,US,FL,FLL,F
34120,US,FL,RSW,D
34120,US,FL,APF,B
32168,US,FL,DAB,D
33181,US,FL,MIA,C
33179,US,FL,MIA,C
33179,US,FL,FLL,D
33169,US,FL,MIA,B
33169,US,FL,FLL,D
33162,US,FL,MIA,B
33162,US,FL,FLL,D
33160,US,FL,MIA,C
33160,US,FL,FLL,D
34275,US,FL,SRQ,C
33261,US,FL,FLL,D
34117,US,FL,RSW,D
33181,US,FL,FLL,D
33168,US,FL,MIA,B
33168,US,FL,FLL,D
33167,US,FL,MIA,A
33167,US,FL,FLL,D
33161,US,FL,MIA,B
33161,US,FL,FLL,D
33068,US,FL,MIA,E
33261,US,FL,MIA,B
33471,US,FL,PBI,K
34103,US,FL,RSW,C
34103,US,FL,APF,A
34102,US,FL,RSW,C
34102,US,FL,APF,A
34101,US,FL,RSW,C
34101,US,FL,APF,A
34104,US,FL,APF,A
33860,US,FL,TPA,F
34119,US,FL,RSW,D
33471,US,FL,RSW,G
34105,US,FL,APF,A
34756,US,FL,MCO,C
32577,US,FL,PNS,D
33029,US,FL,MIA,D
33029,US,FL,FLL,A
34207,US,FL,SRQ,A
33027,US,FL,FLL,A
33012,US,FL,FLL,D
33185,US,FL,MIA,B
32757,US,FL,MCO,C
34110,US,FL,RSW,C
33023,US,FL,MIA,E
34117,US,FL,APF,B
34116,US,FL,RSW,D
34116,US,FL,APF,A
34114,US,FL,RSW,D
34114,US,FL,APF,C
34113,US,FL,RSW,D
34113,US,FL,APF,A
34104,US,FL,APF,A
34112,US,FL,APF,A
34104,US,FL,RSW,C
34110,US,FL,APF,B
34109,US,FL,RSW,C
34109,US,FL,APF,A
34108,US,FL,RSW,C
34108,US,FL,APF,B
34106,US,FL,RSW,C
34106,US,FL,APF,A
34105,US,FL,RSW,C
34119,US,FL,APF,A
34112,US,FL,RSW,C
33126,US,FL,MIA,A
33142,US,FL,MIA,A
33131,US,FL,FLL,D
33130,US,FL,MIA,B
33130,US,FL,FLL,D
33129,US,FL,MIA,A
33129,US,FL,FLL,D
33128,US,FL,MIA,A
33128,US,FL,FLL,D
33132,US,FL,FLL,D
33127,US,FL,FLL,D
33132,US,FL,MIA,B
33126,US,FL,FLL,D
33125,US,FL,MIA,A
33125,US,FL,FLL,D
33124,US,FL,MIA,A
33124,US,FL,FLL,D
33122,US,FL,MIA,A
33122,US,FL,FLL,D
33121,US,FL,MIA,A
33127,US,FL,MIA,A
33137,US,FL,FLL,D
33186,US,FL,MIA,B
33141,US,FL,MIA,C
33141,US,FL,FLL,D
33140,US,FL,MIA,C
33140,US,FL,FLL,D
33139,US,FL,MIA,C
33139,US,FL,FLL,F
33138,US,FL,MIA,B
33131,US,FL,MIA,A
33137,US,FL,MIA,B
33119,US,FL,FLL,D
33136,US,FL,MIA,A
33136,US,FL,FLL,D
33135,US,FL,MIA,A
33135,US,FL,FLL,D
33134,US,FL,MIA,A
33134,US,FL,FLL,E
33133,US,FL,MIA,A
33133,US,FL,FLL,D
33138,US,FL,FLL,D
32908,US,FL,MCO,D
32904,US,FL,MCO,D
32951,US,FL,MCO,E
32951,US,FL,MCO,E
32940,US,FL,MCO,D
32937,US,FL,MCO,D
32936,US,FL,MCO,D
32935,US,FL,MCO,D
32919,US,FL,MCO,D
33121,US,FL,FLL,D
32909,US,FL,MCO,D
32953,US,FL,MCO,C
32907,US,FL,MCO,D
32906,US,FL,MCO,D
32905,US,FL,MCO,D
32904,US,FL,MCO,D
32903,US,FL,MCO,D
32902,US,FL,MCO,D
32901,US,FL,MCO,D
33178,US,FL,MIA,A
32910,US,FL,MCO,D
33109,US,FL,FLL,D
33143,US,FL,FLL,F
33116,US,FL,MIA,A
33116,US,FL,FLL,D
33114,US,FL,MIA,A
33114,US,FL,FLL,D
33111,US,FL,MIA,A
33111,US,FL,FLL,D
33110,US,FL,MIA,A
32666,US,FL,JAX,G
33109,US,FL,MIA,C
32952,US,FL,MCO,C
33107,US,FL,MIA,A
33107,US,FL,FLL,D
33102,US,FL,MIA,A
33102,US,FL,FLL,D
33101,US,FL,MIA,A
33101,US,FL,FLL,D
33126,US,FL,MIA,A
32954,US,FL,MCO,C
33119,US,FL,MIA,A
33110,US,FL,FLL,D
33169,US,FL,FLL,D
33142,US,FL,FLL,D
33174,US,FL,MIA,B
33174,US,FL,FLL,D
33173,US,FL,MIA,B
33173,US,FL,FLL,D
33172,US,FL,MIA,B
33172,US,FL,FLL,D
33170,US,FL,MIA,C
33175,US,FL,MIA,C
33169,US,FL,MIA,B
33176,US,FL,FLL,D
33168,US,FL,MIA,B
33168,US,FL,FLL,D
33167,US,FL,MIA,A
33167,US,FL,FLL,D
33166,US,FL,MIA,A
33166,US,FL,FLL,D
33165,US,FL,MIA,B
33165,US,FL,FLL,D
33170,US,FL,FLL,D
33180,US,FL,MIA,C
33178,US,FL,FLL,D
33185,US,FL,FLL,D
33184,US,FL,MIA,B
33184,US,FL,FLL,D
33183,US,FL,MIA,B
33183,US,FL,FLL,D
33182,US,FL,MIA,B
33182,US,FL,FLL,D
33175,US,FL,FLL,D
33181,US,FL,FLL,D
33163,US,FL,MIA,C
33180,US,FL,FLL,D
33179,US,FL,MIA,C
33179,US,FL,FLL,D
33178,US,FL,MIA,A
33178,US,FL,FLL,D
33177,US,FL,MIA,B
33177,US,FL,FLL,D
33176,US,FL,MIA,B
33181,US,FL,MIA,C
33147,US,FL,MIA,A
33152,US,FL,MIA,B
33152,US,FL,FLL,D
33151,US,FL,MIA,B
33151,US,FL,FLL,D
33150,US,FL,MIA,B
33150,US,FL,FLL,D
33149,US,FL,MIA,C
33149,US,FL,FLL,D
33164,US,FL,MIA,C
33148,US,FL,FLL,D
33154,US,FL,FLL,F
33147,US,FL,FLL,D
33146,US,FL,MIA,B
33146,US,FL,FLL,D
33145,US,FL,MIA,A
33145,US,FL,FLL,D
33144,US,FL,MIA,B
33144,US,FL,FLL,D
33143,US,FL,MIA,B
33148,US,FL,MIA,A
33158,US,FL,MIA,B
33186,US,FL,FLL,D
33163,US,FL,FLL,D
33162,US,FL,MIA,B
33162,US,FL,FLL,D
33161,US,FL,MIA,B
33161,US,FL,FLL,D
33160,US,FL,MIA,C
33160,US,FL,FLL,D
33153,US,FL,FLL,D
33159,US,FL,FLL,D
33153,US,FL,MIA,B
33158,US,FL,FLL,D
33157,US,FL,MIA,C
33157,US,FL,FLL,D
33156,US,FL,MIA,C
33156,US,FL,FLL,F
33155,US,FL,MIA,A
33155,US,FL,FLL,F
33154,US,FL,MIA,C
33164,US,FL,FLL,D
33159,US,FL,MIA,A
33146,US,FL,FLL,D
32932,US,FL,MCO,C
33114,US,FL,MIA,A
33114,US,FL,FLL,D
33330,US,FL,MIA,E
33330,US,FL,FLL,B
33328,US,FL,MIA,E
33328,US,FL,FLL,B
34207,US,FL,TPA,D
33124,US,FL,MIA,A
33146,US,FL,MIA,B
33133,US,FL,FLL,D
33133,US,FL,MIA,A
33133,US,FL,FLL,D
33073,US,FL,MIA,E
33073,US,FL,FLL,B
33066,US,FL,MIA,E
33066,US,FL,FLL,B
33063,US,FL,MIA,F
32721,US,FL,MCO,C
34207,US,FL,SRQ,A
33146,US,FL,MIA,B
33073,US,FL,MIA,E
33073,US,FL,FLL,B
33071,US,FL,MIA,E
33071,US,FL,FLL,C
33067,US,FL,MIA,E
33067,US,FL,FLL,B
33065,US,FL,MIA,F
33065,US,FL,FLL,C
33124,US,FL,FLL,D
33156,US,FL,FLL,F
32931,US,FL,MCO,C
33146,US,FL,FLL,D
33145,US,FL,MIA,A
33145,US,FL,FLL,D
33143,US,FL,MIA,B
33143,US,FL,FLL,F
33134,US,FL,MIA,A
33134,US,FL,FLL,E
33133,US,FL,MIA,A
33156,US,FL,MIA,C
33139,US,FL,FLL,F
33063,US,FL,FLL,C
32706,US,FL,DAB,D
33688,US,FL,TPA,A
33624,US,FL,TPA,A
33618,US,FL,TPA,A
33056,US,FL,MIA,B
33056,US,FL,FLL,D
33055,US,FL,MIA,B
32707,US,FL,MCO,B
33139,US,FL,MIA,C
32708,US,FL,MCO,B
33924,US,FL,RSW,E
33991,US,FL,RSW,B
33991,US,FL,APF,C
33990,US,FL,APF,C
33915,US,FL,RSW,B
33915,US,FL,APF,C
33914,US,FL,RSW,B
33914,US,FL,APF,C
33055,US,FL,FLL,D
33313,US,FL,MIA,E
32927,US,FL,MCO,C
32926,US,FL,MCO,C
32924,US,FL,MCO,C
32923,US,FL,MCO,C
32922,US,FL,MCO,C
33440,US,FL,RSW,G
33440,US,FL,PBI,K
34712,US,FL,MCO,C
32706,US,FL,MCO,C
32710,US,FL,MCO,B
33076,US,FL,FLL,B
33313,US,FL,FLL,B
32766,US,FL,MCO,C
32709,US,FL,MCO,C
34138,US,FL,RSW,G
32535,US,FL,PNS,F
32215,US,FL,JAX,C
32730,US,FL,MCO,B
32718,US,FL,MCO,B
34711,US,FL,MCO,C
32118,US,FL,MCO,F
33075,US,FL,FLL,B
32124,US,FL,MCO,F
32124,US,FL,DAB,B
32123,US,FL,MCO,F
32122,US,FL,MCO,F
32121,US,FL,MCO,F
32121,US,FL,DAB,B
32120,US,FL,MCO,F
32127,US,FL,DAB,C
32119,US,FL,DAB,B
32127,US,FL,MCO,F
32118,US,FL,DAB,B
32117,US,FL,MCO,F
32117,US,FL,DAB,A
32116,US,FL,MCO,F
32116,US,FL,DAB,A
32115,US,FL,MCO,F
32115,US,FL,DAB,A
32114,US,FL,MCO,F
32119,US,FL,MCO,F
32778,US,FL,MCO,C
32135,US,FL,DAB,E
32720,US,FL,MCO,C
32720,US,FL,DAB,D
33443,US,FL,MIA,F
33443,US,FL,FLL,C
33442,US,FL,MIA,F
33442,US,FL,FLL,C
33441,US,FL,PBI,E
32125,US,FL,MCO,F
33441,US,FL,FLL,C
33332,US,FL,MIA,E
32713,US,FL,MCO,C
32713,US,FL,DAB,E
32130,US,FL,MCO,F
32130,US,FL,DAB,D
32433,US,FL,PNS,F
32116,US,FL,MCO,F
32116,US,FL,DAB,A
32129,US,FL,MCO,F
33441,US,FL,MIA,F
32536,US,FL,PNS,C
33837,US,FL,TPA,I
33837,US,FL,MCO,D
33836,US,FL,TPA,I
33836,US,FL,MCO,D
33004,US,FL,MIA,D
33004,US,FL,FLL,A
33884,US,FL,TPA,F
33884,US,FL,MCO,E
32114,US,FL,DAB,A
32640,US,FL,JAX,G
33314,US,FL,FLL,A
32112,US,FL,JAX,G
32112,US,FL,DAB,E
34242,US,FL,TPA,N
34242,US,FL,SRQ,C
34215,US,FL,TPA,F
34215,US,FL,SRQ,C
33076,US,FL,MIA,E
33904,US,FL,RSW,B
34681,US,FL,TPA,C
33326,US,FL,MIA,E
33075,US,FL,MIA,E
33332,US,FL,FLL,B
33331,US,FL,MIA,E
33331,US,FL,FLL,B
33330,US,FL,MIA,E
33330,US,FL,FLL,B
33329,US,FL,MIA,E
33329,US,FL,FLL,B
33312,US,FL,FLL,C
33328,US,FL,FLL,B
33312,US,FL,MIA,F
33326,US,FL,FLL,B
33325,US,FL,MIA,E
33325,US,FL,FLL,B
33324,US,FL,MIA,E
33324,US,FL,FLL,B
33317,US,FL,MIA,E
33317,US,FL,FLL,B
33314,US,FL,MIA,D
32114,US,FL,DAB,A
33328,US,FL,MIA,E
33161,US,FL,MIA,B
33498,US,FL,FLL,C
33429,US,FL,MIA,F
33429,US,FL,FLL,C
33428,US,FL,PBI,C
33428,US,FL,MIA,F
33428,US,FL,FLL,C
33427,US,FL,PBI,C
33427,US,FL,MIA,F
33431,US,FL,FLL,C
33921,US,FL,RSW,G
33431,US,FL,MIA,F
33161,US,FL,FLL,D
34421,US,FL,MCO,F
34420,US,FL,MCO,F
33786,US,FL,TPA,D
32812,US,FL,MCO,A
32809,US,FL,MCO,A
33430,US,FL,PBI,J
33697,US,FL,TPA,A
33427,US,FL,FLL,C
33434,US,FL,MIA,F
33909,US,FL,RSW,D
33496,US,FL,MIA,F
33496,US,FL,FLL,C
33487,US,FL,PBI,C
33487,US,FL,MIA,F
33487,US,FL,FLL,C
33486,US,FL,PBI,C
33486,US,FL,MIA,F
33429,US,FL,PBI,C
33434,US,FL,PBI,C
33154,US,FL,FLL,F
33434,US,FL,FLL,C
33433,US,FL,PBI,C
33433,US,FL,MIA,F
33433,US,FL,FLL,C
33432,US,FL,PBI,C
33432,US,FL,MIA,F
33432,US,FL,FLL,C
33431,US,FL,PBI,C
33486,US,FL,FLL,C
33920,US,FL,RSW,C
32233,US,FL,JAX,C
32102,US,FL,DAB,E
34266,US,FL,RSW,G
34265,US,FL,RSW,G
32712,US,FL,MCO,B
32704,US,FL,MCO,B
32703,US,FL,MCO,B
34216,US,FL,TPA,L
33744,US,FL,TPA,C
32034,US,FL,JAX,D
33823,US,FL,TPA,F
32702,US,FL,MCO,D
32716,US,FL,MCO,B
32715,US,FL,MCO,B
32714,US,FL,MCO,B
32701,US,FL,MCO,B
32792,US,FL,MCO,B
32828,US,FL,MCO,B
32615,US,FL,JAX,F
34216,US,FL,SRQ,C
32531,US,FL,PNS,C
33498,US,FL,MIA,F
34972,US,FL,PBI,J
33830,US,FL,TPA,D
33830,US,FL,MCO,E
32976,US,FL,PBI,K
32105,US,FL,MCO,G
32105,US,FL,DAB,E
32234,US,FL,JAX,D
32233,US,FL,JAX,C
33154,US,FL,FLL,F
33823,US,FL,MCO,E
32530,US,FL,PNS,C
32807,US,FL,MCO,B
33280,US,FL,MIA,A
33280,US,FL,FLL,D
33180,US,FL,MIA,C
33180,US,FL,FLL,D
33160,US,FL,MIA,C
33160,US,FL,FLL,D
33154,US,FL,MIA,C
33154,US,FL,MIA,C
34218,US,FL,TPA,L
33496,US,FL,PBI,C
32110,US,FL,DAB,D
34743,US,FL,MCO,B
32009,US,FL,JAX,E
34606,US,FL,TPA,H
34601,US,FL,TPA,H
33435,US,FL,PBI,C
33435,US,FL,MIA,J
32110,US,FL,MCO,G
33511,US,FL,TPA,C
32011,US,FL,JAX,E
34218,US,FL,SRQ,C
34217,US,FL,TPA,L
34217,US,FL,SRQ,C
34210,US,FL,TPA,D
34210,US,FL,SRQ,B
34209,US,FL,TPA,D
34209,US,FL,SRQ,B
34208,US,FL,TPA,D
33435,US,FL,FLL,G
33909,US,FL,RSW,D
32722,US,FL,DAB,D
33904,US,FL,APF,C
33991,US,FL,RSW,B
33991,US,FL,APF,C
33990,US,FL,APF,C
33915,US,FL,RSW,B
33915,US,FL,APF,C
33914,US,FL,RSW,B
32110,US,FL,JAX,G
33910,US,FL,APF,C
34207,US,FL,SRQ,A
33909,US,FL,APF,C
33904,US,FL,RSW,B
33904,US,FL,APF,C
32925,US,FL,MCO,D
32920,US,FL,MCO,D
32533,US,FL,PNS,C
32925,US,FL,MCO,D
33438,US,FL,PBI,J
33914,US,FL,APF,C
34134,US,FL,RSW,B
33435,US,FL,PBI,C
33435,US,FL,MIA,J
33435,US,FL,FLL,G
33426,US,FL,PBI,C
33426,US,FL,MIA,J
33426,US,FL,FLL,G
33425,US,FL,PBI,C
33424,US,FL,PBI,C
34208,US,FL,SRQ,B
34135,US,FL,APF,C
33436,US,FL,PBI,C
34134,US,FL,APF,C
34133,US,FL,APF,C
32425,US,FL,PNS,F
33922,US,FL,RSW,E
33499,US,FL,PBI,C
33499,US,FL,MIA,F
33499,US,FL,FLL,C
33498,US,FL,PBI,C
34135,US,FL,RSW,B
34208,US,FL,SRQ,B
33909,US,FL,APF,C
34206,US,FL,SRQ,A
34205,US,FL,SRQ,A
34204,US,FL,SRQ,A
34203,US,FL,SRQ,A
34202,US,FL,TPA,D
34202,US,FL,SRQ,C
34201,US,FL,TPA,D
33436,US,FL,FLL,G
34208,US,FL,TPA,D
33436,US,FL,MIA,J
34203,US,FL,SRQ,A
34202,US,FL,TPA,D
34202,US,FL,SRQ,C
34201,US,FL,TPA,D
34201,US,FL,SRQ,A
33437,US,FL,PBI,C
33437,US,FL,MIA,J
33437,US,FL,FLL,G
34207,US,FL,TPA,D
34201,US,FL,SRQ,A
33915,US,FL,APF,C
33909,US,FL,RSW,D
33990,US,FL,APF,C
33919,US,FL,RSW,B
33919,US,FL,APF,C
33918,US,FL,APF,C
33917,US,FL,RSW,A
33917,US,FL,APF,C
33916,US,FL,RSW,A
33991,US,FL,RSW,B
33915,US,FL,RSW,B
33993,US,FL,APF,C
33914,US,FL,RSW,B
33914,US,FL,APF,C
33913,US,FL,RSW,A
33913,US,FL,APF,C
33912,US,FL,RSW,B
33911,US,FL,RSW,A
33911,US,FL,APF,C
32721,US,FL,DAB,D
33916,US,FL,APF,C
34946,US,FL,PBI,G
32038,US,FL,JAX,G
32548,US,FL,PNS,C
34985,US,FL,PBI,G
34954,US,FL,PBI,G
34953,US,FL,PBI,G
34952,US,FL,PBI,G
34950,US,FL,PBI,G
34949,US,FL,PBI,G
33991,US,FL,APF,C
34947,US,FL,PBI,G
33909,US,FL,APF,C
34945,US,FL,PBI,G
33932,US,FL,RSW,C
33932,US,FL,APF,C
33931,US,FL,RSW,C
33931,US,FL,APF,C
33994,US,FL,RSW,A
33994,US,FL,APF,C
33993,US,FL,RSW,B
34948,US,FL,PBI,G
33339,US,FL,FLL,A
33910,US,FL,APF,C
33351,US,FL,MIA,D
33351,US,FL,FLL,A
33349,US,FL,MIA,D
33349,US,FL,FLL,A
33345,US,FL,MIA,D
33345,US,FL,FLL,A
33340,US,FL,MIA,D
33388,US,FL,MIA,D
33339,US,FL,MIA,D
33394,US,FL,FLL,A
33338,US,FL,MIA,E
33338,US,FL,FLL,B
33337,US,FL,MIA,D
33337,US,FL,FLL,A
33336,US,FL,MIA,D
33336,US,FL,FLL,A
33335,US,FL,MIA,E
33335,US,FL,FLL,B
33340,US,FL,FLL,A
33903,US,FL,RSW,B
33908,US,FL,RSW,B
33908,US,FL,APF,C
33907,US,FL,RSW,B
33907,US,FL,APF,C
33906,US,FL,RSW,A
33906,US,FL,APF,C
33905,US,FL,RSW,A
33905,US,FL,APF,C
33388,US,FL,FLL,A
33904,US,FL,APF,C
32601,US,FL,JAX,F
33903,US,FL,APF,C
33902,US,FL,RSW,A
33902,US,FL,APF,C
33901,US,FL,RSW,A
33901,US,FL,APF,C
33913,US,FL,RSW,A
33841,US,FL,TPA,I
33394,US,FL,MIA,D
33904,US,FL,RSW,B
33844,US,FL,MCO,D
33843,US,FL,MCO,G
33707,US,FL,TPA,C
33483,US,FL,PBI,C
33483,US,FL,MIA,J
33483,US,FL,FLL,C
32566,US,FL,PNS,C
32561,US,FL,PNS,B
34736,US,FL,MCO,D
33844,US,FL,MCO,D
33844,US,FL,TPA,I
33844,US,FL,TPA,I
33467,US,FL,PBI,B
33463,US,FL,PBI,B
33463,US,FL,MIA,J
33463,US,FL,FLL,G
32043,US,FL,JAX,E
32949,US,FL,MCO,E
33170,US,FL,MIA,C
33170,US,FL,FLL,D
34224,US,FL,RSW,E
33415,US,FL,FLL,G
33011,US,FL,FLL,D
33010,US,FL,MIA,A
33010,US,FL,FLL,D
32640,US,FL,JAX,G
32395,US,FL,TLH,A
33417,US,FL,PBI,B
33417,US,FL,MIA,J
33417,US,FL,FLL,G
33737,US,FL,TPA,C
33415,US,FL,MIA,J
34140,US,FL,APF,B
33409,US,FL,PBI,B
33409,US,FL,MIA,J
33409,US,FL,FLL,G
32145,US,FL,JAX,F
32044,US,FL,JAX,F
33009,US,FL,MIA,D
33009,US,FL,FLL,A
34788,US,FL,MCO,E
33415,US,FL,PBI,B
32605,US,FL,JAX,F
32610,US,FL,JAX,F
32609,US,FL,MCO,G
32609,US,FL,JAX,F
32608,US,FL,MCO,G
32608,US,FL,JAX,F
32607,US,FL,MCO,G
32607,US,FL,JAX,F
32606,US,FL,MCO,G
34734,US,FL,MCO,B
32605,US,FL,MCO,G
32611,US,FL,MCO,G
32604,US,FL,MCO,G
32604,US,FL,JAX,F
32603,US,FL,MCO,G
32603,US,FL,JAX,F
32602,US,FL,MCO,G
32602,US,FL,JAX,F
32601,US,FL,MCO,G
33332,US,FL,MIA,E
32606,US,FL,JAX,F
32732,US,FL,MCO,C
34731,US,FL,MCO,E
32560,US,FL,PNS,C
32733,US,FL,MCO,B
33160,US,FL,MIA,C
33160,US,FL,FLL,D
32722,US,FL,MCO,C
32722,US,FL,DAB,D
32040,US,FL,JAX,G
32610,US,FL,MCO,G
33534,US,FL,TPA,C
32611,US,FL,JAX,F
33308,US,FL,MIA,E
33308,US,FL,FLL,B
32614,US,FL,MCO,G
32614,US,FL,JAX,F
32613,US,FL,MCO,G
32613,US,FL,JAX,F
32612,US,FL,MCO,G
32612,US,FL,JAX,F
34140,US,FL,RSW,E
33406,US,FL,PBI,A
32809,US,FL,MCO,A
32135,US,FL,JAX,G
34222,US,FL,TPA,D
34222,US,FL,SRQ,B
33150,US,FL,MIA,B
33150,US,FL,FLL,D
33138,US,FL,MIA,B
33138,US,FL,FLL,D
33927,US,FL,RSW,E
33880,US,FL,TPA,F
32839,US,FL,MCO,B
34223,US,FL,RSW,E
32806,US,FL,MCO,A
32141,US,FL,MCO,F
32141,US,FL,DAB,D
32132,US,FL,MCO,F
32132,US,FL,DAB,D
32149,US,FL,JAX,G
32751,US,FL,MCO,B
33840,US,FL,MCO,F
32542,US,FL,PNS,C
34139,US,FL,APF,C
33334,US,FL,MIA,E
34207,US,FL,TPA,D
33068,US,FL,FLL,B
34729,US,FL,MCO,C
32034,US,FL,JAX,D
32730,US,FL,MCO,B
32948,US,FL,PBI,K
32948,US,FL,MCO,F
33880,US,FL,MCO,E
34139,US,FL,RSW,G
33530,US,FL,TPA,C
32727,US,FL,MCO,C
32726,US,FL,MCO,C
33928,US,FL,RSW,B
33928,US,FL,APF,C
32725,US,FL,MCO,C
32725,US,FL,DAB,E
34295,US,FL,RSW,E
34224,US,FL,RSW,E
32804,US,FL,MCO,B
33445,US,FL,FLL,C
33483,US,FL,PBI,C
33483,US,FL,MIA,J
33483,US,FL,FLL,C
33447,US,FL,PBI,C
33447,US,FL,FLL,C
33446,US,FL,PBI,C
33446,US,FL,MIA,J
33446,US,FL,FLL,C
33839,US,FL,TPA,D
33445,US,FL,MIA,J
33484,US,FL,PBI,C
33444,US,FL,PBI,C
33444,US,FL,MIA,J
33444,US,FL,FLL,C
32724,US,FL,MCO,C
32724,US,FL,DAB,D
32723,US,FL,MCO,C
32723,US,FL,DAB,D
32722,US,FL,MCO,C
33445,US,FL,PBI,C
32030,US,FL,JAX,E
32135,US,FL,MCO,G
34698,US,FL,TPA,C
34697,US,FL,TPA,C
33838,US,FL,TPA,I
33838,US,FL,MCO,D
32542,US,FL,PNS,C
32115,US,FL,MCO,F
32115,US,FL,DAB,A
33484,US,FL,FLL,C
32784,US,FL,MCO,D
33484,US,FL,MIA,J
32541,US,FL,PNS,D
32540,US,FL,PNS,D
32738,US,FL,MCO,C
32738,US,FL,DAB,E
32728,US,FL,MCO,C
32728,US,FL,DAB,E
32725,US,FL,MCO,C
32725,US,FL,DAB,E
33839,US,FL,MCO,E
33527,US,FL,TPA,C
33317,US,FL,FLL,B
33181,US,FL,FLL,D
33321,US,FL,MIA,F
33321,US,FL,FLL,C
33320,US,FL,MIA,E
33320,US,FL,FLL,B
33319,US,FL,MIA,E
33319,US,FL,FLL,B
33318,US,FL,MIA,E
33322,US,FL,MIA,E
33317,US,FL,MIA,E
33323,US,FL,FLL,B
33316,US,FL,MIA,D
33316,US,FL,FLL,A
33315,US,FL,MIA,D
33315,US,FL,FLL,A
33314,US,FL,MIA,D
33314,US,FL,FLL,A
33313,US,FL,MIA,E
33313,US,FL,FLL,B
33318,US,FL,FLL,B
33327,US,FL,MIA,E
33011,US,FL,MIA,A
33332,US,FL,FLL,B
33331,US,FL,MIA,E
33331,US,FL,FLL,B
33330,US,FL,MIA,E
33330,US,FL,FLL,B
33329,US,FL,MIA,E
33329,US,FL,FLL,B
33322,US,FL,FLL,B
33328,US,FL,FLL,B
33311,US,FL,MIA,D
33327,US,FL,FLL,B
33326,US,FL,MIA,E
33326,US,FL,FLL,B
33325,US,FL,MIA,E
33325,US,FL,FLL,B
33324,US,FL,MIA,E
33324,US,FL,FLL,B
33323,US,FL,MIA,E
33328,US,FL,MIA,E
32142,US,FL,MCO,G
33315,US,FL,FLL,A
34232,US,FL,TPA,F
34232,US,FL,SRQ,B
32714,US,FL,MCO,B
33034,US,FL,MIA,C
33034,US,FL,FLL,F
33034,US,FL,MIA,C
33034,US,FL,FLL,F
33312,US,FL,MIA,F
32151,US,FL,JAX,G
33302,US,FL,FLL,B
32142,US,FL,JAX,G
32142,US,FL,DAB,E
32137,US,FL,MCO,G
32137,US,FL,JAX,G
32137,US,FL,DAB,E
32136,US,FL,MCO,G
32136,US,FL,JAX,G
32136,US,FL,DAB,E
32151,US,FL,MCO,G
33306,US,FL,MIA,E
33334,US,FL,FLL,B
33311,US,FL,FLL,A
33310,US,FL,MIA,E
33310,US,FL,FLL,B
33309,US,FL,MIA,E
33309,US,FL,FLL,B
33308,US,FL,MIA,E
33308,US,FL,FLL,B
33301,US,FL,FLL,A
33307,US,FL,FLL,A
33301,US,FL,MIA,D
33306,US,FL,FLL,B
33305,US,FL,MIA,D
33305,US,FL,FLL,A
33304,US,FL,MIA,D
33304,US,FL,FLL,A
33303,US,FL,MIA,D
33303,US,FL,FLL,A
33302,US,FL,MIA,E
33312,US,FL,FLL,C
33307,US,FL,MIA,D
33319,US,FL,FLL,B
33345,US,FL,MIA,D
33706,US,FL,TPA,D
32091,US,FL,JAX,E
34994,US,FL,MIA,J
34994,US,FL,PBI,D
34995,US,FL,PBI,D
34996,US,FL,MIA,J
34996,US,FL,PBI,D
34997,US,FL,MIA,J
34997,US,FL,PBI,D
33706,US,FL,TPA,D
33313,US,FL,MIA,E
32779,US,FL,MCO,B
33319,US,FL,MIA,E
33322,US,FL,FLL,B
33322,US,FL,MIA,E
33323,US,FL,FLL,B
33323,US,FL,MIA,E
33325,US,FL,FLL,B
33325,US,FL,MIA,E
33326,US,FL,FLL,B
33326,US,FL,MIA,E
34489,US,FL,MCO,F
33313,US,FL,FLL,B
34231,US,FL,TPA,F
32084,US,FL,JAX,E
33493,US,FL,PBI,J
32121,US,FL,DAB,B
32121,US,FL,MCO,F
33143,US,FL,FLL,F
33143,US,FL,MIA,B
33146,US,FL,FLL,D
33146,US,FL,MIA,B
33243,US,FL,FLL,F
33243,US,FL,MIA,B
33706,US,FL,TPA,D
34231,US,FL,SRQ,B
33351,US,FL,FLL,A
34293,US,FL,SRQ,C
34293,US,FL,TPA,I
32409,US,FL,PNS,F
33807,US,FL,MCO,E
33807,US,FL,TPA,E
33811,US,FL,MCO,E
33811,US,FL,TPA,D
33813,US,FL,MCO,E
33813,US,FL,TPA,D
34606,US,FL,TPA,H
33707,US,FL,TPA,C
33620,US,FL,TPA,B
33345,US,FL,FLL,A
33609,US,FL,TPA,A
33610,US,FL,TPA,B
33611,US,FL,TPA,A
33612,US,FL,TPA,B
33613,US,FL,TPA,B
33614,US,FL,TPA,A
33615,US,FL,TPA,A
33616,US,FL,TPA,B
33617,US,FL,TPA,B
33607,US,FL,TPA,A
33619,US,FL,TPA,B
33606,US,FL,TPA,B
33621,US,FL,TPA,B
33622,US,FL,TPA,A
33623,US,FL,TPA,A
33624,US,FL,TPA,A
33625,US,FL,TPA,B
33626,US,FL,TPA,O
33629,US,FL,TPA,A
33630,US,FL,TPA,A
33631,US,FL,TPA,A
33633,US,FL,TPA,A
33618,US,FL,TPA,A
33320,US,FL,MIA,E
33351,US,FL,MIA,D
33154,US,FL,FLL,F
33154,US,FL,MIA,C
33587,US,FL,TPA,D
32310,US,FL,TLH,A
32303,US,FL,TLH,A
34270,US,FL,SRQ,A
33309,US,FL,FLL,B
33309,US,FL,MIA,E
33319,US,FL,FLL,B
33608,US,FL,TPA,A
33320,US,FL,FLL,B
34488,US,FL,MCO,F
33321,US,FL,FLL,C
33321,US,FL,MIA,F
33351,US,FL,FLL,A
33351,US,FL,MIA,D
33607,US,FL,TPA,A
33601,US,FL,TPA,A
33602,US,FL,TPA,B
33603,US,FL,TPA,A
33604,US,FL,TPA,B
33605,US,FL,TPA,B
33319,US,FL,MIA,E
33743,US,FL,TPA,B
32615,US,FL,JAX,F
33730,US,FL,TPA,C
33731,US,FL,TPA,B
33732,US,FL,TPA,B
33733,US,FL,TPA,B
33734,US,FL,TPA,B
33736,US,FL,TPA,B
33737,US,FL,TPA,C
33738,US,FL,TPA,B
33740,US,FL,TPA,B
33715,US,FL,TPA,C
33742,US,FL,TPA,B
33714,US,FL,TPA,C
33784,US,FL,TPA,B
33706,US,FL,TPA,D
33736,US,FL,TPA,B
32187,US,FL,JAX,G
32819,US,FL,MCO,B
32541,US,FL,PNS,D
32771,US,FL,MCO,C
32772,US,FL,MCO,C
32773,US,FL,MCO,C
32776,US,FL,MCO,C
33741,US,FL,TPA,B
33703,US,FL,TPA,C
32085,US,FL,JAX,E
32086,US,FL,JAX,E
32092,US,FL,JAX,E
32095,US,FL,JAX,E
32084,US,FL,JAX,E
32086,US,FL,JAX,E
32086,US,FL,JAX,E
33956,US,FL,RSW,E
33607,US,FL,TPA,A
32302,US,FL,TLH,A
33716,US,FL,TPA,C
33702,US,FL,TPA,C
32459,US,FL,PNS,E
33704,US,FL,TPA,C
33705,US,FL,TPA,C
33706,US,FL,TPA,D
33707,US,FL,TPA,C
33708,US,FL,TPA,D
33709,US,FL,TPA,C
33710,US,FL,TPA,C
33711,US,FL,TPA,C
33712,US,FL,TPA,C
33713,US,FL,TPA,C
33701,US,FL,TPA,C
33583,US,FL,TPA,B
33957,US,FL,RSW,D
34243,US,FL,TPA,F
34238,US,FL,SRQ,C
32937,US,FL,MCO,D
32775,US,FL,MCO,G
33308,US,FL,FLL,B
33308,US,FL,MIA,E
32958,US,FL,MCO,E
32958,US,FL,PBI,K
32976,US,FL,PBI,K
34242,US,FL,TPA,N
33872,US,FL,TPA,J
34242,US,FL,SRQ,C
33584,US,FL,TPA,C
33772,US,FL,TPA,C
33776,US,FL,TPA,C
32190,US,FL,DAB,E
34996,US,FL,MIA,J
34996,US,FL,PBI,D
32579,US,FL,PNS,C
32959,US,FL,MCO,C
34242,US,FL,SRQ,C
34242,US,FL,TPA,N
32978,US,FL,MCO,E
34235,US,FL,TPA,F
34243,US,FL,SRQ,A
34230,US,FL,SRQ,A
34230,US,FL,TPA,J
34231,US,FL,SRQ,B
34231,US,FL,TPA,F
34232,US,FL,SRQ,B
34232,US,FL,TPA,F
34233,US,FL,SRQ,C
34233,US,FL,TPA,F
34234,US,FL,SRQ,A
34243,US,FL,SRQ,A
34235,US,FL,SRQ,B
33637,US,FL,TPA,B
34236,US,FL,SRQ,A
34236,US,FL,TPA,F
34237,US,FL,SRQ,A
34238,US,FL,SRQ,C
34239,US,FL,SRQ,A
34239,US,FL,TPA,F
34240,US,FL,SRQ,C
34240,US,FL,TPA,F
34241,US,FL,SRQ,C
34241,US,FL,TPA,F
34234,US,FL,TPA,F
33413,US,FL,FLL,G
33417,US,FL,MIA,J
33408,US,FL,PBI,B
33409,US,FL,FLL,G
33409,US,FL,MIA,J
33409,US,FL,PBI,B
33410,US,FL,FLL,G
33410,US,FL,MIA,J
33410,US,FL,PBI,B
33411,US,FL,FLL,G
33411,US,FL,MIA,J
33408,US,FL,FLL,G
33412,US,FL,PBI,C
33407,US,FL,PBI,B
33413,US,FL,MIA,J
33413,US,FL,PBI,B
33414,US,FL,PBI,C
33415,US,FL,FLL,G
33415,US,FL,MIA,J
33415,US,FL,PBI,B
33416,US,FL,FLL,G
33416,US,FL,MIA,J
33416,US,FL,PBI,A
33634,US,FL,TPA,A
33411,US,FL,PBI,C
33402,US,FL,PBI,A
32779,US,FL,MCO,B
32791,US,FL,MCO,B
33414,US,FL,PBI,C
33083,US,FL,FLL,A
33083,US,FL,MIA,D
32904,US,FL,MCO,D
33144,US,FL,FLL,D
33144,US,FL,MIA,B
33406,US,FL,PBI,A
33401,US,FL,FLL,G
33408,US,FL,MIA,J
33401,US,FL,PBI,A
33417,US,FL,PBI,B
33403,US,FL,FLL,G
33403,US,FL,MIA,J
33403,US,FL,PBI,B
33404,US,FL,FLL,G
33404,US,FL,MIA,J
33404,US,FL,PBI,B
33405,US,FL,PBI,A
33406,US,FL,PBI,A
33407,US,FL,FLL,G
33407,US,FL,MIA,J
33401,US,FL,MIA,J
32792,US,FL,MCO,B
33417,US,FL,FLL,G
33881,US,FL,TPA,F
33882,US,FL,MCO,E
33882,US,FL,TPA,F
33883,US,FL,MCO,E
33883,US,FL,TPA,F
33884,US,FL,MCO,E
33884,US,FL,TPA,F
33888,US,FL,MCO,E
33888,US,FL,TPA,F
33880,US,FL,TPA,F
32790,US,FL,MCO,B
33880,US,FL,MCO,E
32793,US,FL,MCO,B
32708,US,FL,MCO,B
34797,US,FL,MCO,D
32313,US,FL,TLH,A
32097,US,FL,JAX,D
32798,US,FL,MCO,B
33540,US,FL,TPA,J
33890,US,FL,TPA,K
33181,US,FL,MIA,C
33141,US,FL,FLL,D
32789,US,FL,MCO,B
33305,US,FL,MIA,D
33418,US,FL,PBI,B
34205,US,FL,SRQ,A
33326,US,FL,FLL,B
33326,US,FL,MIA,E
33327,US,FL,FLL,B
33327,US,FL,MIA,E
33332,US,FL,FLL,B
33332,US,FL,MIA,E
34228,US,FL,SRQ,C
34228,US,FL,TPA,N
33881,US,FL,MCO,E
33305,US,FL,FLL,A
32318,US,FL,TLH,A
33311,US,FL,FLL,A
33311,US,FL,MIA,D
33334,US,FL,FLL,B
33334,US,FL,MIA,E
33598,US,FL,TPA,H
34786,US,FL,MCO,B
32971,US,FL,MCO,E
32971,US,FL,PBI,K
34777,US,FL,MCO,B
34787,US,FL,MCO,B
34785,US,FL,MCO,E
32781,US,FL,MCO,C
34606,US,FL,TPA,H
34689,US,FL,TPA,C
32778,US,FL,MCO,C
33687,US,FL,TPA,A
33469,US,FL,PBI,C
34250,US,FL,SRQ,C
34250,US,FL,TPA,L
33592,US,FL,TPA,D
33905,US,FL,APF,C
33905,US,FL,RSW,A
32777,US,FL,MCO,C
32780,US,FL,MCO,C
33697,US,FL,TPA,A
32782,US,FL,MCO,C
32783,US,FL,MCO,C
32796,US,FL,MCO,C
33706,US,FL,TPA,D
33740,US,FL,TPA,B
32962,US,FL,MCO,F
32962,US,FL,PBI,I
32403,US,FL,PNS,F
33162,US,FL,FLL,D
33162,US,FL,MIA,B
33715,US,FL,TPA,C
33679,US,FL,TPA,A
34270,US,FL,TPA,J
33647,US,FL,TPA,B
33651,US,FL,TPA,A
33655,US,FL,TPA,A
33660,US,FL,TPA,A
33661,US,FL,TPA,A
33662,US,FL,TPA,A
33672,US,FL,TPA,A
33673,US,FL,TPA,A
33674,US,FL,TPA,A
34688,US,FL,TPA,C
33677,US,FL,TPA,A
32784,US,FL,MCO,D
33680,US,FL,TPA,A
33681,US,FL,TPA,A
33682,US,FL,TPA,A
33684,US,FL,TPA,A
33685,US,FL,TPA,A
33686,US,FL,TPA,A
33687,US,FL,TPA,A
33688,US,FL,TPA,A
33690,US,FL,TPA,A
33694,US,FL,TPA,A
33675,US,FL,TPA,A
33166,US,FL,FLL,D
32962,US,FL,PBI,I
32963,US,FL,MCO,F
32964,US,FL,MCO,F
32964,US,FL,PBI,I
32965,US,FL,MCO,F
32965,US,FL,PBI,I
32966,US,FL,MCO,F
32967,US,FL,MCO,F
33436,US,FL,FLL,G
33436,US,FL,MIA,J
33164,US,FL,FLL,D
33414,US,FL,PBI,C
32961,US,FL,MCO,F
33166,US,FL,MIA,A
32926,US,FL,MCO,C
32970,US,FL,MCO,E
32970,US,FL,PBI,I
33880,US,FL,MCO,E
33880,US,FL,TPA,F
32694,US,FL,JAX,F
32568,US,FL,PNS,C
34287,US,FL,SRQ,D
33635,US,FL,TPA,A
33436,US,FL,PBI,C
34285,US,FL,SRQ,C
33877,US,FL,MCO,E
32817,US,FL,MCO,B
32816,US,FL,MCO,B
33124,US,FL,FLL,D
33124,US,FL,MIA,A
33146,US,FL,FLL,D
33146,US,FL,MIA,B
34201,US,FL,SRQ,A
34201,US,FL,TPA,D
32580,US,FL,PNS,C
32962,US,FL,MCO,F
33595,US,FL,TPA,D
32961,US,FL,PBI,I
34285,US,FL,TPA,I
34286,US,FL,SRQ,D
34287,US,FL,SRQ,D
34292,US,FL,SRQ,C
34292,US,FL,TPA,I
34293,US,FL,SRQ,C
34293,US,FL,TPA,I
32822,US,FL,MCO,A
32960,US,FL,MCO,F
32960,US,FL,PBI,I
33164,US,FL,MIA,C
33594,US,FL,TPA,C
32175,US,FL,DAB,B
32872,US,FL,MCO,B
32886,US,FL,MCO,B
32887,US,FL,MCO,B
32890,US,FL,MCO,B
32891,US,FL,MCO,A
32893,US,FL,MCO,A
32897,US,FL,MCO,A
32898,US,FL,MCO,A
32899,US,FL,MCO,C
32811,US,FL,MCO,B
32571,US,FL,PNS,C
32174,US,FL,MCO,F
32867,US,FL,MCO,A
32175,US,FL,MCO,F
32176,US,FL,DAB,B
32176,US,FL,MCO,F
34229,US,FL,SRQ,C
34229,US,FL,TPA,I
32764,US,FL,DAB,E
32764,US,FL,MCO,C
32765,US,FL,MCO,C
32766,US,FL,MCO,C
32825,US,FL,MCO,B
32174,US,FL,DAB,B
32839,US,FL,MCO,B
33073,US,FL,MIA,E
32827,US,FL,MCO,A
32828,US,FL,MCO,B
32829,US,FL,MCO,B
32830,US,FL,MCO,B
32831,US,FL,MCO,B
32832,US,FL,MCO,B
32833,US,FL,MCO,B
32834,US,FL,MCO,B
32835,US,FL,MCO,B
32869,US,FL,MCO,A
32837,US,FL,MCO,A
32868,US,FL,MCO,B
32853,US,FL,MCO,A
32854,US,FL,MCO,B
32855,US,FL,MCO,A
32856,US,FL,MCO,A
32857,US,FL,MCO,A
32858,US,FL,MCO,B
32859,US,FL,MCO,A
32860,US,FL,MCO,B
32861,US,FL,MCO,A
32862,US,FL,MCO,A
33993,US,FL,APF,C
32836,US,FL,MCO,B
32404,US,FL,PNS,E
32142,US,FL,MCO,G
34682,US,FL,TPA,C
34683,US,FL,TPA,C
34684,US,FL,TPA,C
34685,US,FL,TPA,C
34209,US,FL,SRQ,B
34209,US,FL,TPA,D
34221,US,FL,SRQ,C
34221,US,FL,TPA,F
32401,US,FL,PNS,E
34660,US,FL,TPA,C
32403,US,FL,PNS,F
32137,US,FL,MCO,G
32405,US,FL,PNS,E
32406,US,FL,PNS,E
32407,US,FL,PNS,E
32408,US,FL,PNS,E
32409,US,FL,PNS,E
32407,US,FL,PNS,E
32408,US,FL,PNS,E
33067,US,FL,FLL,B
33067,US,FL,MIA,E
33073,US,FL,FLL,B
32402,US,FL,PNS,E
33480,US,FL,PBI,B
33993,US,FL,RSW,B
33994,US,FL,APF,C
33994,US,FL,RSW,A
33476,US,FL,PBI,J
32177,US,FL,JAX,F
32178,US,FL,JAX,F
32905,US,FL,MCO,D
32906,US,FL,MCO,D
32907,US,FL,MCO,D
32908,US,FL,MCO,D
32142,US,FL,JAX,G
32910,US,FL,MCO,D
32142,US,FL,DAB,E
33410,US,FL,FLL,G
33410,US,FL,MIA,J
33410,US,FL,PBI,B
33418,US,FL,PBI,B
34990,US,FL,PBI,D
32135,US,FL,DAB,E
32135,US,FL,JAX,G
32135,US,FL,MCO,G
32137,US,FL,DAB,E
32137,US,FL,JAX,G
32824,US,FL,MCO,A
32909,US,FL,MCO,D
34482,US,FL,MCO,F
34470,US,FL,MCO,F
34471,US,FL,MCO,F
34472,US,FL,MCO,F
34473,US,FL,MCO,F
34474,US,FL,MCO,F
34475,US,FL,MCO,F
34476,US,FL,MCO,F
34477,US,FL,MCO,F
34478,US,FL,MCO,F
34479,US,FL,MCO,F
34972,US,FL,PBI,J
34481,US,FL,MCO,F
33311,US,FL,MIA,D
33435,US,FL,FLL,G
33435,US,FL,MIA,J
33435,US,FL,PBI,C
32179,US,FL,MCO,E
34761,US,FL,MCO,B
33556,US,FL,TPA,E
33163,US,FL,FLL,D
32399,US,FL,TLH,A
33163,US,FL,MIA,C
32826,US,FL,MCO,B
34480,US,FL,MCO,F
33305,US,FL,FLL,A
33408,US,FL,FLL,G
33408,US,FL,MIA,J
33408,US,FL,PBI,B
34286,US,FL,SRQ,D
34287,US,FL,SRQ,D
33708,US,FL,TPA,D
33694,US,FL,TPA,A
32759,US,FL,DAB,E
32759,US,FL,MCO,G
34760,US,FL,MCO,C
33334,US,FL,MIA,E
33304,US,FL,MIA,D
33334,US,FL,FLL,B
33305,US,FL,MIA,D
33306,US,FL,FLL,B
33306,US,FL,MIA,E
33307,US,FL,FLL,A
33307,US,FL,MIA,D
33308,US,FL,FLL,B
33308,US,FL,MIA,E
33309,US,FL,FLL,B
33309,US,FL,MIA,E
33311,US,FL,FLL,A
34677,US,FL,TPA,B
33304,US,FL,FLL,A
32811,US,FL,MCO,B
32073,US,FL,JAX,D
32827,US,FL,MCO,A
32801,US,FL,MCO,A
32802,US,FL,MCO,A
32803,US,FL,MCO,A
32804,US,FL,MCO,B
32805,US,FL,MCO,A
32806,US,FL,MCO,A
32807,US,FL,MCO,B
32808,US,FL,MCO,B
34695,US,FL,TPA,B
32810,US,FL,MCO,B
32763,US,FL,MCO,C
32812,US,FL,MCO,A
32814,US,FL,MCO,A
32815,US,FL,MCO,C
32816,US,FL,MCO,B
32817,US,FL,MCO,B
32818,US,FL,MCO,B
32819,US,FL,MCO,B
32820,US,FL,MCO,B
32821,US,FL,MCO,B
32822,US,FL,MCO,A
32809,US,FL,MCO,A
33055,US,FL,FLL,D
33165,US,FL,FLL,D
33165,US,FL,MIA,B
33175,US,FL,FLL,D
33175,US,FL,MIA,C
33185,US,FL,FLL,D
33185,US,FL,MIA,B
33265,US,FL,FLL,F
33265,US,FL,MIA,B
34264,US,FL,SRQ,A
34264,US,FL,TPA,J
32067,US,FL,JAX,D
33054,US,FL,MIA,B
32065,US,FL,JAX,C
33055,US,FL,MIA,B
33056,US,FL,FLL,D
33056,US,FL,MIA,B
32725,US,FL,DAB,E
32725,US,FL,MCO,C
32728,US,FL,DAB,E
32728,US,FL,MCO,C
32738,US,FL,DAB,E
32738,US,FL,MCO,C
32763,US,FL,DAB,D
34762,US,FL,MCO,D
33054,US,FL,FLL,D
32119,US,FL,MCO,F
34953,US,FL,PBI,G
32920,US,FL,MCO,D
33948,US,FL,RSW,D
33949,US,FL,RSW,D
33952,US,FL,RSW,D
33953,US,FL,RSW,D
33954,US,FL,RSW,D
33980,US,FL,RSW,D
33981,US,FL,RSW,D
32118,US,FL,DAB,B
32082,US,FL,JAX,D
32119,US,FL,DAB,B
33076,US,FL,MIA,E
32124,US,FL,DAB,B
32124,US,FL,MCO,F
32127,US,FL,DAB,C
32127,US,FL,MCO,F
32129,US,FL,MCO,F
34668,US,FL,TPA,D
34673,US,FL,TPA,D
34674,US,FL,TPA,D
32927,US,FL,MCO,C
33063,US,FL,MIA,F
32118,US,FL,MCO,F
33071,US,FL,FLL,C
33064,US,FL,FLL,C
33064,US,FL,MIA,F
33065,US,FL,FLL,C
33065,US,FL,MIA,F
33066,US,FL,FLL,B
33066,US,FL,MIA,E
33067,US,FL,FLL,B
33067,US,FL,MIA,E
33068,US,FL,FLL,B
33068,US,FL,MIA,E
32082,US,FL,JAX,D
33069,US,FL,MIA,E
34985,US,FL,PBI,G
33071,US,FL,MIA,E
33072,US,FL,FLL,B
33072,US,FL,MIA,E
33073,US,FL,FLL,B
33073,US,FL,MIA,E
33074,US,FL,FLL,B
33074,US,FL,MIA,E
33075,US,FL,FLL,B
33075,US,FL,MIA,E
33076,US,FL,FLL,B
33069,US,FL,FLL,B
32955,US,FL,MCO,C
34952,US,FL,PBI,G
33190,US,FL,MIA,C
33197,US,FL,FLL,D
33197,US,FL,MIA,A
32083,US,FL,JAX,G
33708,US,FL,TPA,D
33708,US,FL,TPA,D
33568,US,FL,TPA,C
33569,US,FL,TPA,C
33404,US,FL,FLL,G
33189,US,FL,MIA,C
33404,US,FL,PBI,B
33189,US,FL,FLL,D
32957,US,FL,PBI,K
33947,US,FL,RSW,D
33411,US,FL,FLL,G
33411,US,FL,MIA,J
33411,US,FL,PBI,C
32119,US,FL,DAB,B
32119,US,FL,MCO,F
33076,US,FL,FLL,B
32119,US,FL,DAB,B
32119,US,FL,MCO,F
33404,US,FL,MIA,J
33954,US,FL,RSW,D
34992,US,FL,PBI,C
33032,US,FL,FLL,F
33032,US,FL,MIA,C
33092,US,FL,FLL,F
33092,US,FL,MIA,C
33927,US,FL,RSW,E
33948,US,FL,RSW,D
33949,US,FL,RSW,D
33950,US,FL,RSW,C
33951,US,FL,RSW,C
33190,US,FL,FLL,D
33953,US,FL,RSW,D
33982,US,FL,RSW,C
33955,US,FL,RSW,C
33980,US,FL,RSW,D
33981,US,FL,RSW,D
33983,US,FL,RSW,C
33170,US,FL,FLL,D
33170,US,FL,MIA,C
33177,US,FL,FLL,D
33177,US,FL,MIA,B
33187,US,FL,FLL,D
33187,US,FL,MIA,C
33952,US,FL,RSW,D
32534,US,FL,PNS,B
32503,US,FL,PNS,A
32504,US,FL,PNS,A
32505,US,FL,PNS,B
32506,US,FL,PNS,B
32507,US,FL,PNS,B
32508,US,FL,PNS,B
32509,US,FL,PNS,A
32511,US,FL,PNS,B
32512,US,FL,PNS,B
32514,US,FL,PNS,B
33945,US,FL,RSW,E
32526,US,FL,PNS,B
33084,US,FL,MIA,D
32561,US,FL,PNS,C
33157,US,FL,FLL,D
33157,US,FL,MIA,C
33257,US,FL,FLL,F
33257,US,FL,MIA,C
32180,US,FL,DAB,E
32180,US,FL,MCO,G
32809,US,FL,MCO,A
32839,US,FL,MCO,B
32808,US,FL,MCO,B
32522,US,FL,PNS,B
33025,US,FL,FLL,A
34219,US,FL,TPA,H
33063,US,FL,FLL,C
32925,US,FL,MCO,D
32925,US,FL,MCO,D
33021,US,FL,FLL,A
33021,US,FL,MIA,D
33023,US,FL,FLL,B
33023,US,FL,MIA,E
33023,US,FL,FLL,B
33023,US,FL,MIA,E
32502,US,FL,PNS,A
33024,US,FL,MIA,E
32501,US,FL,PNS,A
33025,US,FL,MIA,D
33026,US,FL,FLL,A
33026,US,FL,MIA,D
33027,US,FL,FLL,A
33027,US,FL,MIA,D
33028,US,FL,FLL,A
33028,US,FL,MIA,D
33029,US,FL,FLL,A
33029,US,FL,MIA,D
33084,US,FL,FLL,A
32504,US,FL,PNS,A
33024,US,FL,FLL,B
33388,US,FL,MIA,D
34219,US,FL,SRQ,D
33322,US,FL,FLL,B
33322,US,FL,MIA,E
33323,US,FL,FLL,B
33076,US,FL,MIA,E
33323,US,FL,MIA,E
33061,US,FL,MIA,E
33324,US,FL,MIA,E
33062,US,FL,FLL,B
33325,US,FL,FLL,B
33318,US,FL,MIA,E
33388,US,FL,FLL,A
33324,US,FL,FLL,B
32768,US,FL,MCO,B
34758,US,FL,MCO,B
34759,US,FL,MCO,B
33868,US,FL,MCO,E
33868,US,FL,TPA,E
32181,US,FL,JAX,G
33060,US,FL,FLL,C
33060,US,FL,MIA,F
33061,US,FL,FLL,B
33780,US,FL,TPA,B
33325,US,FL,MIA,E
33311,US,FL,MIA,D
33946,US,FL,RSW,E
33781,US,FL,TPA,B
33318,US,FL,FLL,B
33566,US,FL,TPA,C
33062,US,FL,MIA,E
33782,US,FL,TPA,B
33311,US,FL,FLL,A
33947,US,FL,RSW,D
33313,US,FL,FLL,B
33313,US,FL,MIA,E
33317,US,FL,MIA,E
33317,US,FL,FLL,B
32455,US,FL,PNS,F
32301,US,FL,JAX,F
32305,US,FL,JAX,F
32066,US,FL,JAX,G
32311,US,FL,JAX,F
32465,US,FL,JAX,G
32352,US,FL,JAX,F
32307,US,FL,JAX,F
32324,US,FL,JAX,G
32309,US,FL,JAX,F
32337,US,FL,JAX,G
34984,US,FL,MIA,Y
32322,US,FL,JAX,G
32361,US,FL,JAX,F
32353,US,FL,JAX,F
32351,US,FL,JAX,F
33070,US,FL,MIA,Y
32344,US,FL,JAX,F
32346,US,FL,JAX,F
32096,US,FL,JAX,G
32345,US,FL,JAX,F
32358,US,FL,JAX,F
32357,US,FL,JAX,G
34984,US,FL,MIA,Y
33949,US,FL,TPA,J
34953,US,FL,MIA,Y
34983,US,FL,MIA,Y
32316,US,FL,JAX,F
32315,US,FL,JAX,F
32313,US,FL,JAX,F
33951,US,FL,TPA,K
33040,US,FL,MIA,Y
34987,US,FL,MIA,Y
33042,US,FL,MIA,Y
33949,US,FL,TPA,J
34952,US,FL,MIA,Y
33747,US,FL,TPA,B
34988,US,FL,MIA,Y
34985,US,FL,MIA,Y
32308,US,FL,JAX,F
32326,US,FL,JAX,F
34986,US,FL,MIA,Y
34986,US,FL,MIA,Y
32302,US,FL,JAX,F
32312,US,FL,JAX,F
32455,US,FL,PNS,F
34669,US,FL,TPA,G
32327,US,FL,JAX,F
32333,US,FL,JAX,F
34988,US,FL,MIA,Y
34992,US,FL,MIA,Y
34953,US,FL,MIA,Y
32310,US,FL,JAX,F
34952,US,FL,MIA,Y
34987,US,FL,MIA,Y
34985,US,FL,MIA,Y
32395,US,FL,JAX,F
32318,US,FL,JAX,F
32317,US,FL,JAX,F
34983,US,FL,MIA,Y
32399,US,FL,JAX,F
32963,US,FL,MIA,Y
34107,US,FL,TPA,K
33036,US,FL,MIA,Y
34284,US,FL,TPA,I
32967,US,FL,MIA,Y
32966,US,FL,MIA,Y
32961,US,FL,MIA,Y
33480,US,FL,MIA,G
33082,US,FL,MIA,D
33493,US,FL,MIA,Y
32962,US,FL,MIA,Y
32965,US,FL,MIA,Y
34277,US,FL,TPA,F
32960,US,FL,MIA,Y
34986,US,FL,MIA,Y
32413,US,FL,PNS,E
33467,US,FL,MIA,G
33414,US,FL,MIA,H
32413,US,FL,PNS,E
33405,US,FL,MIA,G
33412,US,FL,MIA,G
33414,US,FL,MIA,H
33418,US,FL,MIA,G
33402,US,FL,MIA,G
33406,US,FL,MIA,G
34986,US,FL,MIA,Y
32964,US,FL,MIA,Y
33042,US,FL,MIA,Y
33037,US,FL,MIA,Y
33036,US,FL,MIA,Y
32563,US,FL,PNS,C
33042,US,FL,MIA,Y
33042,US,FL,MIA,Y
33469,US,FL,MIA,G
33070,US,FL,MIA,Y
33689,US,FL,TPA,A
33571,US,FL,TPA,D
33571,US,FL,TPA,D
33042,US,FL,MIA,Y
34988,US,FL,MIA,Y
33044,US,FL,MIA,Y
34983,US,FL,MIA,Y
33044,US,FL,MIA,Y
33042,US,FL,MIA,Y
33044,US,FL,MIA,Y
33042,US,FL,MIA,Y
33044,US,FL,MIA,Y
33042,US,FL,MIA,Y
33040,US,FL,MIA,Y
34107,US,FL,TPA,K
33747,US,FL,TPA,B
34953,US,FL,MIA,Y
34987,US,FL,MIA,Y
34260,US,FL,TPA,F
33042,US,FL,MIA,Y
32321,US,FL,JAX,G
32443,US,FL,JAX,H
32360,US,FL,JAX,H
32442,US,FL,JAX,H
34988,US,FL,MIA,Y
32413,US,FL,PNS,E
34983,US,FL,MIA,Y
34953,US,FL,MIA,Y
34987,US,FL,MIA,Y
32438,US,FL,JAX,H
32328,US,FL,JAX,H
32328,US,FL,JAX,H
34278,US,FL,TPA,F
32449,US,FL,JAX,G
33418,US,FL,MIA,G
32460,US,FL,JAX,G
32331,US,FL,JAX,G
32330,US,FL,JAX,G
33571,US,FL,TPA,D
33414,US,FL,MIA,H
33412,US,FL,MIA,G
32413,US,FL,PNS,E
32348,US,FL,JAX,G
32347,US,FL,JAX,G
32336,US,FL,JAX,G
32334,US,FL,JAX,G
32332,US,FL,JAX,G
32445,US,FL,JAX,H
34276,US,FL,TPA,F
32413,US,FL,PNS,E
33036,US,FL,MIA,Y
32457,US,FL,JAX,I
32462,US,FL,JAX,I
32456,US,FL,JAX,I
32320,US,FL,JAX,H
33885,US,FL,TPA,F
34972,US,FL,MIA,Y
34972,US,FL,MIA,Y
32431,US,FL,JAX,H
32466,US,FL,JAX,H
32423,US,FL,JAX,H
32440,US,FL,JAX,H
32329,US,FL,JAX,H
32427,US,FL,JAX,H
32335,US,FL,JAX,H
32421,US,FL,JAX,H
32446,US,FL,JAX,H
32428,US,FL,JAX,H
32447,US,FL,JAX,H
32448,US,FL,JAX,H
32426,US,FL,JAX,H
32430,US,FL,JAX,H
33036,US,FL,MIA,Y
32323,US,FL,JAX,G
32424,US,FL,JAX,H
32457,US,FL,TLH,H
32442,US,FL,PNS,F
32583,US,FL,PNS,C
34116,US,FL,MIA,Y
32360,US,FL,TLH,G
32328,US,FL,TLH,G
32066,US,FL,TLH,G
32333,US,FL,TLH,C
32448,US,FL,TLH,G
32430,US,FL,TLH,H
32328,US,FL,TLH,H
33467,US,FL,MIA,G
32326,US,FL,TLH,C
32434,US,FL,PNS,F
32456,US,FL,TLH,H
32445,US,FL,TLH,H
32443,US,FL,TLH,H
32423,US,FL,TLH,H
32440,US,FL,TLH,H
32438,US,FL,TLH,H
33911,US,FL,TPA,K
32447,US,FL,TLH,G
33266,US,FL,MIA,C
32353,US,FL,TLH,C
33036,US,FL,MIA,Y
32460,US,FL,TLH,F
32347,US,FL,TLH,F
32329,US,FL,TLH,G
32320,US,FL,TLH,G
32345,US,FL,TLH,C
32343,US,FL,TLH,C
32424,US,FL,TLH,G
33050,US,FL,MIA,Y
33255,US,FL,MIA,G
33467,US,FL,MIA,G
33266,US,FL,MIA,C
33042,US,FL,MIA,Y
33042,US,FL,MIA,Y
33845,US,FL,TPA,J
32562,US,FL,PNS,B
32563,US,FL,PNS,C
32465,US,FL,TLH,G
32449,US,FL,TLH,G
32421,US,FL,TLH,H
32322,US,FL,TLH,G
34101,US,FL,TPA,K
34110,US,FL,MIA,Y
34109,US,FL,MIA,Y
34107,US,FL,TPA,K
34106,US,FL,TPA,K
34105,US,FL,MIA,Y
32547,US,FL,PNS,C
34104,US,FL,MIA,Y
34103,US,FL,MIA,Y
32431,US,FL,TLH,H
34101,US,FL,MIA,Y
34120,US,FL,MIA,Y
34108,US,FL,MIA,Y
32549,US,FL,PNS,C
34116,US,FL,MIA,Y
33040,US,FL,MIA,Y
33902,US,FL,TPA,K
32306,US,FL,TLH,A
32307,US,FL,TLH,A
32316,US,FL,TLH,A
33918,US,FL,TPA,K
34102,US,FL,MIA,Y
32309,US,FL,TLH,B
32428,US,FL,TLH,H
33406,US,FL,MIA,G
32327,US,FL,TLH,C
32308,US,FL,TLH,B
32427,US,FL,TLH,H
32426,US,FL,TLH,H
32466,US,FL,TLH,H
32462,US,FL,TLH,I
33040,US,FL,MIA,Y
34119,US,FL,MIA,Y
32312,US,FL,TLH,B
34106,US,FL,MIA,Y
32317,US,FL,TLH,B
34113,US,FL,MIA,Y
32305,US,FL,TLH,B
32311,US,FL,TLH,B
32304,US,FL,TLH,A
34114,US,FL,MIA,Y
34117,US,FL,MIA,Y
34112,US,FL,MIA,Y
34487,US,FL,TPA,K
33856,US,FL,TPA,I
32356,US,FL,TLH,E
33040,US,FL,MIA,Y
33040,US,FL,MIA,Y
33040,US,FL,MIA,Y
33037,US,FL,MIA,Y
32358,US,FL,TLH,D
32024,US,FL,TLH,E
32341,US,FL,TLH,E
32340,US,FL,TLH,E
32352,US,FL,TLH,C
32331,US,FL,TLH,E
32336,US,FL,TLH,D
32064,US,FL,TLH,E
32053,US,FL,TLH,E
32060,US,FL,TLH,E
32052,US,FL,TLH,E
33036,US,FL,MIA,Y
33042,US,FL,MIA,Y
33470,US,FL,MIA,Y
33042,US,FL,MIA,Y
33255,US,FL,MIA,G
33042,US,FL,MIA,Y
33854,US,FL,TPA,I
32056,US,FL,TLH,E
33970,US,FL,TPA,K
33465,US,FL,MIA,F
33854,US,FL,TPA,I
33467,US,FL,MIA,G
32335,US,FL,TLH,E
32059,US,FL,TLH,E
32025,US,FL,TLH,E
32321,US,FL,TLH,E
32361,US,FL,TLH,D
33465,US,FL,MIA,F
32334,US,FL,TLH,D
33855,US,FL,TPA,I
33856,US,FL,TPA,I
33862,US,FL,TPA,K
33406,US,FL,MIA,G
33406,US,FL,MIA,G
32055,US,FL,TLH,E
32356,US,FL,JAX,G
33564,US,FL,TPA,D
32072,US,FL,TLH,F
33466,US,FL,MIA,F
32963,US,FL,MIA,Y
33042,US,FL,MIA,Y
32235,US,FL,JAX,A
32235,US,FL,JAX,A
32330,US,FL,TLH,D
32337,US,FL,TLH,C
32351,US,FL,TLH,C
32344,US,FL,TLH,C
33036,US,FL,MIA,Y
33070,US,FL,MIA,Y
34145,US,FL,MIA,Y
34295,US,FL,TPA,H
34146,US,FL,TPA,K
32963,US,FL,MIA,Y
33855,US,FL,TPA,I
33855,US,FL,TPA,I
34143,US,FL,TPA,K
34949,US,FL,MIA,Y
34949,US,FL,MIA,Y
34669,US,FL,TPA,G
34446,US,FL,TPA,K
32096,US,FL,TLH,G
34451,US,FL,TPA,K
33469,US,FL,MIA,G
33082,US,FL,MIA,D
32324,US,FL,TLH,F
32348,US,FL,TLH,F
32332,US,FL,TLH,D
32346,US,FL,TLH,D
32323,US,FL,TLH,F
32357,US,FL,TLH,F
34260,US,FL,TPA,F
33051,US,FL,MIA,Y
34957,US,FL,MIA,Y
33051,US,FL,MIA,Y
32442,US,FL,TLH,F
33469,US,FL,MIA,G
33458,US,FL,MIA,H
33469,US,FL,MIA,G
33052,US,FL,MIA,Y
33052,US,FL,MIA,Y
33050,US,FL,MIA,Y
33050,US,FL,MIA,Y
33052,US,FL,MIA,Y
34146,US,FL,MIA,Y
33050,US,FL,MIA,Y
32053,US,FL,JAX,E
34954,US,FL,MIA,Y
33040,US,FL,MIA,Y
33885,US,FL,TPA,F
33885,US,FL,TPA,F
33854,US,FL,TPA,I
32310,US,FL,TLH,A
34972,US,FL,MIA,Y
32315,US,FL,TLH,A
32072,US,FL,JAX,E
32963,US,FL,MIA,Y
33412,US,FL,MIA,G
33418,US,FL,MIA,G
33480,US,FL,MIA,G
33418,US,FL,MIA,G
34295,US,FL,TPA,H
34950,US,FL,MIA,Y
34981,US,FL,MIA,Y
33037,US,FL,MIA,Y
34983,US,FL,MIA,Y
34984,US,FL,MIA,Y
34985,US,FL,MIA,Y
33994,US,FL,TPA,K
34988,US,FL,MIA,Y
34990,US,FL,MIA,Y
34982,US,FL,MIA,Y
34953,US,FL,MIA,Y
33918,US,FL,TPA,K
33902,US,FL,TPA,K
33906,US,FL,TPA,K
33911,US,FL,TPA,K
34987,US,FL,MIA,Y
33050,US,FL,MIA,Y
32595,US,FL,PNS,B
32516,US,FL,PNS,B
32524,US,FL,PNS,B
32523,US,FL,PNS,B
32520,US,FL,PNS,B
33412,US,FL,MIA,G
32597,US,FL,PNS,B
32591,US,FL,PNS,B
33447,US,FL,MIA,G
34278,US,FL,TPA,F
32304,US,FL,JAX,F
32303,US,FL,JAX,F
32343,US,FL,JAX,F
32306,US,FL,JAX,F
32513,US,FL,PNS,B
32417,US,FL,PNS,E
32413,US,FL,PNS,E
33406,US,FL,MIA,G
34220,US,FL,TPA,E
32437,US,FL,PNS,F
33040,US,FL,MIA,Y
32417,US,FL,PNS,E
32593,US,FL,PNS,B
32412,US,FL,PNS,E
32592,US,FL,PNS,B
32446,US,FL,TLH,G
32052,US,FL,JAX,E
34430,US,FL,TPA,K
33082,US,FL,MIA,D
32590,US,FL,PNS,B
32064,US,FL,JAX,E
32411,US,FL,PNS,E
32547,US,FL,PNS,C
32439,US,FL,PNS,D
34948,US,FL,MIA,Y
33906,US,FL,TPA,K
34945,US,FL,MIA,Y
34946,US,FL,MIA,Y
32413,US,FL,PNS,E
32059,US,FL,JAX,E
32056,US,FL,JAX,E
32025,US,FL,JAX,E
32060,US,FL,JAX,E
34986,US,FL,MIA,Y
34947,US,FL,MIA,Y
32588,US,FL,PNS,C
34952,US,FL,MIA,Y
32340,US,FL,JAX,E
32341,US,FL,JAX,E
33994,US,FL,TPA,K
32024,US,FL,JAX,E
34274,US,FL,TPA,I
32055,US,FL,JAX,E
32549,US,FL,PNS,C
33918,US,FL,TPA,K
34949,US,FL,MIA,Y
32111,US,FL,MCO,H
32113,US,FL,MCO,H
32105,US,FL,MCO,H
32102,US,FL,MCO,H
34491,US,FL,MCO,H
32667,US,FL,MCO,H
33954,US,FL,SRQ,E
32618,US,FL,MCO,H
32669,US,FL,MCO,H
32135,US,FL,MCO,H
33981,US,FL,SRQ,E
34492,US,FL,MCO,H
32767,US,FL,MCO,H
33980,US,FL,SRQ,E
33949,US,FL,SRQ,E
32616,US,FL,MCO,H
32615,US,FL,MCO,H
33890,US,FL,SRQ,E
32617,US,FL,MCO,H
33521,US,FL,MCO,H
33948,US,FL,SRQ,E
33706,US,FL,SRQ,E
33952,US,FL,SRQ,E
33953,US,FL,SRQ,E
32192,US,FL,MCO,H
33706,US,FL,SRQ,E
32136,US,FL,MCO,H
32142,US,FL,MCO,H
33707,US,FL,SRQ,E
33715,US,FL,SRQ,E
33736,US,FL,SRQ,E
33740,US,FL,SRQ,E
32137,US,FL,MCO,H
31305,US,GA,ATL,Y
30457,US,GA,ATL,Y
30512,US,GA,ATL,Y
30808,US,GA,ATL,Y
31635,US,GA,ATL,Y
31636,US,GA,ATL,Y
30816,US,GA,ATL,Y
30467,US,GA,ATL,Y
31313,US,GA,ATL,Y
31634,US,GA,ATL,Y
31016,US,GA,ATL,Y
31532,US,GA,ATL,Y
31544,US,GA,ATL,Y
31305,US,GA,SAV,D
30817,US,GA,ATL,Y
31316,US,GA,ATL,Y
30474,US,GA,SAV,E
30434,US,GA,ATL,Y
31522,US,GA,SAV,D
31520,US,GA,SAV,D
31525,US,GA,SAV,D
31527,US,GA,SAV,D
31634,US,GA,ATL,Y
30456,US,GA,ATL,Y
31523,US,GA,SAV,D
31308,US,GA,ATL,Y
31763,US,GA,ATL,Y
30420,US,GA,ATL,Y
30807,US,GA,ATL,Y
30631,US,GA,ATL,Y
30474,US,GA,SAV,E
31524,US,GA,ATL,Y
30814,US,GA,ATL,Y
30423,US,GA,ATL,Y
30634,US,GA,ATL,Y
31521,US,GA,SAV,D
30905,US,GA,ATL,Y
31316,US,GA,SAV,D
31561,US,GA,SAV,E
31513,US,GA,SAV,E
30809,US,GA,ATL,Y
31309,US,GA,ATL,Y
30216,US,GA,ATL,Y
31629,US,GA,ATL,Y
31518,US,GA,ATL,Y
30426,US,GA,ATL,Y
31313,US,GA,ATL,Y
31522,US,GA,ATL,Y
31314,US,GA,ATL,Y
31515,US,GA,SAV,E
30823,US,GA,ATL,Y
31408,US,GA,ATL,Y
30810,US,GA,ATL,Y
30907,US,GA,ATL,Y
30424,US,GA,ATL,Y
30815,US,GA,ATL,Y
31302,US,GA,ATL,Y
30436,US,GA,SAV,E
31626,US,GA,ATL,Y
30806,US,GA,ATL,Y
31523,US,GA,ATL,Y
31312,US,GA,ATL,Y
31329,US,GA,ATL,Y
30813,US,GA,ATL,Y
31561,US,GA,SAV,E
31630,US,GA,ATL,Y
31307,US,GA,ATL,Y
30428,US,GA,ATL,Y
30427,US,GA,ATL,Y
30635,US,GA,ATL,Y
31308,US,GA,ATL,Y
30537,US,GA,ATL,Y
31744,US,GA,ATL,Y
30446,US,GA,ATL,Y
30458,US,GA,ATL,Y
31405,US,GA,ATL,Y
31322,US,GA,ATL,Y
31642,US,GA,ATL,Y
30449,US,GA,ATL,Y
30471,US,GA,ATL,Y
30824,US,GA,ATL,Y
30450,US,GA,ATL,Y
31771,US,GA,ATL,Y
31097,US,GA,ATL,Y
31649,US,GA,ATL,Y
31329,US,GA,ATL,Y
30562,US,GA,ATL,Y
31060,US,GA,ATL,Y
30582,US,GA,ATL,Y
30439,US,GA,ATL,Y
31406,US,GA,ATL,Y
30467,US,GA,ATL,Y
31326,US,GA,ATL,Y
30828,US,GA,ATL,Y
30673,US,GA,ATL,Y
30830,US,GA,ATL,Y
31650,US,GA,ATL,Y
30833,US,GA,ATL,Y
31333,US,GA,ATL,Y
31327,US,GA,ATL,Y
31407,US,GA,ATL,Y
30454,US,GA,ATL,Y
30441,US,GA,ATL,Y
30474,US,GA,ATL,Y
31328,US,GA,ATL,Y
31324,US,GA,ATL,Y
31323,US,GA,ATL,Y
31783,US,GA,ATL,Y
30568,US,GA,ATL,Y
31781,US,GA,ATL,Y
31522,US,GA,ATL,Y
30650,US,GA,ATL,Y
31407,US,GA,ATL,Y
30909,US,GA,ATL,Y
30445,US,GA,ATL,Y
31624,US,GA,ATL,Y
30546,US,GA,ATL,Y
30055,US,GA,ATL,Y
31716,US,GA,ATL,Y
31055,US,GA,ATL,Y
31550,US,GA,ATL,Y
30907,US,GA,ATL,Y
30436,US,GA,ATL,Y
30413,US,GA,ATL,Y
31401,US,GA,ATL,Y
30414,US,GA,SAV,D
31722,US,GA,ATL,Y
30414,US,GA,SAV,D
30438,US,GA,SAV,D
30417,US,GA,SAV,D
31625,US,GA,ATL,Y
31003,US,GA,ATL,Y
31408,US,GA,ATL,Y
31520,US,GA,SAV,D
31083,US,GA,ATL,Y
30819,US,GA,ATL,Y
31319,US,GA,ATL,Y
30464,US,GA,ATL,Y
31318,US,GA,ATL,Y
31301,US,GA,ATL,Y
30905,US,GA,ATL,Y
30537,US,GA,ATL,Y
30412,US,GA,ATL,Y
30904,US,GA,ATL,Y
30802,US,GA,ATL,Y
30901,US,GA,ATL,Y
31623,US,GA,ATL,Y
30410,US,GA,ATL,Y
31294,US,GA,ATL,F
31209,US,GA,ATL,F
30048,US,GA,ATL,E
30063,US,GA,ATL,C
31210,US,GA,ATL,F
31211,US,GA,ATL,F
30062,US,GA,ATL,C
31296,US,GA,ATL,F
31213,US,GA,ATL,F
31816,US,GA,ATL,J
31295,US,GA,ATL,F
30061,US,GA,ATL,C
30060,US,GA,ATL,C
30008,US,GA,ATL,C
30007,US,GA,ATL,C
30148,US,GA,ATL,G
31297,US,GA,ATL,F
31550,US,GA,JAX,H
31212,US,GA,ATL,F
31204,US,GA,ATL,F
31815,US,GA,ATL,H
30251,US,GA,ATL,F
30730,US,GA,CHA,D
31549,US,GA,JAX,H
30554,US,GA,ATL,G
30250,US,GA,ATL,E
30126,US,GA,ATL,C
30052,US,GA,ATL,E
31208,US,GA,ATL,F
30248,US,GA,ATL,E
31051,US,GA,ATL,H
31052,US,GA,ATL,F
30058,US,GA,ATL,D
31205,US,GA,ATL,F
31207,US,GA,ATL,F
30038,US,GA,ATL,D
30122,US,GA,ATL,D
31203,US,GA,ATL,F
30147,US,GA,ATL,F
31202,US,GA,ATL,F
30563,US,GA,ATL,G
31063,US,GA,ATL,I
30047,US,GA,ATL,E
30141,US,GA,ATL,F
30264,US,GA,ATL,E
31065,US,GA,ATL,G
30259,US,GA,ATL,E
30260,US,GA,ATL,B
30287,US,GA,ATL,B
31552,US,GA,JAX,H
31768,US,GA,ATL,J
30071,US,GA,ATL,B
30261,US,GA,ATL,F
30263,US,GA,ATL,E
30056,US,GA,ATL,G
31639,US,GA,ATL,J
31553,US,GA,JAX,F
31769,US,GA,ATL,J
31066,US,GA,ATL,F
30564,US,GA,ATL,F
31638,US,GA,ATL,J
31054,US,GA,ATL,I
30065,US,GA,ATL,C
30066,US,GA,ATL,C
30067,US,GA,ATL,C
30068,US,GA,ATL,C
30069,US,GA,ATL,C
30090,US,GA,ATL,C
31057,US,GA,ATL,I
31058,US,GA,ATL,G
30655,US,GA,ATL,F
30253,US,GA,ATL,E
30265,US,GA,ATL,E
31318,US,GA,SAV,C
31820,US,GA,ATL,F
31320,US,GA,SAV,C
31061,US,GA,ATL,G
31064,US,GA,ATL,I
30257,US,GA,ATL,F
30092,US,GA,ATL,B
30091,US,GA,ATL,B
30064,US,GA,ATL,C
30558,US,GA,ATL,G
30724,US,GA,CHA,D
31307,US,GA,SAV,C
30036,US,GA,ATL,A
31025,US,GA,ATL,I
31806,US,GA,ATL,I
30049,US,GA,ATL,B
30294,US,GA,ATL,B
30137,US,GA,ATL,G
31014,US,GA,ATL,I
31313,US,GA,SAV,C
30138,US,GA,ATL,G
31023,US,GA,ATL,G
30213,US,GA,ATL,D
30638,US,GA,ATL,F
31750,US,GA,ATL,J
30725,US,GA,ATL,G
30725,US,GA,CHA,B
30502,US,GA,ATL,E
30542,US,GA,ATL,F
30230,US,GA,ATL,F
31749,US,GA,ATL,J
30338,US,GA,ATL,B
31020,US,GA,ATL,G
31021,US,GA,ATL,I
31040,US,GA,ATL,I
31022,US,GA,ATL,G
30135,US,GA,ATL,E
30095,US,GA,ATL,D
30134,US,GA,ATL,E
30096,US,GA,ATL,D
30093,US,GA,ATL,B
30097,US,GA,ATL,D
30039,US,GA,ATL,E
31533,US,GA,ATL,J
30340,US,GA,ATL,B
30344,US,GA,ATL,A
31019,US,GA,ATL,I
31532,US,GA,JAX,H
30535,US,GA,ATL,G
30364,US,GA,ATL,A
30037,US,GA,ATL,A
31542,US,GA,JAX,F
30133,US,GA,ATL,E
30553,US,GA,ATL,I
31547,US,GA,JAX,E
31548,US,GA,JAX,E
31049,US,GA,ATL,I
31050,US,GA,ATL,F
30728,US,GA,CHA,B
30240,US,GA,ATL,F
30241,US,GA,ATL,F
30261,US,GA,ATL,F
31537,US,GA,JAX,F
30552,US,GA,ATL,G
31046,US,GA,ATL,G
30042,US,GA,ATL,E
30043,US,GA,ATL,E
30044,US,GA,ATL,E
30045,US,GA,ATL,E
30046,US,GA,ATL,E
30146,US,GA,ATL,J
31637,US,GA,ATL,J
31764,US,GA,ATL,I
30260,US,GA,ATL,B
31760,US,GA,ATL,J
31024,US,GA,ATL,G
30142,US,GA,ATL,G
31537,US,GA,JAX,F
30547,US,GA,ATL,F
31543,US,GA,JAX,H
30548,US,GA,ATL,G
30646,US,GA,ATL,F
31041,US,GA,ATL,G
30144,US,GA,ATL,E
31042,US,GA,ATL,I
31047,US,GA,ATL,G
30233,US,GA,ATL,E
30549,US,GA,ATL,F
31044,US,GA,ATL,G
30234,US,GA,ATL,E
31545,US,GA,JAX,H
30236,US,GA,ATL,B
30237,US,GA,ATL,B
30238,US,GA,ATL,B
30648,US,GA,ATL,G
30647,US,GA,ATL,G
30286,US,GA,ATL,G
30276,US,GA,ATL,E
30284,US,GA,ATL,F
30024,US,GA,ATL,E
31790,US,GA,ATL,J
31791,US,GA,ATL,I
30176,US,GA,ATL,I
30573,US,GA,ATL,I
30179,US,GA,ATL,F
30747,US,GA,CHA,D
30285,US,GA,ATL,J
30747,US,GA,ATL,I
31404,US,GA,SAV,A
31793,US,GA,ATL,J
30576,US,GA,ATL,I
30668,US,GA,ATL,G
30577,US,GA,ATL,G
31090,US,GA,ATL,I
30752,US,GA,CHA,C
30753,US,GA,CHA,D
31089,US,GA,ATL,H
31329,US,GA,SAV,C
30081,US,GA,ATL,B
30277,US,GA,ATL,D
31086,US,GA,ATL,G
31787,US,GA,ATL,I
30080,US,GA,ATL,B
30677,US,GA,ATL,F
30082,US,GA,ATL,B
30078,US,GA,ATL,E
31789,US,GA,ATL,J
31647,US,GA,ATL,J
30755,US,GA,CHA,C
30666,US,GA,ATL,F
31329,US,GA,SAV,C
30281,US,GA,ATL,D
30083,US,GA,ATL,B
30086,US,GA,ATL,B
30087,US,GA,ATL,B
30088,US,GA,ATL,B
30518,US,GA,ATL,F
30025,US,GA,ATL,I
30683,US,GA,ATL,F
30680,US,GA,ATL,G
30187,US,GA,ATL,F
30757,US,GA,CHA,C
30185,US,GA,ATL,G
31565,US,GA,JAX,F
31831,US,GA,ATL,G
31501,US,GA,JAX,F
31502,US,GA,JAX,F
30084,US,GA,ATL,B
30184,US,GA,ATL,G
31094,US,GA,ATL,I
31832,US,GA,ATL,I
31096,US,GA,ATL,I
31569,US,GA,JAX,F
31566,US,GA,JAX,H
30354,US,GA,ATL,A
30188,US,GA,ATL,E
30035,US,GA,ATL,A
31833,US,GA,ATL,I
31568,US,GA,JAX,F
30477,US,GA,ATL,J
31561,US,GA,JAX,F
30289,US,GA,ATL,D
30580,US,GA,ATL,I
31328,US,GA,SAV,C
30290,US,GA,ATL,D
31091,US,GA,ATL,I
30291,US,GA,ATL,D
31092,US,GA,ATL,G
31796,US,GA,ATL,I
30182,US,GA,ATL,G
30292,US,GA,ATL,F
31564,US,GA,JAX,H
31830,US,GA,ATL,J
31088,US,GA,ATL,F
31093,US,GA,ATL,F
31095,US,GA,ATL,F
31099,US,GA,ATL,F
30295,US,GA,ATL,E
30581,US,GA,ATL,G
30085,US,GA,ATL,B
30180,US,GA,ATL,F
31076,US,GA,ATL,G
31084,US,GA,ATL,I
31008,US,GA,ATL,I
31824,US,GA,ATL,I
31782,US,GA,ATL,J
31643,US,GA,ATL,I
30263,US,GA,ATL,E
30272,US,GA,ATL,D
30074,US,GA,ATL,B
30073,US,GA,ATL,E
30273,US,GA,ATL,D
30073,US,GA,ATL,E
31077,US,GA,ATL,I
31323,US,GA,SAV,C
31825,US,GA,ATL,H
31324,US,GA,SAV,C
31326,US,GA,SAV,C
30736,US,GA,CHA,B
30738,US,GA,CHA,D
30274,US,GA,ATL,B
30735,US,GA,CHA,C
31321,US,GA,SAV,C
31772,US,GA,ATL,I
30566,US,GA,ATL,E
31774,US,GA,ATL,J
31068,US,GA,ATL,G
31821,US,GA,ATL,I
31775,US,GA,ATL,J
30054,US,GA,ATL,G
30268,US,GA,ATL,D
30127,US,GA,ATL,E
30269,US,GA,ATL,D
31079,US,GA,ATL,I
31069,US,GA,ATL,G
31822,US,GA,ATL,G
31070,US,GA,ATL,G
31071,US,GA,ATL,I
31072,US,GA,ATL,I
31780,US,GA,ATL,I
31322,US,GA,SAV,B
31407,US,GA,SAV,A
31557,US,GA,JAX,H
31410,US,GA,SAV,B
31408,US,GA,SAV,A
31401,US,GA,SAV,A
31402,US,GA,SAV,A
31403,US,GA,SAV,A
31404,US,GA,SAV,A
31405,US,GA,SAV,A
31406,US,GA,SAV,B
31407,US,GA,SAV,A
30296,US,GA,ATL,B
31409,US,GA,SAV,A
30358,US,GA,ATL,A
31411,US,GA,SAV,C
31412,US,GA,SAV,A
31414,US,GA,SAV,A
31416,US,GA,SAV,A
31418,US,GA,SAV,B
31419,US,GA,SAV,B
31420,US,GA,SAV,B
30079,US,GA,ATL,A
31408,US,GA,SAV,A
30742,US,GA,CHA,A
30821,US,GA,ATL,G
30739,US,GA,CHA,B
30153,US,GA,ATL,I
30740,US,GA,CHA,B
30161,US,GA,ATL,G
30162,US,GA,ATL,G
30163,US,GA,ATL,G
30164,US,GA,ATL,G
30571,US,GA,ATL,I
30741,US,GA,CHA,A
30275,US,GA,ATL,G
30075,US,GA,ATL,D
30076,US,GA,ATL,D
30077,US,GA,ATL,D
30662,US,GA,ATL,I
31081,US,GA,ATL,F
31558,US,GA,JAX,E
31522,US,GA,JAX,F
30328,US,GA,ATL,B
31078,US,GA,ATL,F
30165,US,GA,ATL,G
30329,US,GA,ATL,A
31033,US,GA,ATL,G
30320,US,GA,ATL,A
30321,US,GA,ATL,A
30322,US,GA,ATL,A
30324,US,GA,ATL,A
30325,US,GA,ATL,A
30326,US,GA,ATL,A
30318,US,GA,ATL,A
30328,US,GA,ATL,B
30317,US,GA,ATL,A
30330,US,GA,ATL,A
30331,US,GA,ATL,A
30332,US,GA,ATL,A
30333,US,GA,ATL,A
30334,US,GA,ATL,A
30336,US,GA,ATL,A
30337,US,GA,ATL,A
30338,US,GA,ATL,B
30327,US,GA,ATL,A
30308,US,GA,ATL,A
30392,US,GA,ATL,A
31811,US,GA,ATL,F
30228,US,GA,ATL,E
30354,US,GA,ATL,A
31756,US,GA,ATL,J
30643,US,GA,ATL,I
31036,US,GA,ATL,G
30319,US,GA,ATL,A
30545,US,GA,ATL,I
30341,US,GA,ATL,A
30309,US,GA,ATL,A
30310,US,GA,ATL,A
30311,US,GA,ATL,A
30312,US,GA,ATL,A
30313,US,GA,ATL,A
30314,US,GA,ATL,A
30315,US,GA,ATL,A
30316,US,GA,ATL,A
31539,US,GA,JAX,H
30379,US,GA,ATL,A
30368,US,GA,ATL,A
30369,US,GA,ATL,A
30370,US,GA,ATL,A
30371,US,GA,ATL,A
30374,US,GA,ATL,A
30375,US,GA,ATL,A
30376,US,GA,ATL,A
30339,US,GA,ATL,A
30378,US,GA,ATL,A
30363,US,GA,ATL,A
30380,US,GA,ATL,A
30384,US,GA,ATL,A
30385,US,GA,ATL,A
30386,US,GA,ATL,A
30387,US,GA,ATL,A
30388,US,GA,ATL,A
30389,US,GA,ATL,A
30390,US,GA,ATL,A
30377,US,GA,ATL,A
30353,US,GA,ATL,A
31312,US,GA,SAV,C
30342,US,GA,ATL,A
30343,US,GA,ATL,A
30344,US,GA,ATL,A
30345,US,GA,ATL,A
30346,US,GA,ATL,A
30347,US,GA,ATL,A
30348,US,GA,ATL,A
30366,US,GA,ATL,A
30350,US,GA,ATL,B
30364,US,GA,ATL,A
30355,US,GA,ATL,A
30357,US,GA,ATL,A
30358,US,GA,ATL,A
30359,US,GA,ATL,A
30360,US,GA,ATL,B
30361,US,GA,ATL,A
30362,US,GA,ATL,A
30340,US,GA,ATL,B
30349,US,GA,ATL,A
31714,US,GA,ATL,I
31632,US,GA,ATL,J
30022,US,GA,ATL,D
30510,US,GA,ATL,F
31512,US,GA,ATL,J
31709,US,GA,ATL,H
31710,US,GA,ATL,H
31711,US,GA,ATL,I
30005,US,GA,ATL,D
30104,US,GA,ATL,G
30004,US,GA,ATL,D
30601,US,GA,ATL,E
30602,US,GA,ATL,E
30603,US,GA,ATL,E
30604,US,GA,ATL,E
30605,US,GA,ATL,E
30606,US,GA,ATL,E
30607,US,GA,ATL,E
30608,US,GA,ATL,E
31712,US,GA,ATL,I
31701,US,GA,ATL,I
30356,US,GA,ATL,A
30034,US,GA,ATL,A
31001,US,GA,ATL,I
30101,US,GA,ATL,E
30102,US,GA,ATL,E
31620,US,GA,ATL,J
31002,US,GA,ATL,I
30009,US,GA,ATL,D
31622,US,GA,ATL,J
30320,US,GA,ATL,A
31702,US,GA,ATL,I
31703,US,GA,ATL,I
31704,US,GA,ATL,I
31705,US,GA,ATL,I
31706,US,GA,ATL,I
31707,US,GA,ATL,I
31708,US,GA,ATL,I
31510,US,GA,JAX,H
30411,US,GA,ATL,I
31520,US,GA,JAX,F
31753,US,GA,ATL,J
30501,US,GA,ATL,E
30503,US,GA,ATL,E
30504,US,GA,ATL,E
30506,US,GA,ATL,E
31408,US,GA,SAV,A
31418,US,GA,SAV,B
30609,US,GA,ATL,E
30543,US,GA,ATL,F
30217,US,GA,ATL,F
30811,US,GA,ATL,J
30812,US,GA,ATL,I
30619,US,GA,ATL,G
31032,US,GA,ATL,G
30017,US,GA,ATL,F
30726,US,GA,CHA,B
30642,US,GA,ATL,G
30223,US,GA,ATL,E
31810,US,GA,ATL,G
31029,US,GA,ATL,G
30220,US,GA,ATL,E
30301,US,GA,ATL,A
30302,US,GA,ATL,A
30303,US,GA,ATL,A
30304,US,GA,ATL,A
30305,US,GA,ATL,A
30306,US,GA,ATL,A
30307,US,GA,ATL,A
30639,US,GA,ATL,I
30298,US,GA,ATL,A
30639,US,GA,ATL,I
31905,US,GA,ATL,G
31995,US,GA,ATL,G
30742,US,GA,CHA,A
31313,US,GA,SAV,C
31314,US,GA,SAV,C
31030,US,GA,ATL,G
31808,US,GA,ATL,I
30612,US,GA,ATL,E
30297,US,GA,ATL,A
30628,US,GA,ATL,G
31908,US,GA,ATL,G
30523,US,GA,ATL,F
30021,US,GA,ATL,B
30527,US,GA,ATL,G
30528,US,GA,ATL,F
31013,US,GA,ATL,I
31735,US,GA,ATL,I
30707,US,GA,CHA,B
30710,US,GA,CHA,B
30502,US,GA,ATL,E
30337,US,GA,ATL,A
31901,US,GA,ATL,G
31902,US,GA,ATL,G
31903,US,GA,ATL,G
31904,US,GA,ATL,G
31905,US,GA,ATL,G
31906,US,GA,ATL,G
31730,US,GA,ATL,J
31014,US,GA,ATL,I
30125,US,GA,ATL,G
30520,US,GA,ATL,I
30114,US,GA,ATL,E
30627,US,GA,ATL,I
30521,US,GA,ATL,G
30117,US,GA,ATL,F
30118,US,GA,ATL,F
30119,US,GA,ATL,F
31733,US,GA,ATL,I
31804,US,GA,ATL,G
31909,US,GA,ATL,G
31028,US,GA,ATL,F
30058,US,GA,ATL,D
30341,US,GA,ATL,A
30366,US,GA,ATL,A
30705,US,GA,ATL,G
30705,US,GA,CHA,D
31011,US,GA,ATL,H
31012,US,GA,ATL,H
30120,US,GA,ATL,G
30668,US,GA,ATL,G
31907,US,GA,ATL,G
30041,US,GA,ATL,G
31805,US,GA,ATL,G
30019,US,GA,ATL,E
30533,US,GA,ATL,F
30597,US,GA,ATL,F
30720,US,GA,CHA,B
30028,US,GA,ATL,G
30722,US,GA,CHA,B
30630,US,GA,ATL,G
30633,US,GA,ATL,G
31017,US,GA,ATL,G
31305,US,GA,JAX,F
31743,US,GA,ATL,I
30030,US,GA,ATL,A
30031,US,GA,ATL,A
30394,US,GA,ATL,A
30033,US,GA,ATL,A
30721,US,GA,CHA,B
30013,US,GA,ATL,E
31993,US,GA,ATL,G
31995,US,GA,ATL,G
31998,US,GA,ATL,G
31999,US,GA,ATL,G
30529,US,GA,ATL,F
30032,US,GA,ATL,A
30599,US,GA,ATL,F
30040,US,GA,ATL,G
30012,US,GA,ATL,E
30530,US,GA,ATL,F
30094,US,GA,ATL,E
31015,US,GA,ATL,I
30531,US,GA,ATL,F
31739,US,GA,ATL,J
30014,US,GA,ATL,E
30015,US,GA,ATL,E
30016,US,GA,ATL,E
30711,US,GA,CHA,D
30288,US,GA,ATL,A
31705,US,GA,ATL,I
31561,US,GA,JAX,F
30622,US,GA,ATL,F
31005,US,GA,ATL,G
30623,US,GA,ATL,G
30108,US,GA,ATL,G
30109,US,GA,ATL,G
30109,US,GA,ATL,G
30516,US,GA,ATL,I
30624,US,GA,ATL,G
31302,US,GA,SAV,B
30110,US,GA,ATL,F
31516,US,GA,JAX,G
31518,US,GA,JAX,H
31727,US,GA,ATL,J
30205,US,GA,ATL,F
31519,US,GA,ATL,J
31519,US,GA,JAX,H
31520,US,GA,JAX,F
31521,US,GA,JAX,F
31522,US,GA,JAX,F
31523,US,GA,JAX,F
31524,US,GA,JAX,F
30517,US,GA,ATL,F
30011,US,GA,ATL,G
30396,US,GA,ATL,A
30398,US,GA,ATL,A
30399,US,GA,ATL,A
31119,US,GA,ATL,A
31131,US,GA,ATL,A
31139,US,GA,ATL,A
30206,US,GA,ATL,G
31150,US,GA,ATL,A
30701,US,GA,CHA,D
30805,US,GA,ATL,J
39901,US,GA,ATL,A
31156,US,GA,ATL,A
30106,US,GA,ATL,C
30168,US,GA,ATL,C
30002,US,GA,ATL,A
30002,US,GA,ATL,A
30511,US,GA,ATL,F
30107,US,GA,ATL,F
30204,US,GA,ATL,G
31720,US,GA,ATL,J
31513,US,GA,JAX,H
30621,US,GA,ATL,G
31199,US,GA,ATL,A
31006,US,GA,ATL,G
30701,US,GA,ATL,G
31008,US,GA,ATL,I
31009,US,GA,ATL,H
31007,US,GA,ATL,G
30113,US,GA,ATL,H
30519,US,GA,ATL,F
30518,US,GA,ATL,F
30515,US,GA,ATL,F
31636,US,GA,TLH,E
31525,US,GA,SAV,D
39845,US,GA,TLH,E
31778,US,GA,TLH,E
39852,US,GA,TLH,E
31773,US,GA,TLH,E
31775,US,GA,TLH,E
31744,US,GA,TLH,E
39813,US,GA,TLH,E
31605,US,GA,TLH,E
39823,US,GA,TLH,E
31788,US,GA,JAX,D
31603,US,GA,TLH,E
31647,US,GA,TLH,E
31768,US,GA,JAX,D
39819,US,GA,TLH,E
31639,US,GA,TLH,E
31781,US,GA,TLH,E
39861,US,GA,TLH,E
31738,US,GA,TLH,E
31771,US,GA,TLH,E
31315,US,GA,SAV,C
31779,US,GA,TLH,E
39824,US,GA,TLH,E
31602,US,GA,JAX,E
31788,US,GA,TLH,D
31704,US,GA,JAX,D
31705,US,GA,JAX,D
31782,US,GA,TLH,D
31706,US,GA,JAX,D
31782,US,GA,JAX,D
31756,US,GA,JAX,D
31316,US,GA,SAV,D
39834,US,GA,JAX,E
39832,US,GA,JAX,E
39845,US,GA,JAX,E
31795,US,GA,JAX,E
31699,US,GA,TLH,E
39841,US,GA,TLH,E
31629,US,GA,TLH,E
31648,US,GA,JAX,E
31603,US,GA,JAX,E
39837,US,GA,TLH,E
31637,US,GA,TLH,E
39834,US,GA,TLH,E
31315,US,GA,SAV,C
31638,US,GA,TLH,E
31606,US,GA,TLH,E
31632,US,GA,TLH,E
31765,US,GA,TLH,E
39832,US,GA,TLH,E
31643,US,GA,TLH,E
31784,US,GA,TLH,E
31698,US,GA,JAX,E
31792,US,GA,JAX,E
31758,US,GA,JAX,E
30474,US,GA,SAV,E
39827,US,GA,TLH,E
31799,US,GA,TLH,E
39828,US,GA,TLH,E
31792,US,GA,TLH,E
31730,US,GA,TLH,E
31758,US,GA,TLH,E
31648,US,GA,TLH,E
31627,US,GA,TLH,E
31604,US,GA,TLH,E
30474,US,GA,SAV,E
31513,US,GA,SAV,E
31757,US,GA,JAX,E
30436,US,GA,SAV,E
31793,US,GA,JAX,D
39829,US,GA,TLH,E
31625,US,GA,TLH,E
30436,US,GA,SAV,E
39815,US,GA,TLH,E
31620,US,GA,TLH,E
31716,US,GA,TLH,E
39897,US,GA,TLH,E
39817,US,GA,TLH,E
31565,US,GA,SAV,E
39818,US,GA,TLH,E
31602,US,GA,TLH,E
31757,US,GA,TLH,E
31604,US,GA,JAX,E
31698,US,GA,TLH,E
31721,US,GA,JAX,D
31415,US,GA,SAV,A
31421,US,GA,SAV,A
31707,US,GA,TLH,D
31548,US,GA,SAV,E
39859,US,GA,TLH,E
31791,US,GA,TLH,D
31702,US,GA,TLH,D
31793,US,GA,TLH,D
31794,US,GA,TLH,D
31791,US,GA,JAX,D
31701,US,GA,TLH,D
31545,US,GA,SAV,E
31704,US,GA,TLH,D
31601,US,GA,TLH,E
31606,US,GA,JAX,E
31799,US,GA,JAX,E
31605,US,GA,JAX,E
39825,US,GA,TLH,E
31703,US,GA,TLH,D
31626,US,GA,TLH,E
30436,US,GA,SAV,E
31601,US,GA,JAX,E
31756,US,GA,TLH,D
39897,US,GA,JAX,E
31705,US,GA,TLH,D
31706,US,GA,TLH,D
31316,US,GA,SAV,D
31795,US,GA,TLH,E
39813,US,GA,JAX,E
31784,US,GA,JAX,E
31565,US,GA,SAV,E
31707,US,GA,JAX,D
31639,US,GA,JAX,E
31627,US,GA,JAX,E
30474,US,GA,SAV,E
30475,US,GA,SAV,E
30467,US,GA,SAV,E
31310,US,GA,SAV,C
31522,US,GA,SAV,D
31522,US,GA,SAV,D
31643,US,GA,JAX,E
39815,US,GA,JAX,E
31716,US,GA,JAX,E
39817,US,GA,JAX,E
39818,US,GA,JAX,E
31315,US,GA,SAV,C
31522,US,GA,SAV,D
30453,US,GA,SAV,D
31316,US,GA,SAV,D
30439,US,GA,SAV,D
31315,US,GA,SAV,C
31771,US,GA,JAX,E
31525,US,GA,SAV,D
31699,US,GA,JAX,E
31638,US,GA,JAX,E
31637,US,GA,JAX,E
30436,US,GA,SAV,E
31513,US,GA,SAV,E
31525,US,GA,SAV,D
31545,US,GA,SAV,E
31501,US,GA,SAV,E
31776,US,GA,JAX,D
30439,US,GA,SAV,D
31545,US,GA,SAV,E
31569,US,GA,SAV,E
31773,US,GA,JAX,E
31520,US,GA,SAV,D
30467,US,GA,SAV,E
31415,US,GA,SAV,A
31775,US,GA,JAX,E
31778,US,GA,JAX,E
31779,US,GA,JAX,E
31781,US,GA,JAX,E
39819,US,GA,JAX,E
31565,US,GA,SAV,E
31738,US,GA,JAX,E
31625,US,GA,JAX,E
31598,US,GA,SAV,E
31522,US,GA,SAV,D
30436,US,GA,SAV,E
31765,US,GA,JAX,E
31768,US,GA,TLH,D
31776,US,GA,TLH,D
39829,US,GA,JAX,E
31744,US,GA,JAX,E
39852,US,GA,JAX,E
39841,US,GA,JAX,E
31415,US,GA,SAV,A
39837,US,GA,JAX,E
30438,US,GA,SAV,D
31794,US,GA,JAX,D
31701,US,GA,JAX,D
31545,US,GA,SAV,E
30436,US,GA,SAV,E
31636,US,GA,JAX,E
31702,US,GA,JAX,D
31703,US,GA,JAX,D
31730,US,GA,JAX,E
31632,US,GA,JAX,E
39825,US,GA,JAX,E
31565,US,GA,SAV,E
31502,US,GA,SAV,E
31503,US,GA,SAV,E
31501,US,GA,SAV,E
31566,US,GA,SAV,E
39827,US,GA,JAX,E
31545,US,GA,SAV,E
39824,US,GA,JAX,E
31626,US,GA,JAX,E
31721,US,GA,TLH,D
39828,US,GA,JAX,E
39823,US,GA,JAX,E
31629,US,GA,JAX,E
30474,US,GA,SAV,E
31527,US,GA,SAV,D
31546,US,GA,SAV,E
31620,US,GA,JAX,E
39861,US,GA,JAX,E
30436,US,GA,SAV,E
39859,US,GA,JAX,E
31647,US,GA,JAX,E
31136,US,GA,ATL,A
30099,US,GA,ATL,D
30215,US,GA,ATL,D
31169,US,GA,ATL,D
31193,US,GA,ATL,A
31195,US,GA,ATL,A
31192,US,GA,ATL,A
30270,US,GA,ATL,D
31169,US,GA,ATL,D
30270,US,GA,ATL,D
30214,US,GA,ATL,D
30098,US,GA,ATL,D
31196,US,GA,ATL,A
30252,US,GA,ATL,E
30152,US,GA,ATL,E
30189,US,GA,ATL,E
96927,GUAM,GU,GUM,B
96925,GUAM,GU,GUM,C
96918,GUAM,GU,GUM,D
96911,GUAM,GU,GUM,A
96911,GUAM,GU,GUM,A
96930,GUAM,GU,GUM,D
96929,GUAM,GU,GUM,C
96915,GUAM,GU,GUM,D
96927,GUAM,GU,GUM,B
96914,GUAM,GU,GUM,D
96916,GUAM,GU,GUM,D
96931,GUAM,GU,GUM,A
96922,GUAM,GU,GUM,C
96926,GUAM,GU,GUM,C
96923,GUAM,GU,GUM,C
96910,GUAM,GU,GUM,B
96928,GUAM,GU,GUM,D
96913,GUAM,GU,GUM,B
96924,GUAM,GU,GUM,C
96912,GUAM,GU,GUM,A
96917,GUAM,GU,GUM,D
96922,GUAM,GU,GUM,C
96927,GUAM,GU,GUM,B
96919,GUAM,GU,GUM,B
96741,US,HI,LIH,B
96754,US,HI,LIH,E
96756,US,HI,LIH,B
96745,US,HI,KOA,A
96714,US,HI,LIH,F
96746,US,HI,LIH,B
96720,US,HI,ITO,A
96720,US,HI,ITO,A
96701,US,HI,HNL,B
96725,US,HI,KOA,B
96710,US,HI,ITO,B
96853,US,HI,HNL,C
96719,US,HI,KOA,C
96718,US,HI,ITO,C
96717,US,HI,HNL,D
96712,US,HI,HNL,C
96708,US,HI,OGG,C
96858,US,HI,HNL,A
96706,US,HI,HNL,C
96704,US,HI,KOA,D
96861,US,HI,HNL,B
96761,US,HI,OGG,C
96760,US,HI,ITO,B
96726,US,HI,KOA,D
96804,US,HI,HNL,A
96704,US,HI,KOA,D
96743,US,HI,KOA,D
96802,US,HI,HNL,A
96728,US,HI,ITO,B
96730,US,HI,HNL,D
96731,US,HI,HNL,D
96732,US,HI,OGG,A
96733,US,HI,OGG,A
96732,US,HI,OGG,A
96734,US,HI,HNL,B
96863,US,HI,HNL,B
96825,US,HI,HNL,C
96740,US,HI,KOA,A
96822,US,HI,HNL,A
96744,US,HI,HNL,B
96755,US,HI,KOA,E
96707,US,HI,HNL,C
96749,US,HI,ITO,B
96750,US,HI,KOA,C
96739,US,HI,KOA,B
96753,US,HI,OGG,B
96740,US,HI,KOA,A
96790,US,HI,OGG,D
96739,US,HI,KOA,B
96811,US,HI,HNL,A
96819,US,HI,HNL,A
96801,US,HI,HNL,A
96767,US,HI,OGG,C
96803,US,HI,HNL,A
96789,US,HI,HNL,B
96805,US,HI,HNL,A
96806,US,HI,HNL,A
96807,US,HI,HNL,A
96808,US,HI,HNL,A
96826,US,HI,HNL,A
96810,US,HI,HNL,A
96727,US,HI,ITO,D
96812,US,HI,HNL,A
96813,US,HI,HNL,A
96814,US,HI,HNL,A
96815,US,HI,HNL,A
96816,US,HI,HNL,A
96817,US,HI,HNL,A
96818,US,HI,HNL,A
96819,US,HI,HNL,A
96821,US,HI,HNL,B
96809,US,HI,HNL,A
96762,US,HI,HNL,D
96782,US,HI,HNL,B
96792,US,HI,HNL,D
96788,US,HI,OGG,C
96784,US,HI,OGG,A
96857,US,HI,HNL,C
96785,US,HI,ITO,C
96781,US,HI,ITO,B
96791,US,HI,HNL,D
96783,US,HI,ITO,B
96863,US,HI,HNL,B
96738,US,HI,KOA,C
96793,US,HI,OGG,A
96795,US,HI,HNL,C
96759,US,HI,HNL,C
96797,US,HI,HNL,B
96854,US,HI,HNL,C
96786,US,HI,HNL,C
96777,US,HI,ITO,D
96737,US,HI,KOA,F
96773,US,HI,ITO,C
96780,US,HI,ITO,C
96772,US,HI,ITO,E
96737,US,HI,KOA,F
96774,US,HI,ITO,C
96737,US,HI,KOA,F
96776,US,HI,ITO,C
96768,US,HI,OGG,C
96766,US,HI,LIH,A
96779,US,HI,OGG,B
96778,US,HI,ITO,C
96764,US,HI,ITO,C
96860,US,HI,HNL,B
96771,US,HI,ITO,B
52754,US,IA,MLI,E
52037,US,IA,MLI,E
52040,US,IA,MLI,E
52045,US,IA,MLI,F
52769,US,IA,MLI,C
52001,US,IA,MLI,D
52002,US,IA,MLI,D
52765,US,IA,MLI,D
52075,US,IA,MLI,F
52767,US,IA,MLI,B
52757,US,IA,MLI,D
52730,US,IA,MLI,C
52037,US,IA,MLI,E
52756,US,IA,MLI,D
52052,US,IA,MLI,F
52742,US,IA,MLI,D
52766,US,IA,MLI,D
52760,US,IA,MLI,D
52758,US,IA,MLI,D
52752,US,IA,MLI,E
52033,US,IA,MLI,F
52060,US,IA,MLI,E
52060,US,IA,MLI,E
52060,US,IA,MLI,E
52060,US,IA,MLI,E
52064,US,IA,MLI,F
52065,US,IA,MLI,F
52052,US,IA,MLI,F
52068,US,IA,MLI,E
52069,US,IA,MLI,F
52070,US,IA,MLI,E
52052,US,IA,MLI,F
52064,US,IA,MLI,F
52750,US,IA,MLI,F
52001,US,IA,MLI,D
52001,US,IA,MLI,D
52001,US,IA,MLI,D
52001,US,IA,MLI,D
52078,US,IA,MLI,F
52738,US,IA,MLI,F
52754,US,IA,MLI,E
52001,US,IA,MLI,D
52001,US,IA,MLI,D
52748,US,IA,MLI,B
52030,US,IA,MLI,F
52074,US,IA,MLI,F
52653,US,IA,MLI,F
52750,US,IA,MLI,F
52201,US,IA,MLI,F
52079,US,IA,MLI,F
52079,US,IA,MLI,F
52255,US,IA,MLI,E
52653,US,IA,MLI,F
52730,US,IA,MLI,C
52729,US,IA,MLI,E
52727,US,IA,MLI,F
52727,US,IA,MLI,F
52722,US,IA,MLI,A
52207,US,IA,MLI,F
52323,US,IA,MLI,E
52207,US,IA,MLI,F
52772,US,IA,MLI,E
52701,US,IA,MLI,F
52653,US,IA,MLI,F
51047,US,IA,OMA,F
52621,US,IA,MLI,F
52621,US,IA,MLI,F
52621,US,IA,MLI,F
52362,US,IA,MLI,F
52362,US,IA,MLI,F
52720,US,IA,MLI,D
52771,US,IA,MLI,C
52722,US,IA,MLI,A
52774,US,IA,MLI,E
52749,US,IA,MLI,C
52731,US,IA,MLI,F
52756,US,IA,MLI,D
52254,US,IA,MLI,E
52731,US,IA,MLI,F
52771,US,IA,MLI,C
52323,US,IA,MLI,E
52777,US,IA,MLI,E
52759,US,IA,MLI,C
52772,US,IA,MLI,E
52772,US,IA,MLI,E
52201,US,IA,MLI,F
52773,US,IA,MLI,C
52056,US,IA,MLI,E
52323,US,IA,MLI,E
51046,US,IA,OMA,F
52777,US,IA,MLI,E
52321,US,IA,MLI,F
52778,US,IA,MLI,C
52309,US,IA,MLI,F
52309,US,IA,MLI,F
52353,US,IA,MLI,F
52254,US,IA,MLI,E
52353,US,IA,MLI,F
52776,US,IA,MLI,E
52773,US,IA,MLI,C
52745,US,IA,MLI,D
52054,US,IA,MLI,F
52565,US,IA,BRL,F
52535,US,IA,BRL,F
52637,US,IA,BRL,D
52637,US,IA,BRL,D
52738,US,IA,MLI,F
50651,US,IA,ALO,C
52551,US,IA,BRL,F
52567,US,IA,BRL,F
52635,US,IA,BRL,E
51046,US,IA,OMA,F
52588,US,IA,BRL,F
52632,US,IA,BRL,D
52620,US,IA,BRL,E
52639,US,IA,BRL,D
52738,US,IA,MLI,F
52535,US,IA,BRL,F
52551,US,IA,BRL,F
52650,US,IA,BRL,C
52738,US,IA,MLI,F
52626,US,IA,BRL,F
52066,US,IA,MLI,F
52619,US,IA,BRL,F
52645,US,IA,BRL,C
52660,US,IA,BRL,D
52556,US,IA,BRL,D
52565,US,IA,BRL,F
52654,US,IA,BRL,E
52732,US,IA,MLI,C
52556,US,IA,BRL,D
52540,US,IA,BRL,E
52639,US,IA,BRL,D
52625,US,IA,BRL,E
52588,US,IA,BRL,F
52635,US,IA,BRL,E
52651,US,IA,BRL,E
52659,US,IA,BRL,E
52497,US,IA,ALO,D
52626,US,IA,BRL,F
50707,US,IA,ALO,A
52498,US,IA,ALO,D
52499,US,IA,ALO,D
52540,US,IA,BRL,E
52746,US,IA,MLI,D
52641,US,IA,BRL,C
52630,US,IA,BRL,E
52646,US,IA,BRL,D
52652,US,IA,BRL,E
52736,US,IA,MLI,C
52556,US,IA,BRL,D
52565,US,IA,BRL,F
52654,US,IA,BRL,E
52641,US,IA,BRL,C
52573,US,IA,BRL,F
52644,US,IA,BRL,E
50613,US,IA,ALO,A
52625,US,IA,BRL,E
52655,US,IA,BRL,A
52540,US,IA,BRL,E
52565,US,IA,BRL,F
52573,US,IA,BRL,F
52648,US,IA,BRL,E
52644,US,IA,BRL,E
52637,US,IA,BRL,D
52737,US,IA,MLI,F
52646,US,IA,BRL,D
51045,US,IA,OMA,F
52647,US,IA,BRL,E
52066,US,IA,MLI,F
52721,US,IA,MLI,D
52732,US,IA,MLI,C
51048,US,IA,OMA,G
52001,US,IA,MLI,D
52732,US,IA,MLI,C
52556,US,IA,BRL,D
52533,US,IA,BRL,F
52573,US,IA,BRL,F
52542,US,IA,BRL,F
52738,US,IA,MLI,F
52739,US,IA,MLI,F
52742,US,IA,MLI,D
52540,US,IA,BRL,E
52625,US,IA,BRL,E
52731,US,IA,MLI,F
52632,US,IA,BRL,D
52627,US,IA,BRL,C
51046,US,IA,DSM,Y
52565,US,IA,BRL,F
52570,US,IA,BRL,F
51047,US,IA,DSM,Y
52649,US,IA,BRL,E
52556,US,IA,BRL,D
52619,US,IA,BRL,F
51045,US,IA,DSM,Y
51044,US,IA,OMA,F
52655,US,IA,BRL,A
52632,US,IA,BRL,D
52639,US,IA,BRL,D
51238,US,IA,OMA,G
52037,US,IA,DSM,Y
52035,US,IA,DSM,Y
52033,US,IA,DSM,Y
52032,US,IA,DSM,Y
52031,US,IA,DSM,Y
52030,US,IA,DSM,Y
52004,US,IA,DSM,Y
52003,US,IA,DSM,Y
52002,US,IA,DSM,Y
52002,US,IA,DSM,Y
52001,US,IA,DSM,Y
51656,US,IA,OMA,F
51656,US,IA,DSM,Y
51654,US,IA,OMA,F
51654,US,IA,DSM,Y
52038,US,IA,DSM,Y
51238,US,IA,OMA,G
51636,US,IA,OMA,F
51654,US,IA,OMA,F
51640,US,IA,OMA,F
51640,US,IA,DSM,Y
51241,US,IA,OMA,G
51639,US,IA,OMA,F
51639,US,IA,DSM,Y
51242,US,IA,DSM,Y
51638,US,IA,OMA,F
51241,US,IA,OMA,G
51637,US,IA,DSM,Y
51240,US,IA,OMA,G
51636,US,IA,DSM,Y
51242,US,IA,OMA,G
51243,US,IA,DSM,Y
51243,US,IA,OMA,G
51244,US,IA,DSM,Y
51244,US,IA,OMA,F
51245,US,IA,OMA,G
51245,US,IA,DSM,Y
51245,US,IA,OMA,G
51638,US,IA,DSM,Y
51648,US,IA,DSM,Y
52049,US,IA,DSM,Y
51653,US,IA,OMA,F
51653,US,IA,DSM,Y
51652,US,IA,DSM,Y
51651,US,IA,OMA,F
51651,US,IA,DSM,Y
51650,US,IA,DSM,Y
51649,US,IA,OMA,G
51241,US,IA,DSM,Y
51239,US,IA,DSM,Y
51654,US,IA,DSM,Y
51647,US,IA,OMA,F
51239,US,IA,OMA,G
51647,US,IA,DSM,Y
51646,US,IA,OMA,F
51646,US,IA,DSM,Y
51239,US,IA,OMA,G
51240,US,IA,DSM,Y
51645,US,IA,OMA,F
51645,US,IA,DSM,Y
51649,US,IA,DSM,Y
51063,US,IA,DSM,Y
51231,US,IA,DSM,Y
51230,US,IA,OMA,G
51230,US,IA,DSM,Y
51201,US,IA,OMA,G
51201,US,IA,DSM,Y
51201,US,IA,OMA,G
51111,US,IA,DSM,Y
51109,US,IA,DSM,Y
51108,US,IA,DSM,Y
51106,US,IA,DSM,Y
51105,US,IA,DSM,Y
51104,US,IA,DSM,Y
51103,US,IA,DSM,Y
52047,US,IA,DSM,Y
51061,US,IA,DSM,Y
51056,US,IA,DSM,Y
51632,US,IA,DSM,Y
51058,US,IA,DSM,Y
51058,US,IA,OMA,F
51060,US,IA,OMA,F
51102,US,IA,DSM,Y
51060,US,IA,OMA,F
51101,US,IA,DSM,Y
51061,US,IA,OMA,F
51062,US,IA,OMA,F
51062,US,IA,OMA,F
51062,US,IA,DSM,Y
51062,US,IA,OMA,F
51234,US,IA,DSM,Y
51060,US,IA,DSM,Y
52043,US,IA,DSM,Y
51231,US,IA,OMA,G
51246,US,IA,OMA,G
52048,US,IA,DSM,Y
51054,US,IA,DSM,Y
52046,US,IA,DSM,Y
52052,US,IA,DSM,Y
52044,US,IA,DSM,Y
52053,US,IA,DSM,Y
52042,US,IA,DSM,Y
51237,US,IA,DSM,Y
52041,US,IA,DSM,Y
52040,US,IA,DSM,Y
51237,US,IA,OMA,G
51238,US,IA,DSM,Y
52045,US,IA,DSM,Y
52064,US,IA,DSM,Y
52039,US,IA,DSM,Y
51234,US,IA,OMA,G
51235,US,IA,DSM,Y
51235,US,IA,OMA,G
51051,US,IA,OMA,F
52050,US,IA,DSM,Y
51050,US,IA,OMA,F
51232,US,IA,DSM,Y
52060,US,IA,DSM,Y
52057,US,IA,DSM,Y
51050,US,IA,DSM,Y
51049,US,IA,OMA ,F
52056,US,IA,DSM,Y
52054,US,IA,DSM,Y
51051,US,IA,DSM,Y
51540,US,IA,OMA,F
51533,US,IA,DSM,Y
51533,US,IA,OMA,F
51534,US,IA,DSM,Y
51535,US,IA,OMA,F
51536,US,IA,OMA,F
51537,US,IA,OMA,F
51246,US,IA,OMA,G
51540,US,IA,DSM,Y
51530,US,IA,OMA,F
51541,US,IA,DSM,Y
51541,US,IA,OMA,F
51542,US,IA,DSM,Y
51543,US,IA,DSM,Y
51545,US,IA,DSM,Y
51546,US,IA,DSM,Y
51549,US,IA,OMA,F
51537,US,IA,OMA,F
51526,US,IA,DSM,Y
51501,US,IA,DSM,Y
51502,US,IA,DSM,Y
51503,US,IA,DSM,Y
51510,US,IA,DSM,Y
51520,US,IA,DSM,Y
51520,US,IA,OMA,F
51523,US,IA,DSM,Y
51532,US,IA,OMA,F
52068,US,IA,DSM,Y
51531,US,IA,OMA,F
51632,US,IA,OMA,F
51527,US,IA,OMA,F
51528,US,IA,DSM,Y
51528,US,IA,OMA,F
51529,US,IA,DSM,Y
51529,US,IA,OMA,F
51551,US,IA,OMA,F
51525,US,IA,OMA,F
51601,US,IA,DSM,Y
51550,US,IA,DSM,Y
51573,US,IA,OMA,F
51576,US,IA,DSM,Y
51577,US,IA,OMA,F
51578,US,IA,OMA,F
51578,US,IA,OMA,F
51579,US,IA,DSM,Y
51572,US,IA,DSM,Y
51591,US,IA,DSM,Y
51571,US,IA,DSM,Y
51601,US,IA,OMA,F
51602,US,IA,DSM,Y
51603,US,IA,DSM,Y
51630,US,IA,DSM,Y
51630,US,IA,OMA,F
51631,US,IA,DSM,Y
51631,US,IA,OMA,G
51579,US,IA,OMA,F
51561,US,IA,DSM,Y
51465,US,IA,OMA,F
51552,US,IA,OMA,F
51554,US,IA,DSM,Y
51555,US,IA,DSM,Y
51556,US,IA,DSM,Y
51557,US,IA,DSM,Y
51558,US,IA,DSM,Y
51572,US,IA,OMA,F
51560,US,IA,OMA,F
51551,US,IA,DSM,Y
51563,US,IA,OMA,F
51564,US,IA,DSM,Y
51564,US,IA,OMA,F
51565,US,IA,OMA,F
51566,US,IA,DSM,Y
51566,US,IA,OMA,F
51570,US,IA,OMA,F
51558,US,IA,OMA,F
51351,US,IA,DSM,Y
51363,US,IA,DSM,Y
51345,US,IA,OMA,G
51346,US,IA,DSM,Y
51346,US,IA,OMA,G
51346,US,IA,OMA,G
51347,US,IA,DSM,Y
51347,US,IA,OMA,G
51344,US,IA,DSM,Y
51350,US,IA,OMA,G
51343,US,IA,DSM,Y
51355,US,IA,DSM,Y
51357,US,IA,DSM,Y
51357,US,IA,OMA,G
51357,US,IA,DSM,Y
51357,US,IA,OMA,G
51358,US,IA,DSM,Y
51467,US,IA,OMA,F
51350,US,IA,DSM,Y
51250,US,IA,OMA,F
51055,US,IA,DSM,Y
51247,US,IA,DSM,Y
51248,US,IA,DSM,Y
51248,US,IA,OMA,G
51249,US,IA,OMA,G
51249,US,IA,DSM,Y
51249,US,IA,OMA,G
51345,US,IA,DSM,Y
51250,US,IA,DSM,Y
51364,US,IA,DSM,Y
51301,US,IA,DSM,Y
51331,US,IA,DSM,Y
51333,US,IA,DSM,Y
51334,US,IA,DSM,Y
51340,US,IA,DSM,Y
51341,US,IA,DSM,Y
51342,US,IA,DSM,Y
51250,US,IA,OMA,F
51458,US,IA,DSM,Y
51360,US,IA,DSM,Y
51448,US,IA,OMA,F
51448,US,IA,DSM,Y
51448,US,IA,OMA,F
51450,US,IA,OMA,G
51450,US,IA,OMA,G
51454,US,IA,OMA,F
51447,US,IA,OMA,F
51455,US,IA,OMA,F
51446,US,IA,OMA,F
51458,US,IA,OMA,F
51460,US,IA,DSM,Y
51460,US,IA,OMA,F
51461,US,IA,DSM,Y
51461,US,IA,OMA,F
51463,US,IA,OMA,G
51246,US,IA,DSM,Y
51454,US,IA,OMA,F
51439,US,IA,OMA,F
51365,US,IA,DSM,Y
51366,US,IA,DSM,Y
51401,US,IA,DSM,Y
51430,US,IA,OMA,G
51431,US,IA,DSM,Y
51431,US,IA,OMA,F
51432,US,IA,OMA,F
51447,US,IA,OMA,F
51439,US,IA,DSM,Y
51466,US,IA,OMA,F
51440,US,IA,DSM,Y
51441,US,IA,DSM,Y
51441,US,IA,OMA,F
51442,US,IA,OMA,F
51444,US,IA,OMA,G
51445,US,IA,DSM,Y
51445,US,IA,OMA,F
51432,US,IA,OMA,F
51049,US,IA,DSM,Y
52066,US,IA,DSM,Y
52065,US,IA,DSM,Y
52064,US,IA,DSM,Y
51056,US,IA,OMA,F
51052,US,IA,DSM,Y
51053,US,IA,DSM,Y
51053,US,IA,OMA,F
52639,US,IA,DSM,Y
52649,US,IA,DSM,Y
52646,US,IA,DSM,Y
52648,US,IA,DSM,Y
52647,US,IA,DSM,Y
52645,US,IA,DSM,Y
52644,US,IA,DSM,Y
52642,US,IA,DSM,Y
52641,US,IA,DSM,Y
52640,US,IA,DSM,Y
52650,US,IA,DSM,Y
52809,US,IA,DSM,Y
52641,US,IA,DSM,Y
52651,US,IA,DSM,Y
52652,US,IA,DSM,Y
52653,US,IA,DSM,Y
52654,US,IA,DSM,Y
52655,US,IA,DSM,Y
52656,US,IA,DSM,Y
52657,US,IA,DSM,Y
52657,US,IA,DSM,Y
52638,US,IA,DSM,Y
52069,US,IA,DSM,Y
52620,US,IA,DSM,Y
52808,US,IA,DSM,Y
52658,US,IA,DSM,Y
52601,US,IA,DSM,Y
52411,US,IA,DSM,Y
52497,US,IA,DSM,Y
52498,US,IA,DSM,Y
52499,US,IA,DSM,Y
52535,US,IA,DSM,Y
52540,US,IA,DSM,Y
52542,US,IA,DSM,Y
52551,US,IA,DSM,Y
52565,US,IA,DSM,Y
52570,US,IA,DSM,Y
52573,US,IA,DSM,Y
52623,US,IA,DSM,Y
52588,US,IA,DSM,Y
52637,US,IA,DSM,Y
52619,US,IA,DSM,Y
52776,US,IA,DSM,Y
52621,US,IA,DSM,Y
52807,US,IA,DSM,Y
52624,US,IA,DSM,Y
52625,US,IA,DSM,Y
52626,US,IA,DSM,Y
52627,US,IA,DSM,Y
52630,US,IA,DSM,Y
52631,US,IA,DSM,Y
52632,US,IA,DSM,Y
52635,US,IA,DSM,Y
52584,US,IA,DSM,Y
52733,US,IA,DSM,Y
52752,US,IA,DSM,Y
52751,US,IA,DSM,Y
52750,US,IA,DSM,Y
52749,US,IA,DSM,Y
52748,US,IA,DSM,Y
52747,US,IA,DSM,Y
52746,US,IA,DSM,Y
52745,US,IA,DSM,Y
52742,US,IA,DSM,Y
52739,US,IA,DSM,Y
52738,US,IA,DSM,Y
52777,US,IA,DSM,Y
52736,US,IA,DSM,Y
52756,US,IA,DSM,Y
52732,US,IA,DSM,Y
52731,US,IA,DSM,Y
52730,US,IA,DSM,Y
52729,US,IA,DSM,Y
52728,US,IA,DSM,Y
52410,US,IA,DSM,Y
52727,US,IA,DSM,Y
52755,US,IA,DSM,Y
52726,US,IA,DSM,Y
52722,US,IA,DSM,Y
52721,US,IA,DSM,Y
52737,US,IA,DSM,Y
52772,US,IA,DSM,Y
52659,US,IA,DSM,Y
52660,US,IA,DSM,Y
52701,US,IA,DSM,Y
52720,US,IA,DSM,Y
52805,US,IA,DSM,Y
52804,US,IA,DSM,Y
52803,US,IA,DSM,Y
52802,US,IA,DSM,Y
52801,US,IA,DSM,Y
52778,US,IA,DSM,Y
52777,US,IA,DSM,Y
52753,US,IA,DSM,Y
52773,US,IA,DSM,Y
52754,US,IA,DSM,Y
52771,US,IA,DSM,Y
52771,US,IA,DSM,Y
52769,US,IA,DSM,Y
52768,US,IA,DSM,Y
52767,US,IA,DSM,Y
52766,US,IA,DSM,Y
52765,US,IA,DSM,Y
52761,US,IA,DSM,Y
52760,US,IA,DSM,Y
52759,US,IA,DSM,Y
52758,US,IA,DSM,Y
52806,US,IA,DSM,Y
52774,US,IA,DSM,Y
52169,US,IA,DSM,Y
52155,US,IA,DSM,Y
52156,US,IA,DSM,Y
52157,US,IA,DSM,Y
52158,US,IA,DSM,Y
52159,US,IA,DSM,Y
52160,US,IA,DSM,Y
52161,US,IA,DSM,Y
52162,US,IA,DSM,Y
52163,US,IA,DSM,Y
52164,US,IA,DSM,Y
52165,US,IA,DSM,Y
52210,US,IA,DSM,Y
52168,US,IA,DSM,Y
52151,US,IA,DSM,Y
52170,US,IA,DSM,Y
52171,US,IA,DSM,Y
52171,US,IA,DSM,Y
52171,US,IA,DSM,Y
52172,US,IA,DSM,Y
52175,US,IA,DSM,Y
52175,US,IA,DSM,Y
52201,US,IA,DSM,Y
52202,US,IA,DSM,Y
52205,US,IA,DSM,Y
52207,US,IA,DSM,Y
52166,US,IA,DSM,Y
52101,US,IA,DSM,Y
52409,US,IA,DSM,Y
52757,US,IA,DSM,Y
52071,US,IA,DSM,Y
52070,US,IA,DSM,Y
52072,US,IA,DSM,Y
52073,US,IA,DSM,Y
52074,US,IA,DSM,Y
52075,US,IA,DSM,Y
52076,US,IA,DSM,Y
52077,US,IA,DSM,Y
52078,US,IA,DSM,Y
52155,US,IA,DSM,Y
52099,US,IA,DSM,Y
52154,US,IA,DSM,Y
52132,US,IA,DSM,Y
52133,US,IA,DSM,Y
52134,US,IA,DSM,Y
52135,US,IA,DSM,Y
52136,US,IA,DSM,Y
52140,US,IA,DSM,Y
52141,US,IA,DSM,Y
52142,US,IA,DSM,Y
52144,US,IA,DSM,Y
52144,US,IA,DSM,Y
52147,US,IA,DSM,Y
52149,US,IA,DSM,Y
52079,US,IA,DSM,Y
52359,US,IA,DSM,Y
52327,US,IA,DSM,Y
52328,US,IA,DSM,Y
52329,US,IA,DSM,Y
52330,US,IA,DSM,Y
52332,US,IA,DSM,Y
52333,US,IA,DSM,Y
52336,US,IA,DSM,Y
52337,US,IA,DSM,Y
52341,US,IA,DSM,Y
52345,US,IA,DSM,Y
52352,US,IA,DSM,Y
52326,US,IA,DSM,Y
52358,US,IA,DSM,Y
52344,US,IA,DSM,Y
52362,US,IA,DSM,Y
52362,US,IA,DSM,Y
52401,US,IA,DSM,Y
52402,US,IA,DSM,Y
52403,US,IA,DSM,Y
52404,US,IA,DSM,Y
52212,US,IA,DSM,Y
52146,US,IA,DSM,Y
52408,US,IA,DSM,Y
52407,US,IA,DSM,Y
52406,US,IA,DSM,Y
52405,US,IA,DSM,Y
52353,US,IA,DSM,Y
52324,US,IA,DSM,Y
52302,US,IA,DSM,Y
52255,US,IA,DSM,Y
52253,US,IA,DSM,Y
52248,US,IA,DSM,Y
52237,US,IA,DSM,Y
52305,US,IA,DSM,Y
52227,US,IA,DSM,Y
52254,US,IA,DSM,Y
52350,US,IA,DSM,Y
52223,US,IA,DSM,Y
52219,US,IA,DSM,Y
52218,US,IA,DSM,Y
52214,US,IA,DSM,Y
52216,US,IA,DSM,Y
52233,US,IA,DSM,Y
52310,US,IA,DSM,Y
52252,US,IA,DSM,Y
52213,US,IA,DSM,Y
52323,US,IA,DSM,Y
52321,US,IA,DSM,Y
52312,US,IA,DSM,Y
52320,US,IA,DSM,Y
52310,US,IA,DSM,Y
52309,US,IA,DSM,Y
52306,US,IA,DSM,Y
52314,US,IA,DSM,Y
52406,US,IA,ALO,D
52401,US,IA,ALO,D
51031,US,IA,OMA,F
52403,US,IA,ALO,D
50616,US,IA,ALO,D
52410,US,IA,ALO,D
52402,US,IA,ALO,D
52404,US,IA,ALO,D
51031,US,IA,OMA,F
52407,US,IA,ALO,D
51036,US,IA,DSM,Y
50620,US,IA,ALO,D
51033,US,IA,DSM,Y
51035,US,IA,DSM,Y
51034,US,IA,OMA,F
51601,US,IA,OMA,Y
51566,US,IA,OMA,Y
51037,US,IA,DSM,Y
51033,US,IA,OMA,G
51632,US,IA,OMA,Y
52405,US,IA,ALO,D
51034,US,IA,DSM,Y
51036,US,IA,OMA,F
52409,US,IA,ALO,D
52408,US,IA,ALO,D
52411,US,IA,ALO,D
50588,US,IA,OMA,F
50576,US,IA,OMA,G
50578,US,IA,DSM,Y
50581,US,IA,DSM,Y
50583,US,IA,DSM,Y
50588,US,IA,DSM,Y
52619,US,IA,BRL,F
50588,US,IA,OMA,F
50585,US,IA,DSM,Y
50585,US,IA,OMA,G
50598,US,IA,DSM,Y
50573,US,IA,DSM,Y
50590,US,IA,DSM,Y
50597,US,IA,DSM,Y
50588,US,IA,OMA,F
50588,US,IA,OMA,F
50588,US,IA,OMA,F
50585,US,IA,OMA,G
50592,US,IA,OMA,G
50480,US,IA,DSM,Y
50535,US,IA,OMA,G
50478,US,IA,DSM,Y
50476,US,IA,DSM,Y
50481,US,IA,DSM,Y
50483,US,IA,DSM,Y
50484,US,IA,DSM,Y
50588,US,IA,OMA,F
50511,US,IA,DSM,Y
52625,US,IA,BRL,E
50473,US,IA,DSM,Y
50592,US,IA,DSM,Y
50607,US,IA,DSM,Y
50593,US,IA,DSM,Y
50574,US,IA,DSM,Y
50576,US,IA,DSM,Y
50588,US,IA,OMA,F
50570,US,IA,DSM,Y
50510,US,IA,DSM,Y
50535,US,IA,DSM,Y
50546,US,IA,DSM,Y
50468,US,IA,DSM,Y
50544,US,IA,OMA,F
50541,US,IA,DSM,Y
50540,US,IA,DSM,Y
50515,US,IA,DSM,Y
50551,US,IA,DSM,Y
50536,US,IA,DSM,Y
50544,US,IA,OMA,F
50531,US,IA,DSM,Y
50528,US,IA,DSM,Y
50527,US,IA,DSM,Y
50517,US,IA,DSM,Y
50520,US,IA,DSM,Y
50522,US,IA,DSM,Y
50519,US,IA,DSM,Y
50539,US,IA,DSM,Y
50562,US,IA,DSM,Y
50603,US,IA,DSM,Y
50606,US,IA,DSM,Y
50559,US,IA,DSM,Y
50556,US,IA,DSM,Y
50554,US,IA,DSM,Y
50472,US,IA,DSM,Y
50558,US,IA,DSM,Y
50514,US,IA,DSM,Y
50560,US,IA,DSM,Y
50565,US,IA,DSM,Y
50567,US,IA,DSM,Y
50568,US,IA,DSM,Y
50471,US,IA,DSM,Y
51002,US,IA,OMA,F
51026,US,IA,OMA,F
51026,US,IA,DSM,Y
51002,US,IA,OMA,F
50620,US,IA,DSM,Y
51026,US,IA,OMA,F
50644,US,IA,DSM,Y
51003,US,IA,OMA,F
50620,US,IA,DSM,Y
50641,US,IA,DSM,Y
50636,US,IA,DSM,Y
51003,US,IA,OMA,F
51025,US,IA,OMA,F
51004,US,IA,DSM,Y
51004,US,IA,OMA,F
51003,US,IA,DSM,Y
51029,US,IA,OMA,F
51028,US,IA,OMA,F
51029,US,IA,DSM,Y
51028,US,IA,DSM,Y
50864,US,IA,OMA,G
50648,US,IA,DSM,Y
50647,US,IA,DSM,Y
50864,US,IA,OMA,G
50645,US,IA,DSM,Y
51027,US,IA,OMA,F
51002,US,IA,DSM,Y
51001,US,IA,OMA,G
51018,US,IA,DSM,Y
51001,US,IA,OMA,G
50619,US,IA,DSM,Y
51001,US,IA,DSM,Y
51027,US,IA,DSM,Y
51027,US,IA,OMA,F
51020,US,IA,OMA,F
51014,US,IA,OMA,F
51010,US,IA,OMA,F
51022,US,IA,OMA,F
51011,US,IA,DSM,Y
51011,US,IA,OMA,F
51011,US,IA,OMA,F
51012,US,IA,DSM,Y
50630,US,IA,DSM,Y
51016,US,IA,OMA,F
51014,US,IA,DSM,Y
50628,US,IA,DSM,Y
51015,US,IA,DSM,Y
51016,US,IA,DSM,Y
50629,US,IA,DSM,Y
51016,US,IA,OMA,F
51018,US,IA,OMA,F
51019,US,IA,OMA,F
51022,US,IA,DSM,Y
51020,US,IA,DSM,Y
51012,US,IA,OMA,F
51008,US,IA,DSM,Y
51025,US,IA,DSM,Y
51005,US,IA,OMA,F
51005,US,IA,OMA,F
50622,US,IA,DSM,Y
51024,US,IA,OMA,F
51006,US,IA,DSM,Y
51006,US,IA,OMA,G
51007,US,IA,DSM,Y
51010,US,IA,OMA,F
50623,US,IA,DSM,Y
51023,US,IA,DSM,Y
51024,US,IA,DSM,Y
50631,US,IA,DSM,Y
51009,US,IA,DSM,Y
51009,US,IA,OMA,G
50626,US,IA,DSM,Y
51023,US,IA,OMA,G
51010,US,IA,DSM,Y
51005,US,IA,DSM,Y
51024,US,IA,OMA,F
50654,US,IA,DSM,Y
50661,US,IA,DSM,Y
50616,US,IA,DSM,Y
50653,US,IA,DSM,Y
51030,US,IA,OMA,F
50664,US,IA,DSM,Y
50659,US,IA,DSM,Y
50658,US,IA,DSM,Y
50666,US,IA,DSM,Y
50857,US,IA,OMA,F
51030,US,IA,DSM,Y
50676,US,IA,DSM,Y
50668,US,IA,DSM,Y
50847,US,IA,OMA,F
50848,US,IA,OMA,G
50853,US,IA,OMA,G
50857,US,IA,OMA,F
50655,US,IA,DSM,Y
50671,US,IA,DSM,Y
50650,US,IA,DSM,Y
50843,US,IA,OMA,G
50681,US,IA,DSM,Y
51031,US,IA,DSM,Y
50862,US,IA,OMA,G
50833,US,IA,OMA,G
50833,US,IA,OMA,G
50833,US,IA,DSM,Y
50674,US,IA,DSM,Y
50682,US,IA,DSM,Y
50864,US,IA,OMA,G
50833,US,IA,OMA,G
50677,US,IA,DSM,Y
50662,US,IA,DSM,Y
50839,US,IA,OMA,G
51037,US,IA,OMA,F
51040,US,IA,DSM,Y
51039,US,IA,DSM,Y
50659,US,IA,ALO,D
51038,US,IA,OMA,F
51041,US,IA,DSM,Y
52175,US,IA,ALO,D
51038,US,IA,DSM,Y
51041,US,IA,OMA,F
50681,US,IA,ALO,C
50658,US,IA,ALO,D
51044,US,IA,DSM,Y
50627,US,IA,ALO,D
51041,US,IA,OMA,F
50441,US,IA,ALO,D
51039,US,IA,OMA,F
50630,US,IA,ALO,D
50661,US,IA,ALO,D
50458,US,IA,DSM,Y
50450,US,IA,DSM,Y
50454,US,IA,DSM,Y
50459,US,IA,DSM,Y
50455,US,IA,DSM,Y
50460,US,IA,DSM,Y
50453,US,IA,DSM,Y
50461,US,IA,DSM,Y
50456,US,IA,DSM,Y
50440,US,IA,DSM,Y
50451,US,IA,DSM,Y
50435,US,IA,DSM,Y
50426,US,IA,DSM,Y
50434,US,IA,DSM,Y
50438,US,IA,DSM,Y
50464,US,IA,DSM,Y
50446,US,IA,DSM,Y
50461,US,IA,DSM,Y
50448,US,IA,DSM,Y
50467,US,IA,DSM,Y
50465,US,IA,DSM,Y
50466,US,IA,DSM,Y
50436,US,IA,DSM,Y
50432,US,IA,DSM,Y
50444,US,IA,DSM,Y
50566,US,IA,DSM,E
52314,US,IA,CID,C
52571,US,IA,DSM,F
52312,US,IA,CID,D
52640,US,IA,BRL,D
52572,US,IA,DSM,F
50173,US,IA,DSM,D
50854,US,IA,DSM,F
52641,US,IA,BRL,C
52642,US,IA,BRL,C
50174,US,IA,DSM,E
52761,US,IA,MLI,C
50567,US,IA,DSM,F
50201,US,IA,DSM,D
50801,US,IA,DSM,F
50660,US,IA,ALO,C
50660,US,IA,CID,F
50207,US,IA,DSM,E
50206,US,IA,DSM,E
52569,US,IA,DSM,E
52645,US,IA,BRL,C
50210,US,IA,DSM,C
50154,US,IA,DSM,D
50455,US,IA,DSM,F
52306,US,IA,CID,D
52637,US,IA,BRL,D
50162,US,IA,DSM,E
50163,US,IA,DSM,D
50062,US,IA,DSM,D
50163,US,IA,DSM,D
52638,US,IA,BRL,A
50164,US,IA,DSM,E
52310,US,IA,CID,D
50165,US,IA,DSM,F
50166,US,IA,DSM,C
50167,US,IA,DSM,C
50127,US,IA,DSM,D
50168,US,IA,DSM,D
50461,US,IA,DSM,F
50169,US,IA,DSM,C
50170,US,IA,DSM,D
50171,US,IA,DSM,E
51355,US,IA,DSM,F
52068,US,IA,MLI,E
50662,US,IA,CID,E
50571,US,IA,DSM,F
52324,US,IA,CID,C
50216,US,IA,DSM,D
50665,US,IA,ALO,C
50665,US,IA,CID,F
52325,US,IA,CID,D
50217,US,IA,DSM,E
52501,US,IA,DSM,F
50219,US,IA,DSM,D
50570,US,IA,DSM,F
50220,US,IA,DSM,D
50138,US,IA,DSM,D
50223,US,IA,DSM,D
50666,US,IA,ALO,D
50666,US,IA,CID,F
52581,US,IA,DSM,F
50317,US,IA,DSM,B
52767,US,IA,MLI,B
50065,US,IA,DSM,F
50218,US,IA,DSM,D
50212,US,IA,DSM,D
52315,US,IA,CID,C
50208,US,IA,DSM,D
50458,US,IA,DSM,F
52317,US,IA,CID,C
50459,US,IA,DSM,F
50211,US,IA,DSM,B
52318,US,IA,CID,C
52544,US,IA,DSM,F
52322,US,IA,CID,C
50655,US,IA,CID,E
50568,US,IA,DSM,F
50456,US,IA,DSM,F
52320,US,IA,CID,D
50664,US,IA,ALO,C
50858,US,IA,DSM,E
50461,US,IA,DSM,F
50213,US,IA,DSM,E
52577,US,IA,DSM,D
50569,US,IA,DSM,D
50214,US,IA,DSM,D
50662,US,IA,ALO,D
50651,US,IA,CID,D
50851,US,IA,DSM,F
52632,US,IA,BRL,D
50136,US,IA,DSM,F
52249,US,IA,CID,C
50137,US,IA,DSM,D
52566,US,IA,DSM,E
50449,US,IA,DSM,F
50552,US,IA,DSM,F
52060,US,IA,MLI,E
50651,US,IA,ALO,A
50134,US,IA,DSM,C
50139,US,IA,DSM,D
51449,US,IA,DSM,F
50450,US,IA,DSM,F
50451,US,IA,DSM,F
50140,US,IA,DSM,F
50650,US,IA,CID,E
51451,US,IA,DSM,F
52252,US,IA,CID,D
50138,US,IA,DSM,D
50648,US,IA,CID,D
52244,US,IA,CID,C
52245,US,IA,CID,C
52246,US,IA,CID,C
50126,US,IA,DSM,D
50127,US,IA,DSM,D
50128,US,IA,DSM,E
50647,US,IA,ALO,B
50647,US,IA,CID,E
50448,US,IA,DSM,F
50648,US,IA,ALO,B
50135,US,IA,DSM,D
50130,US,IA,DSM,D
50131,US,IA,DSM,B
50446,US,IA,DSM,F
50551,US,IA,DSM,F
52247,US,IA,CID,D
50132,US,IA,DSM,D
50447,US,IA,DSM,F
50133,US,IA,DSM,F
50554,US,IA,DSM,F
50129,US,IA,DSM,E
50563,US,IA,DSM,F
50452,US,IA,DSM,E
50153,US,IA,DSM,D
50561,US,IA,DSM,F
50155,US,IA,DSM,D
50156,US,IA,DSM,C
50562,US,IA,DSM,F
50836,US,IA,DSM,F
51501,US,IA,OMA,B
50152,US,IA,DSM,D
52584,US,IA,DSM,F
50151,US,IA,DSM,E
50225,US,IA,DSM,D
50565,US,IA,DSM,F
52302,US,IA,CID,A
50158,US,IA,DSM,D
52305,US,IA,CID,D
50160,US,IA,DSM,C
50401,US,IA,DSM,F
50467,US,IA,DSM,F
50654,US,IA,CID,D
52057,US,IA,CID,D
52253,US,IA,CID,C
50161,US,IA,DSM,D
52753,US,IA,MLI,C
50142,US,IA,DSM,E
50556,US,IA,DSM,F
50557,US,IA,DSM,D
50143,US,IA,DSM,D
50851,US,IA,DSM,F
51452,US,IA,DSM,F
52257,US,IA,CID,D
50147,US,IA,DSM,F
50141,US,IA,DSM,E
50148,US,IA,DSM,E
50558,US,IA,DSM,F
51453,US,IA,DSM,F
50559,US,IA,DSM,F
52756,US,IA,MLI,D
50149,US,IA,DSM,E
50150,US,IA,DSM,E
52255,US,IA,MLI,E
50560,US,IA,DSM,F
50146,US,IA,DSM,D
52351,US,IA,CID,C
50703,US,IA,CID,D
50261,US,IA,DSM,C
50262,US,IA,DSM,F
50593,US,IA,DSM,F
50482,US,IA,DSM,F
50594,US,IA,DSM,E
52349,US,IA,CID,C
52655,US,IA,BRL,A
50322,US,IA,DSM,B
52773,US,IA,MLI,C
52345,US,IA,CID,C
51365,US,IA,DSM,F
50706,US,IA,ALO,B
50706,US,IA,CID,D
50703,US,IA,ALO,A
50701,US,IA,ALO,A
50701,US,IA,CID,D
50702,US,IA,ALO,A
50702,US,IA,CID,D
50207,US,IA,DSM,E
50265,US,IA,DSM,B
50675,US,IA,ALO,C
50229,US,IA,DSM,C
51364,US,IA,DSM,F
50254,US,IA,DSM,E
50478,US,IA,DSM,F
50591,US,IA,DSM,E
50479,US,IA,DSM,F
50863,US,IA,DSM,F
52772,US,IA,MLI,E
52346,US,IA,CID,C
50256,US,IA,DSM,D
50704,US,IA,ALO,A
50675,US,IA,CID,F
50676,US,IA,ALO,C
50676,US,IA,CID,F
50257,US,IA,DSM,D
52593,US,IA,DSM,F
51576,US,IA,OMA,C
50258,US,IA,DSM,E
50259,US,IA,DSM,E
52594,US,IA,DSM,F
50480,US,IA,DSM,F
50312,US,IA,DSM,B
50703,US,IA,ALO,A
52656,US,IA,BRL,D
52657,US,IA,BRL,E
52658,US,IA,BRL,C
50269,US,IA,DSM,E
50271,US,IA,DSM,D
52361,US,IA,CID,D
50272,US,IA,DSM,E
52538,US,IA,DSM,F
50311,US,IA,DSM,B
50398,US,IA,DSM,A
50322,US,IA,DSM,B
50273,US,IA,DSM,C
50484,US,IA,DSM,F
50275,US,IA,DSM,E
50276,US,IA,DSM,C
50599,US,IA,DSM,E
50277,US,IA,DSM,E
51433,US,IA,DSM,F
50278,US,IA,DSM,D
52778,US,IA,MLI,C
50595,US,IA,DSM,D
50704,US,IA,CID,D
50706,US,IA,ALO,A
50706,US,IA,CID,D
50707,US,IA,ALO,A
50707,US,IA,CID,D
52354,US,IA,CID,C
50263,US,IA,DSM,B
50677,US,IA,ALO,B
52776,US,IA,MLI,E
51366,US,IA,DSM,F
50590,US,IA,DSM,F
50264,US,IA,DSM,F
50680,US,IA,DSM,E
50483,US,IA,DSM,F
52203,US,IA,CID,C
50597,US,IA,DSM,F
52358,US,IA,CID,D
52655,US,IA,BRL,A
50265,US,IA,DSM,B
50266,US,IA,DSM,B
50677,US,IA,CID,E
50468,US,IA,DSM,F
50238,US,IA,DSM,F
50669,US,IA,CID,F
50577,US,IA,DSM,F
50234,US,IA,DSM,D
50538,US,IA,DSM,F
50578,US,IA,DSM,F
50235,US,IA,DSM,D
52327,US,IA,CID,D
50233,US,IA,DSM,C
50467,US,IA,DSM,F
50860,US,IA,DSM,F
50469,US,IA,DSM,F
50562,US,IA,DSM,F
50236,US,IA,DSM,D
50581,US,IA,DSM,F
52642,US,IA,BRL,C
52586,US,IA,DSM,E
50470,US,IA,DSM,E
50471,US,IA,DSM,F
52339,US,IA,DSM,D
52328,US,IA,CID,A
50643,US,IA,ALO,B
50464,US,IA,DSM,F
50574,US,IA,DSM,F
50226,US,IA,DSM,C
50227,US,IA,DSM,E
50228,US,IA,DSM,D
52219,US,IA,CID,D
50859,US,IA,DSM,F
52768,US,IA,MLI,C
50669,US,IA,ALO,C
52583,US,IA,DSM,F
51358,US,IA,DSM,F
50230,US,IA,DSM,D
50465,US,IA,DSM,F
51459,US,IA,DSM,F
50231,US,IA,DSM,D
50667,US,IA,ALO,B
50667,US,IA,CID,D
50668,US,IA,ALO,C
50668,US,IA,CID,E
50232,US,IA,DSM,D
52243,US,IA,CID,C
50673,US,IA,ALO,C
50237,US,IA,DSM,C
52650,US,IA,BRL,C
51360,US,IA,DSM,F
50125,US,IA,DSM,B
50246,US,IA,DSM,D
52337,US,IA,CID,D
50247,US,IA,DSM,D
50672,US,IA,DSM,E
52334,US,IA,CID,C
50248,US,IA,DSM,D
50586,US,IA,DSM,F
50673,US,IA,CID,F
50249,US,IA,DSM,D
52076,US,IA,CID,E
50250,US,IA,DSM,E
50251,US,IA,DSM,D
50674,US,IA,ALO,D
51363,US,IA,DSM,F
50477,US,IA,DSM,F
50252,US,IA,DSM,D
50588,US,IA,DSM,F
52590,US,IA,DSM,F
50582,US,IA,DSM,F
50472,US,IA,DSM,F
50240,US,IA,DSM,C
52071,US,IA,MLI,F
50241,US,IA,DSM,C
52657,US,IA,BRL,E
50473,US,IA,DSM,F
51462,US,IA,DSM,F
51301,US,IA,DSM,F
50060,US,IA,DSM,F
50573,US,IA,DSM,F
50861,US,IA,DSM,E
50475,US,IA,DSM,F
50243,US,IA,DSM,C
50670,US,IA,ALO,C
50670,US,IA,CID,F
52332,US,IA,CID,C
52073,US,IA,MLI,F
50244,US,IA,DSM,C
52333,US,IA,CID,C
50242,US,IA,DSM,E
52736,US,IA,MLI,C
52033,US,IA,MLI,F
52548,US,IA,DSM,F
50050,US,IA,DSM,F
52549,US,IA,DSM,F
50524,US,IA,DSM,E
50525,US,IA,DSM,E
50526,US,IA,DSM,E
50428,US,IA,DSM,F
50427,US,IA,DSM,F
52732,US,IA,MLI,C
52214,US,IA,CID,C
50052,US,IA,DSM,F
50325,US,IA,DSM,B
52218,US,IA,CID,D
50054,US,IA,DSM,D
50055,US,IA,DSM,D
50056,US,IA,DSM,D
50057,US,IA,DSM,D
52738,US,IA,MLI,F
52738,US,IA,MLI,F
50840,US,IA,DSM,F
52404,US,IA,CID,A
50123,US,IA,DSM,F
52543,US,IA,DSM,E
50613,US,IA,ALO,A
50613,US,IA,CID,D
50614,US,IA,ALO,A
50614,US,IA,CID,D
52402,US,IA,CID,A
52401,US,IA,CID,A
50049,US,IA,DSM,E
52403,US,IA,CID,A
50059,US,IA,DSM,E
52405,US,IA,CID,A
52406,US,IA,CID,A
52407,US,IA,CID,A
52408,US,IA,CID,A
52409,US,IA,CID,A
52498,US,IA,CID,A
52499,US,IA,CID,A
52213,US,IA,CID,C
52544,US,IA,DSM,F
52402,US,IA,CID,A
52223,US,IA,CID,D
52807,US,IA,MLI,A
52808,US,IA,MLI,A
52809,US,IA,MLI,A
50065,US,IA,DSM,F
50066,US,IA,DSM,D
50530,US,IA,DSM,D
52742,US,IA,MLI,D
50067,US,IA,DSM,F
50621,US,IA,DSM,E
52036,US,IA,CID,D
52804,US,IA,MLI,A
50860,US,IA,DSM,F
52624,US,IA,BRL,C
50622,US,IA,ALO,B
50622,US,IA,CID,E
50068,US,IA,DSM,E
50321,US,IA,DSM,A
50301,US,IA,DSM,A
50302,US,IA,DSM,A
50303,US,IA,DSM,A
51440,US,IA,DSM,F
50528,US,IA,DSM,F
51510,US,IA,OMA,A
52241,US,IA,CID,C
50841,US,IA,DSM,F
50060,US,IA,DSM,F
50431,US,IA,DSM,E
51501,US,IA,OMA,B
50801,US,IA,DSM,F
50842,US,IA,DSM,E
50432,US,IA,DSM,F
52806,US,IA,MLI,A
50527,US,IA,DSM,F
52805,US,IA,MLI,A
50529,US,IA,DSM,E
50062,US,IA,DSM,D
50063,US,IA,DSM,C
50064,US,IA,DSM,D
52623,US,IA,BRL,C
52801,US,IA,MLI,A
52802,US,IA,MLI,A
52803,US,IA,MLI,A
50058,US,IA,DSM,F
50061,US,IA,DSM,B
51433,US,IA,DSM,F
50048,US,IA,DSM,E
50020,US,IA,DSM,F
50023,US,IA,DSM,B
50021,US,IA,DSM,B
50605,US,IA,DSM,F
50831,US,IA,DSM,E
50606,US,IA,CID,E
50514,US,IA,DSM,F
50013,US,IA,DSM,C
52206,US,IA,CID,B
50012,US,IA,DSM,C
50607,US,IA,CID,E
50608,US,IA,DSM,E
50515,US,IA,DSM,F
50516,US,IA,DSM,E
50026,US,IA,DSM,F
50517,US,IA,DSM,F
50027,US,IA,DSM,E
50518,US,IA,DSM,E
52533,US,IA,DSM,F
51331,US,IA,DSM,F
50006,US,IA,DSM,D
50601,US,IA,DSM,E
50001,US,IA,DSM,C
50002,US,IA,DSM,F
50003,US,IA,DSM,C
50830,US,IA,DSM,E
52530,US,IA,DSM,F
50510,US,IA,DSM,F
52531,US,IA,DSM,E
52205,US,IA,CID,D
52202,US,IA,CID,C
52534,US,IA,DSM,D
50420,US,IA,DSM,F
50511,US,IA,DSM,F
50007,US,IA,DSM,C
50008,US,IA,DSM,F
50009,US,IA,DSM,B
52203,US,IA,CID,C
52204,US,IA,CID,C
50010,US,IA,DSM,C
50011,US,IA,DSM,C
50005,US,IA,DSM,E
52601,US,IA,BRL,A
52210,US,IA,ALO,C
51436,US,IA,DSM,F
50677,US,IA,ALO,B
50677,US,IA,CID,E
50837,US,IA,DSM,F
50043,US,IA,DSM,D
50612,US,IA,ALO,C
52728,US,IA,MLI,B
50028,US,IA,DSM,D
52601,US,IA,BRL,A
50040,US,IA,DSM,D
50521,US,IA,DSM,D
50044,US,IA,DSM,E
52729,US,IA,DSM,E
50523,US,IA,DSM,E
52730,US,IA,MLI,C
50046,US,IA,DSM,C
50047,US,IA,DSM,C
50426,US,IA,DSM,F
51401,US,IA,DSM,F
50424,US,IA,DSM,F
52536,US,IA,DSM,F
50306,US,IA,DSM,A
50074,US,IA,DSM,F
50609,US,IA,DSM,E
50031,US,IA,DSM,D
52031,US,IA,MLI,F
52032,US,IA,MLI,F
50032,US,IA,DSM,B
52722,US,IA,MLI,A
50033,US,IA,DSM,C
50520,US,IA,DSM,F
52209,US,IA,CID,D
50041,US,IA,DSM,E
50836,US,IA,DSM,F
52537,US,IA,DSM,F
52538,US,IA,DSM,F
52726,US,IA,MLI,B
50519,US,IA,DSM,F
50035,US,IA,DSM,B
50036,US,IA,DSM,C
50039,US,IA,DSM,C
50029,US,IA,DSM,F
50034,US,IA,DSM,D
50438,US,IA,DSM,F
50304,US,IA,DSM,A
50436,US,IA,DSM,F
50501,US,IA,DSM,D
52627,US,IA,BRL,C
51340,US,IA,DSM,F
50631,US,IA,ALO,C
52561,US,IA,DSM,E
50101,US,IA,DSM,E
50540,US,IA,DSM,F
50103,US,IA,DSM,F
50434,US,IA,DSM,F
52229,US,IA,CID,D
50633,US,IA,DSM,E
50259,US,IA,DSM,E
50105,US,IA,DSM,C
50634,US,IA,ALO,B
51341,US,IA,DSM,F
50106,US,IA,DSM,E
50541,US,IA,DSM,E
51534,US,IA,OMA,D
50102,US,IA,DSM,D
50629,US,IA,ALO,C
50073,US,IA,DSM,C
52044,US,IA,CID,E
50074,US,IA,DSM,F
50075,US,IA,DSM,D
50536,US,IA,DSM,F
52045,US,IA,MLI,E
51334,US,IA,DSM,F
50707,US,IA,ALO,A
50846,US,IA,DSM,E
52555,US,IA,DSM,F
50439,US,IA,DSM,F
50629,US,IA,CID,E
52228,US,IA,CID,B
52556,US,IA,BRL,D
52046,US,IA,MLI,E
50129,US,IA,DSM,E
50538,US,IA,DSM,F
52142,US,IA,CID,F
50539,US,IA,DSM,F
50078,US,IA,DSM,E
50707,US,IA,CID,D
52631,US,IA,BRL,E
50545,US,IA,DSM,F
50118,US,IA,DSM,C
50119,US,IA,DSM,D
50546,US,IA,DSM,F
50120,US,IA,DSM,E
52233,US,IA,CID,A
52501,US,IA,DSM,F
52053,US,IA,MLI,F
51443,US,IA,DSM,F
52237,US,IA,CID,D
50444,US,IA,DSM,F
50122,US,IA,DSM,D
50145,US,IA,DSM,D
50548,US,IA,DSM,E
50124,US,IA,DSM,C
50644,US,IA,ALO,C
50644,US,IA,CID,D
50125,US,IA,DSM,B
52240,US,IA,CID,C
52241,US,IA,CID,C
52236,US,IA,CID,C
51343,US,IA,DSM,F
52554,US,IA,DSM,F
50543,US,IA,DSM,E
51342,US,IA,DSM,F
50440,US,IA,DSM,F
50107,US,IA,DSM,D
52751,US,IA,MLI,D
50108,US,IA,DSM,F
50109,US,IA,DSM,C
50110,US,IA,DSM,D
50544,US,IA,DSM,E
50849,US,IA,DSM,E
50441,US,IA,DSM,E
50111,US,IA,DSM,B
50112,US,IA,DSM,D
50177,US,IA,DSM,D
50638,US,IA,ALO,C
51344,US,IA,DSM,F
50115,US,IA,DSM,E
50116,US,IA,DSM,F
50441,US,IA,DSM,E
50542,US,IA,DSM,F
52050,US,IA,CID,E
50360,US,IA,DSM,A
50333,US,IA,DSM,A
50334,US,IA,DSM,A
50335,US,IA,DSM,A
50336,US,IA,DSM,A
50338,US,IA,DSM,A
50339,US,IA,DSM,A
50340,US,IA,DSM,A
50347,US,IA,DSM,A
50392,US,IA,DSM,A
50359,US,IA,DSM,A
50330,US,IA,DSM,A
50361,US,IA,DSM,A
50362,US,IA,DSM,A
50363,US,IA,DSM,A
50364,US,IA,DSM,A
50367,US,IA,DSM,A
50368,US,IA,DSM,A
50369,US,IA,DSM,A
50380,US,IA,DSM,A
52748,US,IA,MLI,B
50350,US,IA,DSM,A
50317,US,IA,DSM,B
52242,US,IA,CID,C
50307,US,IA,DSM,A
50308,US,IA,DSM,A
50309,US,IA,DSM,A
50310,US,IA,DSM,A
50311,US,IA,DSM,B
50312,US,IA,DSM,B
50313,US,IA,DSM,A
50314,US,IA,DSM,A
50332,US,IA,DSM,A
50316,US,IA,DSM,A
50331,US,IA,DSM,A
50318,US,IA,DSM,A
50319,US,IA,DSM,A
50320,US,IA,DSM,A
50321,US,IA,DSM,A
50322,US,IA,DSM,B
50325,US,IA,DSM,B
50328,US,IA,DSM,A
50329,US,IA,DSM,A
50393,US,IA,DSM,A
50315,US,IA,DSM,A
52747,US,IA,MLI,C
52001,US,IA,MLI,D
52002,US,IA,MLI,D
52003,US,IA,MLI,D
52004,US,IA,MLI,D
50625,US,IA,DSM,E
50532,US,IA,DSM,D
52038,US,IA,CID,E
50626,US,IA,ALO,B
50381,US,IA,DSM,A
52039,US,IA,MLI,F
50433,US,IA,DSM,F
52040,US,IA,MLI,E
52224,US,IA,ALO,C
52224,US,IA,CID,D
50533,US,IA,DSM,E
50072,US,IA,DSM,D
52553,US,IA,DSM,E
52042,US,IA,CID,E
52044,US,IA,CID,E
50305,US,IA,DSM,A
50626,US,IA,CID,E
50623,US,IA,ALO,B
50394,US,IA,DSM,A
50395,US,IA,DSM,A
50396,US,IA,DSM,A
50397,US,IA,DSM,A
50398,US,IA,DSM,A
50936,US,IA,DSM,A
50940,US,IA,DSM,A
50947,US,IA,DSM,A
50950,US,IA,DSM,A
52552,US,IA,DSM,F
50981,US,IA,DSM,A
50071,US,IA,DSM,E
50070,US,IA,DSM,D
50845,US,IA,DSM,F
51333,US,IA,DSM,F
50624,US,IA,ALO,C
50624,US,IA,CID,F
52745,US,IA,MLI,D
50531,US,IA,DSM,F
52625,US,IA,BRL,E
50627,US,IA,DSM,E
50980,US,IA,DSM,A
50453,US,IA,DSM,F
50025,US,IA,OMA,G
50025,US,IA,OMA,G
50065,US,IA,DSM,Y
50225,US,IA,DSM,Y
50022,US,IA,OMA,F
50117,US,IA,OMA,G
50025,US,IA,OMA,G
50065,US,IA,DSM,Y
50274,US,IA,OMA,F
50076,US,IA,OMA,G
50401,US,IA,DSM,Y
50068,US,IA,DSM,Y
50042,US,IA,OMA,F
50022,US,IA,OMA,F
50025,US,IA,OMA,G
50424,US,IA,DSM,Y
50423,US,IA,DSM,Y
50402,US,IA,DSM,Y
50067,US,IA,DSM,Y
52533,US,IA,BRL,F
83647,US,ID,BOI,C
83703,US,ID,BOI,A
83704,US,ID,SLC,Y
83714,US,ID,SLC,Y
83805,US,ID,GEG,Y
83301,US,ID,BOI,F
83653,US,ID,SLC,Y
83325,US,ID,SLC,Y
83204,US,ID,SLC,Y
83203,US,ID,SLC,Y
83202,US,ID,SLC,Y
83201,US,ID,SLC,Y
83661,US,ID,SLC,Y
83347,US,ID,SLC,Y
83660,US,ID,SLC,Y
83261,US,ID,SLC,Y
83854,US,ID,SLC,Y
83848,US,ID,GEG,Y
83263,US,ID,SLC,Y
83652,US,ID,SLC,Y
83651,US,ID,SLC,Y
83344,US,ID,SLC,Y
83648,US,ID,SLC,Y
83845,US,ID,GEG,Y
83648,US,ID,SLC,Y
83648,US,ID,SLC,Y
83647,US,ID,SLC,Y
83254,US,ID,SLC,Y
83617,US,ID,SLC,Y
83340,US,ID,SLC,Y
83276,US,ID,SLC,Y
83611,US,ID,SLC,Y
83355,US,ID,SLC,Y
83672,US,ID,SLC,Y
83454,US,ID,SLC,Y
83301,US,ID,SLC,Y
83451,US,ID,SLC,Y
83450,US,ID,SLC,Y
83353,US,ID,SLC,Y
83448,US,ID,SLC,Y
83206,US,ID,SLC,Y
83277,US,ID,SLC,Y
83434,US,ID,SLC,Y
83230,US,ID,SLC,Y
83611,US,ID,SLC,Y
83352,US,ID,SLC,Y
83274,US,ID,SLC,Y
83445,US,ID,SLC,Y
83350,US,ID,SLC,Y
83343,US,ID,SLC,Y
83444,US,ID,SLC,Y
83442,US,ID,SLC,Y
83440,US,ID,SLC,Y
83210,US,ID,SLC,Y
83323,US,ID,SLC,Y
83714,US,ID,SLC,Y
83619,US,ID,SLC,Y
83237,US,ID,SLC,Y
83203,US,ID,SLC,Y
83236,US,ID,SLC,Y
83328,US,ID,SLC,Y
83226,US,ID,SLC,Y
83617,US,ID,SLC,Y
83616,US,ID,SLC,Y
83343,US,ID,SLC,Y
83234,US,ID,SLC,Y
83332,US,ID,SLC,Y
83823,US,ID,GEG,Y
83612,US,ID,SLC,Y
83821,US,ID,GEG,Y
83230,US,ID,SLC,Y
83228,US,ID,SLC,Y
83202,US,ID,SLC,Y
83611,US,ID,SLC,Y
83605,US,ID,SLC,Y
83318,US,ID,SLC,Y
83316,US,ID,SLC,Y
83422,US,ID,SLC,Y
83403,US,ID,SLC,Y
83806,US,ID,GEG,Y
83250,US,ID,SLC,Y
83638,US,ID,SLC,Y
83431,US,ID,SLC,Y
83541,US,ID,GEG,Y
83246,US,ID,SLC,Y
83634,US,ID,SLC,Y
83341,US,ID,SLC,Y
83340,US,ID,SLC,Y
83338,US,ID,SLC,Y
83330,US,ID,SLC,Y
83245,US,ID,SLC,Y
83241,US,ID,SLC,Y
83402,US,ID,SLC,Y
83401,US,ID,SLC,Y
83628,US,ID,SLC,Y
83336,US,ID,SLC,Y
83335,US,ID,SLC,Y
83334,US,ID,SLC,Y
83627,US,ID,SLC,Y
83425,US,ID,SLC,Y
83333,US,ID,SLC,Y
83642,US,ID,SLC,Y
83427,US,ID,SLC,Y
83717,US,ID,BOI,A
83221,US,ID,SLC,Y
83401,US,ID,SLC,Y
83716,US,ID,BOI,A
83314,US,ID,SLC,Y
83701,US,ID,SLC,Y
83313,US,ID,SLC,Y
83703,US,ID,SLC,Y
83277,US,ID,SLC,Y
83350,US,ID,SLC,Y
83719,US,ID,BOI,A
83799,US,ID,BOI,A
83607,US,ID,BOI,B
83713,US,ID,BOI,A
83210,US,ID,SLC,Y
83702,US,ID,SLC,Y
83215,US,ID,SLC,Y
83811,US,ID,GEG,Y
83213,US,ID,SLC,Y
83211,US,ID,SLC,Y
83420,US,ID,SLC,Y
83802,US,ID,GEG,Y
83217,US,ID,SLC,Y
83709,US,ID,BOI,A
83813,US,ID,GEG,D
83832,US,ID,GEG,F
83801,US,ID,GEG,C
83809,US,ID,GEG,D
83708,US,ID,BOI,A
83702,US,ID,BOI,A
83803,US,ID,GEG,D
83707,US,ID,BOI,A
83810,US,ID,GEG,D
83706,US,ID,BOI,A
83616,US,ID,BOI,B
83703,US,ID,BOI,A
83704,US,ID,BOI,A
83830,US,ID,GEG,D
83701,US,ID,BOI,A
83705,US,ID,BOI,A
83804,US,ID,GEG,D
83825,US,ID,GEG,D
83814,US,ID,GEG,B
83623,US,ID,BOI,F
83617,US,ID,BOI,C
83714,US,ID,BOI,A
83705,US,ID,BOI,A
83314,US,ID,BOI,F
83865,US,ID,GEG,D
83619,US,ID,BOI,D
83338,US,ID,BOI,F
83727,US,ID,BOI,A
83756,US,ID,BOI,A
83837,US,ID,GEG,D
83757,US,ID,BOI,A
83316,US,ID,BOI,F
83318,US,ID,BOI,F
83835,US,ID,GEG,B
83605,US,ID,BOI,B
83735,US,ID,BOI,A
83733,US,ID,BOI,A
83732,US,ID,BOI,A
83731,US,ID,BOI,A
83730,US,ID,BOI,A
83721,US,ID,BOI,A
83728,US,ID,BOI,A
83624,US,ID,BOI,F
83726,US,ID,BOI,A
83725,US,ID,BOI,A
83724,US,ID,BOI,A
83835,US,ID,GEG,B
83722,US,ID,BOI,A
83627,US,ID,BOI,F
83720,US,ID,BOI,A
83715,US,ID,BOI,A
83714,US,ID,BOI,A
83626,US,ID,BOI,D
83712,US,ID,BOI,A
83711,US,ID,BOI,A
83606,US,ID,BOI,B
83729,US,ID,BOI,A
83652,US,ID,BOI,B
83809,US,ID,GEG,D
83861,US,ID,GEG,E
83860,US,ID,GEG,D
83858,US,ID,GEG,C
83857,US,ID,GEG,F
83856,US,ID,GEG,D
83822,US,ID,GEG,D
83854,US,ID,GEG,B
83865,US,ID,GEG,D
83852,US,ID,GEG,D
83839,US,ID,GEG,D
83836,US,ID,GEG,E
83661,US,ID,BOI,D
83660,US,ID,BOI,D
83849,US,ID,GEG,D
83855,US,ID,GEG,E
83353,US,ID,BOI,F
83876,US,ID,GEG,D
83672,US,ID,BOI,F
83874,US,ID,GEG,E
83873,US,ID,GEG,E
83872,US,ID,GEG,E
83303,US,ID,BOI,F
83840,US,ID,GEG,D
83870,US,ID,GEG,D
83864,US,ID,GEG,D
83669,US,ID,BOI,C
83861,US,ID,GEG,E
83869,US,ID,GEG,D
83868,US,ID,GEG,D
83867,US,ID,GEG,D
83866,US,ID,GEG,F
83851,US,ID,GEG,D
83871,US,ID,GEG,E
83644,US,ID,BOI,C
83651,US,ID,BOI,B
83874,US,ID,GEG,E
83846,US,ID,GEG,D
83648,US,ID,BOI,C
83648,US,ID,BOI,D
83648,US,ID,BOI,D
83822,US,ID,GEG,D
83850,US,ID,GEG,D
83617,US,ID,BOI,C
83647,US,ID,BOI,C
83642,US,ID,BOI,B
83641,US,ID,BOI,D
83639,US,ID,BOI,C
83501,US,ID,GEG,E
83540,US,ID,GEG,F
83841,US,ID,GEG,D
83634,US,ID,BOI,A
83840,US,ID,GEG,D
83843,US,ID,GEG,D
83686,US,ID,BOI,B
83653,US,ID,BOI,B
83655,US,ID,BOI,F
83687,US,ID,BOI,B
83847,US,ID,GEG,F
83301,US,ID,BOI,F
83633,US,ID,BOI,F
83301,US,ID,BOI,F
83302,US,ID,BOI,F
83302,US,ID,BOI,F
83301,US,ID,BOI,F
83302,US,ID,BOI,F
83301,US,ID,BOI,F
83633,US,ID,BOI,F
83716,US,ID,BOI,A
83354,US,ID,BOI,F
83680,US,ID,BOI,B
83354,US,ID,BOI,F
83322,US,ID,BOI,H
83645,US,ID,SLC,B
83631,US,ID,SLC,B
83311,US,ID,BOI,G
83342,US,ID,BOI,G
83320,US,ID,BOI,H
83271,US,ID,SLC,C
83327,US,ID,BOI,H
83348,US,ID,BOI,H
83610,US,ID,SLC,D
83348,US,ID,BOI,H
83349,US,ID,BOI,H
83646,US,ID,BOI,B
83629,US,ID,BOI,C
83324,US,ID,BOI,G
61270,US,IL,MLI,D
61273,US,IL,MLI,C
61272,US,IL,MLI,E
61270,US,IL,MLI,D
61244,US,IL,MLI,A
61238,US,IL,MLI,D
61244,US,IL,MLI,A
61231,US,IL,MLI,F
61244,US,IL,MLI,A
61231,US,IL,MLI,F
61074,US,IL,MLI,E
61244,US,IL,MLI,A
61252,US,IL,MLI,C
61244,US,IL,MLI,A
61250,US,IL,MLI,F
61244,US,IL,MLI,A
61231,US,IL,MLI,F
61252,US,IL,MLI,C
61025,US,IL,MLI,F
61244,US,IL,MLI,A
61422,US,IL,BRL,F
61270,US,IL,MLI,D
62321,US,IL,BRL,F
62321,US,IL,BRL,F
62321,US,IL,BRL,F
61450,US,IL,BRL,D
62321,US,IL,BRL,F
61231,US,IL,MLI,F
62321,US,IL,BRL,F
61231,US,IL,MLI,F
62330,US,IL,BRL,D
62321,US,IL,BRL,F
61270,US,IL,MLI,D
62330,US,IL,BRL,D
61244,US,IL,MLI,A
61238,US,IL,MLI,D
61420,US,IL,BRL,F
61254,US,IL,MLI,C
61273,US,IL,MLI,C
61401,US,IL,MLI,D
61273,US,IL,MLI,C
61266,US,IL,MLI,A
61265,US,IL,MLI,A
61260,US,IL,MLI,C
61270,US,IL,MLI,D
61254,US,IL,MLI,C
61299,US,IL,MLI,A
61270,US,IL,MLI,D
61277,US,IL,MLI,F
61230,US,IL,MLI,C
61490,US,IL,MLI,D
61238,US,IL,MLI,D
61462,US,IL,MLI,D
61254,US,IL,MLI,C
61277,US,IL,MLI,F
61285,US,IL,MLI,E
61275,US,IL,MLI,C
61275,US,IL,MLI,C
61462,US,IL,MLI,D
61277,US,IL,MLI,F
61231,US,IL,MLI,F
61275,US,IL,MLI,C
61277,US,IL,MLI,F
61277,US,IL,MLI,F
61252,US,IL,MLI,C
61231,US,IL,MLI,F
61273,US,IL,MLI,C
60555,US,IL,RFD,C
60554,US,IL,RFD,C
60553,US,IL,RFD,C
60566,US,IL,RFD,C
60556,US,IL,RFD,C
60558,US,IL,RFD,C
60565,US,IL,RFD,C
60559,US,IL,RFD,C
60561,US,IL,RFD,C
60561,US,IL,RFD,C
60552,US,IL,RFD,C
60532,US,IL,RFD,C
60563,US,IL,RFD,C
60564,US,IL,RFD,C
60534,US,IL,RFD,C
60527,US,IL,RFD,C
60527,US,IL,RFD,C
60527,US,IL,RFD,C
60526,US,IL,RFD,C
60618,US,IL,RFD,C
60539,US,IL,RFD,C
60530,US,IL,RFD,C
60550,US,IL,RFD,C
60539,US,IL,RFD,C
60540,US,IL,RFD,C
60542,US,IL,RFD,C
60546,US,IL,RFD,C
60546,US,IL,RFD,C
60548,US,IL,RFD,C
60567,US,IL,RFD,C
60620,US,IL,RFD,C
60616,US,IL,RFD,C
60611,US,IL,RFD,C
60612,US,IL,RFD,C
60613,US,IL,RFD,C
60614,US,IL,RFD,C
60615,US,IL,RFD,C
60609,US,IL,RFD,C
60619,US,IL,RFD,C
60608,US,IL,RFD,C
60621,US,IL,RFD,C
60622,US,IL,RFD,C
60525,US,IL,RFD,C
60464,US,IL,RFD,C
60623,US,IL,RFD,C
60624,US,IL,RFD,C
60617,US,IL,RFD,C
60601,US,IL,RFD,C
60570,US,IL,RFD,C
60570,US,IL,RFD,C
60572,US,IL,RFD,C
60572,US,IL,RFD,C
60597,US,IL,RFD,C
60598,US,IL,RFD,C
60610,US,IL,RFD,C
60599,US,IL,RFD,C
60568,US,IL,RFD,C
60602,US,IL,RFD,C
60603,US,IL,RFD,C
60604,US,IL,RFD,C
60605,US,IL,RFD,C
60606,US,IL,RFD,C
60607,US,IL,RFD,C
60599,US,IL,RFD,C
60477,US,IL,RFD,C
60469,US,IL,RFD,C
60471,US,IL,RFD,C
60472,US,IL,RFD,C
60473,US,IL,RFD,C
60475,US,IL,RFD,C
60499,US,IL,RFD,C
60477,US,IL,RFD,C
60625,US,IL,RFD,C
60478,US,IL,RFD,C
60480,US,IL,RFD,C
60482,US,IL,RFD,C
60483,US,IL,RFD,C
60490,US,IL,RFD,C
60466,US,IL,RFD,C
60476,US,IL,RFD,C
60459,US,IL,RFD,C
60456,US,IL,RFD,C
60457,US,IL,RFD,C
60457,US,IL,RFD,C
60458,US,IL,RFD,C
60458,US,IL,RFD,C
60458,US,IL,RFD,C
60467,US,IL,RFD,C
60459,US,IL,RFD,C
60466,US,IL,RFD,C
60461,US,IL,RFD,C
60462,US,IL,RFD,C
60463,US,IL,RFD,C
60680,US,IL,RFD,C
60465,US,IL,RFD,C
60501,US,IL,RFD,C
60459,US,IL,RFD,C
60522,US,IL,RFD,C
60519,US,IL,RFD,C
60520,US,IL,RFD,C
60521,US,IL,RFD,C
60521,US,IL,RFD,C
60521,US,IL,RFD,C
60499,US,IL,RFD,C
60522,US,IL,RFD,C
60516,US,IL,RFD,C
60523,US,IL,RFD,C
60523,US,IL,RFD,C
60525,US,IL,RFD,C
60525,US,IL,RFD,C
60525,US,IL,RFD,C
60525,US,IL,RFD,C
60521,US,IL,RFD,C
60507,US,IL,RFD,C
60501,US,IL,RFD,C
60501,US,IL,RFD,C
60501,US,IL,RFD,C
60502,US,IL,RFD,C
60503,US,IL,RFD,C
60504,US,IL,RFD,C
60517,US,IL,RFD,C
60506,US,IL,RFD,C
60517,US,IL,RFD,C
60510,US,IL,RFD,C
60511,US,IL,RFD,C
60513,US,IL,RFD,C
60514,US,IL,RFD,C
60515,US,IL,RFD,C
60525,US,IL,RFD,C
60505,US,IL,RFD,C
61021,US,IL,RFD,C
60805,US,IL,RFD,C
60805,US,IL,RFD,C
60827,US,IL,RFD,C
60827,US,IL,RFD,C
61001,US,IL,RFD,D
61041,US,IL,RFD,D
61014,US,IL,RFD,D
60803,US,IL,RFD,C
61021,US,IL,RFD,C
61025,US,IL,RFD,D
61028,US,IL,RFD,D
61031,US,IL,RFD,C
61036,US,IL,RFD,D
60695,US,IL,RFD,C
61006,US,IL,RFD,C
60707,US,IL,RFD,C
60678,US,IL,RFD,C
60697,US,IL,RFD,C
60699,US,IL,RFD,C
60701,US,IL,RFD,C
60706,US,IL,RFD,C
60706,US,IL,RFD,C
60804,US,IL,RFD,C
60707,US,IL,RFD,C
60804,US,IL,RFD,C
60712,US,IL,RFD,C
60712,US,IL,RFD,C
60714,US,IL,RFD,C
60803,US,IL,RFD,C
60803,US,IL,RFD,C
61042,US,IL,RFD,C
60706,US,IL,RFD,C
61318,US,IL,RFD,C
61252,US,IL,RFD,D
61261,US,IL,RFD,D
61270,US,IL,RFD,D
61277,US,IL,RFD,D
61283,US,IL,RFD,D
61037,US,IL,RFD,D
61310,US,IL,RFD,C
61243,US,IL,RFD,D
61324,US,IL,RFD,C
61331,US,IL,RFD,C
61353,US,IL,RFD,C
61367,US,IL,RFD,C
60456,US,IL,RFD,C
60118,US,IL,RFD,C
61285,US,IL,RFD,D
61078,US,IL,RFD,D
61046,US,IL,RFD,D
61051,US,IL,RFD,D
61053,US,IL,RFD,D
61057,US,IL,RFD,C
61059,US,IL,RFD,D
61071,US,IL,RFD,D
61251,US,IL,RFD,D
61075,US,IL,RFD,D
61250,US,IL,RFD,D
61081,US,IL,RFD,D
61081,US,IL,RFD,D
61085,US,IL,RFD,D
61087,US,IL,RFD,D
61230,US,IL,RFD,D
60694,US,IL,RFD,C
61074,US,IL,RFD,D
60646,US,IL,RFD,C
60640,US,IL,RFD,C
60641,US,IL,RFD,C
60643,US,IL,RFD,C
60643,US,IL,RFD,C
60644,US,IL,RFD,C
60654,US,IL,RFD,C
60645,US,IL,RFD,C
60638,US,IL,RFD,C
60646,US,IL,RFD,C
60647,US,IL,RFD,C
60649,US,IL,RFD,C
60651,US,IL,RFD,C
60652,US,IL,RFD,C
60696,US,IL,RFD,C
60645,US,IL,RFD,C
60634,US,IL,RFD,C
60628,US,IL,RFD,C
60629,US,IL,RFD,C
60630,US,IL,RFD,C
60630,US,IL,RFD,C
60631,US,IL,RFD,C
60632,US,IL,RFD,C
60639,US,IL,RFD,C
60633,US,IL,RFD,C
60638,US,IL,RFD,C
60634,US,IL,RFD,C
60636,US,IL,RFD,C
60637,US,IL,RFD,C
60638,US,IL,RFD,C
60638,US,IL,RFD,C
60655,US,IL,RFD,C
60633,US,IL,RFD,C
60686,US,IL,RFD,C
60675,US,IL,RFD,C
60677,US,IL,RFD,C
60679,US,IL,RFD,C
60681,US,IL,RFD,C
60682,US,IL,RFD,C
60653,US,IL,RFD,C
60685,US,IL,RFD,C
60670,US,IL,RFD,C
60687,US,IL,RFD,C
60688,US,IL,RFD,C
60689,US,IL,RFD,C
60690,US,IL,RFD,C
60691,US,IL,RFD,C
60693,US,IL,RFD,C
60684,US,IL,RFD,C
60661,US,IL,RFD,C
60655,US,IL,RFD,C
60656,US,IL,RFD,C
60656,US,IL,RFD,C
60656,US,IL,RFD,C
60657,US,IL,RFD,C
60659,US,IL,RFD,C
60674,US,IL,RFD,C
60660,US,IL,RFD,C
60673,US,IL,RFD,C
60663,US,IL,RFD,C
60664,US,IL,RFD,C
60666,US,IL,RFD,C
60668,US,IL,RFD,C
60669,US,IL,RFD,C
60626,US,IL,RFD,C
60659,US,IL,RFD,C
60106,US,IL,RFD,C
60119,US,IL,RFD,C
60102,US,IL,RFD,C
60102,US,IL,RFD,C
60103,US,IL,RFD,C
60103,US,IL,RFD,C
60098,US,IL,RFD,C
60105,US,IL,RFD,C
60098,US,IL,RFD,C
60107,US,IL,RFD,C
60108,US,IL,RFD,C
60109,US,IL,RFD,C
60110,US,IL,RFD,C
60111,US,IL,RFD,C
60112,US,IL,RFD,C
60104,US,IL,RFD,C
60091,US,IL,RFD,C
60074,US,IL,RFD,C
60076,US,IL,RFD,C
60077,US,IL,RFD,C
60078,US,IL,RFD,C
60081,US,IL,RFD,C
60101,US,IL,RFD,C
60090,US,IL,RFD,C
60117,US,IL,RFD,C
60093,US,IL,RFD,C
60093,US,IL,RFD,C
60094,US,IL,RFD,C
60095,US,IL,RFD,C
60097,US,IL,RFD,C
60097,US,IL,RFD,C
60082,US,IL,RFD,C
60133,US,IL,RFD,C
60126,US,IL,RFD,C
60128,US,IL,RFD,C
60129,US,IL,RFD,C
60130,US,IL,RFD,C
60131,US,IL,RFD,C
60115,US,IL,RFD,C
60132,US,IL,RFD,C
60124,US,IL,RFD,C
60133,US,IL,RFD,C
60134,US,IL,RFD,C
60135,US,IL,RFD,C
60136,US,IL,RFD,C
60137,US,IL,RFD,C
60137,US,IL,RFD,C
60131,US,IL,RFD,C
60120,US,IL,RFD,C
60072,US,IL,RFD,C
60118,US,IL,RFD,C
60118,US,IL,RFD,C
60118,US,IL,RFD,C
60827,US,IL,RFD,C
60119,US,IL,RFD,C
60125,US,IL,RFD,C
60120,US,IL,RFD,C
60124,US,IL,RFD,C
60120,US,IL,RFD,C
60121,US,IL,RFD,C
60122,US,IL,RFD,C
60123,US,IL,RFD,C
60124,US,IL,RFD,C
60116,US,IL,RFD,C
61378,US,IL,RFD,C
60020,US,IL,RFD,C
60014,US,IL,RFD,C
60016,US,IL,RFD,C
60017,US,IL,RFD,C
60018,US,IL,RFD,C
60018,US,IL,RFD,C
60033,US,IL,RFD,C
60019,US,IL,RFD,C
60013,US,IL,RFD,C
60021,US,IL,RFD,C
60022,US,IL,RFD,C
60025,US,IL,RFD,C
60026,US,IL,RFD,C
60029,US,IL,RFD,C
60074,US,IL,RFD,C
60019,US,IL,RFD,C
60010,US,IL,RFD,C
60001,US,IL,RFD,C
60004,US,IL,RFD,C
60005,US,IL,RFD,C
60006,US,IL,RFD,C
60007,US,IL,RFD,C
60008,US,IL,RFD,C
60014,US,IL,RFD,C
60010,US,IL,RFD,C
60013,US,IL,RFD,C
60010,US,IL,RFD,C
60010,US,IL,RFD,C
60012,US,IL,RFD,C
60012,US,IL,RFD,C
60013,US,IL,RFD,C
60033,US,IL,RFD,C
60009,US,IL,RFD,C
60067,US,IL,RFD,C
60053,US,IL,RFD,C
60055,US,IL,RFD,C
60056,US,IL,RFD,C
60062,US,IL,RFD,C
60065,US,IL,RFD,C
60030,US,IL,RFD,C
60067,US,IL,RFD,C
60051,US,IL,RFD,C
60067,US,IL,RFD,C
60068,US,IL,RFD,C
60070,US,IL,RFD,C
60071,US,IL,RFD,C
60071,US,IL,RFD,C
60140,US,IL,RFD,C
60067,US,IL,RFD,C
60050,US,IL,RFD,C
60034,US,IL,RFD,C
60038,US,IL,RFD,C
60039,US,IL,RFD,C
60041,US,IL,RFD,C
60043,US,IL,RFD,C
60047,US,IL,RFD,C
60051,US,IL,RFD,C
60050,US,IL,RFD,C
60051,US,IL,RFD,C
60050,US,IL,RFD,C
60050,US,IL,RFD,C
60050,US,IL,RFD,C
60051,US,IL,RFD,C
60051,US,IL,RFD,C
60073,US,IL,RFD,C
60050,US,IL,RFD,C
60304,US,IL,RFD,C
60203,US,IL,RFD,C
60204,US,IL,RFD,C
60208,US,IL,RFD,C
60209,US,IL,RFD,C
60301,US,IL,RFD,C
60402,US,IL,RFD,C
60303,US,IL,RFD,C
60199,US,IL,RFD,C
60305,US,IL,RFD,C
60398,US,IL,RFD,C
60398,US,IL,RFD,C
60399,US,IL,RFD,C
60399,US,IL,RFD,C
60190,US,IL,RFD,C
60302,US,IL,RFD,C
60195,US,IL,RFD,C
60138,US,IL,RFD,C
60192,US,IL,RFD,C
60192,US,IL,RFD,C
60192,US,IL,RFD,C
60193,US,IL,RFD,C
60194,US,IL,RFD,C
60202,US,IL,RFD,C
60195,US,IL,RFD,C
60201,US,IL,RFD,C
60195,US,IL,RFD,C
60196,US,IL,RFD,C
60196,US,IL,RFD,C
60196,US,IL,RFD,C
60197,US,IL,RFD,C
60402,US,IL,RFD,C
60194,US,IL,RFD,C
60445,US,IL,RFD,C
60428,US,IL,RFD,C
60428,US,IL,RFD,C
60429,US,IL,RFD,C
60430,US,IL,RFD,C
60438,US,IL,RFD,C
60402,US,IL,RFD,C
60443,US,IL,RFD,C
60426,US,IL,RFD,C
60445,US,IL,RFD,C
60452,US,IL,RFD,C
60453,US,IL,RFD,C
60454,US,IL,RFD,C
60455,US,IL,RFD,C
60455,US,IL,RFD,C
60439,US,IL,RFD,C
60415,US,IL,RFD,C
60406,US,IL,RFD,C
60406,US,IL,RFD,C
60409,US,IL,RFD,C
60411,US,IL,RFD,C
60411,US,IL,RFD,C
60411,US,IL,RFD,C
60426,US,IL,RFD,C
60412,US,IL,RFD,C
60426,US,IL,RFD,C
60419,US,IL,RFD,C
60422,US,IL,RFD,C
60422,US,IL,RFD,C
60425,US,IL,RFD,C
60426,US,IL,RFD,C
60189,US,IL,RFD,C
60411,US,IL,RFD,C
60160,US,IL,RFD,C
60154,US,IL,RFD,C
60155,US,IL,RFD,C
60155,US,IL,RFD,C
60156,US,IL,RFD,C
60156,US,IL,RFD,C
60164,US,IL,RFD,C
60159,US,IL,RFD,C
60152,US,IL,RFD,C
60161,US,IL,RFD,C
60162,US,IL,RFD,C
60163,US,IL,RFD,C
60163,US,IL,RFD,C
60163,US,IL,RFD,C
60191,US,IL,RFD,C
60157,US,IL,RFD,C
60146,US,IL,RFD,C
60455,US,IL,RFD,C
60140,US,IL,RFD,C
60140,US,IL,RFD,C
60141,US,IL,RFD,C
60142,US,IL,RFD,C
60143,US,IL,RFD,C
60153,US,IL,RFD,C
60145,US,IL,RFD,C
60153,US,IL,RFD,C
60147,US,IL,RFD,C
60148,US,IL,RFD,C
60150,US,IL,RFD,C
60151,US,IL,RFD,C
60151,US,IL,RFD,C
60165,US,IL,RFD,C
60144,US,IL,RFD,C
60183,US,IL,RFD,C
60178,US,IL,RFD,C
60179,US,IL,RFD,C
60179,US,IL,RFD,C
60179,US,IL,RFD,C
60180,US,IL,RFD,C
60164,US,IL,RFD,C
60181,US,IL,RFD,C
60175,US,IL,RFD,C
60184,US,IL,RFD,C
60185,US,IL,RFD,C
60185,US,IL,RFD,C
60186,US,IL,RFD,C
60187,US,IL,RFD,C
60188,US,IL,RFD,C
60181,US,IL,RFD,C
60173,US,IL,RFD,C
60165,US,IL,RFD,C
60168,US,IL,RFD,C
60169,US,IL,RFD,C
60170,US,IL,RFD,C
60171,US,IL,RFD,C
60172,US,IL,RFD,C
60177,US,IL,RFD,C
60173,US,IL,RFD,C
60176,US,IL,RFD,C
60174,US,IL,RFD,C
60174,US,IL,RFD,C
60174,US,IL,RFD,C
60175,US,IL,RFD,C
60175,US,IL,RFD,C
60139,US,IL,RFD,C
60173,US,IL,RFD,C
60827,US,IL,RFD,C
62601,US,IL,STL,H
62226,US,IL,STL,C
62226,US,IL,STL,C
61230,US,IL,MLI,C
60006,US,IL,ORD,A
62650,US,IL,STL,G
60064,US,IL,ORD,B
61811,US,IL,ORD,H
62002,US,IL,STL,C
60101,US,IL,ORD,A
62707,US,IL,ORD,J
62411,US,IL,STL,G
61230,US,IL,ORD,M
62215,US,IL,STL,G
62207,US,IL,STL,B
62001,US,IL,STL,D
60102,US,IL,ORD,B
62806,US,IL,STL,K
61231,US,IL,MLI,F
62905,US,IL,STL,K
62906,US,IL,STL,K
60005,US,IL,ORD,A
60911,US,IL,ORD,H
60666,US,IL,ORD,A
61232,US,IL,MLI,B
60004,US,IL,ORD,A
60439,US,IL,ORD,B
60501,US,IL,ORD,B
62707,US,IL,STL,G
62707,US,IL,ORD,J
61911,US,IL,ORD,J
61910,US,IL,ORD,J
60910,US,IL,ORD,G
61310,US,IL,ORD,M
61234,US,IL,ORD,N
60002,US,IL,ORD,B
62808,US,IL,STL,F
62650,US,IL,STL,G
62707,US,IL,STL,G
62814,US,IL,STL,K
62012,US,IL,STL,D
60455,US,IL,ORD,B
62230,US,IL,STL,E
62563,US,IL,STL,G
60408,US,IL,ORD,I
62707,US,IL,STL,G
62707,US,IL,ORD,J
62816,US,IL,STL,H
60913,US,IL,ORD,G
62858,US,IL,STL,K
60440,US,IL,ORD,B
60513,US,IL,ORD,B
62621,US,IL,STL,K
62513,US,IL,STL,K
60406,US,IL,ORD,B
61701,US,IL,ORD,I
60108,US,IL,ORD,B
62707,US,IL,STL,G
62707,US,IL,ORD,J
61814,US,IL,ORD,H
62011,US,IL,STL,G
60401,US,IL,ORD,G
62545,US,IL,STL,K
60525,US,IL,ORD,A
62903,US,IL,STL,F
62902,US,IL,STL,F
62901,US,IL,STL,F
61239,US,IL,MLI,B
61238,US,IL,MLI,D
60643,US,IL,ORD,B
60409,US,IL,ORD,B
62206,US,IL,STL,B
61010,US,IL,RFD,B
61010,US,IL,ORD,C
60153,US,IL,ORD,A
60521,US,IL,ORD,A
62634,US,IL,ORD,J
60633,US,IL,ORD,B
60459,US,IL,ORD,B
62014,US,IL,STL,D
62515,US,IL,STL,K
60089,US,IL,ORD,A
62515,US,IL,STL,K
61314,US,IL,ORD,M
60918,US,IL,ORD,H
62418,US,IL,STL,K
61914,US,IL,STL,K
62015,US,IL,STL,G
62216,US,IL,STL,G
62670,US,IL,STL,F
60539,US,IL,ORD,B
60510,US,IL,ORD,B
60103,US,IL,ORD,B
62218,US,IL,STL,G
62312,US,IL,STL,K
60011,US,IL,ORD,A
60010,US,IL,ORD,B
62674,US,IL,STL,E
60511,US,IL,ORD,M
62217,US,IL,STL,G
60912,US,IL,ORD,H
60507,US,IL,ORD,B
60506,US,IL,ORD,B
60505,US,IL,ORD,B
60504,US,IL,ORD,B
62615,US,IL,STL,E
61235,US,IL,ORD,N
62613,US,IL,STL,G
62626,US,IL,STL,E
62510,US,IL,STL,K
62510,US,IL,ORD,J
60015,US,IL,ORD,A
62223,US,IL,STL,C
62010,US,IL,STL,C
60402,US,IL,ORD,A
62563,US,IL,STL,G
62670,US,IL,STL,F
60163,US,IL,ORD,A
62812,US,IL,STL,G
60106,US,IL,ORD,A
62009,US,IL,STL,E
61813,US,IL,ORD,J
61008,US,IL,RFD,B
62526,US,IL,ORD,J
60104,US,IL,ORD,A
62526,US,IL,STL,K
62222,US,IL,STL,C
62221,US,IL,STL,C
62220,US,IL,STL,C
62810,US,IL,STL,G
62414,US,IL,STL,G
61812,US,IL,ORD,H
60499,US,IL,ORD,B
62219,US,IL,STL,E
61006,US,IL,ORD,M
61008,US,IL,ORD,C
60521,US,IL,ORD,A
60459,US,IL,ORD,B
60458,US,IL,ORD,A
60457,US,IL,ORD,B
60456,US,IL,ORD,B
60455,US,IL,ORD,B
60454,US,IL,ORD,B
60453,US,IL,ORD,B
60452,US,IL,ORD,B
62704,US,IL,ORD,J
60527,US,IL,ORD,B
60303,US,IL,ORD,A
62269,US,IL,STL,C
60185,US,IL,ORD,B
60164,US,IL,ORD,A
60093,US,IL,ORD,B
60065,US,IL,ORD,A
60062,US,IL,ORD,A
60546,US,IL,ORD,A
60521,US,IL,ORD,A
62670,US,IL,STL,F
62874,US,IL,STL,G
61061,US,IL,RFD,B
61061,US,IL,ORD,M
61469,US,IL,BRL,E
60103,US,IL,ORD,B
60955,US,IL,ORD,H
60461,US,IL,ORD,B
60301,US,IL,ORD,A
60083,US,IL,ORD,P
60302,US,IL,ORD,A
62271,US,IL,STL,E
61349,US,IL,ORD,M
61348,US,IL,ORD,M
62870,US,IL,STL,J
60013,US,IL,ORD,B
60181,US,IL,ORD,B
60304,US,IL,ORD,A
60064,US,IL,ORD,B
62450,US,IL,STL,K
60563,US,IL,ORD,B
60088,US,IL,ORD,B
62447,US,IL,STL,G
62355,US,IL,STL,K
62354,US,IL,BRL,D
62071,US,IL,STL,B
62263,US,IL,STL,E
62665,US,IL,STL,H
62265,US,IL,STL,D
60565,US,IL,ORD,B
62670,US,IL,STL,F
60540,US,IL,ORD,B
62966,US,IL,STL,G
60060,US,IL,ORD,B
62262,US,IL,STL,E
62549,US,IL,STL,K
62549,US,IL,ORD,J
62864,US,IL,STL,F
60056,US,IL,ORD,A
60566,US,IL,ORD,B
60714,US,IL,ORD,A
60462,US,IL,ORD,B
60010,US,IL,ORD,B
60542,US,IL,ORD,B
60656,US,IL,ORD,A
60634,US,IL,ORD,A
61376,US,IL,ORD,M
61761,US,IL,ORD,I
62264,US,IL,STL,D
62868,US,IL,STL,K
60086,US,IL,ORD,B
62551,US,IL,STL,G
62448,US,IL,STL,G
60541,US,IL,ORD,M
60451,US,IL,ORD,B
62074,US,IL,STL,G
62563,US,IL,STL,G
62356,US,IL,STL,G
61272,US,IL,MLI,E
62075,US,IL,STL,J
62306,US,IL,STL,G
61273,US,IL,MLI,C
60071,US,IL,ORD,P
62677,US,IL,STL,K
62278,US,IL,STL,D
62560,US,IL,STL,J
61278,US,IL,MLI,C
61866,US,IL,ORD,J
60471,US,IL,ORD,B
62080,US,IL,STL,G
62707,US,IL,ORD,J
62305,US,IL,STL,G
62301,US,IL,STL,G
60070,US,IL,ORD,A
61277,US,IL,ORD,M
61277,US,IL,MLI,F
61356,US,IL,ORD,M
60069,US,IL,ORD,A
61865,US,IL,ORD,H
60960,US,IL,ORD,H
60015,US,IL,ORD,A
61204,US,IL,MLI,A
61201,US,IL,MLI,A
61071,US,IL,ORD,M
62563,US,IL,STL,G
61068,US,IL,ORD,C
62545,US,IL,STL,K
62454,US,IL,STL,K
62330,US,IL,BRL,D
60472,US,IL,ORD,B
62330,US,IL,BRL,D
62561,US,IL,STL,G
60546,US,IL,ORD,A
62231,US,IL,STL,E
60171,US,IL,ORD,A
60305,US,IL,ORD,A
60072,US,IL,ORD,P
62694,US,IL,STL,E
62707,US,IL,STL,G
60962,US,IL,ORD,H
62674,US,IL,STL,E
62558,US,IL,STL,F
60068,US,IL,ORD,A
60466,US,IL,ORD,G
60085,US,IL,ORD,B
62077,US,IL,STL,E
62557,US,IL,STL,K
60464,US,IL,ORD,B
60469,US,IL,ORD,B
60463,US,IL,ORD,B
61554,US,IL,ORD,F
62556,US,IL,STL,K
60078,US,IL,ORD,A
60074,US,IL,ORD,A
60067,US,IL,ORD,A
62555,US,IL,STL,K
61350,US,IL,ORD,M
60543,US,IL,ORD,G
61054,US,IL,ORD,C
60465,US,IL,ORD,B
62363,US,IL,STL,K
60477,US,IL,ORD,B
62040,US,IL,STL,B
61764,US,IL,ORD,I
61064,US,IL,ORD,M
62275,US,IL,STL,G
62677,US,IL,STL,K
62366,US,IL,STL,J
60545,US,IL,ORD,M
60957,US,IL,ORD,H
60544,US,IL,ORD,B
61063,US,IL,RFD,B
62650,US,IL,STL,G
60959,US,IL,ORD,H
62274,US,IL,STL,F
60426,US,IL,ORD,B
61354,US,IL,ORD,M
62362,US,IL,BRL,F
62272,US,IL,STL,E
61275,US,IL,MLI,C
62685,US,IL,STL,G
60439,US,IL,ORD,B
60050,US,IL,ORD,P
60659,US,IL,ORD,A
60646,US,IL,ORD,A
60645,US,IL,ORD,A
60069,US,IL,ORD,A
62656,US,IL,ORD,J
60048,US,IL,ORD,B
60532,US,IL,ORD,A
62255,US,IL,STL,K
62056,US,IL,STL,E
62704,US,IL,STL,G
62704,US,IL,ORD,J
62254,US,IL,STL,C
60438,US,IL,ORD,B
62568,US,IL,STL,J
62568,US,IL,ORD,J
62515,US,IL,STL,K
62069,US,IL,STL,E
61753,US,IL,ORD,I
62858,US,IL,STL,K
61261,US,IL,ORD,M
61132,US,IL,RFD,A
61132,US,IL,ORD,C
61131,US,IL,RFD,A
61131,US,IL,ORD,C
61130,US,IL,RFD,A
61130,US,IL,ORD,C
60046,US,IL,ORD,P
61111,US,IL,ORD,C
60049,US,IL,ORD,A
60049,US,IL,ORD,A
60047,US,IL,ORD,A
60148,US,IL,ORD,A
61454,US,IL,BRL,D
61856,US,IL,ORD,J
60948,US,IL,ORD,H
60441,US,IL,ORD,B
62058,US,IL,STL,C
61111,US,IL,RFD,A
60436,US,IL,ORD,B
61046,US,IL,ORD,M
61443,US,IL,MLI,F
60043,US,IL,ORD,A
62853,US,IL,STL,G
61442,US,IL,MLI,E
62053,US,IL,STL,K
60458,US,IL,ORD,A
62253,US,IL,STL,I
62952,US,IL,STL,K
62540,US,IL,ORD,J
60435,US,IL,ORD,B
60434,US,IL,ORD,H
60433,US,IL,ORD,H
60432,US,IL,ORD,B
60431,US,IL,ORD,B
62951,US,IL,STL,G
62052,US,IL,STL,K
62704,US,IL,STL,G
62954,US,IL,STL,H
61330,US,IL,ORD,M
60047,US,IL,ORD,A
60046,US,IL,ORD,P
60102,US,IL,ORD,B
60045,US,IL,ORD,A
60044,US,IL,ORD,B
60010,US,IL,ORD,B
61329,US,IL,ORD,M
61443,US,IL,ORD,N
61301,US,IL,ORD,M
60534,US,IL,ORD,A
61450,US,IL,BRL,D
60525,US,IL,ORD,A
60525,US,IL,ORD,A
61448,US,IL,MLI,D
62854,US,IL,STL,K
61539,US,IL,ORD,F
61068,US,IL,ORD,C
62540,US,IL,STL,F
62426,US,IL,STL,G
61264,US,IL,MLI,A
62650,US,IL,STL,G
62667,US,IL,STL,G
62040,US,IL,STL,B
60447,US,IL,ORD,M
61344,US,IL,ORD,N
62260,US,IL,STL,C
62557,US,IL,STL,K
61265,US,IL,MLI,A
60953,US,IL,ORD,H
61265,US,IL,MLI,A
60445,US,IL,ORD,B
62565,US,IL,STL,K
61548,US,IL,ORD,F
62650,US,IL,STL,G
60655,US,IL,ORD,B
62665,US,IL,STL,H
61342,US,IL,ORD,M
62259,US,IL,STL,K
61051,US,IL,ORD,M
61270,US,IL,ORD,M
60436,US,IL,ORD,B
60655,US,IL,ORD,B
61053,US,IL,ORD,M
62863,US,IL,EVV,E
62547,US,IL,STL,G
61552,US,IL,ORD,F
60053,US,IL,ORD,A
60448,US,IL,ORD,B
62546,US,IL,STL,F
60164,US,IL,ORD,A
61270,US,IL,MLI,D
60450,US,IL,ORD,M
60539,US,IL,ORD,B
61856,US,IL,ORD,J
60538,US,IL,ORD,B
61462,US,IL,MLI,D
60449,US,IL,ORD,G
60954,US,IL,ORD,G
61550,US,IL,ORD,F
60950,US,IL,ORD,G
62441,US,IL,STL,K
61341,US,IL,ORD,M
61554,US,IL,ORD,F
60426,US,IL,ORD,B
62257,US,IL,STL,E
62959,US,IL,STL,G
62061,US,IL,STL,C
60952,US,IL,ORD,H
60152,US,IL,ORD,C
62062,US,IL,STL,C
60442,US,IL,ORD,G
62958,US,IL,STL,K
61853,US,IL,ORD,J
62256,US,IL,STL,K
62060,US,IL,STL,B
62544,US,IL,STL,G
61455,US,IL,BRL,F
61054,US,IL,RFD,B
60152,US,IL,RFD,B
60085,US,IL,ORD,B
60411,US,IL,ORD,B
60161,US,IL,ORD,A
60160,US,IL,ORD,A
62063,US,IL,STL,E
60157,US,IL,ORD,A
62545,US,IL,STL,K
62640,US,IL,STL,E
60050,US,IL,ORD,P
62442,US,IL,STL,K
60050,US,IL,ORD,P
60951,US,IL,ORD,H
60525,US,IL,ORD,A
60444,US,IL,ORD,M
60153,US,IL,ORD,A
61938,US,IL,STL,G
60443,US,IL,ORD,B
62258,US,IL,STL,D
62224,US,IL,STL,D
60165,US,IL,ORD,A
62859,US,IL,STL,H
60178,US,IL,ORD,M
62363,US,IL,STL,K
62689,US,IL,STL,E
62467,US,IL,STL,G
60082,US,IL,ORD,A
62568,US,IL,STL,J
62568,US,IL,ORD,J
62089,US,IL,STL,E
61285,US,IL,MLI,E
62888,US,IL,STL,K
61285,US,IL,ORD,M
62642,US,IL,STL,K
62237,US,IL,STL,G
62223,US,IL,STL,C
62221,US,IL,STL,C
62220,US,IL,STL,C
61571,US,IL,ORD,F
60501,US,IL,ORD,B
61299,US,IL,MLI,A
61283,US,IL,ORD,M
61776,US,IL,ORD,I
60969,US,IL,ORD,G
60180,US,IL,ORD,P
61953,US,IL,ORD,J
62294,US,IL,STL,C
61569,US,IL,ORD,F
62293,US,IL,STL,D
61568,US,IL,ORD,F
62890,US,IL,STL,K
62571,US,IL,STL,K
61951,US,IL,STL,K
62570,US,IL,STL,F
62707,US,IL,STL,G
62707,US,IL,ORD,J
62468,US,IL,STL,K
60477,US,IL,ORD,B
61833,US,IL,ORD,H
62292,US,IL,STL,E
60476,US,IL,ORD,B
60010,US,IL,ORD,B
62766,US,IL,STL,F
62289,US,IL,STL,C
62777,US,IL,STL,F
62777,US,IL,ORD,J
62776,US,IL,STL,F
62776,US,IL,ORD,J
62769,US,IL,STL,F
62769,US,IL,ORD,J
62781,US,IL,STL,F
62767,US,IL,ORD,J
62786,US,IL,ORD,J
62766,US,IL,ORD,J
62765,US,IL,STL,F
62765,US,IL,ORD,J
62764,US,IL,STL,F
62764,US,IL,ORD,J
62763,US,IL,STL,F
62763,US,IL,ORD,J
62762,US,IL,STL,F
62767,US,IL,STL,F
62288,US,IL,STL,E
61951,US,IL,ORD,J
61364,US,IL,ORD,M
60107,US,IL,ORD,B
62567,US,IL,STL,J
60165,US,IL,ORD,A
60402,US,IL,ORD,A
62463,US,IL,STL,K
62781,US,IL,ORD,J
60475,US,IL,ORD,B
61373,US,IL,ORD,M
62088,US,IL,STL,D
62796,US,IL,STL,F
62796,US,IL,ORD,J
62794,US,IL,STL,F
62794,US,IL,ORD,J
62791,US,IL,STL,F
62791,US,IL,ORD,J
62786,US,IL,STL,F
61081,US,IL,ORD,M
62997,US,IL,STL,F
61801,US,IL,ORD,J
61088,US,IL,ORD,C
60190,US,IL,ORD,B
61957,US,IL,STL,G
62694,US,IL,STL,E
62093,US,IL,STL,D
60481,US,IL,ORD,I
60093,US,IL,ORD,B
60480,US,IL,ORD,A
62094,US,IL,STL,I
62693,US,IL,STL,G
62568,US,IL,STL,J
62568,US,IL,ORD,J
62897,US,IL,STL,G
62092,US,IL,STL,E
60090,US,IL,ORD,A
62479,US,IL,STL,K
60189,US,IL,ORD,A
60091,US,IL,ORD,A
60517,US,IL,ORD,B
60099,US,IL,ORD,B
62999,US,IL,STL,G
60560,US,IL,ORD,M
62481,US,IL,STL,K
62899,US,IL,STL,K
61379,US,IL,ORD,N
60482,US,IL,ORD,B
61088,US,IL,RFD,B
60098,US,IL,ORD,P
60559,US,IL,ORD,A
62898,US,IL,STL,G
60974,US,IL,ORD,H
61490,US,IL,MLI,D
62095,US,IL,STL,C
60191,US,IL,ORD,B
60097,US,IL,ORD,P
62626,US,IL,STL,E
62998,US,IL,STL,K
62097,US,IL,STL,C
60181,US,IL,ORD,B
62573,US,IL,STL,K
62573,US,IL,ORD,J
62894,US,IL,STL,G
61376,US,IL,ORD,M
62572,US,IL,STL,G
60083,US,IL,ORD,P
62690,US,IL,STL,E
60187,US,IL,ORD,A
60014,US,IL,ORD,B
62204,US,IL,STL,B
62995,US,IL,STL,K
60479,US,IL,ORD,M
60061,US,IL,ORD,A
62090,US,IL,STL,B
62471,US,IL,STL,F
61374,US,IL,ORD,M
62295,US,IL,STL,K
62761,US,IL,ORD,J
61486,US,IL,MLI,D
62692,US,IL,STL,E
62376,US,IL,STL,K
62565,US,IL,STL,K
60558,US,IL,ORD,A
62476,US,IL,STL,K
62896,US,IL,STL,G
60118,US,IL,ORD,B
60185,US,IL,ORD,B
60973,US,IL,ORD,H
60555,US,IL,ORD,B
60184,US,IL,ORD,B
61571,US,IL,ORD,F
60087,US,IL,ORD,B
60085,US,IL,ORD,B
60079,US,IL,ORD,B
60084,US,IL,ORD,B
60970,US,IL,ORD,H
60556,US,IL,ORD,M
62298,US,IL,STL,C
61883,US,IL,ORD,H
62895,US,IL,STL,K
62458,US,IL,STL,G
61361,US,IL,ORD,N
60411,US,IL,ORD,B
62201,US,IL,STL,B
60548,US,IL,ORD,M
62882,US,IL,STL,F
62677,US,IL,STL,K
62881,US,IL,STL,G
61074,US,IL,ORD,M
62281,US,IL,STL,G
60159,US,IL,ORD,A
60175,US,IL,ORD,B
60174,US,IL,ORD,B
60964,US,IL,ORD,G
62983,US,IL,STL,G
62685,US,IL,STL,D
62084,US,IL,STL,C
60073,US,IL,ORD,B
60073,US,IL,ORD,B
62282,US,IL,STL,G
62225,US,IL,STL,C
62762,US,IL,ORD,J
62568,US,IL,ORD,J
61078,US,IL,RFD,B
61078,US,IL,ORD,M
60550,US,IL,ORD,M
61077,US,IL,RFD,B
62884,US,IL,STL,H
61074,US,IL,MLI,E
62225,US,IL,STL,C
60963,US,IL,ORD,H
60176,US,IL,ORD,A
60196,US,IL,ORD,A
60195,US,IL,ORD,A
60194,US,IL,ORD,A
60193,US,IL,ORD,A
60192,US,IL,ORD,A
60173,US,IL,ORD,A
60168,US,IL,ORD,A
61360,US,IL,ORD,M
61104,US,IL,ORD,C
61108,US,IL,RFD,A
61108,US,IL,ORD,C
61107,US,IL,RFD,A
61107,US,IL,ORD,C
61106,US,IL,RFD,A
61106,US,IL,ORD,C
61105,US,IL,RFD,A
60073,US,IL,ORD,B
61104,US,IL,RFD,A
61110,US,IL,ORD,C
61103,US,IL,RFD,A
61103,US,IL,ORD,C
61102,US,IL,RFD,A
61102,US,IL,ORD,C
61101,US,IL,RFD,A
61101,US,IL,ORD,C
61109,US,IL,RFD,A
60150,US,IL,ORD,M
61105,US,IL,ORD,C
61072,US,IL,ORD,C
62565,US,IL,STL,K
60019,US,IL,ORD,A
60018,US,IL,ORD,A
60172,US,IL,ORD,A
61073,US,IL,RFD,B
61073,US,IL,ORD,C
62082,US,IL,STL,E
60441,US,IL,ORD,B
61109,US,IL,ORD,C
61072,US,IL,RFD,B
61109,US,IL,RFD,A
61126,US,IL,RFD,A
61126,US,IL,ORD,C
61125,US,IL,RFD,A
61125,US,IL,ORD,C
61112,US,IL,RFD,A
61112,US,IL,ORD,C
61110,US,IL,RFD,A
60073,US,IL,ORD,B
60008,US,IL,ORD,A
62711,US,IL,STL,F
62568,US,IL,STL,J
62716,US,IL,STL,F
62716,US,IL,ORD,J
62715,US,IL,STL,F
62715,US,IL,ORD,J
62713,US,IL,STL,F
62713,US,IL,ORD,J
62719,US,IL,STL,F
62712,US,IL,ORD,J
62721,US,IL,ORD,J
62711,US,IL,ORD,J
62708,US,IL,STL,F
62708,US,IL,ORD,J
62707,US,IL,STL,G
62707,US,IL,ORD,J
62706,US,IL,STL,F
62706,US,IL,ORD,J
62705,US,IL,STL,F
62712,US,IL,STL,F
62736,US,IL,STL,F
62081,US,IL,STL,G
62757,US,IL,STL,F
62757,US,IL,ORD,J
62756,US,IL,STL,F
62756,US,IL,ORD,J
62746,US,IL,STL,F
62746,US,IL,ORD,J
62719,US,IL,ORD,J
62739,US,IL,ORD,J
62704,US,IL,ORD,J
62736,US,IL,ORD,J
62726,US,IL,STL,F
62726,US,IL,ORD,J
62723,US,IL,STL,F
62723,US,IL,ORD,J
62722,US,IL,STL,F
62722,US,IL,ORD,J
62721,US,IL,STL,F
62739,US,IL,STL,F
62558,US,IL,STL,F
60552,US,IL,ORD,M
62285,US,IL,STL,C
60118,US,IL,ORD,B
60077,US,IL,ORD,A
60076,US,IL,ORD,A
62650,US,IL,STL,G
62886,US,IL,STL,K
62705,US,IL,ORD,J
62462,US,IL,STL,G
61080,US,IL,ORD,C
62461,US,IL,STL,K
60436,US,IL,ORD,B
60435,US,IL,ORD,B
60431,US,IL,ORD,B
62685,US,IL,STL,D
62269,US,IL,STL,C
60551,US,IL,ORD,M
60966,US,IL,ORD,H
61282,US,IL,MLI,A
62286,US,IL,STL,E
62761,US,IL,STL,F
62703,US,IL,STL,G
62703,US,IL,ORD,J
62702,US,IL,STL,F
62702,US,IL,ORD,J
62701,US,IL,STL,F
62701,US,IL,ORD,J
61362,US,IL,ORD,M
62086,US,IL,STL,I
62561,US,IL,STL,G
60010,US,IL,ORD,B
62703,US,IL,STL,G
62703,US,IL,ORD,J
62087,US,IL,STL,C
60473,US,IL,ORD,B
60177,US,IL,ORD,B
60411,US,IL,ORD,B
61080,US,IL,RFD,B
62704,US,IL,STL,G
60081,US,IL,ORD,P
60037,US,IL,ORD,A
61252,US,IL,MLI,C
61032,US,IL,RFD,B
61032,US,IL,ORD,C
62243,US,IL,STL,C
60131,US,IL,ORD,A
61031,US,IL,ORD,M
60423,US,IL,ORD,B
60010,US,IL,ORD,B
60021,US,IL,ORD,P
62031,US,IL,STL,K
62338,US,IL,STL,K
62935,US,IL,STL,K
62535,US,IL,STL,K
62535,US,IL,ORD,J
61030,US,IL,ORD,M
61741,US,IL,ORD,H
60130,US,IL,ORD,A
60411,US,IL,ORD,B
60422,US,IL,ORD,B
62839,US,IL,STL,K
61843,US,IL,ORD,J
62024,US,IL,STL,C
60020,US,IL,ORD,P
60134,US,IL,ORD,B
60138,US,IL,ORD,A
60137,US,IL,ORD,A
62034,US,IL,STL,C
61533,US,IL,ORD,F
61437,US,IL,BRL,C
62640,US,IL,STL,E
60938,US,IL,ORD,H
62033,US,IL,STL,E
60136,US,IL,ORD,P
60936,US,IL,ORD,J
61252,US,IL,ORD,M
61846,US,IL,ORD,H
60030,US,IL,ORD,B
61254,US,IL,MLI,C
62842,US,IL,STL,K
60424,US,IL,ORD,I
61434,US,IL,ORD,N
61434,US,IL,MLI,F
61037,US,IL,ORD,M
61402,US,IL,MLI,D
61401,US,IL,MLI,D
61036,US,IL,MLI,F
62258,US,IL,STL,D
62245,US,IL,STL,E
62207,US,IL,STL,B
60123,US,IL,ORD,B
60121,US,IL,ORD,B
60120,US,IL,ORD,B
62930,US,IL,STL,H
61738,US,IL,ORD,J
62401,US,IL,STL,G
62026,US,IL,STL,C
62025,US,IL,STL,C
61528,US,IL,ORD,F
62032,US,IL,STL,K
62426,US,IL,STL,G
62634,US,IL,ORD,J
62206,US,IL,STL,B
62205,US,IL,STL,B
62204,US,IL,STL,B
62203,US,IL,STL,B
62202,US,IL,STL,B
62201,US,IL,STL,B
61244,US,IL,MLI,A
60118,US,IL,ORD,B
61025,US,IL,MLI,F
60041,US,IL,ORD,P
62531,US,IL,STL,G
60203,US,IL,ORD,A
62677,US,IL,STL,K
62533,US,IL,STL,G
61842,US,IL,ORD,J
62838,US,IL,STL,K
62613,US,IL,STL,G
62208,US,IL,STL,C
62837,US,IL,STL,K
61739,US,IL,ORD,I
62242,US,IL,STL,E
61338,US,IL,ORD,M
60007,US,IL,ORD,A
60204,US,IL,ORD,A
60009,US,IL,ORD,A
60202,US,IL,ORD,A
60201,US,IL,ORD,A
61530,US,IL,ORD,F
61250,US,IL,ORD,M
62626,US,IL,STL,E
62933,US,IL,STL,K
60421,US,IL,ORD,G
62028,US,IL,STL,C
60126,US,IL,ORD,A
60025,US,IL,ORD,A
60208,US,IL,ORD,A
60040,US,IL,ORD,A
62571,US,IL,STL,K
60527,US,IL,ORD,B
60522,US,IL,ORD,A
60521,US,IL,ORD,A
60141,US,IL,ORD,A
60520,US,IL,ORD,M
60163,US,IL,ORD,A
60162,US,IL,ORD,A
61257,US,IL,ORD,N
60022,US,IL,ORD,A
62049,US,IL,STL,E
60173,US,IL,ORD,A
60037,US,IL,ORD,A
60035,US,IL,ORD,A
62249,US,IL,STL,D
60457,US,IL,ORD,B
62568,US,IL,STL,J
62568,US,IL,ORD,J
62649,US,IL,STL,G
62549,US,IL,STL,K
62549,US,IL,ORD,J
60941,US,IL,ORD,G
61257,US,IL,MLI,D
62642,US,IL,STL,K
60525,US,IL,ORD,A
60525,US,IL,ORD,A
60525,US,IL,ORD,A
60061,US,IL,ORD,A
62846,US,IL,STL,K
62539,US,IL,STL,K
62539,US,IL,ORD,J
61259,US,IL,MLI,C
62949,US,IL,STL,G
60142,US,IL,ORD,P
60525,US,IL,ORD,A
62252,US,IL,STL,G
62250,US,IL,STL,G
62803,US,IL,STL,G
61258,US,IL,ORD,N
60942,US,IL,ORD,H
60430,US,IL,ORD,B
60456,US,IL,ORD,B
60196,US,IL,ORD,A
60195,US,IL,ORD,A
60194,US,IL,ORD,A
60192,US,IL,ORD,A
62565,US,IL,STL,K
62343,US,IL,STL,J
62702,US,IL,STL,F
62948,US,IL,STL,F
62340,US,IL,STL,K
62246,US,IL,STL,E
62642,US,IL,STL,K
62428,US,IL,STL,K
62044,US,IL,STL,E
61241,US,IL,ORD,N
61241,US,IL,MLI,B
60088,US,IL,ORD,B
60030,US,IL,ORD,B
60031,US,IL,ORD,B
62040,US,IL,STL,B
62046,US,IL,STL,C
62702,US,IL,ORD,J
62942,US,IL,STL,K
62037,US,IL,STL,C
62939,US,IL,STL,K
60029,US,IL,ORD,A
62035,US,IL,STL,C
60425,US,IL,ORD,B
60026,US,IL,ORD,A
60026,US,IL,ORD,A
60518,US,IL,ORD,M
60940,US,IL,ORD,G
60426,US,IL,ORD,B
60139,US,IL,ORD,A
61848,US,IL,ORD,H
61327,US,IL,ORD,N
61439,US,IL,MLI,D
62573,US,IL,STL,K
62573,US,IL,ORD,J
62248,US,IL,STL,D
60034,US,IL,ORD,P
62428,US,IL,STL,K
60429,US,IL,ORD,B
61535,US,IL,ORD,F
60656,US,IL,ORD,A
62431,US,IL,STL,F
60033,US,IL,ORD,P
62048,US,IL,STL,C
62946,US,IL,STL,K
62047,US,IL,STL,K
62935,US,IL,STL,K
60103,US,IL,ORD,B
61041,US,IL,ORD,N
61536,US,IL,ORD,F
61256,US,IL,MLI,B
62341,US,IL,BRL,E
60047,US,IL,ORD,A
60639,US,IL,ORD,A
60653,US,IL,ORD,A
60652,US,IL,ORD,B
60651,US,IL,ORD,A
60649,US,IL,ORD,B
60647,US,IL,ORD,A
60646,US,IL,ORD,A
60645,US,IL,ORD,A
60644,US,IL,ORD,A
60643,US,IL,ORD,B
60626,US,IL,ORD,A
60640,US,IL,ORD,A
60656,US,IL,ORD,A
60638,US,IL,ORD,B
60637,US,IL,ORD,B
60636,US,IL,ORD,B
60634,US,IL,ORD,A
60633,US,IL,ORD,B
60632,US,IL,ORD,A
60631,US,IL,ORD,A
60630,US,IL,ORD,A
60629,US,IL,ORD,B
62240,US,IL,STL,B
60641,US,IL,ORD,A
60673,US,IL,ORD,A
60694,US,IL,ORD,A
60693,US,IL,ORD,A
60691,US,IL,ORD,A
60690,US,IL,ORD,A
60687,US,IL,ORD,A
60685,US,IL,ORD,A
60684,US,IL,ORD,A
60681,US,IL,ORD,A
60680,US,IL,ORD,A
60679,US,IL,ORD,A
60654,US,IL,ORD,A
60675,US,IL,ORD,A
60655,US,IL,ORD,B
60670,US,IL,ORD,A
60669,US,IL,ORD,A
60668,US,IL,ORD,A
60666,US,IL,ORD,A
60664,US,IL,ORD,A
60663,US,IL,ORD,A
60660,US,IL,ORD,A
60659,US,IL,ORD,A
60657,US,IL,ORD,A
60625,US,IL,ORD,A
60678,US,IL,ORD,A
61818,US,IL,ORD,J
62233,US,IL,STL,E
61016,US,IL,ORD,C
61726,US,IL,ORD,I
60922,US,IL,ORD,H
60921,US,IL,ORD,H
62629,US,IL,STL,F
61920,US,IL,STL,K
60410,US,IL,ORD,B
61821,US,IL,ORD,J
60628,US,IL,ORD,B
61014,US,IL,ORD,M
60602,US,IL,ORD,A
62801,US,IL,STL,F
61817,US,IL,ORD,H
62232,US,IL,STL,B
62420,US,IL,STL,K
60013,US,IL,ORD,B
62321,US,IL,BRL,F
62918,US,IL,STL,F
62016,US,IL,STL,F
60110,US,IL,ORD,B
60188,US,IL,ORD,B
61820,US,IL,ORD,J
60612,US,IL,ORD,A
60624,US,IL,ORD,A
60623,US,IL,ORD,A
60622,US,IL,ORD,A
60621,US,IL,ORD,A
60620,US,IL,ORD,B
60619,US,IL,ORD,B
60618,US,IL,ORD,A
60617,US,IL,ORD,B
60616,US,IL,ORD,A
60615,US,IL,ORD,A
60666,US,IL,ORD,A
60613,US,IL,ORD,A
60601,US,IL,ORD,A
60611,US,IL,ORD,A
60610,US,IL,ORD,A
60609,US,IL,ORD,A
60608,US,IL,ORD,A
60607,US,IL,ORD,A
60606,US,IL,ORD,A
60605,US,IL,ORD,A
60604,US,IL,ORD,A
60603,US,IL,ORD,A
60701,US,IL,ORD,A
60614,US,IL,ORD,A
62526,US,IL,ORD,J
62530,US,IL,STL,F
62424,US,IL,STL,K
62363,US,IL,STL,K
60019,US,IL,ORD,A
60018,US,IL,ORD,A
60017,US,IL,ORD,A
60016,US,IL,ORD,A
60015,US,IL,ORD,A
60010,US,IL,ORD,B
60697,US,IL,ORD,A
62526,US,IL,STL,K
61021,US,IL,ORD,M
62525,US,IL,STL,K
62525,US,IL,ORD,J
62524,US,IL,STL,K
62524,US,IL,ORD,J
62523,US,IL,STL,K
62523,US,IL,ORD,J
62522,US,IL,STL,K
62522,US,IL,ORD,J
62521,US,IL,STL,K
62521,US,IL,ORD,J
61243,US,IL,ORD,M
60515,US,IL,ORD,A
62023,US,IL,STL,G
60420,US,IL,ORD,I
62565,US,IL,STL,K
62239,US,IL,STL,B
61525,US,IL,ORD,F
62557,US,IL,STL,K
60118,US,IL,ORD,B
62832,US,IL,STL,G
62831,US,IL,STL,G
60064,US,IL,ORD,B
62830,US,IL,STL,G
60516,US,IL,ORD,A
60426,US,IL,ORD,B
62927,US,IL,STL,G
62022,US,IL,STL,G
62021,US,IL,STL,G
62033,US,IL,STL,E
60931,US,IL,ORD,H
62019,US,IL,STL,K
62926,US,IL,STL,H
60419,US,IL,ORD,B
62571,US,IL,STL,K
62520,US,IL,STL,K
60517,US,IL,ORD,B
62824,US,IL,STL,K
62924,US,IL,STL,G
62234,US,IL,STL,C
62017,US,IL,STL,I
62920,US,IL,STL,K
62325,US,IL,STL,G
61240,US,IL,MLI,A
60416,US,IL,ORD,M
61727,US,IL,ORD,J
60927,US,IL,ORD,H
61241,US,IL,ORD,N
61241,US,IL,ORD,N
60926,US,IL,ORD,H
62236,US,IL,STL,C
62556,US,IL,STL,K
62565,US,IL,STL,K
60514,US,IL,ORD,A
60924,US,IL,ORD,H
62823,US,IL,STL,K
62530,US,IL,STL,F
62822,US,IL,STL,G
60415,US,IL,ORD,B
60411,US,IL,ORD,B
62621,US,IL,STL,K
61241,US,IL,MLI,B
60445,US,IL,ORD,B
60699,US,IL,ORD,A
61833,US,IL,ORD,H
61832,US,IL,ORD,H
60930,US,IL,ORD,H
62330,US,IL,BRL,D
62828,US,IL,STL,K
62238,US,IL,STL,E
60481,US,IL,ORD,I
62670,US,IL,STL,F
60014,US,IL,ORD,B
61241,US,IL,MLI,B
60417,US,IL,ORD,G
60115,US,IL,ORD,M
60113,US,IL,ORD,M
60928,US,IL,ORD,H
62422,US,IL,STL,K
60525,US,IL,ORD,A
60478,US,IL,ORD,B
62237,US,IL,STL,G
62018,US,IL,STL,C
61242,US,IL,MLI,C
61318,US,IL,ORD,M
62626,US,IL,STL,E
60012,US,IL,ORD,B
62650,US,IL,STL,G
60042,US,IL,ORD,P
60143,US,IL,ORD,A
62848,US,IL,STL,G
62651,US,IL,STL,F
62568,US,IL,ORD,J
62568,US,IL,STL,J
60945,US,IL,ORD,H
60209,US,IL,ORD,A
62051,US,IL,STL,I
62849,US,IL,STL,K
61465,US,IL,ORD,W
61490,US,IL,ORD,W
61345,US,IL,ORD,W
62670,US,IL,ORD,W
62671,US,IL,ORD,W
61466,US,IL,ORD,W
61412,US,IL,ORD,W
62548,US,IL,ORD,W
62563,US,IL,ORD,W
62547,US,IL,ORD,W
61462,US,IL,ORD,W
61491,US,IL,ORD,W
61421,US,IL,ORD,W
61940,US,IL,ORD,W
61335,US,IL,ORD,W
62673,US,IL,ORD,W
61340,US,IL,ORD,W
61276,US,IL,ORD,W
61458,US,IL,ORD,W
61319,US,IL,ORD,W
61263,US,IL,ORD,W
61311,US,IL,ORD,W
61368,US,IL,ORD,W
62664,US,IL,ORD,W
61284,US,IL,ORD,W
60967,US,IL,ORD,W
61876,US,IL,ORD,W
61412,US,IL,ORD,W
61231,US,IL,ORD,W
61769,US,IL,ORD,W
61563,US,IL,ORD,W
61358,US,IL,ORD,W
62677,US,IL,ORD,W
61949,US,IL,ORD,W
60460,US,IL,ORD,W
61278,US,IL,ORD,W
60470,US,IL,ORD,W
61560,US,IL,ORD,W
62633,US,IL,ORD,W
61337,US,IL,ORD,W
62558,US,IL,ORD,W
61944,US,IL,ORD,W
60956,US,IL,ORD,W
61421,US,IL,ORD,W
61467,US,IL,ORD,W
61279,US,IL,ORD,W
61428,US,IL,ORD,W
61543,US,IL,ORD,W
61377,US,IL,ORD,W
61532,US,IL,ORD,W
61740,US,IL,ORD,W
61432,US,IL,ORD,W
61769,US,IL,ORD,W
61483,US,IL,ORD,W
62531,US,IL,ORD,W
62633,US,IL,ORD,W
61436,US,IL,ORD,W
61321,US,IL,ORD,W
62536,US,IL,ORD,W
60929,US,IL,ORD,W
62519,US,IL,ORD,W
61319,US,IL,ORD,W
61924,US,IL,ORD,W
62518,US,IL,ORD,W
61426,US,IL,ORD,W
61424,US,IL,ORD,W
61567,US,IL,ORD,W
62565,US,IL,ORD,X
61281,US,IL,ORD,W
62401,US,IL,ORD,W
61749,US,IL,ORD,W
61333,US,IL,ORD,W
61421,US,IL,ORD,W
62856,US,IL,ORD,W
62661,US,IL,ORD,W
61423,US,IL,ORD,W
61542,US,IL,ORD,W
61377,US,IL,ORD,W
62515,US,IL,ORD,W
62541,US,IL,ORD,W
61928,US,IL,ORD,W
62655,US,IL,ORD,W
61336,US,IL,ORD,W
60946,US,IL,ORD,W
61933,US,IL,ORD,W
61259,US,IL,ORD,W
61932,US,IL,ORD,W
61931,US,IL,ORD,W
61745,US,IL,ORD,W
61537,US,IL,ORD,W
61744,US,IL,ORD,W
61743,US,IL,ORD,W
61325,US,IL,ORD,W
61449,US,IL,ORD,W
62447,US,IL,ORD,X
61476,US,IL,ORD,X
61474,US,IL,ORD,X
60961,US,IL,ORD,X
61544,US,IL,ORD,X
62557,US,IL,ORD,X
61462,US,IL,ORD,X
62441,US,IL,ORD,X
62567,US,IL,ORD,X
62449,US,IL,ORD,X
62441,US,IL,ORD,X
61272,US,IL,ORD,X
62558,US,IL,ORD,X
62550,US,IL,ORD,X
62445,US,IL,ORD,X
62444,US,IL,ORD,X
62557,US,IL,ORD,X
62442,US,IL,ORD,X
61544,US,IL,ORD,X
62058,US,IL,ORD,X
61453,US,IL,ORD,X
61542,US,IL,ORD,X
62448,US,IL,ORD,X
62570,US,IL,ORD,X
61262,US,IL,ORD,V
61237,US,IL,ORD,W
62534,US,IL,ORD,X
62445,US,IL,ORD,X
62565,US,IL,ORD,X
62692,US,IL,ORD,X
61955,US,IL,ORD,X
62428,US,IL,ORD,X
62447,US,IL,ORD,X
62565,US,IL,ORD,X
62571,US,IL,ORD,X
62461,US,IL,ORD,X
62468,US,IL,ORD,X
62467,US,IL,ORD,X
62688,US,IL,ORD,X
61231,US,IL,ORD,X
62465,US,IL,ORD,X
62567,US,IL,ORD,X
62463,US,IL,ORD,X
60919,US,IL,ORD,X
62462,US,IL,ORD,X
61447,US,IL,ORD,X
62469,US,IL,ORD,X
60917,US,IL,ORD,X
62440,US,IL,ORD,X
61436,US,IL,ORD,X
62422,US,IL,ORD,X
62442,US,IL,ORD,X
62441,US,IL,ORD,X
62565,US,IL,ORD,X
62441,US,IL,ORD,X
62420,US,IL,ORD,X
60920,US,IL,ORD,X
61840,US,IL,ORD,X
62517,US,IL,ORD,X
62428,US,IL,ORD,X
62858,US,IL,ORD,X
62414,US,IL,ORD,X
61491,US,IL,ORD,W
61957,US,IL,ORD,W
62474,US,IL,ORD,W
61483,US,IL,ORD,W
61231,US,IL,ORD,W
61486,US,IL,ORD,W
61485,US,IL,ORD,W
61372,US,IL,ORD,W
60919,US,IL,ORD,X
62428,US,IL,ORD,X
61483,US,IL,ORD,W
61442,US,IL,ORD,X
61260,US,IL,ORD,X
62436,US,IL,ORD,X
62435,US,IL,ORD,X
60944,US,IL,ORD,X
61458,US,IL,ORD,X
62465,US,IL,ORD,X
62565,US,IL,ORD,X
62423,US,IL,ORD,X
61231,US,IL,ORD,X
61462,US,IL,ORD,X
61944,US,IL,ORD,X
62534,US,IL,ORD,X
61433,US,IL,ORD,X
62444,US,IL,ORD,X
60934,US,IL,ORD,X
61272,US,IL,ORD,X
61453,US,IL,ORD,X
62401,US,IL,ORD,X
62557,US,IL,ORD,X
62530,US,IL,ORD,X
62644,US,IL,ORD,X
61884,US,IL,ORD,U
61722,US,IL,ORD,V
61872,US,IL,ORD,U
61873,US,IL,ORD,U
61772,US,IL,ORD,U
61877,US,IL,ORD,U
61564,US,IL,ORD,U
61611,US,IL,ORD,U
61562,US,IL,ORD,U
61880,US,IL,ORD,U
61745,US,IL,ORD,U
61413,US,IL,ORD,V
61720,US,IL,ORD,V
61232,US,IL,ORD,V
61233,US,IL,ORD,V
61428,US,IL,ORD,V
62501,US,IL,ORD,V
60968,US,IL,ORD,V
61878,US,IL,ORD,U
61758,US,IL,ORD,U
61844,US,IL,ORD,U
61847,US,IL,ORD,U
61742,US,IL,ORD,U
61849,US,IL,ORD,U
62855,US,IL,ORD,U
61755,US,IL,ORD,U
60949,US,IL,ORD,U
61871,US,IL,ORD,U
61938,US,IL,ORD,U
62613,US,IL,ORD,V
61857,US,IL,ORD,U
61523,US,IL,ORD,U
61858,US,IL,ORD,U
61859,US,IL,ORD,U
62554,US,IL,ORD,U
61862,US,IL,ORD,U
61864,US,IL,ORD,U
61854,US,IL,ORD,U
61731,US,IL,ORD,V
61721,US,IL,ORD,V
62625,US,IL,ORD,V
61239,US,IL,ORD,V
61545,US,IL,ORD,V
62629,US,IL,ORD,V
61317,US,IL,ORD,V
61240,US,IL,ORD,V
61238,US,IL,ORD,V
61730,US,IL,ORD,V
61919,US,IL,ORD,V
62670,US,IL,ORD,V
61925,US,IL,ORD,V
61320,US,IL,ORD,V
62520,US,IL,ORD,V
61839,US,IL,ORD,V
61734,US,IL,ORD,V
61322,US,IL,ORD,V
61729,US,IL,ORD,V
62514,US,IL,ORD,V
61723,US,IL,ORD,V
61913,US,IL,ORD,V
51520,US,IL,ORD,V
62684,US,IL,ORD,V
61236,US,IL,ORD,V
62512,US,IL,ORD,V
61724,US,IL,ORD,V
61520,US,IL,ORD,V
62563,US,IL,ORD,V
61736,US,IL,ORD,U
62563,US,IL,ORD,V
61520,US,IL,ORD,V
61520,US,IL,ORD,V
62563,US,IL,ORD,V
62515,US,IL,ORD,V
62515,US,IL,ORD,V
61315,US,IL,ORD,V
61516,US,IL,ORD,V
62956,US,IL,STL,F
62532,US,IL,ORD,U
62976,US,IL,STL,F
62963,US,IL,STL,F
62970,US,IL,STL,F
62956,US,IL,STL,F
62992,US,IL,STL,F
62976,US,IL,STL,F
62956,US,IL,STL,F
62970,US,IL,STL,F
62970,US,IL,STL,F
62444,US,IL,STL,G
62969,US,IL,STL,G
62893,US,IL,STL,G
62988,US,IL,STL,G
62964,US,IL,STL,G
62054,US,IL,STL,G
62444,US,IL,STL,G
62963,US,IL,STL,F
60403,US,IL,ORD,C
60290,US,IL,ORD,B
60446,US,IL,ORD,B
60491,US,IL,ORD,B
60586,US,IL,ORD,C
60404,US,IL,ORD,C
60585,US,IL,ORD,C
60404,US,IL,ORD,C
62992,US,IL,STL,F
61427,US,IL,ORD,C
62988,US,IL,STL,G
60491,US,IL,ORD,C
62438,US,IL,ORD,C
62534,US,IL,STL,E
62534,US,IL,STL,E
62992,US,IL,STL,F
62976,US,IL,STL,F
62963,US,IL,STL,F
60403,US,IL,ORD,C
61920,US,IL,ORD,U
61604,US,IL,ORD,S
61547,US,IL,ORD,T
61555,US,IL,ORD,T
61874,US,IL,ORD,T
61875,US,IL,ORD,T
61810,US,IL,ORD,U
61517,US,IL,ORD,U
62969,US,IL,STL,G
61725,US,IL,ORD,U
61607,US,IL,ORD,S
61523,US,IL,ORD,U
61831,US,IL,ORD,U
61704,US,IL,ORD,U
61529,US,IL,ORD,U
61732,US,IL,ORD,U
61733,US,IL,ORD,U
60932,US,IL,ORD,V
61816,US,IL,ORD,U
61615,US,IL,ORD,S
61526,US,IL,ORD,U
62964,US,IL,STL,G
62054,US,IL,STL,G
62444,US,IL,STL,G
62969,US,IL,STL,G
62893,US,IL,STL,G
62988,US,IL,STL,G
61616,US,IL,ORD,S
62054,US,IL,STL,G
61602,US,IL,ORD,S
61607,US,IL,ORD,S
61611,US,IL,ORD,S
61604,US,IL,ORD,S
61815,US,IL,ORD,S
61610,US,IL,ORD,S
61611,US,IL,ORD,S
61604,US,IL,ORD,S
62893,US,IL,STL,G
62964,US,IL,STL,G
61775,US,IL,ORD,V
61369,US,IL,ORD,V
61773,US,IL,ORD,V
61282,US,IL,ORD,V
61565,US,IL,ORD,V
62561,US,IL,ORD,V
61479,US,IL,ORD,V
62700,US,IL,ORD,V
62684,US,IL,ORD,V
61774,US,IL,ORD,V
61771,US,IL,ORD,V
61273,US,IL,ORD,V
61728,US,IL,ORD,V
62642,US,IL,ORD,V
62675,US,IL,ORD,V
61369,US,IL,ORD,V
61370,US,IL,ORD,V
61238,US,IL,ORD,V
61363,US,IL,ORD,V
62454,US,IL,ORD,V
61735,US,IL,ORD,V
62675,US,IL,ORD,V
61929,US,IL,ORD,V
61559,US,IL,ORD,V
61920,US,IL,ORD,V
61870,US,IL,ORD,V
61472,US,IL,ORD,V
61281,US,IL,ORD,V
61561,US,IL,ORD,V
61956,US,IL,ORD,V
62563,US,IL,ORD,V
61201,US,IL,ORD,V
61722,US,IL,ORD,V
62677,US,IL,ORD,V
62682,US,IL,ORD,V
61770,US,IL,ORD,V
61359,US,IL,ORD,V
62561,US,IL,ORD,V
61419,US,IL,ORD,W
61912,US,IL,ORD,W
62675,US,IL,ORD,W
62615,US,IL,ORD,W
62670,US,IL,ORD,W
62670,US,IL,ORD,W
61417,US,IL,ORD,W
61914,US,IL,ORD,W
61375,US,IL,ORD,V
61532,US,IL,ORD,W
61412,US,IL,ORD,W
61313,US,IL,ORD,W
62513,US,IL,ORD,W
61281,US,IL,ORD,W
62545,US,IL,ORD,W
62468,US,IL,ORD,W
61421,US,IL,ORD,W
61917,US,IL,ORD,W
62633,US,IL,ORD,W
61489,US,IL,ORD,V
61274,US,IL,ORD,V
61777,US,IL,ORD,V
61273,US,IL,ORD,V
61570,US,IL,ORD,V
61488,US,IL,ORD,V
61778,US,IL,ORD,V
61882,US,IL,ORD,V
61311,US,IL,ORD,W
61570,US,IL,ORD,V
61414,US,IL,ORD,W
62693,US,IL,ORD,V
62237,US,IL,ORD,V
61760,US,IL,ORD,V
61490,US,IL,ORD,V
61572,US,IL,ORD,V
61410,US,IL,ORD,W
61231,US,IL,ORD,W
61370,US,IL,ORD,V
61377,US,IL,ORD,V
61736,US,IL,ORD,V
61863,US,IL,ORD,V
61534,US,IL,ORD,V
62642,US,IL,ORD,V
61929,US,IL,ORD,V
61256,US,IL,ORD,V
62537,US,IL,ORD,V
62643,US,IL,ORD,V
60939,US,IL,ORD,V
61930,US,IL,ORD,V
61724,US,IL,ORD,V
61747,US,IL,ORD,V
61565,US,IL,ORD,V
61748,US,IL,ORD,V
61850,US,IL,ORD,V
61851,US,IL,ORD,V
61448,US,IL,ORD,V
61936,US,IL,ORD,V
61439,US,IL,ORD,V
62613,US,IL,ORD,V
61519,US,IL,ORD,W
61244,US,IL,ORD,V
60933,US,IL,ORD,V
61737,US,IL,ORD,V
61451,US,IL,ORD,V
61529,US,IL,ORD,V
62635,US,IL,ORD,V
61326,US,IL,ORD,V
61841,US,IL,ORD,V
61937,US,IL,ORD,V
62677,US,IL,ORD,V
61531,US,IL,ORD,V
61845,US,IL,ORD,V
61754,US,IL,ORD,V
61401,US,IL,ORD,V
61913,US,IL,ORD,V
61254,US,IL,ORD,V
61377,US,IL,ORD,V
61941,US,IL,ORD,V
61531,US,IL,ORD,V
62666,US,IL,ORD,V
61264,US,IL,ORD,V
61855,US,IL,ORD,V
61760,US,IL,ORD,V
61265,US,IL,ORD,V
61559,US,IL,ORD,V
61541,US,IL,ORD,V
61334,US,IL,ORD,V
62664,US,IL,ORD,V
62670,US,IL,ORD,V
62551,US,IL,ORD,V
61553,US,IL,ORD,V
61943,US,IL,ORD,V
62501,US,IL,ORD,V
61468,US,IL,ORD,V
61273,US,IL,ORD,V
61520,US,IL,ORD,V
61334,US,IL,ORD,V
61430,US,IL,ORD,V
61750,US,IL,ORD,V
62543,US,IL,ORD,V
61451,US,IL,ORD,V
61526,US,IL,ORD,V
61751,US,IL,ORD,V
61752,US,IL,ORD,V
62545,US,IL,ORD,V
61852,US,IL,ORD,V
61754,US,IL,ORD,V
61937,US,IL,ORD,V
61370,US,IL,ORD,V
61545,US,IL,ORD,V
61755,US,IL,ORD,V
62544,US,IL,ORD,V
61546,US,IL,ORD,V
61756,US,IL,ORD,V
61540,US,IL,ORD,V
61332,US,IL,ORD,V
61830,US,IL,ORD,V
62320,US,IL,STL,G
60901,US,IL,ORD,O
60915,US,IL,ORD,O
60561,US,IL,ORD,D
60468,US,IL,ORD,O
60914,US,IL,ORD,O
47359,US,IN,FWA,E
47326,US,IN,FWA,E
46845,US,IN,FWA,A
46987,US,IN,FWA,X
46845,US,IN,FWA,A
46835,US,IN,FWA,A
46933,US,IN,FWA,X
46938,US,IN,FWA,X
46989,US,IN,FWA,X
47336,US,IN,FWA,E
46930,US,IN,FWA,X
47340,US,IN,FWA,X
47359,US,IN,FWA,E
46958,US,IN,FWA,X
46959,US,IN,FWA,X
47348,US,IN,FWA,X
46730,US,IN,FWA,X
46928,US,IN,FWA,X
46957,US,IN,FWA,X
46953,US,IN,FWA,X
46952,US,IN,FWA,X
47359,US,IN,FWA,E
47336,US,IN,FWA,E
47348,US,IN,FWA,X
47348,US,IN,FWA,X
47340,US,IN,FWA,X
47340,US,IN,FWA,X
47348,US,IN,FWA,X
47348,US,IN,FWA,X
47326,US,IN,FWA,E
46986,US,IN,FWA,X
47326,US,IN,FWA,E
47326,US,IN,FWA,E
47348,US,IN,FWA,X
46991,US,IN,FWA,E
46971,US,IN,FWA,X
46725,US,IN,FWA,B
46732,US,IN,FWA,E
46733,US,IN,FWA,B
46725,US,IN,FWA,B
46733,US,IN,FWA,B
46725,US,IN,FWA,B
46725,US,IN,FWA,B
46725,US,IN,FWA,B
46730,US,IN,FWA,X
46725,US,IN,FWA,B
46986,US,IN,FWA,X
46725,US,IN,FWA,B
46725,US,IN,FWA,B
46725,US,IN,FWA,B
46742,US,IN,FWA,E
46730,US,IN,FWA,X
46738,US,IN,FWA,B
46742,US,IN,FWA,E
46725,US,IN,FWA,B
46941,US,IN,FWA,X
46921,US,IN,FWA,X
46919,US,IN,FWA,X
46914,US,IN,FWA,X
47369,US,IN,FWA,X
47371,US,IN,FWA,E
46897,US,IN,FWA,A
47371,US,IN,FWA,E
46795,US,IN,FWA,E
47371,US,IN,FWA,E
47369,US,IN,FWA,X
46911,US,IN,FWA,X
46725,US,IN,FWA,B
46725,US,IN,FWA,B
46733,US,IN,FWA,B
46733,US,IN,FWA,B
46732,US,IN,FWA,E
46732,US,IN,FWA,E
47371,US,IN,FWA,E
46816,US,IN,FWA,A
46792,US,IN,FWA,D
46819,US,IN,FWA,A
46819,US,IN,FWA,A
46819,US,IN,FWA,A
46816,US,IN,FWA,A
46816,US,IN,FWA,A
46808,US,IN,FWA,A
46816,US,IN,FWA,A
46804,US,IN,FWA,A
46815,US,IN,FWA,A
46814,US,IN,FWA,A
46571,US,IN,FWA,E
46809,US,IN,FWA,A
47371,US,IN,FWA,E
46809,US,IN,FWA,A
47380,US,IN,FWA,X
46807,US,IN,FWA,A
46806,US,IN,FWA,A
47371,US,IN,FWA,E
47371,US,IN,FWA,E
47371,US,IN,FWA,E
46806,US,IN,FWA,A
47371,US,IN,FWA,E
47371,US,IN,FWA,E
46806,US,IN,FWA,A
47371,US,IN,FWA,E
47371,US,IN,FWA,E
46742,US,IN,FWA,E
46825,US,IN,FWA,A
47371,US,IN,FWA,E
46805,US,IN,FWA,A
47371,US,IN,FWA,E
47371,US,IN,FWA,E
47380,US,IN,FWA,X
46816,US,IN,FWA,A
47371,US,IN,FWA,E
46797,US,IN,FWA,B
47394,US,IN,FWA,X
46738,US,IN,FWA,B
46701,US,IN,FWA,C
47394,US,IN,FWA,X
47394,US,IN,FWA,X
46795,US,IN,FWA,E
46808,US,IN,FWA,A
46797,US,IN,FWA,B
47381,US,IN,FWA,E
47380,US,IN,FWA,X
47394,US,IN,FWA,X
47348,US,IN,FWA,X
46984,US,IN,FWA,X
47348,US,IN,FWA,X
46971,US,IN,FWA,X
46971,US,IN,FWA,X
46795,US,IN,FWA,E
46794,US,IN,FWA,E
47340,US,IN,FWA,X
46795,US,IN,FWA,E
46795,US,IN,FWA,E
46795,US,IN,FWA,E
46795,US,IN,FWA,E
46795,US,IN,FWA,E
46796,US,IN,FWA,D
46803,US,IN,FWA,A
46794,US,IN,FWA,E
47382,US,IN,FWA,X
46793,US,IN,FWA,C
46792,US,IN,FWA,D
46792,US,IN,FWA,D
46792,US,IN,FWA,D
46795,US,IN,FWA,E
46802,US,IN,FWA,A
46971,US,IN,FWA,X
46794,US,IN,FWA,E
46772,US,IN,FWA,E
46773,US,IN,FWA,B
46787,US,IN,FWA,C
46777,US,IN,FWA,C
46787,US,IN,FWA,C
46788,US,IN,FWA,B
46767,US,IN,FWA,X
46792,US,IN,FWA,D
46792,US,IN,FWA,D
46792,US,IN,FWA,D
46792,US,IN,FWA,D
46787,US,IN,FWA,C
46774,US,IN,FWA,B
46782,US,IN,FWA,X
46742,US,IN,FWA,E
46780,US,IN,FWA,E
46742,US,IN,FWA,E
46773,US,IN,FWA,B
46773,US,IN,FWA,B
46773,US,IN,FWA,B
46773,US,IN,FWA,B
46779,US,IN,FWA,E
46774,US,IN,FWA,B
46774,US,IN,FWA,B
46774,US,IN,FWA,B
46774,US,IN,FWA,B
46774,US,IN,FWA,B
46776,US,IN,FWA,E
46777,US,IN,FWA,C
46769,US,IN,FWA,E
46750,US,IN,FWA,B
46818,US,IN,FWA,A
46792,US,IN,FWA,D
46750,US,IN,FWA,B
46750,US,IN,FWA,B
46765,US,IN,FWA,B
46765,US,IN,FWA,B
46765,US,IN,FWA,B
46755,US,IN,FWA,C
46747,US,IN,FWA,E
46747,US,IN,FWA,E
46766,US,IN,FWA,E
46742,US,IN,FWA,E
46785,US,IN,FWA,B
46750,US,IN,FWA,B
46789,US,IN,FWA,E
46750,US,IN,FWA,B
46750,US,IN,FWA,B
46750,US,IN,FWA,B
46755,US,IN,FWA,C
46755,US,IN,FWA,C
46764,US,IN,FWA,D
46763,US,IN,FWA,B
46755,US,IN,FWA,C
46755,US,IN,FWA,C
46760,US,IN,FWA,E
46763,US,IN,FWA,B
46750,US,IN,FWA,B
46755,US,IN,FWA,C
46750,US,IN,FWA,B
46737,US,IN,FWA,E
46703,US,IN,FWA,E
46706,US,IN,FWA,B
46703,US,IN,FWA,E
46703,US,IN,FWA,E
46703,US,IN,FWA,E
46703,US,IN,FWA,E
46703,US,IN,FWA,E
46703,US,IN,FWA,E
46705,US,IN,FWA,X
46705,US,IN,FWA,X
46725,US,IN,FWA,B
46703,US,IN,FWA,E
46703,US,IN,FWA,E
46733,US,IN,FWA,B
46738,US,IN,FWA,B
46737,US,IN,FWA,E
46737,US,IN,FWA,E
46737,US,IN,FWA,E
46738,US,IN,FWA,B
46714,US,IN,FWA,C
46738,US,IN,FWA,B
46725,US,IN,FWA,B
46740,US,IN,FWA,E
46742,US,IN,FWA,E
46742,US,IN,FWA,E
46742,US,IN,FWA,E
46742,US,IN,FWA,E
46794,US,IN,FWA,E
46733,US,IN,FWA,B
46742,US,IN,FWA,E
46714,US,IN,FWA,C
46706,US,IN,FWA,B
46738,US,IN,FWA,B
46702,US,IN,FWA,C
46714,US,IN,FWA,C
46714,US,IN,FWA,C
46714,US,IN,FWA,C
46714,US,IN,FWA,C
46714,US,IN,FWA,C
46705,US,IN,FWA,X
46714,US,IN,FWA,C
46714,US,IN,FWA,C
46721,US,IN,FWA,E
46721,US,IN,FWA,E
46723,US,IN,FWA,B
46701,US,IN,FWA,C
46701,US,IN,FWA,C
46721,US,IN,FWA,E
46701,US,IN,FWA,C
46714,US,IN,FWA,C
46701,US,IN,FWA,C
46701,US,IN,FWA,C
46701,US,IN,FWA,C
46723,US,IN,FWA,B
46701,US,IN,FWA,C
46723,US,IN,FWA,B
46703,US,IN,FWA,E
46511,US,IN,SBN,X
46988,US,IN,SBN,X
46356,US,IN,SBN,X
46307,US,IN,SBN,X
46910,US,IN,SBN,X
46511,US,IN,SBN,X
46394,US,IN,SBN,X
46922,US,IN,SBN,X
46368,US,IN,SBN,X
46310,US,IN,SBN,X
46308,US,IN,SBN,X
47977,US,IN,SBN,X
46912,US,IN,SBN,X
47978,US,IN,SBN,X
47980,US,IN,SBN,X
46373,US,IN,SBN,X
46372,US,IN,SBN,X
46978,US,IN,SBN,X
46304,US,IN,SBN,X
46373,US,IN,SBN,X
46323,US,IN,SBN,X
46374,US,IN,SBN,X
46502,US,IN,SBN,X
46555,US,IN,SBN,X
47960,US,IN,SBN,X
47963,US,IN,SBN,X
47943,US,IN,SBN,X
46524,US,IN,SBN,X
47964,US,IN,SBN,X
46321,US,IN,SBN,X
46366,US,IN,SBN,X
46342,US,IN,SBN,X
46319,US,IN,SBN,X
46307,US,IN,SBN,X
46356,US,IN,SBN,X
46926,US,IN,SBN,X
46985,US,IN,SBN,X
46312,US,IN,SBN,X
46951,US,IN,SBN,X
46368,US,IN,SBN,X
46746,US,IN,SBN,X
46968,US,IN,SBN,X
47124,US,IN,SDF,D
46311,US,IN,SBN,X
46302,US,IN,SBN,X
46513,US,IN,SBN,X
46356,US,IN,SBN,X
46383,US,IN,SBN,X
47129,US,IN,SDF,B
46382,US,IN,SBN,X
46926,US,IN,SBN,X
46390,US,IN,SBN,X
46390,US,IN,SBN,X
46511,US,IN,SBN,X
46385,US,IN,SBN,X
46384,US,IN,SBN,X
46383,US,IN,SBN,X
46380,US,IN,SBN,X
46384,US,IN,SBN,X
46392,US,IN,SBN,X
46382,US,IN,SBN,X
47978,US,IN,SBN,X
46988,US,IN,SBN,X
46570,US,IN,SBN,X
46390,US,IN,SBN,X
46381,US,IN,SBN,X
46373,US,IN,SBN,X
46380,US,IN,SBN,X
46379,US,IN,SBN,X
46379,US,IN,SBN,X
46385,US,IN,SBN,X
47925,US,IN,SBN,X
47190,US,IN,SDF,B
46960,US,IN,SBN,X
47126,US,IN,SDF,D
46366,US,IN,SBN,X
47129,US,IN,SDF,B
47111,US,IN,SDF,D
46375,US,IN,SBN,X
46746,US,IN,SBN,X
46376,US,IN,SBN,X
46304,US,IN,SBN,X
46406,US,IN,SBN,X
47151,US,IN,SDF,B
46508,US,IN,SBN,X
46377,US,IN,SBN,X
46304,US,IN,SBN,X
46511,US,IN,SBN,X
46303,US,IN,SBN,X
46303,US,IN,SBN,X
47995,US,IN,SBN,X
46394,US,IN,SBN,X
46565,US,IN,SBN,X
46393,US,IN,SBN,X
47922,US,IN,SBN,X
47951,US,IN,SBN,X
46746,US,IN,SBN,X
46531,US,IN,SBN,X
47960,US,IN,SBN,X
46935,US,IN,SBN,X
47959,US,IN,SBN,X
46405,US,IN,SBN,X
46356,US,IN,SBN,X
46403,US,IN,SBN,X
46348,US,IN,SBN,X
46347,US,IN,SBN,X
46349,US,IN,SBN,X
46310,US,IN,SBN,X
47950,US,IN,SBN,X
46404,US,IN,SBN,X
46405,US,IN,SBN,X
46406,US,IN,SBN,X
46407,US,IN,SBN,X
46408,US,IN,SBN,X
46409,US,IN,SBN,X
46410,US,IN,SBN,X
46411,US,IN,SBN,X
46319,US,IN,SBN,X
47948,US,IN,SBN,X
46935,US,IN,SBN,X
46322,US,IN,SBN,X
46543,US,IN,SBN,X
46365,US,IN,SBN,X
46411,US,IN,SBN,X
46410,US,IN,SBN,X
47946,US,IN,SBN,X
47957,US,IN,SBN,X
46931,US,IN,SBN,X
46340,US,IN,SBN,X
46951,US,IN,SBN,X
46390,US,IN,SBN,X
46950,US,IN,SBN,X
46341,US,IN,SBN,X
46356,US,IN,SBN,X
46746,US,IN,SBN,X
46402,US,IN,SBN,X
46355,US,IN,SBN,X
46322,US,IN,SBN,X
46401,US,IN,SBN,X
46945,US,IN,SBN,X
46307,US,IN,SBN,X
46321,US,IN,SBN,X
46323,US,IN,SBN,X
46342,US,IN,SBN,X
46580,US,IN,ORD,Q
46553,US,IN,ORD,Q
46550,US,IN,ORD,P
46542,US,IN,ORD,Q
46365,US,IN,ORD,P
46555,US,IN,ORD,Q
46515,US,IN,ORD,P
46514,US,IN,ORD,P
46582,US,IN,ORD,Q
46528,US,IN,ORD,Q
46510,US,IN,ORD,R
46527,US,IN,ORD,Q
46581,US,IN,ORD,Q
46507,US,IN,ORD,Q
46517,US,IN,ORD,P
46502,US,IN,ORD,Q
46506,US,IN,ORD,Q
46563,US,IN,ORD,P
46526,US,IN,ORD,Q
46524,US,IN,ORD,P
46538,US,IN,ORD,P
46508,US,IN,ORD,R
46504,US,IN,ORD,Q
47716,US,IN,EVV,A
46615,US,IN,SBN,A
46614,US,IN,SBN,A
46613,US,IN,SBN,A
46604,US,IN,SBN,A
46601,US,IN,SBN,A
46628,US,IN,SBN,A
46982,US,IN,ORD,R
47719,US,IN,EVV,A
46980,US,IN,ORD,R
46562,US,IN,FWA,E
46556,US,IN,SBN,A
46616,US,IN,SBN,A
46624,US,IN,SBN,A
46785,US,IN,FWA,B
46980,US,IN,FWA,E
47172,US,IN,SDF,C
46375,US,IN,ORD,E
46785,US,IN,ORD,R
47381,US,IN,FWA,E
46982,US,IN,FWA,E
46680,US,IN,SBN,A
47715,US,IN,EVV,A
46567,US,IN,SBN,E
46789,US,IN,ORD,R
46789,US,IN,FWA,E
46788,US,IN,ORD,R
46788,US,IN,FWA,B
47172,US,IN,SDF,C
46787,US,IN,ORD,R
46787,US,IN,FWA,C
46786,US,IN,ORD,R
46619,US,IN,SBN,A
46699,US,IN,SBN,A
46617,US,IN,SBN,A
46660,US,IN,SBN,A
46637,US,IN,SBN,A
46635,US,IN,SBN,A
46634,US,IN,SBN,A
46629,US,IN,SBN,A
46628,US,IN,SBN,A
46626,US,IN,SBN,A
46975,US,IN,ORD,R
46620,US,IN,SBN,A
46784,US,IN,ORD,R
46786,US,IN,FWA,E
46539,US,IN,SBN,E
46371,US,IN,SBN,C
46772,US,IN,ORD,R
46772,US,IN,FWA,E
46771,US,IN,ORD,R
46771,US,IN,FWA,E
46545,US,IN,SBN,A
46544,US,IN,SBN,A
46542,US,IN,SBN,E
46540,US,IN,SBN,E
46360,US,IN,SBN,C
46773,US,IN,ORD,R
46410,US,IN,ORD,E
47620,US,IN,EVV,B
46770,US,IN,ORD,R
46953,US,IN,ORD,R
46360,US,IN,SBN,C
46769,US,IN,FWA,E
46711,US,IN,ORD,R
46711,US,IN,FWA,E
46767,US,IN,ORD,R
46946,US,IN,FWA,D
46766,US,IN,ORD,R
47722,US,IN,EVV,A
46766,US,IN,FWA,E
46360,US,IN,SBN,C
47629,US,IN,EVV,B
46371,US,IN,SBN,C
46765,US,IN,ORD,R
46975,US,IN,SBN,E
46783,US,IN,ORD,R
46783,US,IN,FWA,B
46974,US,IN,FWA,E
47373,US,IN,FWA,E
47670,US,IN,EVV,C
46782,US,IN,ORD,R
47720,US,IN,EVV,A
46773,US,IN,FWA,B
46554,US,IN,SBN,E
46784,US,IN,FWA,E
46553,US,IN,SBN,E
46774,US,IN,ORD,R
46774,US,IN,FWA,B
47631,US,IN,EVV,D
46552,US,IN,SBN,C
47721,US,IN,EVV,A
47150,US,IN,SDF,B
46550,US,IN,SBN,E
46962,US,IN,ORD,R
46962,US,IN,FWA,E
46321,US,IN,ORD,B
46962,US,IN,FWA,E
46725,US,IN,ORD,R
46507,US,IN,SBN,E
47326,US,IN,FWA,E
46304,US,IN,ORD,E
46721,US,IN,FWA,E
46721,US,IN,ORD,R
47610,US,IN,EVV,B
46304,US,IN,ORD,E
46723,US,IN,FWA,B
46723,US,IN,ORD,R
47131,US,IN,SDF,B
46572,US,IN,SBN,D
46725,US,IN,FWA,B
46506,US,IN,SBN,E
46730,US,IN,ORD,R
46731,US,IN,FWA,D
46731,US,IN,ORD,R
46732,US,IN,FWA,E
46732,US,IN,ORD,R
47523,US,IN,EVV,C
46733,US,IN,FWA,B
46733,US,IN,ORD,R
46996,US,IN,ORD,R
46996,US,IN,SBN,E
47336,US,IN,FWA,E
46510,US,IN,FWA,E
46710,US,IN,FWA,B
46910,US,IN,ORD,R
46701,US,IN,FWA,C
46701,US,IN,ORD,R
46702,US,IN,FWA,C
46702,US,IN,ORD,R
46703,US,IN,FWA,E
46703,US,IN,ORD,R
46704,US,IN,FWA,B
46704,US,IN,ORD,R
46501,US,IN,SBN,E
46705,US,IN,ORD,R
46794,US,IN,ORD,R
46706,US,IN,ORD,R
46794,US,IN,FWA,E
46710,US,IN,ORD,R
46711,US,IN,FWA,E
46711,US,IN,ORD,R
46769,US,IN,FWA,E
46301,US,IN,SBN,D
46713,US,IN,FWA,D
46714,US,IN,FWA,C
46714,US,IN,ORD,R
47601,US,IN,EVV,B
46504,US,IN,SBN,C
46514,US,IN,SBN,B
46706,US,IN,FWA,B
46574,US,IN,SBN,E
46311,US,IN,ORD,E
46996,US,IN,SBN,E
46996,US,IN,ORD,R
46391,US,IN,SBN,C
47714,US,IN,EVV,A
46794,US,IN,ORD,R
46794,US,IN,FWA,E
46793,US,IN,ORD,R
46793,US,IN,FWA,C
47501,US,IN,EVV,E
46580,US,IN,SBN,E
46795,US,IN,FWA,E
46792,US,IN,FWA,D
46795,US,IN,ORD,R
46573,US,IN,SBN,C
46992,US,IN,ORD,R
46992,US,IN,FWA,X
47591,US,IN,EVV,E
46991,US,IN,ORD,R
46991,US,IN,FWA,E
46990,US,IN,ORD,R
46990,US,IN,FWA,E
46989,US,IN,ORD,R
46791,US,IN,ORD,R
46952,US,IN,ORD,R
46792,US,IN,ORD,R
47711,US,IN,EVV,A
46791,US,IN,FWA,E
46515,US,IN,SBN,B
46516,US,IN,SBN,B
46517,US,IN,SBN,B
47725,US,IN,EVV,A
47701,US,IN,EVV,A
47702,US,IN,EVV,A
47703,US,IN,EVV,A
47704,US,IN,EVV,A
47705,US,IN,EVV,A
47706,US,IN,EVV,A
46590,US,IN,SBN,E
47710,US,IN,EVV,A
46312,US,IN,ORD,B
47712,US,IN,EVV,A
47713,US,IN,EVV,A
46799,US,IN,ORD,R
46799,US,IN,FWA,C
46798,US,IN,ORD,R
46798,US,IN,FWA,C
46595,US,IN,SBN,E
46797,US,IN,ORD,R
46797,US,IN,FWA,B
46796,US,IN,ORD,R
46796,US,IN,FWA,D
47708,US,IN,EVV,A
46819,US,IN,FWA,A
46807,US,IN,FWA,A
46851,US,IN,ORD,R
46851,US,IN,FWA,A
46850,US,IN,ORD,R
46850,US,IN,FWA,A
46845,US,IN,ORD,R
46845,US,IN,FWA,A
46835,US,IN,ORD,R
46835,US,IN,FWA,A
46825,US,IN,ORD,R
46852,US,IN,ORD,R
46819,US,IN,ORD,R
46853,US,IN,FWA,A
46818,US,IN,ORD,R
46818,US,IN,FWA,A
46816,US,IN,ORD,R
46816,US,IN,FWA,A
46815,US,IN,ORD,R
46815,US,IN,FWA,A
46809,US,IN,ORD,R
46809,US,IN,FWA,A
46808,US,IN,ORD,R
46808,US,IN,FWA,A
46865,US,IN,FWA,A
46825,US,IN,FWA,A
46858,US,IN,ORD,R
46864,US,IN,ORD,R
46864,US,IN,FWA,A
46863,US,IN,ORD,R
46863,US,IN,FWA,A
46862,US,IN,ORD,R
46862,US,IN,FWA,A
46861,US,IN,ORD,R
46861,US,IN,FWA,A
46860,US,IN,ORD,R
46860,US,IN,FWA,A
46852,US,IN,FWA,A
46859,US,IN,FWA,A
46806,US,IN,ORD,R
46765,US,IN,FWA,B
46857,US,IN,ORD,R
46770,US,IN,FWA,B
46856,US,IN,ORD,R
46856,US,IN,FWA,A
46573,US,IN,ORD,P
46855,US,IN,ORD,R
46855,US,IN,FWA,A
46854,US,IN,ORD,R
46854,US,IN,FWA,A
46853,US,IN,ORD,R
46859,US,IN,ORD,R
47119,US,IN,SDF,C
46807,US,IN,ORD,R
46804,US,IN,ORD,R
46804,US,IN,FWA,A
46803,US,IN,ORD,R
46803,US,IN,FWA,A
46802,US,IN,ORD,R
46802,US,IN,FWA,A
46801,US,IN,ORD,R
46801,US,IN,FWA,A
46809,US,IN,FWA,A
46805,US,IN,ORD,R
47731,US,IN,EVV,A
46962,US,IN,ORD,R
47750,US,IN,EVV,A
47747,US,IN,EVV,A
47744,US,IN,EVV,A
47741,US,IN,EVV,A
47740,US,IN,EVV,A
47739,US,IN,EVV,A
47737,US,IN,EVV,A
47736,US,IN,EVV,A
47735,US,IN,EVV,A
47734,US,IN,EVV,A
47733,US,IN,EVV,A
46526,US,IN,SBN,C
46778,US,IN,FWA,E
46806,US,IN,FWA,A
47633,US,IN,EVV,D
47371,US,IN,FWA,E
46304,US,IN,ORD,E
46368,US,IN,ORD,E
46781,US,IN,FWA,D
46563,US,IN,SBN,D
46780,US,IN,ORD,R
46780,US,IN,FWA,E
46779,US,IN,ORD,R
46805,US,IN,FWA,A
46562,US,IN,FWA,E
46858,US,IN,FWA,A
47567,US,IN,EVV,E
46970,US,IN,FWA,X
47730,US,IN,EVV,A
46391,US,IN,SBN,C
46777,US,IN,ORD,R
46777,US,IN,FWA,C
46561,US,IN,SBN,B
46776,US,IN,ORD,R
46776,US,IN,FWA,E
47660,US,IN,EVV,E
46556,US,IN,SBN,A
46779,US,IN,FWA,E
46747,US,IN,ORD,R
47134,US,IN,SDF,B
47133,US,IN,SDF,B
47132,US,IN,SDF,B
47131,US,IN,SDF,B
47130,US,IN,SDF,B
46563,US,IN,SBN,D
46857,US,IN,FWA,A
46750,US,IN,ORD,R
46865,US,IN,ORD,R
47542,US,IN,EVV,E
46743,US,IN,FWA,B
46748,US,IN,FWA,B
46938,US,IN,ORD,R
46747,US,IN,FWA,E
47541,US,IN,EVV,E
46342,US,IN,ORD,E
46745,US,IN,ORD,R
46745,US,IN,FWA,B
46322,US,IN,ORD,B
46747,US,IN,ORD,R
46747,US,IN,FWA,E
46743,US,IN,ORD,R
47732,US,IN,EVV,A
46748,US,IN,ORD,R
46350,US,IN,SBN,C
46538,US,IN,SBN,E
46764,US,IN,ORD,R
46764,US,IN,FWA,D
46537,US,IN,SBN,C
46763,US,IN,ORD,R
46763,US,IN,FWA,B
46536,US,IN,SBN,B
46943,US,IN,ORD,R
46943,US,IN,FWA,E
46405,US,IN,ORD,E
47144,US,IN,SDF,A
46761,US,IN,SBN,E
47199,US,IN,SDF,A
46940,US,IN,FWA,D
46346,US,IN,SBN,E
46345,US,IN,SBN,E
46760,US,IN,ORD,R
46760,US,IN,FWA,E
46759,US,IN,FWA,D
46939,US,IN,SBN,E
46939,US,IN,ORD,R
46755,US,IN,ORD,R
46755,US,IN,FWA,C
46750,US,IN,FWA,B
46941,US,IN,ORD,R
46327,US,IN,SBN,E
46738,US,IN,ORD,R
46738,US,IN,FWA,B
46737,US,IN,ORD,R
46737,US,IN,FWA,E
46899,US,IN,ORD,R
46899,US,IN,FWA,A
46898,US,IN,ORD,R
46898,US,IN,FWA,A
46897,US,IN,ORD,R
46897,US,IN,FWA,A
46896,US,IN,ORD,R
46401,US,IN,ORD,B
46895,US,IN,ORD,R
46895,US,IN,FWA,A
46885,US,IN,ORD,R
46241,US,IN,IND,A
46885,US,IN,FWA,A
46869,US,IN,ORD,R
46869,US,IN,FWA,A
46868,US,IN,ORD,R
46868,US,IN,FWA,A
46867,US,IN,ORD,R
46867,US,IN,FWA,A
46866,US,IN,ORD,R
46866,US,IN,FWA,A
46896,US,IN,FWA,A
46322,US,IN,ORD,B
46405,US,IN,ORD,E
46327,US,IN,ORD,B
46325,US,IN,SBN,E
46325,US,IN,ORD,B
46324,US,IN,SBN,E
46324,US,IN,ORD,B
46323,US,IN,ORD,B
46321,US,IN,ORD,B
46320,US,IN,SBN,E
46320,US,IN,ORD,B
46532,US,IN,SBN,E
46742,US,IN,ORD,R
46740,US,IN,ORD,R
47724,US,IN,EVV,A
46742,US,IN,FWA,E
46933,US,IN,ORD,R
47728,US,IN,EVV,A
46740,US,IN,FWA,E
46410,US,IN,ORD,E
46526,US,IN,SBN,C
46741,US,IN,FWA,B
46741,US,IN,ORD,R
46530,US,IN,SBN,B
47727,US,IN,EVV,A
47280,US,IN,IND,C
47404,US,IN,IND,D
47403,US,IN,IND,D
47402,US,IN,IND,D
47401,US,IN,IND,D
47832,US,IN,IND,D
47265,US,IN,IND,D
46186,US,IN,IND,C
47929,US,IN,IND,E
47468,US,IN,IND,C
47463,US,IN,IND,C
47272,US,IN,IND,C
46173,US,IN,IND,C
46171,US,IN,IND,C
47868,US,IN,IND,C
46164,US,IN,IND,C
47968,US,IN,IND,C
46182,US,IN,IND,C
47837,US,IN,IND,D
47935,US,IN,IND,D
47934,US,IN,IND,D
47933,US,IN,IND,D
47846,US,IN,IND,D
47203,US,IN,IND,D
47202,US,IN,IND,D
47201,US,IN,IND,D
47405,US,IN,IND,D
47840,US,IN,IND,D
47406,US,IN,IND,D
47836,US,IN,IND,D
47834,US,IN,IND,D
47833,US,IN,IND,D
47490,US,IN,IND,D
47420,US,IN,IND,D
47408,US,IN,IND,D
47407,US,IN,IND,D
47307,US,IN,IND,C
47841,US,IN,IND,D
47229,US,IN,SDF,F
47362,US,IN,IND,C
47432,US,IN,SDF,G
47243,US,IN,SDF,G
47175,US,IN,SDF,G
47108,US,IN,SDF,G
47104,US,IN,SDF,G
47576,US,IN,SDF,F
47551,US,IN,SDF,G
47230,US,IN,SDF,F
47435,US,IN,IND,C
47177,US,IN,SDF,F
47174,US,IN,SDF,F
47170,US,IN,SDF,F
47167,US,IN,SDF,F
47166,US,IN,SDF,F
47164,US,IN,SDF,F
47163,US,IN,SDF,F
47454,US,IN,SDF,F
46150,US,IN,IND,C
47938,US,IN,IND,D
47306,US,IN,IND,C
47305,US,IN,IND,C
47304,US,IN,IND,C
47303,US,IN,IND,C
47302,US,IN,IND,C
46161,US,IN,IND,C
47469,US,IN,SDF,G
46154,US,IN,IND,C
47308,US,IN,IND,C
47954,US,IN,IND,C
47857,US,IN,IND,C
46148,US,IN,IND,C
46050,US,IN,IND,C
47856,US,IN,IND,C
46048,US,IN,IND,C
46146,US,IN,IND,C
46057,US,IN,IND,C
47388,US,IN,IND,D
47811,US,IN,IND,D
47809,US,IN,IND,D
47808,US,IN,IND,D
47807,US,IN,IND,D
47805,US,IN,IND,D
47804,US,IN,IND,D
47803,US,IN,IND,D
46067,US,IN,IND,D
47801,US,IN,IND,D
46072,US,IN,IND,D
47387,US,IN,IND,D
47881,US,IN,IND,D
47385,US,IN,IND,D
47384,US,IN,IND,D
46068,US,IN,IND,D
47274,US,IN,IND,D
47936,US,IN,IND,D
47802,US,IN,IND,D
46030,US,IN,IND,E
47928,US,IN,IND,E
46917,US,IN,IND,E
47924,US,IN,IND,E
47923,US,IN,IND,E
46913,US,IN,IND,E
47921,US,IN,IND,E
47421,US,IN,IND,E
47812,US,IN,IND,D
47918,US,IN,IND,E
46071,US,IN,IND,D
46001,US,IN,IND,E
47320,US,IN,IND,E
46947,US,IN,IND,E
47396,US,IN,IND,D
46076,US,IN,IND,D
47989,US,IN,IND,D
47885,US,IN,IND,D
47876,US,IN,IND,D
47920,US,IN,IND,E
47232,US,IN,IND,D
47949,US,IN,IND,D
47244,US,IN,IND,D
47240,US,IN,IND,D
47344,US,IN,IND,D
46133,US,IN,IND,D
47431,US,IN,IND,D
46039,US,IN,IND,D
47878,US,IN,IND,D
47236,US,IN,IND,D
47246,US,IN,IND,D
46124,US,IN,IND,D
47337,US,IN,IND,D
47941,US,IN,IND,D
47940,US,IN,IND,D
46920,US,IN,IND,D
47939,US,IN,IND,D
47145,US,IN,SDF,F
47851,US,IN,IND,D
46155,US,IN,IND,D
46175,US,IN,IND,D
47871,US,IN,IND,D
46063,US,IN,IND,D
46965,US,IN,IND,D
47967,US,IN,IND,D
47965,US,IN,IND,D
47366,US,IN,IND,D
47854,US,IN,IND,D
47356,US,IN,IND,D
46047,US,IN,IND,D
46056,US,IN,IND,D
47955,US,IN,IND,D
47352,US,IN,IND,D
47858,US,IN,IND,D
47351,US,IN,IND,D
46049,US,IN,IND,D
47247,US,IN,IND,D
47937,US,IN,IND,D
46156,US,IN,IND,D
46259,US,IN,IND,A
46282,US,IN,IND,A
46280,US,IN,IND,A
46278,US,IN,IND,A
46277,US,IN,IND,A
46275,US,IN,IND,A
46274,US,IN,IND,A
46268,US,IN,IND,A
46249,US,IN,IND,A
46260,US,IN,IND,A
46290,US,IN,IND,A
46256,US,IN,IND,A
46255,US,IN,IND,A
46254,US,IN,IND,A
46034,US,IN,IND,E
46253,US,IN,IND,A
46251,US,IN,IND,A
46122,US,IN,IND,B
46266,US,IN,IND,A
46123,US,IN,IND,B
47162,US,IN,SDF,F
46118,US,IN,IND,B
46033,US,IN,IND,B
46032,US,IN,IND,B
46112,US,IN,IND,B
46111,US,IN,IND,B
46110,US,IN,IND,B
46283,US,IN,IND,A
46105,US,IN,IND,B
46285,US,IN,IND,A
46103,US,IN,IND,B
46102,US,IN,IND,B
46183,US,IN,IND,A
46168,US,IN,IND,A
46298,US,IN,IND,A
46295,US,IN,IND,A
46291,US,IN,IND,A
46247,US,IN,IND,A
46106,US,IN,IND,B
46206,US,IN,IND,A
46219,US,IN,IND,A
46218,US,IN,IND,A
46217,US,IN,IND,A
46216,US,IN,IND,A
46214,US,IN,IND,A
46211,US,IN,IND,A
46209,US,IN,IND,A
46250,US,IN,IND,A
46207,US,IN,IND,A
46222,US,IN,IND,A
46205,US,IN,IND,A
46204,US,IN,IND,A
46203,US,IN,IND,A
46202,US,IN,IND,A
46201,US,IN,IND,A
46113,US,IN,IND,A
46107,US,IN,IND,A
46208,US,IN,IND,A
46231,US,IN,IND,A
46244,US,IN,IND,A
46242,US,IN,IND,A
46241,US,IN,IND,A
46240,US,IN,IND,A
46239,US,IN,IND,A
46237,US,IN,IND,A
46236,US,IN,IND,A
46220,US,IN,IND,A
46234,US,IN,IND,A
46221,US,IN,IND,A
46230,US,IN,IND,A
46229,US,IN,IND,A
46228,US,IN,IND,A
46227,US,IN,IND,A
46226,US,IN,IND,A
46225,US,IN,IND,A
46224,US,IN,IND,A
46125,US,IN,IND,B
46235,US,IN,IND,A
47830,US,IN,IND,C
47433,US,IN,IND,C
46045,US,IN,IND,C
46041,US,IN,IND,C
46035,US,IN,IND,C
47226,US,IN,IND,C
47426,US,IN,IND,C
46117,US,IN,IND,C
46013,US,IN,IND,C
47327,US,IN,IND,C
47853,US,IN,IND,C
46031,US,IN,IND,C
46104,US,IN,IND,C
46018,US,IN,IND,C
46017,US,IN,IND,C
46016,US,IN,IND,C
46015,US,IN,IND,C
46121,US,IN,IND,B
46115,US,IN,IND,C
47123,US,IN,SDF,F
47424,US,IN,IND,D
47142,US,IN,SDF,F
47141,US,IN,SDF,F
47140,US,IN,SDF,F
47139,US,IN,SDF,F
47138,US,IN,SDF,F
47137,US,IN,SDF,F
46135,US,IN,IND,C
47125,US,IN,SDF,F
46144,US,IN,IND,C
47120,US,IN,SDF,F
47118,US,IN,SDF,F
47116,US,IN,SDF,F
47115,US,IN,SDF,F
47110,US,IN,SDF,F
47107,US,IN,SDF,F
47102,US,IN,SDF,F
46012,US,IN,IND,C
47135,US,IN,SDF,F
46140,US,IN,IND,B
46158,US,IN,IND,B
46157,US,IN,IND,B
46055,US,IN,IND,B
46151,US,IN,IND,B
46149,US,IN,IND,B
46052,US,IN,IND,B
46147,US,IN,IND,B
46014,US,IN,IND,C
46142,US,IN,IND,B
46163,US,IN,IND,B
46131,US,IN,IND,B
46130,US,IN,IND,B
46040,US,IN,IND,B
46038,US,IN,IND,B
46129,US,IN,IND,B
46128,US,IN,IND,B
46126,US,IN,IND,B
46143,US,IN,IND,B
46170,US,IN,IND,B
46011,US,IN,IND,C
46077,US,IN,IND,B
46075,US,IN,IND,B
46184,US,IN,IND,B
46074,US,IN,IND,B
46181,US,IN,IND,B
46180,US,IN,IND,B
46160,US,IN,IND,B
46172,US,IN,IND,B
46162,US,IN,IND,B
46167,US,IN,IND,B
46064,US,IN,IND,B
46166,US,IN,IND,B
46165,US,IN,IND,B
46062,US,IN,IND,B
46061,US,IN,IND,B
46060,US,IN,IND,B
47147,US,IN,SDF,F
46176,US,IN,IND,B
47374,US,IN,DAY,D
47394,US,IN,DAY,F
47390,US,IN,DAY,E
47916,US,IN,IND,D
47375,US,IN,DAY,D
46348,US,IN,ORD,O
46537,US,IN,ORD,O
46513,US,IN,ORD,O
46530,US,IN,ORD,O
46531,US,IN,ORD,O
46532,US,IN,ORD,O
46340,US,IN,ORD,O
46345,US,IN,ORD,O
46613,US,IN,ORD,O
46534,US,IN,ORD,O
46382,US,IN,ORD,O
46372,US,IN,ORD,O
46536,US,IN,ORD,O
46371,US,IN,ORD,O
46544,US,IN,ORD,O
46545,US,IN,ORD,O
46546,US,IN,ORD,O
46552,US,IN,ORD,O
46346,US,IN,ORD,O
46635,US,IN,ORD,O
46037,US,IN,IND,E
46615,US,IN,ORD,O
46616,US,IN,ORD,O
46617,US,IN,ORD,O
46619,US,IN,ORD,O
46624,US,IN,ORD,O
46392,US,IN,ORD,O
46626,US,IN,ORD,O
46634,US,IN,ORD,O
46574,US,IN,ORD,O
46637,US,IN,ORD,O
46660,US,IN,ORD,O
46680,US,IN,ORD,O
46699,US,IN,ORD,O
46379,US,IN,ORD,O
46380,US,IN,ORD,O
46381,US,IN,ORD,O
46556,US,IN,ORD,O
46628,US,IN,ORD,O
47930,US,IN,IND,E
46366,US,IN,ORD,O
47902,US,IN,IND,E
47901,US,IN,IND,E
47249,US,IN,IND,E
47952,US,IN,IND,E
47438,US,IN,IND,E
47436,US,IN,IND,E
47904,US,IN,IND,E
47342,US,IN,IND,E
47905,US,IN,IND,E
46932,US,IN,IND,E
47235,US,IN,IND,E
46044,US,IN,IND,E
47944,US,IN,IND,E
46929,US,IN,IND,E
47234,US,IN,IND,E
47850,US,IN,IND,E
47367,US,IN,IND,E
46936,US,IN,IND,E
47862,US,IN,IND,E
46604,US,IN,ORD,O
46561,US,IN,ORD,O
46349,US,IN,ORD,O
47969,US,IN,IND,E
47863,US,IN,IND,E
47448,US,IN,IND,E
46058,US,IN,IND,E
47903,US,IN,IND,E
47962,US,IN,IND,E
46554,US,IN,ORD,O
47445,US,IN,IND,E
47958,US,IN,IND,E
47860,US,IN,IND,E
47859,US,IN,IND,E
46994,US,IN,IND,E
47441,US,IN,IND,E
46051,US,IN,IND,E
47909,US,IN,IND,E
47361,US,IN,IND,E
47907,US,IN,IND,E
47462,US,IN,IND,E
47983,US,IN,IND,E
47882,US,IN,IND,E
46070,US,IN,IND,E
47884,US,IN,IND,E
47987,US,IN,IND,E
47988,US,IN,IND,E
46614,US,IN,ORD,O
47906,US,IN,IND,E
46069,US,IN,IND,E
47996,US,IN,IND,E
47992,US,IN,IND,E
47283,US,IN,IND,E
47994,US,IN,IND,E
47471,US,IN,IND,E
47831,US,IN,IND,F
46916,US,IN,IND,F
47990,US,IN,IND,E
47459,US,IN,IND,E
47970,US,IN,IND,E
47971,US,IN,IND,E
47368,US,IN,IND,E
47974,US,IN,IND,E
47866,US,IN,IND,E
47975,US,IN,IND,E
47869,US,IN,IND,E
47386,US,IN,IND,E
47456,US,IN,IND,E
47460,US,IN,IND,E
47872,US,IN,IND,E
47981,US,IN,IND,E
46065,US,IN,IND,E
47273,US,IN,IND,E
47383,US,IN,IND,E
47879,US,IN,IND,E
47880,US,IN,IND,E
47855,US,IN,IND,F
47870,US,IN,IND,E
47264,US,IN,IND,E
47842,US,IN,IND,F
46901,US,IN,IND,D
46902,US,IN,IND,D
47263,US,IN,IND,D
47451,US,IN,IND,E
46979,US,IN,IND,D
47813,US,IN,IND,D
46903,US,IN,IND,D
47813,US,IN,IND,D
46902,US,IN,IND,D
47814,US,IN,IND,D
46501,US,IN,ORD,P
46629,US,IN,ORD,O
46516,US,IN,ORD,P
46374,US,IN,ORD,O
46376,US,IN,ORD,O
46377,US,IN,ORD,O
46601,US,IN,ORD,O
47814,US,IN,IND,D
47814,US,IN,IND,D
46036,US,IN,IND,E
47966,US,IN,IND,F
47977,US,IN,IND,F
47874,US,IN,IND,F
47875,US,IN,IND,F
47991,US,IN,IND,F
47993,US,IN,IND,F
46904,US,IN,IND,D
46082,US,IN,IND,B
47849,US,IN,IND,F
47813,US,IN,IND,D
47331,US,IN,IND,D
47434,US,IN,IND,E
46937,US,IN,IND,D
46223,US,IN,IND,A
46223,US,IN,IND,A
46296,US,IN,IND,A
46901,US,IN,IND,D
47220,US,IN,IND,E
47427,US,IN,IND,E
46127,US,IN,IND,E
46120,US,IN,IND,E
47845,US,IN,IND,E
47228,US,IN,IND,E
47932,US,IN,IND,E
47334,US,IN,IND,E
47847,US,IN,IND,E
46923,US,IN,IND,E
47338,US,IN,IND,E
46511,US,IN,ORD,P
47225,US,IN,IND,E
47429,US,IN,IND,E
66762,US,KS,JLN,C
66743,US,KS,JLN,D
66763,US,KS,JLN,C
66713,US,KS,JLN,C
66770,US,KS,JLN,C
66701,US,KS,JLN,F
66725,US,KS,JLN,D
66763,US,KS,JLN,C
66603,US,KS,MCI,D
66839,US,KS,MCI,H
66086,US,KS,MCI,D
66604,US,KS,MCI,D
66542,US,KS,MCI,D
66869,US,KS,MCI,H
66601,US,KS,MCI,D
66085,US,KS,MCI,C
66224,US,KS,MCI,B
66223,US,KS,MCI,C
66083,US,KS,MCI,D
66279,US,KS,MCI,B
66605,US,KS,MCI,D
66620,US,KS,MCI,D
66276,US,KS,MCI,B
66250,US,KS,MCI,B
66615,US,KS,MCI,D
66624,US,KS,MCI,D
66227,US,KS,MCI,B
66622,US,KS,MCI,D
66621,US,KS,MCI,D
66619,US,KS,MCI,D
66220,US,KS,MCI,B
66618,US,KS,MCI,D
66616,US,KS,MCI,D
66606,US,KS,MCI,D
66614,US,KS,MCI,D
66612,US,KS,MCI,D
66611,US,KS,MCI,D
66610,US,KS,MCI,D
66609,US,KS,MCI,D
66608,US,KS,MCI,D
66607,US,KS,MCI,D
66617,US,KS,MCI,D
66030,US,KS,MCI,D
66048,US,KS,MCI,B
67301,US,KS,TUL,D
66439,US,KS,MCI,G
66436,US,KS,MCI,G
66434,US,KS,MCI,F
66701,US,KS,MCI,E
66637,US,KS,MCI,D
66432,US,KS,MCI,H
66854,US,KS,MCI,H
66852,US,KS,MCI,H
66033,US,KS,MCI,F
66032,US,KS,MCI,F
66636,US,KS,MCI,D
66642,US,KS,MCI,D
66442,US,KS,MCI,E
66739,US,KS,TUL,F
66427,US,KS,MCI,H
66426,US,KS,MCI,H
66701,US,KS,MCI,E
66442,US,KS,MCI,E
66027,US,KS,MCI,B
66205,US,KS,MCI,B
66425,US,KS,MCI,G
66025,US,KS,MCI,D
66423,US,KS,MCI,H
66647,US,KS,MCI,D
66733,US,KS,MCI,E
66031,US,KS,MCI,D
66117,US,KS,MCI,A
66043,US,KS,MCI,B
66047,US,KS,MCI,D
66046,US,KS,MCI,D
66045,US,KS,MCI,D
66044,US,KS,MCI,D
66043,US,KS,MCI,B
66855,US,KS,MCI,H
66106,US,KS,MCI,B
66012,US,KS,MCI,D
66040,US,KS,MCI,F
66538,US,KS,MCI,G
66160,US,KS,MCI,A
66441,US,KS,MCI,E
66118,US,KS,MCI,A
66113,US,KS,MCI,C
66115,US,KS,MCI,A
66113,US,KS,MCI,C
66112,US,KS,MCI,A
66111,US,KS,MCI,A
66110,US,KS,MCI,A
66109,US,KS,MCI,A
66106,US,KS,MCI,B
66105,US,KS,MCI,A
66104,US,KS,MCI,B
66103,US,KS,MCI,B
66102,US,KS,MCI,A
66101,US,KS,MCI,A
66119,US,KS,MCI,A
66045,US,KS,MCI,D
66002,US,KS,MCI,C
66835,US,KS,MCI,H
66834,US,KS,MCI,H
66501,US,KS,MCI,H
66401,US,KS,MCI,H
66833,US,KS,MCI,H
66830,US,KS,MCI,H
66667,US,KS,MCI,D
66675,US,KS,MCI,D
66683,US,KS,MCI,D
66692,US,KS,MCI,D
66699,US,KS,MCI,D
66801,US,KS,MCI,E
67364,US,KS,TUL,D
66404,US,KS,MCI,H
66088,US,KS,MCI,E
66226,US,KS,MCI,B
66090,US,KS,MCI,D
66222,US,KS,MCI,B
66092,US,KS,MCI,D
66426,US,KS,MCI,H
66549,US,KS,MCI,H
66205,US,KS,MCI,B
66205,US,KS,MCI,B
66550,US,KS,MCI,H
66872,US,KS,MCI,H
67209,US,KS,ICT,A
66087,US,KS,MCI,G
66653,US,KS,MCI,D
66547,US,KS,MCI,E
66111,US,KS,MCI,A
66021,US,KS,MCI,D
66846,US,KS,MCI,H
66652,US,KS,MCI,D
66521,US,KS,MCI,H
66019,US,KS,MCI,D
66018,US,KS,MCI,D
66202,US,KS,MCI,B
66846,US,KS,MCI,H
66845,US,KS,MCI,H
67337,US,KS,TUL,D
66403,US,KS,MCI,H
67335,US,KS,TUL,D
66625,US,KS,MCI,D
66414,US,KS,MCI,H
67333,US,KS,TUL,E
66833,US,KS,MCI,H
66839,US,KS,MCI,H
66413,US,KS,MCI,H
66012,US,KS,MCI,D
66411,US,KS,MCI,H
66549,US,KS,MCI,H
66713,US,KS,TUL,F
66713,US,KS,TUL,F
66007,US,KS,MCI,D
66006,US,KS,MCI,D
66024,US,KS,MCI,C
66019,US,KS,MCI,D
66871,US,KS,MCI,H
66215,US,KS,MCI,B
66216,US,KS,MCI,B
66214,US,KS,MCI,B
66203,US,KS,MCI,B
66087,US,KS,MCI,G
66538,US,KS,MCI,G
66536,US,KS,MCI,E
66534,US,KS,MCI,G
66533,US,KS,MCI,E
66103,US,KS,MCI,B
66205,US,KS,MCI,B
66770,US,KS,TUL,F
66218,US,KS,MCI,B
66434,US,KS,MCI,F
66219,US,KS,MCI,B
66868,US,KS,MCI,H
66208,US,KS,MCI,B
66202,US,KS,MCI,B
66076,US,KS,MCI,H
66075,US,KS,MCI,G
66073,US,KS,MCI,E
66619,US,KS,MCI,D
67357,US,KS,TUL,D
66071,US,KS,MCI,E
66224,US,KS,MCI,B
66223,US,KS,MCI,C
66221,US,KS,MCI,B
66080,US,KS,MCI,H
66210,US,KS,MCI,B
66225,US,KS,MCI,B
66224,US,KS,MCI,B
66223,US,KS,MCI,C
66221,US,KS,MCI,B
66206,US,KS,MCI,B
66219,US,KS,MCI,B
66218,US,KS,MCI,B
66217,US,KS,MCI,B
66216,US,KS,MCI,B
66215,US,KS,MCI,B
66214,US,KS,MCI,B
66213,US,KS,MCI,B
66217,US,KS,MCI,B
66211,US,KS,MCI,B
66204,US,KS,MCI,B
66209,US,KS,MCI,B
66208,US,KS,MCI,B
66207,US,KS,MCI,B
66206,US,KS,MCI,B
66205,US,KS,MCI,B
66204,US,KS,MCI,B
66203,US,KS,MCI,B
66202,US,KS,MCI,B
66201,US,KS,MCI,B
66626,US,KS,MCI,D
66226,US,KS,MCI,B
66220,US,KS,MCI,B
66212,US,KS,MCI,B
67351,US,KS,TUL,D
66203,US,KS,MCI,B
66202,US,KS,MCI,B
66512,US,KS,MCI,E
66054,US,KS,MCI,F
66501,US,KS,MCI,H
66508,US,KS,MCI,G
66629,US,KS,MCI,D
66506,US,KS,MCI,E
66214,US,KS,MCI,B
66860,US,KS,MCI,H
66767,US,KS,MCI,E
66451,US,KS,MCI,H
66202,US,KS,MCI,B
66052,US,KS,MCI,E
66502,US,KS,MCI,E
66227,US,KS,MCI,B
66220,US,KS,MCI,B
66219,US,KS,MCI,B
66217,US,KS,MCI,B
66216,US,KS,MCI,B
66215,US,KS,MCI,B
66214,US,KS,MCI,B
66210,US,KS,MCI,B
66856,US,KS,MCI,H
66224,US,KS,MCI,B
66211,US,KS,MCI,B
66209,US,KS,MCI,B
66053,US,KS,MCI,E
66210,US,KS,MCI,B
66213,US,KS,MCI,B
66212,US,KS,MCI,B
66855,US,KS,MCI,H
66211,US,KS,MCI,B
66205,US,KS,MCI,B
66209,US,KS,MCI,B
66204,US,KS,MCI,B
66203,US,KS,MCI,B
66202,US,KS,MCI,B
66524,US,KS,MCI,H
66067,US,KS,MCI,D
67356,US,KS,MCI,E
66066,US,KS,MCI,F
66056,US,KS,MCI,E
66064,US,KS,MCI,E
66205,US,KS,MCI,B
66755,US,KS,MCI,H
66628,US,KS,MCI,D
66864,US,KS,MCI,H
66031,US,KS,MCI,D
66517,US,KS,MCI,E
66521,US,KS,MCI,H
66061,US,KS,MCI,B
66062,US,KS,MCI,B
66865,US,KS,MCI,H
66523,US,KS,MCI,H
67230,US,KS,ICT,A
67052,US,KS,ICT,B
67037,US,KS,ICT,B
67002,US,KS,ICT,B
67001,US,KS,ICT,B
67276,US,KS,ICT,A
67260,US,KS,ICT,A
66748,US,KS,MCI,E
67232,US,KS,ICT,A
67101,US,KS,ICT,B
67228,US,KS,ICT,A
67227,US,KS,ICT,A
67226,US,KS,ICT,A
67223,US,KS,ICT,A
67221,US,KS,ICT,A
67220,US,KS,ICT,A
67235,US,KS,ICT,A
67005,US,KS,ICT,C
66503,US,KS,MCI,F
66546,US,KS,MCI,F
66539,US,KS,MCI,G
66749,US,KS,MCI,G
67522,US,KS,ICT,C
67017,US,KS,ICT,C
67060,US,KS,ICT,B
67010,US,KS,ICT,C
67067,US,KS,ICT,B
67152,US,KS,ICT,B
67147,US,KS,ICT,B
67133,US,KS,ICT,B
67219,US,KS,ICT,B
67204,US,KS,ICT,B
67147,US,KS,ICT,B
67217,US,KS,ICT,A
67013,US,KS,ICT,C
66507,US,KS,MCI,K
67219,US,KS,ICT,A
67456,US,KS,ICT,F
67576,US,KS,ICT,E
66402,US,KS,MCI,J
66035,US,KS,MCI,J
66440,US,KS,MCI,J
67410,US,KS,ICT,F
66050,US,KS,MCI,K
67579,US,KS,ICT,E
66537,US,KS,MCI,K
66408,US,KS,MCI,L
66070,US,KS,MCI,L
66535,US,KS,MCI,L
66526,US,KS,MCI,M
66079,US,KS,MCI,M
66531,US,KS,MCI,M
66873,US,KS,MCI,K
67208,US,KS,ICT,A
67202,US,KS,ICT,A
67216,US,KS,ICT,A
67215,US,KS,ICT,A
67214,US,KS,ICT,A
67213,US,KS,ICT,A
67212,US,KS,ICT,A
67441,US,KS,ICT,F
67210,US,KS,ICT,A
67218,US,KS,ICT,A
67207,US,KS,ICT,A
67206,US,KS,ICT,A
67205,US,KS,ICT,A
67204,US,KS,ICT,A
67203,US,KS,ICT,A
67147,US,KS,ICT,A
67578,US,KS,ICT,E
67211,US,KS,ICT,A
67221,US,KS,ICT,A
67544,US,KS,ICT,E
67524,US,KS,ICT,G
67626,US,KS,ICT,I
67634,US,KS,ICT,I
67637,US,KS,ICT,I
67801,US,KS,ICT,I
67124,US,KS,ICT,G
67640,US,KS,ICT,I
67834,US,KS,ICT,I
67851,US,KS,ICT,I
67665,US,KS,ICT,I
67671,US,KS,ICT,I
67490,US,KS,ICT,I
67401,US,KS,ICT,E
67554,US,KS,ICT,E
67450,US,KS,ICT,E
67843,US,KS,ICT,I
67502,US,KS,ICT,G
66720,US,KS,MCI,E
67842,US,KS,ICT,H
67843,US,KS,ICT,H
67801,US,KS,ICT,H
67491,US,KS,ICT,G
67480,US,KS,ICT,G
67525,US,KS,ICT,G
67109,US,KS,ICT,H
67853,US,KS,ICT,I
67459,US,KS,ICT,G
67457,US,KS,ICT,G
67550,US,KS,ICT,G
67059,US,KS,ICT,G
67448,US,KS,ICT,G
67054,US,KS,ICT,G
67035,US,KS,ICT,G
67124,US,KS,ICT,G
67042,US,KS,ICT,C
67068,US,KS,ICT,C
67505,US,KS,ICT,C
67502,US,KS,ICT,C
67501,US,KS,ICT,C
67062,US,KS,ICT,C
67530,US,KS,ICT,E
67056,US,KS,ICT,C
67108,US,KS,ICT,C
67050,US,KS,ICT,C
67543,US,KS,ICT,C
67030,US,KS,ICT,C
67025,US,KS,ICT,C
67020,US,KS,ICT,C
66251,US,KS,MCI,B
66251,US,KS,MCI,B
66251,US,KS,MCI,B
66049,US,KS,MCI,D
67601,US,KS,ICT,I
67561,US,KS,ICT,D
67439,US,KS,ICT,E
67051,US,KS,ICT,C
67427,US,KS,ICT,E
67110,US,KS,ICT,C
67107,US,KS,ICT,D
67460,US,KS,ICT,D
67546,US,KS,ICT,D
67443,US,KS,ICT,D
67119,US,KS,ICT,C
67526,US,KS,ICT,E
67156,US,KS,ICT,C
67117,US,KS,ICT,C
67135,US,KS,ICT,C
67114,US,KS,ICT,C
67144,US,KS,ICT,C
67146,US,KS,ICT,C
40575,US,KY,LEX,A
40576,US,KY,LEX,A
40577,US,KY,LEX,A
40578,US,KY,LEX,A
40579,US,KY,LEX,A
40580,US,KY,LEX,A
40581,US,KY,LEX,A
40620,US,KY,LEX,B
40583,US,KY,LEX,A
40550,US,KY,LEX,A
40588,US,KY,LEX,A
40591,US,KY,LEX,A
40601,US,KY,LEX,B
40601,US,KY,LEX,B
40602,US,KY,LEX,B
40603,US,KY,LEX,B
40618,US,KY,LEX,B
40582,US,KY,LEX,A
40524,US,KY,LEX,A
40511,US,KY,LEX,A
40512,US,KY,LEX,A
40513,US,KY,LEX,A
40514,US,KY,LEX,A
40515,US,KY,LEX,A
40516,US,KY,LEX,A
40517,US,KY,LEX,A
40574,US,KY,LEX,A
40523,US,KY,LEX,A
40555,US,KY,LEX,A
40526,US,KY,LEX,A
40533,US,KY,LEX,A
40536,US,KY,LEX,A
40544,US,KY,LEX,A
40546,US,KY,LEX,A
40550,US,KY,LEX,A
40621,US,KY,LEX,B
40522,US,KY,LEX,A
40056,US,KY,SDF,C
40066,US,KY,SDF,D
40619,US,KY,LEX,B
40268,US,KY,SDF,A
40622,US,KY,LEX,B
40283,US,KY,SDF,A
40282,US,KY,SDF,A
40281,US,KY,SDF,A
40032,US,KY,SDF,C
40031,US,KY,SDF,C
41031,US,KY,LEX,C
40026,US,KY,SDF,D
40225,US,KY,SDF,B
42702,US,KY,SDF,D
40010,US,KY,SDF,D
42501,US,KY,CVG,Y
42501,US,KY,CVG,Y
40484,US,KY,CVG,Y
42501,US,KY,CVG,Y
42501,US,KY,CVG,Y
42501,US,KY,CVG,Y
42501,US,KY,CVG,Y
42501,US,KY,CVG,Y
40165,US,KY,SDF,D
40065,US,KY,SDF,E
42455,US,KY,EVV,E
42164,US,KY,BNA,G
40257,US,KY,SDF,B
42301,US,KY,SDF,E
40206,US,KY,SDF,B
42276,US,KY,SDF,E
41169,US,KY,HTS,A
40216,US,KY,SDF,A
42129,US,KY,BNA,H
42276,US,KY,BNA,G
40207,US,KY,SDF,B
40067,US,KY,SDF,E
42171,US,KY,BNA,G
41175,US,KY,HTS,C
40069,US,KY,SDF,E
42301,US,KY,SDF,E
41144,US,KY,HTS,B
42129,US,KY,BNA,H
41101,US,KY,HTS,A
41105,US,KY,HTS,A
41175,US,KY,HTS,C
40272,US,KY,SDF,B
41175,US,KY,HTS,C
41230,US,KY,HTS,C
40207,US,KY,SDF,B
40243,US,KY,SDF,B
40160,US,KY,SDF,E
42066,US,KY,BNA,H
41101,US,KY,HTS,A
42437,US,KY,EVV,E
42071,US,KY,BNA,H
42276,US,KY,BNA,G
42276,US,KY,SDF,E
40219,US,KY,SDF,A
40229,US,KY,SDF,A
41144,US,KY,HTS,B
42301,US,KY,SDF,E
40059,US,KY,SDF,D
42302,US,KY,SDF,E
42303,US,KY,EVV,D
42303,US,KY,SDF,E
42001,US,KY,BNA,H
42002,US,KY,BNA,H
42003,US,KY,BNA,H
40258,US,KY,SDF,A
40268,US,KY,SDF,A
41169,US,KY,HTS,A
40069,US,KY,SDF,E
42302,US,KY,EVV,D
41837,US,KY,TRI,H
41855,US,KY,TRI,H
41844,US,KY,TRI,H
41839,US,KY,TRI,H
41836,US,KY,TRI,H
41840,US,KY,TRI,H
41843,US,KY,TRI,H
41838,US,KY,TRI,H
41845,US,KY,TRI,H
41847,US,KY,TRI,H
41849,US,KY,TRI,H
41858,US,KY,TRI,H
41862,US,KY,TRI,H
41859,US,KY,TRI,H
41861,US,KY,TRI,H
41760,US,KY,TRI,H
41848,US,KY,TRI,H
41759,US,KY,TRI,H
41764,US,KY,TRI,H
41775,US,KY,TRI,H
41774,US,KY,TRI,H
41773,US,KY,TRI,H
41772,US,KY,TRI,H
40964,US,KY,TRI,X
41777,US,KY,TRI,H
40061,US,KY,SDF,F
41804,US,KY,TRI,H
41751,US,KY,TRI,H
41739,US,KY,TRI,H
41735,US,KY,TRI,H
41731,US,KY,TRI,H
41713,US,KY,TRI,H
41702,US,KY,TRI,H
41763,US,KY,TRI,H
41822,US,KY,TRI,H
41834,US,KY,TRI,H
41833,US,KY,TRI,H
41832,US,KY,TRI,H
41831,US,KY,TRI,H
41828,US,KY,TRI,H
41826,US,KY,TRI,H
41776,US,KY,TRI,H
41824,US,KY,TRI,H
41835,US,KY,TRI,H
41821,US,KY,TRI,H
41819,US,KY,TRI,H
41817,US,KY,TRI,H
41815,US,KY,TRI,H
41812,US,KY,TRI,H
41810,US,KY,TRI,H
41825,US,KY,TRI,H
42732,US,KY,SDF,F
40055,US,KY,SDF,F
40145,US,KY,SDF,F
40146,US,KY,SDF,F
40157,US,KY,SDF,F
40161,US,KY,SDF,F
40162,US,KY,SDF,F
40171,US,KY,SDF,F
40175,US,KY,SDF,F
40176,US,KY,SDF,F
42716,US,KY,SDF,F
40143,US,KY,SDF,F
42724,US,KY,SDF,F
40140,US,KY,SDF,F
42740,US,KY,SDF,F
42776,US,KY,SDF,F
42788,US,KY,SDF,F
41234,US,KY,TRI,X
41238,US,KY,TRI,X
41250,US,KY,TRI,X
41254,US,KY,TRI,X
41255,US,KY,TRI,X
41256,US,KY,TRI,X
41701,US,KY,TRI,H
41257,US,KY,TRI,X
42720,US,KY,SDF,F
41231,US,KY,TRI,X
41124,US,KY,TRI,X
41159,US,KY,TRI,X
41180,US,KY,TRI,X
41201,US,KY,TRI,X
41203,US,KY,TRI,X
41204,US,KY,TRI,X
41214,US,KY,TRI,X
41216,US,KY,TRI,X
41219,US,KY,TRI,X
41222,US,KY,TRI,X
40144,US,KY,SDF,F
41226,US,KY,TRI,X
40981,US,KY,TRI,X
41232,US,KY,TRI,X
40037,US,KY,SDF,F
40051,US,KY,SDF,F
40052,US,KY,SDF,F
40060,US,KY,SDF,F
40062,US,KY,SDF,F
40070,US,KY,SDF,F
40077,US,KY,SDF,F
40104,US,KY,SDF,F
40107,US,KY,SDF,F
40115,US,KY,SDF,F
41224,US,KY,TRI,X
40823,US,KY,TRI,H
41074,US,KY,CVG,A
41075,US,KY,CVG,A
41076,US,KY,CVG,A
41099,US,KY,CVG,A
41076,US,KY,CVG,B
41076,US,KY,CVG,B
41051,US,KY,CVG,B
41094,US,KY,CVG,G
40801,US,KY,TRI,H
40803,US,KY,TRI,H
40870,US,KY,TRI,H
40808,US,KY,TRI,H
41071,US,KY,CVG,A
40826,US,KY,TRI,H
40827,US,KY,TRI,H
40828,US,KY,TRI,H
40843,US,KY,TRI,H
40844,US,KY,TRI,H
40847,US,KY,TRI,H
40849,US,KY,TRI,H
40855,US,KY,TRI,H
42127,US,KY,SDF,H
40865,US,KY,TRI,H
40862,US,KY,TRI,H
40807,US,KY,TRI,H
41018,US,KY,CVG,A
41073,US,KY,CVG,A
41011,US,KY,CVG,A
41012,US,KY,CVG,A
41014,US,KY,CVG,A
41015,US,KY,CVG,A
41016,US,KY,CVG,A
41017,US,KY,CVG,A
41018,US,KY,CVG,A
41019,US,KY,CVG,A
41017,US,KY,CVG,A
41074,US,KY,CVG,A
41073,US,KY,CVG,A
41017,US,KY,CVG,A
41072,US,KY,CVG,A
41022,US,KY,CVG,A
41042,US,KY,CVG,A
41011,US,KY,CVG,A
41011,US,KY,CVG,A
41018,US,KY,CVG,A
41017,US,KY,CVG,A
45015,US,KY,CVG,A
41016,US,KY,CVG,A
41015,US,KY,CVG,A
41071,US,KY,CVG,A
41512,US,KY,TRI,H
41074,US,KY,CVG,A
41640,US,KY,TRI,H
40874,US,KY,TRI,H
41571,US,KY,TRI,H
41572,US,KY,TRI,H
41604,US,KY,TRI,H
41605,US,KY,TRI,H
41606,US,KY,TRI,H
41612,US,KY,TRI,H
41619,US,KY,TRI,H
41622,US,KY,TRI,H
41630,US,KY,TRI,H
41631,US,KY,TRI,H
41567,US,KY,TRI,H
41636,US,KY,TRI,H
41566,US,KY,TRI,H
41643,US,KY,TRI,H
41647,US,KY,TRI,H
41649,US,KY,TRI,H
41650,US,KY,TRI,H
41651,US,KY,TRI,H
41655,US,KY,TRI,H
41659,US,KY,TRI,H
41660,US,KY,TRI,H
41663,US,KY,TRI,H
41666,US,KY,TRI,H
41667,US,KY,TRI,H
41635,US,KY,TRI,H
41542,US,KY,TRI,H
41669,US,KY,TRI,H
41513,US,KY,TRI,H
41514,US,KY,TRI,H
41517,US,KY,TRI,H
41519,US,KY,TRI,H
41520,US,KY,TRI,H
41522,US,KY,TRI,H
41524,US,KY,TRI,H
41534,US,KY,TRI,H
41537,US,KY,TRI,H
41538,US,KY,TRI,H
41568,US,KY,TRI,H
41540,US,KY,TRI,H
40927,US,KY,TRI,H
41548,US,KY,TRI,H
41549,US,KY,TRI,H
41554,US,KY,TRI,H
41557,US,KY,TRI,H
41558,US,KY,TRI,H
41559,US,KY,TRI,H
41560,US,KY,TRI,H
41561,US,KY,TRI,H
41562,US,KY,TRI,H
41563,US,KY,TRI,H
41564,US,KY,TRI,H
41539,US,KY,TRI,H
41736,US,KY,TRI,X
41746,US,KY,TRI,Y
41543,US,KY,TRI,X
41535,US,KY,TRI,X
41531,US,KY,TRI,X
41528,US,KY,TRI,X
41465,US,KY,TRI,X
42784,US,KY,SDF,G
42782,US,KY,SDF,G
41712,US,KY,TRI,X
41721,US,KY,TRI,X
41722,US,KY,TRI,X
41723,US,KY,TRI,X
41547,US,KY,TRI,X
41729,US,KY,TRI,X
40058,US,KY,SDF,H
41740,US,KY,TRI,X
41743,US,KY,TRI,X
41745,US,KY,TRI,X
41747,US,KY,TRI,X
41754,US,KY,TRI,X
41762,US,KY,TRI,X
41778,US,KY,TRI,X
41526,US,KY,TRI,Y
41527,US,KY,TRI,Y
41642,US,KY,TRI,Y
41645,US,KY,TRI,Y
41725,US,KY,TRI,Y
41056,US,KY,CVG,O
41727,US,KY,TRI,X
42728,US,KY,SDF,H
41553,US,KY,TRI,X
42123,US,KY,SDF,H
41260,US,KY,TRI,X
41555,US,KY,TRI,X
41601,US,KY,TRI,X
41602,US,KY,TRI,X
41603,US,KY,TRI,X
41607,US,KY,TRI,X
41615,US,KY,TRI,X
41616,US,KY,TRI,X
41621,US,KY,TRI,X
42749,US,KY,SDF,H
41544,US,KY,TRI,X
42741,US,KY,SDF,H
41719,US,KY,TRI,X
42214,US,KY,SDF,H
42171,US,KY,SDF,H
42166,US,KY,SDF,H
42163,US,KY,SDF,H
42160,US,KY,SDF,H
42157,US,KY,SDF,H
42156,US,KY,SDF,H
42154,US,KY,SDF,H
42141,US,KY,SDF,H
42131,US,KY,SDF,H
42130,US,KY,SDF,H
42129,US,KY,SDF,H
42124,US,KY,SDF,H
42742,US,KY,SDF,H
41367,US,KY,TRI,X
42713,US,KY,SDF,G
42712,US,KY,SDF,G
40178,US,KY,SDF,G
40075,US,KY,SDF,G
40063,US,KY,SDF,G
40050,US,KY,SDF,G
40046,US,KY,SDF,G
40011,US,KY,SDF,G
40006,US,KY,SDF,G
41464,US,KY,TRI,X
41459,US,KY,TRI,X
41426,US,KY,TRI,X
42722,US,KY,SDF,G
41390,US,KY,TRI,X
41339,US,KY,TRI,X
41366,US,KY,TRI,X
41351,US,KY,TRI,X
41348,US,KY,TRI,X
41338,US,KY,TRI,X
41632,US,KY,TRI,X
41274,US,KY,TRI,X
41271,US,KY,TRI,X
41268,US,KY,TRI,X
41267,US,KY,TRI,X
41265,US,KY,TRI,X
41264,US,KY,TRI,X
41263,US,KY,TRI,X
41262,US,KY,TRI,X
41413,US,KY,TRI,X
41317,US,KY,TRI,X
42729,US,KY,SDF,G
42743,US,KY,SDF,G
42746,US,KY,SDF,G
42754,US,KY,SDF,G
42757,US,KY,SDF,G
42764,US,KY,SDF,G
42765,US,KY,SDF,G
42726,US,KY,SDF,G
41144,US,KY,HTS,B
40031,US,KY,SDF,E
40032,US,KY,SDF,E
42141,US,KY,BNA,G
40033,US,KY,SDF,E
40510,US,KY,LEX,A
42055,US,KY,BNA,H
42420,US,KY,EVV,B
40150,US,KY,SDF,E
41143,US,KY,HTS,B
40299,US,KY,SDF,B
40269,US,KY,SDF,B
42748,US,KY,SDF,E
41201,US,KY,HTS,C
42437,US,KY,EVV,E
40206,US,KY,SDF,B
40027,US,KY,SDF,C
41146,US,KY,HTS,B
40207,US,KY,SDF,B
40215,US,KY,SDF,A
40214,US,KY,SDF,A
40213,US,KY,SDF,A
40212,US,KY,SDF,A
40211,US,KY,SDF,A
40210,US,KY,SDF,A
40204,US,KY,SDF,A
40208,US,KY,SDF,A
41230,US,KY,HTS,C
40023,US,KY,SDF,B
40205,US,KY,SDF,A
41144,US,KY,HTS,B
40203,US,KY,SDF,A
40202,US,KY,SDF,A
40201,US,KY,SDF,A
40209,US,KY,SDF,A
40209,US,KY,SDF,A
42718,US,KY,SDF,E
42206,US,KY,BNA,G
42206,US,KY,SDF,E
40004,US,KY,SDF,E
42025,US,KY,BNA,H
40109,US,KY,SDF,D
40218,US,KY,SDF,A
40121,US,KY,SDF,E
42029,US,KY,BNA,H
41101,US,KY,HTS,A
41101,US,KY,HTS,A
41105,US,KY,HTS,A
41129,US,KY,HTS,A
40110,US,KY,SDF,E
41230,US,KY,HTS,C
40422,US,KY,SDF,C
40014,US,KY,SDF,C
40228,US,KY,SDF,A
40118,US,KY,SDF,B
40025,US,KY,SDF,B
42141,US,KY,BNA,G
41143,US,KY,HTS,B
40216,US,KY,SDF,A
41139,US,KY,HTS,B
40224,US,KY,SDF,A
42718,US,KY,SDF,E
41114,US,KY,HTS,A
41230,US,KY,HTS,C
41105,US,KY,HTS,A
42701,US,KY,SDF,E
42129,US,KY,BNA,H
40018,US,KY,SDF,D
42701,US,KY,SDF,E
41201,US,KY,HTS,C
40223,US,KY,SDF,C
41143,US,KY,HTS,B
40291,US,KY,SDF,B
40222,US,KY,SDF,B
40222,US,KY,SDF,B
40508,US,KY,LEX,A
40509,US,KY,LEX,A
40510,US,KY,LEX,A
41175,US,KY,HTS,C
42431,US,KY,EVV,E
40506,US,KY,LEX,A
40241,US,KY,SDF,B
40505,US,KY,LEX,A
40299,US,KY,SDF,B
40298,US,KY,SDF,A
40297,US,KY,SDF,A
40296,US,KY,SDF,A
40295,US,KY,SDF,A
40294,US,KY,SDF,A
40293,US,KY,SDF,A
40242,US,KY,SDF,B
40391,US,KY,LEX,B
40324,US,KY,LEX,B
40330,US,KY,LEX,C
40330,US,KY,LEX,C
40353,US,KY,LEX,C
40353,US,KY,LEX,C
40361,US,KY,LEX,B
40507,US,KY,LEX,A
40391,US,KY,LEX,B
40289,US,KY,SDF,A
40404,US,KY,LEX,C
41031,US,KY,SDF,C
40422,US,KY,LEX,C
40475,US,KY,LEX,B
40502,US,KY,LEX,A
40503,US,KY,LEX,A
40504,US,KY,LEX,A
40383,US,KY,LEX,A
40229,US,KY,SDF,A
40292,US,KY,SDF,A
40245,US,KY,SDF,A
40243,US,KY,SDF,B
40242,US,KY,SDF,B
40241,US,KY,SDF,B
40233,US,KY,SDF,A
40251,US,KY,SDF,A
40231,US,KY,SDF,A
40252,US,KY,SDF,A
40228,US,KY,SDF,A
40225,US,KY,SDF,A
40223,US,KY,SDF,C
40221,US,KY,SDF,A
40220,US,KY,SDF,A
40219,US,KY,SDF,A
40218,US,KY,SDF,A
40232,US,KY,SDF,A
40266,US,KY,SDF,A
40217,US,KY,SDF,A
40287,US,KY,SDF,A
40285,US,KY,SDF,A
40280,US,KY,SDF,A
40272,US,KY,SDF,B
40270,US,KY,SDF,A
40250,US,KY,SDF,A
40268,US,KY,SDF,A
40291,US,KY,SDF,B
40261,US,KY,SDF,A
40259,US,KY,SDF,A
40258,US,KY,SDF,A
40257,US,KY,SDF,B
40256,US,KY,SDF,A
40255,US,KY,SDF,A
40253,US,KY,SDF,A
40269,US,KY,SDF,B
70380,US,LA,LFT,H
70515,US,LA,LFT,H
70514,US,LA,LFT,J
70513,US,LA,LFT,H
70630,US,LA,LFT,H
71315,US,LA,LFT,J
70738,US,LA,BTR,C
71309,US,LA,LFT,J
71307,US,LA,LFT,J
70512,US,LA,LFT,D
70518,US,LA,BTR,H
70342,US,LA,LFT,H
71327,US,LA,BTR,J
70527,US,LA,BTR,I
70528,US,LA,BTR,H
70725,US,LA,BTR,F
70723,US,LA,BTR,F
71306,US,LA,LFT,J
70786,US,LA,BTR,E
70504,US,LA,BTR,H
70722,US,LA,BTR,F
70516,US,LA,BTR,I
70517,US,LA,BTR,H
70756,US,LA,BTR,H
70785,US,LA,BTR,F
70541,US,LA,BTR,I
70582,US,LA,BTR,H
70583,US,LA,BTR,H
70813,US,LA,BTR,B
70777,US,LA,BTR,F
70807,US,LA,BTR,B
70778,US,LA,BTR,F
70663,US,LA,BTR,J
70664,US,LA,BTR,J
70584,US,LA,BTR,I
70591,US,LA,BTR,J
70668,US,LA,BTR,J
71303,US,LA,LFT,J
70560,US,LA,BTR,J
70669,US,LA,BTR,J
70788,US,LA,BTR,F
70789,US,LA,BTR,H
71485,US,LA,BTR,K
70592,US,LA,BTR,H
70791,US,LA,BTR,D
70510,US,LA,LFT,F
70511,US,LA,LFT,F
71301,US,LA,LFT,J
71302,US,LA,LFT,J
70586,US,LA,BTR,J
70510,US,LA,BTR,J
70404,US,LA,BTR,I
70721,US,LA,BTR,D
70520,US,LA,BTR,H
71430,US,LA,BTR,J
70401,US,LA,BTR,I
70546,US,LA,BTR,J
70560,US,LA,BTR,J
70402,US,LA,BTR,I
70544,US,LA,BTR,I
70749,US,LA,BTR,H
70529,US,LA,BTR,H
70543,US,LA,BTR,J
70548,US,LA,BTR,H
70729,US,LA,BTR,H
70730,US,LA,BTR,F
70443,US,LA,BTR,J
70749,US,LA,BTR,H
70535,US,LA,BTR,I
70403,US,LA,BTR,I
70526,US,LA,BTR,I
70537,US,LA,BTR,J
71359,US,LA,BTR,K
70346,US,LA,BTR,F
70517,US,LA,BTR,H
70748,US,LA,BTR,H
70521,US,LA,BTR,J
70503,US,LA,BTR,H
71325,US,LA,BTR,J
70540,US,LA,BTR,F
70726,US,LA,BTR,D
70502,US,LA,BTR,H
70501,US,LA,BTR,H
70719,US,LA,BTR,C
70738,US,LA,BTR,F
70525,US,LA,BTR,I
70818,US,LA,BTR,F
70533,US,LA,BTR,I
70650,US,LA,BTR,J
70734,US,LA,BTR,C
70513,US,LA,BTR,H
70739,US,LA,BTR,F
70727,US,LA,BTR,D
70740,US,LA,BTR,G
70634,US,LA,BTR,J
70542,US,LA,BTR,J
70538,US,LA,BTR,J
70531,US,LA,BTR,I
70750,US,LA,BTR,I
70532,US,LA,BTR,I
71433,US,LA,BTR,J
70519,US,LA,BTR,H
70754,US,LA,BTR,G
70510,US,LA,BTR,H
70605,US,LA,BTR,J
70606,US,LA,BTR,J
70607,US,LA,BTR,J
70609,US,LA,BTR,J
70611,US,LA,BTR,J
70612,US,LA,BTR,J
70615,US,LA,BTR,J
70616,US,LA,BTR,J
70601,US,LA,BTR,J
70550,US,LA,BTR,H
70549,US,LA,BTR,J
70755,US,LA,BTR,H
70756,US,LA,BTR,H
70552,US,LA,BTR,I
70802,US,LA,BTR,B
70554,US,LA,BTR,J
71350,US,LA,BTR,J
70757,US,LA,BTR,H
71351,US,LA,BTR,J
70555,US,LA,BTR,H
70629,US,LA,BTR,J
70895,US,LA,BTR,A
70507,US,LA,BTR,H
70836,US,LA,BTR,A
70837,US,LA,BTR,A
70874,US,LA,BTR,A
70508,US,LA,LFT,A
70879,US,LA,BTR,A
70883,US,LA,BTR,A
70884,US,LA,BTR,A
70892,US,LA,BTR,A
70602,US,LA,BTR,J
70894,US,LA,BTR,A
70509,US,LA,BTR,H
70896,US,LA,BTR,A
70898,US,LA,BTR,A
70380,US,LA,BTR,J
70737,US,LA,BTR,C
70630,US,LA,BTR,J
70342,US,LA,BTR,J
70764,US,LA,BTR,C
70508,US,LA,BTR,H
70506,US,LA,BTR,H
70893,US,LA,BTR,A
70765,US,LA,BTR,C
71463,US,LA,BTR,J
70570,US,LA,BTR,I
70571,US,LA,BTR,I
70762,US,LA,BTR,H
70582,US,LA,BTR,I
70575,US,LA,BTR,I
70505,US,LA,BTR,H
70761,US,LA,BTR,G
70581,US,LA,BTR,I
70392,US,LA,BTR,J
70578,US,LA,BTR,I
70767,US,LA,BTR,C
70791,US,LA,BTR,D
70726,US,LA,BTR,G
70770,US,LA,BTR,G
70086,US,LA,BTR,F
70769,US,LA,BTR,C
70556,US,LA,BTR,I
71360,US,LA,BTR,K
70772,US,LA,BTR,G
70558,US,LA,BTR,I
70774,US,LA,BTR,F
70380,US,LA,BTR,K
70381,US,LA,BTR,K
70776,US,LA,BTR,C
70576,US,LA,BTR,J
70760,US,LA,BTR,H
70422,US,LA,BTR,H
70759,US,LA,BTR,H
71356,US,LA,BTR,J
70611,US,LA,BTR,J
70559,US,LA,BTR,I
70775,US,LA,BTR,F
70562,US,LA,BTR,H
70560,US,LA,BTR,H
70443,US,LA,MSY,F
70401,US,LA,MSY,D
70726,US,LA,MSY,D
70404,US,LA,MSY,D
70403,US,LA,MSY,D
70785,US,LA,MSY,H
70392,US,LA,MSY,F
70778,US,LA,MSY,F
70402,US,LA,MSY,D
70754,US,LA,MSY,H
70380,US,LA,MSY,F
70725,US,LA,MSY,H
70342,US,LA,MSY,F
70723,US,LA,MSY,H
70727,US,LA,MSY,D
70502,US,LA,MSY,I
70601,US,LA,MSY,K
70503,US,LA,MSY,I
70504,US,LA,MSY,I
70505,US,LA,MSY,I
70549,US,LA,MSY,K
70509,US,LA,MSY,I
70507,US,LA,MSY,I
70508,US,LA,MSY,I
70546,US,LA,MSY,K
70506,US,LA,MSY,I
70501,US,LA,MSY,I
70650,US,LA,MSY,K
70513,US,LA,MSY,I
70750,US,LA,MSY,K
70548,US,LA,MSY,I
70560,US,LA,MSY,K
70602,US,LA,MSY,K
70552,US,LA,MSY,K
70544,US,LA,MSY,J
70749,US,LA,MSY,I
71433,US,LA,MSY,K
70756,US,LA,MSY,J
71356,US,LA,MSY,K
70759,US,LA,MSY,J
70422,US,LA,MSY,J
70558,US,LA,MSY,J
70556,US,LA,MSY,K
70510,US,LA,MSY,I
70555,US,LA,MSY,I
71351,US,LA,MSY,K
70757,US,LA,MSY,J
71350,US,LA,MSY,K
70755,US,LA,MSY,I
70730,US,LA,MSY,I
70605,US,LA,MSY,K
70748,US,LA,MSY,I
70550,US,LA,MSY,I
70629,US,LA,MSY,K
70616,US,LA,MSY,K
70615,US,LA,MSY,K
70612,US,LA,MSY,K
70611,US,LA,MSY,K
70609,US,LA,MSY,K
70607,US,LA,MSY,K
70606,US,LA,MSY,K
70554,US,LA,MSY,K
70630,US,LA,MSY,K
70537,US,LA,MSY,K
70818,US,LA,MSY,I
70521,US,LA,MSY,K
70721,US,LA,MSY,I
70520,US,LA,MSY,I
70519,US,LA,MSY,I
70738,US,LA,MSY,I
70518,US,LA,MSY,J
70517,US,LA,MSY,J
71325,US,LA,MSY,K
70756,US,LA,MSY,J
70722,US,LA,MSY,J
70807,US,LA,BTR,A
70515,US,LA,MSY,K
70514,US,LA,MSY,K
70775,US,LA,MSY,J
70513,US,LA,MSY,J
70512,US,LA,MSY,J
70511,US,LA,MSY,J
70510,US,LA,MSY,J
70559,US,LA,MSY,J
70550,US,LA,LFT,E
70516,US,LA,MSY,J
70729,US,LA,MSY,J
70510,US,LA,MSY,K
70749,US,LA,MSY,I
70517,US,LA,MSY,I
70542,US,LA,MSY,K
70740,US,LA,MSY,J
70739,US,LA,MSY,I
70541,US,LA,MSY,J
70540,US,LA,MSY,I
70538,US,LA,MSY,K
70525,US,LA,MSY,J
70535,US,LA,MSY,J
70543,US,LA,MSY,K
70533,US,LA,MSY,J
70532,US,LA,MSY,K
70531,US,LA,MSY,J
70529,US,LA,MSY,I
70346,US,LA,MSY,I
70634,US,LA,MSY,K
70528,US,LA,MSY,I
70527,US,LA,MSY,J
70526,US,LA,MSY,J
71327,US,LA,MSY,K
71430,US,LA,MSY,K
70508,US,LA,LFT,A
70612,US,LA,LFT,H
70546,US,LA,LFT,H
70548,US,LA,LFT,F
71433,US,LA,LFT,I
70650,US,LA,LFT,I
70501,US,LA,LFT,A
70503,US,LA,LFT,A
70505,US,LA,LFT,A
70544,US,LA,LFT,H
70507,US,LA,LFT,A
70543,US,LA,LFT,G
70509,US,LA,LFT,A
70549,US,LA,LFT,H
70601,US,LA,LFT,H
70602,US,LA,LFT,H
70605,US,LA,LFT,H
70606,US,LA,LFT,H
70607,US,LA,LFT,H
70609,US,LA,LFT,H
70523,US,LA,LFT,K
70506,US,LA,LFT,A
70532,US,LA,LFT,H
70525,US,LA,LFT,G
71325,US,LA,LFT,H
71327,US,LA,LFT,H
70526,US,LA,LFT,E
70527,US,LA,LFT,E
70528,US,LA,LFT,D
70633,US,LA,LFT,K
70634,US,LA,LFT,H
70560,US,LA,LFT,G
70531,US,LA,LFT,E
70615,US,LA,LFT,H
70533,US,LA,LFT,E
70535,US,LA,LFT,F
70537,US,LA,LFT,G
71430,US,LA,LFT,I
70538,US,LA,LFT,G
70541,US,LA,LFT,E
70542,US,LA,LFT,I
70517,US,LA,LFT,C
70510,US,LA,LFT,G
70529,US,LA,LFT,B
70663,US,LA,LFT,I
70611,US,LA,LFT,H
70392,US,LA,LFT,I
70575,US,LA,LFT,E
70576,US,LA,LFT,H
71359,US,LA,LFT,J
71360,US,LA,LFT,J
70578,US,LA,LFT,F
70581,US,LA,LFT,H
70616,US,LA,LFT,H
70583,US,LA,LFT,B
70611,US,LA,MSY,K
70664,US,LA,LFT,I
70584,US,LA,LFT,E
70586,US,LA,LFT,H
70668,US,LA,LFT,I
70560,US,LA,LFT,H
70591,US,LA,LFT,I
70669,US,LA,LFT,I
71485,US,LA,LFT,J
70592,US,LA,LFT,B
70582,US,LA,LFT,D
70381,US,LA,LFT,J
70629,US,LA,LFT,H
70552,US,LA,LFT,E
70554,US,LA,LFT,H
71350,US,LA,LFT,H
71351,US,LA,LFT,H
70555,US,LA,LFT,C
70510,US,LA,LFT,C
70556,US,LA,LFT,G
70582,US,LA,LFT,E
70380,US,LA,LFT,J
70502,US,LA,LFT,A
71356,US,LA,LFT,H
70559,US,LA,LFT,F
70611,US,LA,LFT,I
70560,US,LA,LFT,C
70563,US,LA,LFT,C
70562,US,LA,LFT,C
71463,US,LA,LFT,I
70570,US,LA,LFT,G
70571,US,LA,LFT,G
70558,US,LA,LFT,C
70789,US,LA,MSY,J
70777,US,LA,MSY,I
70663,US,LA,MSY,K
70664,US,LA,MSY,K
70584,US,LA,MSY,J
70586,US,LA,MSY,K
70668,US,LA,MSY,K
70786,US,LA,MSY,I
70560,US,LA,MSY,K
70591,US,LA,MSY,K
71309,US,LA,BTR,K
70788,US,LA,MSY,I
70086,US,LA,MSY,I
70592,US,LA,MSY,I
70510,US,LA,BTR,I
70511,US,LA,BTR,I
70710,US,LA,BTR,C
71301,US,LA,BTR,K
71302,US,LA,BTR,K
71303,US,LA,BTR,K
71306,US,LA,BTR,K
71307,US,LA,BTR,K
70669,US,LA,MSY,K
70576,US,LA,MSY,K
70560,US,LA,MSY,I
70563,US,LA,MSY,I
70562,US,LA,MSY,I
70760,US,LA,MSY,J
70761,US,LA,MSY,J
71463,US,LA,MSY,K
70570,US,LA,MSY,J
70571,US,LA,MSY,J
70762,US,LA,MSY,J
70583,US,LA,MSY,I
70575,US,LA,MSY,J
70522,US,LA,LFT,K
70791,US,LA,MSY,I
70726,US,LA,MSY,J
70770,US,LA,MSY,J
70578,US,LA,MSY,K
70581,US,LA,MSY,K
70772,US,LA,MSY,J
70774,US,LA,MSY,I
70775,US,LA,MSY,I
70504,US,LA,LFT,A
70582,US,LA,MSY,I
70582,US,LA,MSY,J
70827,US,LA,BTR,A
70815,US,LA,BTR,A
70816,US,LA,BTR,A
70817,US,LA,BTR,A
70818,US,LA,BTR,B
70819,US,LA,BTR,A
71315,US,LA,BTR,K
70821,US,LA,BTR,A
70823,US,LA,BTR,A
70814,US,LA,BTR,A
70826,US,LA,BTR,A
70820,US,LA,BTR,A
70831,US,LA,BTR,A
70835,US,LA,BTR,A
70516,US,LA,LFT,F
70517,US,LA,LFT,C
70518,US,LA,LFT,C
71322,US,LA,LFT,K
70519,US,LA,LFT,C
70520,US,LA,LFT,B
70521,US,LA,LFT,H
70825,US,LA,BTR,A
70822,US,LA,BTR,A
70808,US,LA,BTR,A
70512,US,LA,BTR,I
70807,US,LA,BTR,B
70806,US,LA,BTR,A
70805,US,LA,BTR,A
70804,US,LA,BTR,A
70802,US,LA,BTR,B
70813,US,LA,BTR,A
70809,US,LA,BTR,A
70801,US,LA,BTR,A
70515,US,LA,BTR,J
70514,US,LA,BTR,K
70714,US,LA,BTR,C
70775,US,LA,BTR,F
70513,US,LA,BTR,J
70803,US,LA,BTR,A
70812,US,LA,BTR,A
70810,US,LA,BTR,A
70811,US,LA,BTR,A
71108,US,LA,SHV,A
71109,US,LA,SHV,A
71115,US,LA,SHV,A
71118,US,LA,SHV,A
71119,US,LA,SHV,A
71107,US,LA,SHV,A
71129,US,LA,SHV,A
71109,US,LA,SHV,A
71120,US,LA,SHV,A
71106,US,LA,SHV,A
71105,US,LA,SHV,A
71104,US,LA,SHV,A
71103,US,LA,SHV,A
71101,US,LA,SHV,A
71272,US,LA,SHV,E
71270,US,LA,SHV,H
71069,US,LA,DFW,N
71130,US,LA,SHV,A
71102,US,LA,SHV,A
71068,US,LA,SHV,D
71166,US,LA,SHV,A
71165,US,LA,SHV,A
71164,US,LA,SHV,A
71163,US,LA,SHV,A
71162,US,LA,SHV,A
71161,US,LA,SHV,A
71156,US,LA,SHV,A
71154,US,LA,SHV,A
71152,US,LA,SHV,A
71153,US,LA,SHV,A
71133,US,LA,SHV,A
71151,US,LA,SHV,A
71149,US,LA,SHV,A
71148,US,LA,SHV,A
71138,US,LA,SHV,A
71137,US,LA,SHV,A
71136,US,LA,SHV,A
71135,US,LA,SHV,A
71134,US,LA,SHV,A
71457,US,LA,SHV,E
71201,US,LA,SHV,H
71209,US,LA,MLU,A
71208,US,LA,SHV,H
71208,US,LA,MLU,A
71207,US,LA,SHV,H
71207,US,LA,MLU,A
71203,US,LA,SHV,H
71203,US,LA,MLU,B
71446,US,LA,SHV,J
71212,US,LA,SHV,H
71202,US,LA,MLU,A
71210,US,LA,SHV,H
71201,US,LA,MLU,A
71210,US,LA,MLU,A
71044,US,LA,DFW,N
71055,US,LA,SHV,C
71052,US,LA,SHV,C
71272,US,LA,SHV,E
71049,US,LA,SHV,D
71459,US,LA,SHV,I
71202,US,LA,SHV,H
71212,US,LA,MLU,A
71202,US,LA,MLU,A
71067,US,LA,SHV,B
71064,US,LA,SHV,C
71346,US,LA,SHV,K
71064,US,LA,DFW,N
71360,US,LA,SHV,K
71359,US,LA,SHV,J
71061,US,LA,SHV,C
71209,US,LA,SHV,H
71275,US,LA,SHV,D
71210,US,LA,MLU,A
71291,US,LA,MLU,B
71060,US,LA,SHV,C
71213,US,LA,SHV,H
71213,US,LA,MLU,A
71212,US,LA,SHV,H
71212,US,LA,MLU,A
71211,US,LA,SHV,H
71211,US,LA,MLU,A
71202,US,LA,SHV,H
71061,US,LA,DFW,N
71417,US,LA,SHV,I
71171,US,LA,SHV,A
71172,US,LA,SHV,A
71409,US,LA,SHV,I
71328,US,LA,SHV,K
71360,US,LA,SHV,K
71411,US,LA,SHV,E
71115,US,LA,SHV,A
71240,US,LA,MLU,C
71447,US,LA,SHV,J
71111,US,LA,SHV,A
71019,US,LA,SHV,D
71457,US,LA,SHV,E
71328,US,LA,SHV,K
71107,US,LA,SHV,A
71360,US,LA,SHV,K
71423,US,LA,SHV,I
71280,US,LA,MLU,C
71447,US,LA,SHV,J
71405,US,LA,SHV,J
71447,US,LA,SHV,J
71301,US,LA,SHV,J
71302,US,LA,SHV,J
71303,US,LA,SHV,J
71306,US,LA,SHV,J
71307,US,LA,SHV,J
71309,US,LA,SHV,J
71113,US,LA,SHV,A
71001,US,LA,SHV,D
71112,US,LA,SHV,A
71110,US,LA,SHV,A
71004,US,LA,DFW,N
71004,US,LA,SHV,C
71407,US,LA,SHV,J
71006,US,LA,SHV,B
71007,US,LA,SHV,B
71009,US,LA,SHV,B
71051,US,LA,SHV,B
71315,US,LA,SHV,J
71082,US,LA,SHV,C
71426,US,LA,SHV,I
71046,US,LA,SHV,C
71023,US,LA,SHV,B
71294,US,LA,SHV,H
71294,US,LA,MLU,B
71292,US,LA,SHV,H
71291,US,LA,SHV,H
71043,US,LA,SHV,C
71082,US,LA,DFW,N
71044,US,LA,DFW,N
71082,US,LA,DFW,N
71477,US,LA,SHV,J
71281,US,LA,MLU,B
71280,US,LA,MLU,C
71279,US,LA,MLU,C
71075,US,LA,SHV,E
71075,US,LA,DFW,N
71082,US,LA,SHV,C
71029,US,LA,DFW,N
71429,US,LA,SHV,I
71106,US,LA,SHV,A
71430,US,LA,SHV,K
71459,US,LA,SHV,I
71027,US,LA,SHV,B
71047,US,LA,SHV,B
71028,US,LA,SHV,C
71043,US,LA,DFW,N
71029,US,LA,SHV,C
71030,US,LA,SHV,C
71032,US,LA,SHV,D
71033,US,LA,SHV,B
71019,US,LA,SHV,D
71037,US,LA,SHV,B
71038,US,LA,SHV,E
71446,US,LA,SHV,J
71040,US,LA,SHV,D
71409,US,LA,SHV,I
70358,US,LA,MSY,I
71245,US,LA,MSY,I
70426,US,LA,MSY,I
71334,US,LA,MSY,I
70041,US,LA,MSY,I
71220,US,LA,MSY,I
71341,US,LA,MSY,I
70372,US,LA,MSY,F
70732,US,LA,MSY,I
70076,US,LA,MSY,E
71373,US,LA,MSY,I
70373,US,LA,MSY,I
71497,US,LA,MSY,I
70339,US,LA,MSY,I
71467,US,LA,MSY,I
71422,US,LA,MSY,I
70665,US,LA,MSY,I
71483,US,LA,MSY,I
71295,US,LA,MSY,I
71251,US,LA,MSY,I
70630,US,LA,IAH,M
70648,US,LA,HOU,M
70646,US,LA,IAH,M
70606,US,LA,IAH,I
70664,US,LA,IAH,I
70607,US,LA,IAH,I
70651,US,LA,HOU,M
70659,US,LA,HOU,M
70637,US,LA,HOU,M
70634,US,LA,HOU,M
70662,US,LA,HOU,M
70611,US,LA,IAH,I
70658,US,LA,HOU,M
70612,US,LA,IAH,I
70653,US,LA,HOU,M
70631,US,LA,HOU,M
70630,US,LA,HOU,M
70655,US,LA,HOU,M
70646,US,LA,HOU,M
70640,US,LA,HOU,M
70661,US,LA,HOU,L
70639,US,LA,HOU,L
70657,US,LA,HOU,L
70647,US,LA,HOU,L
70632,US,LA,HOU,M
70637,US,LA,IAH,M
70634,US,LA,IAH,M
70662,US,LA,IAH,M
70658,US,LA,IAH,M
70651,US,LA,IAH,M
70632,US,LA,IAH,M
70640,US,LA,IAH,M
70655,US,LA,IAH,M
70659,US,LA,IAH,M
70631,US,LA,IAH,M
70616,US,LA,IAH,I
70648,US,LA,IAH,M
70031,US,LA,MSY,D
70639,US,LA,IAH,L
70657,US,LA,IAH,L
70647,US,LA,IAH,L
70645,US,LA,IAH,L
70652,US,LA,IAH,L
70661,US,LA,IAH,L
70609,US,LA,IAH,I
70669,US,LA,IAH,I
70668,US,LA,IAH,I
70602,US,LA,IAH,I
70653,US,LA,IAH,M
70302,US,LA,MSY,D
70711,US,LA,MSY,D
70395,US,LA,MSY,D
70359,US,LA,MSY,D
70448,US,LA,MSY,D
70461,US,LA,MSY,D
70471,US,LA,MSY,D
70460,US,LA,MSY,D
70459,US,LA,MSY,D
70361,US,LA,MSY,D
70458,US,LA,MSY,D
70394,US,LA,MSY,D
70452,US,LA,MSY,D
70301,US,LA,MSY,D
70447,US,LA,MSY,D
70445,US,LA,MSY,D
70363,US,LA,MSY,D
70364,US,LA,MSY,D
70454,US,LA,MSY,D
70032,US,LA,MSY,C
70128,US,LA,MSY,C
70043,US,LA,MSY,C
70044,US,LA,MSY,C
70189,US,LA,MSY,C
70073,US,LA,MSY,B
70374,US,LA,MSY,D
70037,US,LA,MSY,D
70030,US,LA,MSY,D
70040,US,LA,MSY,D
70047,US,LA,MSY,D
70057,US,LA,MSY,D
70093,US,LA,MSY,D
70629,US,LA,IAH,I
70039,US,LA,MSY,D
70070,US,LA,MSY,D
70075,US,LA,MSY,D
70078,US,LA,MSY,D
70469,US,LA,MSY,D
70090,US,LA,MSY,D
70053,US,LA,MSY,B
70080,US,LA,MSY,D
70084,US,LA,MSY,D
70085,US,LA,MSY,D
70068,US,LA,MSY,D
70470,US,LA,MSY,D
70129,US,LA,MSY,D
70310,US,LA,MSY,D
70374,US,LA,MSY,D
70375,US,LA,MSY,D
70360,US,LA,MSY,D
70891,US,LA,MSY,D
70079,US,LA,MSY,D
70115,US,LA,MSY,A
70125,US,LA,MSY,A
70124,US,LA,MSY,A
70123,US,LA,MSY,A
70123,US,LA,MSY,A
70123,US,LA,MSY,A
70122,US,LA,MSY,A
70121,US,LA,MSY,A
70121,US,LA,MSY,A
70117,US,LA,MSY,A
70150,US,LA,MSY,A
70072,US,LA,MSY,B
70116,US,LA,MSY,A
70146,US,LA,MSY,A
70113,US,LA,MSY,A
70112,US,LA,MSY,A
70097,US,LA,MSY,A
70087,US,LA,MSY,A
70087,US,LA,MSY,A
70065,US,LA,MSY,A
70064,US,LA,MSY,A
70063,US,LA,MSY,A
70062,US,LA,MSY,A
70060,US,LA,MSY,A
70119,US,LA,MSY,A
70055,US,LA,MSY,A
70033,US,LA,MSY,A
70068,US,LA,MSY,D
70094,US,LA,MSY,B
70094,US,LA,MSY,B
70142,US,LA,MSY,B
70114,US,LA,MSY,B
70059,US,LA,MSY,B
70131,US,LA,MSY,B
70127,US,LA,MSY,B
70126,US,LA,MSY,B
70054,US,LA,MSY,B
70058,US,LA,MSY,B
70130,US,LA,MSY,A
70094,US,LA,MSY,B
70001,US,LA,MSY,A
70011,US,LA,MSY,A
70010,US,LA,MSY,A
70009,US,LA,MSY,A
70006,US,LA,MSY,A
70004,US,LA,MSY,A
70003,US,LA,MSY,A
70002,US,LA,MSY,A
70005,US,LA,MSY,A
70118,US,LA,MSY,A
70148,US,LA,MSY,A
70096,US,LA,MSY,B
70056,US,LA,MSY,B
70431,US,LA,MSY,H
70706,US,LA,MSY,D
70815,US,LA,MSY,H
70816,US,LA,MSY,H
70817,US,LA,MSY,H
70818,US,LA,MSY,H
70819,US,LA,MSY,H
70820,US,LA,MSY,H
70810,US,LA,MSY,H
70538,US,LA,MSY,H
70357,US,LA,MSY,H
70813,US,LA,MSY,H
70429,US,LA,MSY,H
70765,US,LA,MSY,H
70433,US,LA,MSY,H
70434,US,LA,MSY,H
70435,US,LA,MSY,H
70437,US,LA,MSY,H
70801,US,LA,MSY,H
70438,US,LA,MSY,H
70704,US,LA,MSY,H
70714,US,LA,MSY,H
70744,US,LA,MSY,H
70764,US,LA,MSY,H
70823,US,LA,MSY,H
70427,US,LA,MSY,H
70062,US,LA,MSY,A
70645,US,LA,HOU,L
70616,US,LA,HOU,I
70612,US,LA,HOU,I
70609,US,LA,HOU,I
70602,US,LA,HOU,I
70606,US,LA,HOU,I
70607,US,LA,HOU,I
70611,US,LA,HOU,I
70668,US,LA,HOU,I
70629,US,LA,HOU,I
70814,US,LA,MSY,H
70669,US,LA,HOU,I
70896,US,LA,MSY,H
70812,US,LA,MSY,H
70802,US,LA,MSY,H
70803,US,LA,MSY,H
70804,US,LA,MSY,H
70805,US,LA,MSY,H
70806,US,LA,MSY,H
70807,US,LA,MSY,H
70808,US,LA,MSY,H
70809,US,LA,MSY,H
70354,US,LA,MSY,H
70811,US,LA,MSY,H
70664,US,LA,HOU,I
70734,US,LA,MSY,E
70769,US,LA,MSY,F
70442,US,LA,MSY,F
70444,US,LA,MSY,F
70737,US,LA,MSY,F
70451,US,LA,MSY,F
70728,US,LA,MSY,F
70707,US,LA,MSY,F
70049,US,LA,MSY,F
70763,US,LA,MSY,F
70344,US,LA,MSY,F
70438,US,LA,MSY,H
70345,US,LA,MSY,E
70381,US,LA,MSY,F
70341,US,LA,MSY,E
70340,US,LA,MSY,E
70356,US,LA,MSY,E
70071,US,LA,MSY,E
70420,US,LA,MSY,E
70051,US,LA,MSY,E
70466,US,LA,MSY,E
70067,US,LA,MSY,E
70390,US,LA,MSY,E
70052,US,LA,MSY,E
70057,US,LA,MSY,D
70343,US,LA,MSY,E
70879,US,LA,MSY,H
70652,US,LA,HOU,L
70891,US,LA,MSY,H
70874,US,LA,MSY,H
70422,US,LA,MSY,H
70825,US,LA,MSY,H
70826,US,LA,MSY,H
70827,US,LA,MSY,H
70831,US,LA,MSY,H
70833,US,LA,MSY,H
70835,US,LA,MSY,H
70836,US,LA,MSY,H
70769,US,LA,MSY,F
70898,US,LA,MSY,H
70092,US,LA,MSY,F
70883,US,LA,MSY,H
70884,US,LA,MSY,H
70892,US,LA,MSY,H
70893,US,LA,MSY,H
70894,US,LA,MSY,H
70895,US,LA,MSY,H
70822,US,LA,MSY,H
70837,US,LA,MSY,H
70091,US,LA,MSY,H
70380,US,LA,MSY,F
70821,US,LA,MSY,H
70873,US,LA,MSY,H
1266,US,MA,ALB,E
1236,US,MA,ALB,E
1266,US,MA,ALB,E
1240,US,MA,ALB,E
1236,US,MA,ALB,E
1254,US,MA,ALB,E
1201,US,MA,ALB,D
1247,US,MA,ALB,D
1266,US,MA,ALB,E
1225,US,MA,ALB,D
1244,US,MA,ALB,D
1225,US,MA,ALB,D
12517,US,MA,ALB,F
2185,US,MA,BOS,B
2467,US,MA,BOS,A
2020,US,MA,BOS,D
2631,US,MA,BOS,S
2305,US,MA,BOS,C
2283,US,MA,BOS,A
2228,US,MA,BOS,A
2304,US,MA,BOS,C
2664,US,MA,BOS,S
2301,US,MA,BOS,C
2633,US,MA,BOS,S
2535,US,MA,BOS,U
2634,US,MA,BOS,R
2532,US,MA,BOS,R
2637,US,MA,BOS,R
2457,US,MA,BOS,B
2635,US,MA,BOS,S
2559,US,MA,BOS,R
2185,US,MA,BOS,B
2467,US,MA,BOS,A
2474,US,MA,BOS,A
1504,US,MA,BOS,C
1431,US,MA,BOS,E
2475,US,MA,BOS,A
2479,US,MA,BOS,A
2478,US,MA,BOS,A
2303,US,MA,BOS,C
2466,US,MA,BOS,A
2630,US,MA,BOS,R
2446,US,MA,BOS,A
2475,US,MA,BOS,A
2302,US,MA,BOS,C
2027,US,MA,BOS,B
2366,US,MA,BOS,E
2467,US,MA,BOS,A
2355,US,MA,BOS,E
2476,US,MA,BOS,A
2534,US,MA,BOS,R
2493,US,MA,BOS,B
2636,US,MA,BOS,R
2632,US,MA,BOS,R
2634,US,MA,BOS,R
2712,US,MA,BOS,D
2535,US,MA,BOS,U
2196,US,MA,BOS,A
2445,US,MA,BOS,A
2467,US,MA,BOS,A
2447,US,MA,BOS,A
2447,US,MA,BOS,A
2542,US,MA,BOS,R
2542,US,MA,BOS,R
2539,US,MA,BOS,U
2539,US,MA,BOS,U
2466,US,MA,BOS,A
2542,US,MA,BOS,R
2532,US,MA,BOS,R
2284,US,MA,BOS,A
2552,US,MA,BOS,U
2447,US,MA,BOS,A
1266,US,MA,ALB,E
2664,US,MA,BOS,S
2493,US,MA,BOS,B
2564,US,MA,BOS,V
2070,US,MA,BOS,D
2568,US,MA,BOS,U
2366,US,MA,BOS,E
2467,US,MA,BOS,A
2649,US,MA,BOS,S
2492,US,MA,BOS,B
2494,US,MA,BOS,B
2712,US,MA,BOS,D
2452,US,MA,BOS,B
2451,US,MA,BOS,B
2557,US,MA,BOS,U
2456,US,MA,BOS,A
2495,US,MA,BOS,A
2456,US,MA,BOS,A
2468,US,MA,BOS,A
1703,US,MA,BOS,D
1702,US,MA,BOS,D
1704,US,MA,BOS,D
2494,US,MA,BOS,B
2563,US,MA,BOS,R
2455,US,MA,BOS,B
2649,US,MA,BOS,S
2495,US,MA,BOS,A
2355,US,MA,BOS,E
2059,US,MA,BOS,D
2494,US,MA,BOS,B
2358,US,MA,BOS,D
2644,US,MA,BOS,S
1705,US,MA,BOS,D
1504,US,MA,BOS,C
2562,US,MA,BOS,R
2657,US,MA,BOS,T
1463,US,MA,BOS,E
2645,US,MA,BOS,S
2536,US,MA,BOS,R
1516,US,MA,BOS,E
2472,US,MA,BOS,A
2228,US,MA,BOS,A
2642,US,MA,BOS,T
2331,US,MA,BOS,E
2358,US,MA,BOS,D
1463,US,MA,BOS,E
1516,US,MA,BOS,E
2559,US,MA,BOS,R
2367,US,MA,BOS,R
2355,US,MA,BOS,E
2540,US,MA,BOS,R
2561,US,MA,BOS,R
2453,US,MA,BOS,B
2381,US,MA,BOS,E
2638,US,MA,BOS,S
2644,US,MA,BOS,S
2474,US,MA,BOS,A
2718,US,MA,BOS,D
2543,US,MA,BOS,R
2065,US,MA,BOS,D
2541,US,MA,BOS,R
1969,US,MA,BOS,D
2653,US,MA,BOS,S
2769,US,MA,BOS,S
2655,US,MA,BOS,R
2657,US,MA,BOS,T
2493,US,MA,BOS,B
2536,US,MA,BOS,R
2457,US,MA,BOS,B
2482,US,MA,BOS,B
2481,US,MA,BOS,B
2479,US,MA,BOS,A
2471,US,MA,BOS,A
2065,US,MA,BOS,D
2472,US,MA,BOS,A
2471,US,MA,BOS,A
2791,US,MA,BOS,S
2020,US,MA,BOS,D
2667,US,MA,BOS,T
2455,US,MA,BOS,B
2454,US,MA,BOS,B
2647,US,MA,BOS,R
2601,US,MA,BOS,R
2453,US,MA,BOS,B
2452,US,MA,BOS,B
2047,US,MA,BOS,D
2451,US,MA,BOS,B
2047,US,MA,BOS,D
2493,US,MA,BOS,B
2420,US,MA,BOS,B
2421,US,MA,BOS,B
2664,US,MA,BOS,S
2673,US,MA,BOS,S
2070,US,MA,BOS,D
2543,US,MA,BOS,R
2543,US,MA,BOS,R
2381,US,MA,BOS,E
2481,US,MA,BOS,B
2790,US,MA,BOS,S
2481,US,MA,BOS,B
2673,US,MA,BOS,S
1568,US,MA,BOS,E
1474,US,MA,BOS,E
2568,US,MA,BOS,U
2575,US,MA,BOS,U
2573,US,MA,BOS,U
2059,US,MA,BOS,D
2051,US,MA,BOS,D
2468,US,MA,BOS,A
2791,US,MA,BOS,S
2553,US,MA,BOS,R
2790,US,MA,BOS,S
1469,US,MA,BOS,E
2041,US,MA,BOS,D
2568,US,MA,BOS,U
2575,US,MA,BOS,U
2573,US,MA,BOS,U
1504,US,MA,BOS,C
2350,US,MA,BOS,D
2666,US,MA,BOS,T
2718,US,MA,BOS,D
2346,US,MA,BOS,E
2493,US,MA,BOS,B
2535,US,MA,BOS,U
1440,US,MA,BOS,E
1564,US,MA,BOS,E
1564,US,MA,BOS,E
2564,US,MA,BOS,V
2584,US,MA,BOS,V
2554,US,MA,BOS,V
2664,US,MA,BOS,S
2536,US,MA,BOS,R
1756,US,MA,BOS,D
2673,US,MA,BOS,S
2051,US,MA,BOS,D
2568,US,MA,BOS,U
1520,US,MA,BOS,E
2573,US,MA,BOS,U
2573,US,MA,BOS,U
2568,US,MA,BOS,U
2648,US,MA,BOS,R
1474,US,MA,BOS,E
2649,US,MA,BOS,S
2041,US,MA,BOS,D
2552,US,MA,BOS,U
2536,US,MA,BOS,R
2493,US,MA,BOS,B
2645,US,MA,BOS,S
1451,US,MA,BOS,D
2645,US,MA,BOS,S
2350,US,MA,BOS,D
1568,US,MA,BOS,E
2346,US,MA,BOS,E
2648,US,MA,BOS,R
1201,US,MA,BDL,G
1950,US,MA,BOS,J
1951,US,MA,BOS,J
2458,US,MA,BOS,A
2459,US,MA,BOS,A
2460,US,MA,BOS,A
2461,US,MA,BOS,A
1202,US,MA,ALB,D
2462,US,MA,BOS,A
2746,US,MA,BOS,E
2464,US,MA,BOS,A
2465,US,MA,BOS,A
2459,US,MA,BOS,A
2461,US,MA,BOS,A
2462,US,MA,BOS,A
2464,US,MA,BOS,A
1201,US,MA,ALB,D
2742,US,MA,PVD,C
1863,US,MA,BOS,J
2764,US,MA,PVD,B
1908,US,MA,BOS,A
1760,US,MA,BOS,C
1237,US,MA,ALB,D
2740,US,MA,PVD,C
2741,US,MA,BOS,E
1951,US,MA,BOS,J
2742,US,MA,BOS,E
2766,US,MA,BOS,D
2743,US,MA,PVD,C
2744,US,MA,BOS,E
2744,US,MA,PVD,C
2745,US,MA,BOS,E
2745,US,MA,PVD,C
2458,US,MA,BOS,A
2746,US,MA,PVD,C
2741,US,MA,PVD,C
1061,US,MA,BDL,C
2747,US,MA,PVD,C
2764,US,MA,PVD,B
2356,US,MA,BOS,J
2357,US,MA,BOS,J
1252,US,MA,ALB,E
2171,US,MA,BOS,A
1864,US,MA,BOS,C
1889,US,MA,BOS,C
1866,US,MA,BOS,C
1060,US,MA,BDL,E
1862,US,MA,BOS,C
1063,US,MA,BDL,C
1532,US,MA,BOS,J
1069,US,MA,BDL,D
1862,US,MA,BOS,C
2748,US,MA,PVD,C
1904,US,MA,BOS,A
1865,US,MA,BOS,C
2061,US,MA,BOS,C
2191,US,MA,BOS,B
2760,US,MA,PVD,B
2062,US,MA,BOS,B
2460,US,MA,BOS,A
2462,US,MA,BOS,A
2465,US,MA,BOS,A
2056,US,MA,BOS,J
1247,US,MA,ALB,D
1059,US,MA,BDL,D
1845,US,MA,BOS,C
1863,US,MA,BOS,J
1961,US,MA,BOS,B
2140,US,MA,BOS,A
2761,US,MA,BOS,D
1960,US,MA,BOS,B
1612,US,MA,BOS,K
2761,US,MA,PVD,B
2762,US,MA,BOS,D
2762,US,MA,PVD,B
2763,US,MA,BOS,D
2763,US,MA,PVD,B
1002,US,MA,BDL,D
2760,US,MA,BOS,D
1843,US,MA,BOS,J
2137,US,MA,BOS,A
1151,US,MA,BDL,B
1938,US,MA,BOS,C
2130,US,MA,BOS,A
2215,US,MA,BOS,A
1523,US,MA,BOS,K
1237,US,MA,ALB,D
1840,US,MA,BOS,J
1106,US,MA,BDL,A
1842,US,MA,BOS,J
1236,US,MA,ALB,E
1238,US,MA,ALB,E
1264,US,MA,ALB,F
1264,US,MA,BDL,F
1053,US,MA,BDL,G
1240,US,MA,ALB,E
1453,US,MA,BOS,K
1301,US,MA,BDL,F
1773,US,MA,BOS,B
1910,US,MA,BOS,A
1841,US,MA,BOS,J
1835,US,MA,BOS,J
1936,US,MA,BOS,C
1036,US,MA,BDL,D
1237,US,MA,ALB,D
2339,US,MA,BOS,C
1731,US,MA,BOS,B
2238,US,MA,BOS,A
1038,US,MA,BDL,F
1830,US,MA,BOS,J
1831,US,MA,BOS,J
2136,US,MA,BOS,A
1833,US,MA,BOS,J
1749,US,MA,BOS,J
2018,US,MA,BOS,B
2043,US,MA,BOS,B
2343,US,MA,BOS,B
1746,US,MA,BOS,J
1040,US,MA,BDL,B
1041,US,MA,BDL,B
1747,US,MA,BOS,K
1748,US,MA,BOS,J
1116,US,MA,BDL,A
1832,US,MA,BOS,J
1244,US,MA,ALB,D
1754,US,MA,BOS,J
2052,US,MA,BOS,C
2153,US,MA,BOS,A
2155,US,MA,BOS,A
2053,US,MA,BOS,J
2176,US,MA,BOS,A
1860,US,MA,BOS,J
1844,US,MA,BOS,J
1460,US,MA,BOS,J
1757,US,MA,BOS,J
1752,US,MA,BOS,J
1527,US,MA,BOS,K
1586,US,MA,BOS,K
1349,US,MA,BDL,G
2054,US,MA,BOS,C
2186,US,MA,BOS,A
2187,US,MA,BOS,A
1057,US,MA,BDL,E
1351,US,MA,BDL,G
1085,US,MA,BDL,B
1949,US,MA,BOS,C
1905,US,MA,BOS,A
1850,US,MA,BOS,J
1851,US,MA,BOS,J
1852,US,MA,BOS,J
1853,US,MA,BOS,J
1854,US,MA,BOS,J
1056,US,MA,BDL,B
1462,US,MA,BOS,K
1901,US,MA,BOS,A
1902,US,MA,BOS,A
2739,US,MA,BOS,K
2726,US,MA,BOS,E
2126,US,MA,BOS,A
1202,US,MA,BDL,G
1940,US,MA,BOS,B
2148,US,MA,BOS,A
1944,US,MA,BOS,C
2345,US,MA,BOS,K
2048,US,MA,BOS,D
1945,US,MA,BOS,B
2738,US,MA,BOS,K
1027,US,MA,BDL,C
1903,US,MA,BOS,A
1472,US,MA,BOS,K
2725,US,MA,BOS,E
1082,US,MA,BDL,G
2571,US,MA,BOS,K
1083,US,MA,BDL,G
1092,US,MA,BDL,G
1778,US,MA,BOS,C
1984,US,MA,BOS,C
1885,US,MA,BOS,C
2081,US,MA,BOS,C
2379,US,MA,BOS,J
1081,US,MA,BDL,D
1905,US,MA,BOS,A
2156,US,MA,BOS,A
1586,US,MA,BOS,K
1985,US,MA,BOS,J
2132,US,MA,BOS,A
2144,US,MA,BOS,A
1089,US,MA,BDL,A
1090,US,MA,BDL,A
1266,US,MA,ALB,E
1583,US,MA,BOS,K
1349,US,MA,BDL,G
2777,US,MA,BOS,E
2777,US,MA,PVD,B
2780,US,MA,BOS,D
2780,US,MA,PVD,B
1876,US,MA,BOS,C
1079,US,MA,BDL,D
1080,US,MA,BDL,E
1034,US,MA,BDL,D
1835,US,MA,BOS,J
2153,US,MA,BOS,A
1581,US,MA,BOS,J
1376,US,MA,BDL,G
1879,US,MA,BOS,J
1264,US,MA,ALB,F
1264,US,MA,BDL,F
2125,US,MA,BOS,A
1718,US,MA,BOS,C
2379,US,MA,BOS,J
1089,US,MA,BDL,A
1880,US,MA,BOS,B
1983,US,MA,BOS,C
1609,US,MA,BOS,K
1888,US,MA,BOS,B
2170,US,MA,BOS,A
1601,US,MA,BOS,K
1602,US,MA,BOS,K
1603,US,MA,BOS,K
1604,US,MA,BOS,K
1605,US,MA,BOS,K
1606,US,MA,BOS,K
1092,US,MA,BDL,G
1608,US,MA,BOS,K
2145,US,MA,BOS,A
1610,US,MA,BOS,K
1612,US,MA,BOS,K
1613,US,MA,BOS,K
1614,US,MA,BOS,K
1615,US,MA,BOS,K
1654,US,MA,BOS,K
1655,US,MA,BOS,K
2093,US,MA,BOS,D
2675,US,MA,BOS,K
1607,US,MA,BOS,K
2190,US,MA,BOS,B
1776,US,MA,BOS,C
1582,US,MA,BOS,J
1085,US,MA,BDL,B
1086,US,MA,BDL,B
1886,US,MA,BOS,J
1027,US,MA,BDL,C
1473,US,MA,BOS,K
1022,US,MA,BDL,B
2090,US,MA,BOS,B
1801,US,MA,BOS,B
2189,US,MA,BOS,C
2152,US,MA,BOS,A
2191,US,MA,BOS,B
1093,US,MA,BDL,G
2382,US,MA,BOS,C
1095,US,MA,BDL,C
1267,US,MA,ALB,D
1013,US,MA,BDL,B
1887,US,MA,BOS,C
1890,US,MA,BOS,A
1580,US,MA,BOS,J
2188,US,MA,BOS,B
1545,US,MA,BOS,J
1970,US,MA,BOS,B
1971,US,MA,BOS,B
1952,US,MA,BOS,J
2771,US,MA,BOS,E
2771,US,MA,PVD,B
2067,US,MA,BOS,C
1257,US,MA,ALB,E
1770,US,MA,BOS,C
2127,US,MA,BOS,A
1464,US,MA,BOS,K
2120,US,MA,BOS,A
1834,US,MA,BOS,J
2725,US,MA,PVD,B
1952,US,MA,BOS,J
2726,US,MA,PVD,B
2143,US,MA,BOS,A
2144,US,MA,BOS,A
2145,US,MA,BOS,A
2703,US,MA,BOS,D
1907,US,MA,BOS,B
1464,US,MA,BOS,K
2137,US,MA,BOS,A
2762,US,MA,BOS,D
2762,US,MA,PVD,B
1965,US,MA,BOS,C
2169,US,MA,BOS,A
2170,US,MA,BOS,A
2171,US,MA,BOS,A
2269,US,MA,BOS,A
2368,US,MA,BOS,B
2767,US,MA,BOS,D
1252,US,MA,ALB,E
2136,US,MA,BOS,A
1071,US,MA,BDL,F
2151,US,MA,BOS,A
1254,US,MA,ALB,E
2370,US,MA,BOS,C
1966,US,MA,BOS,K
2131,US,MA,BOS,A
2118,US,MA,BOS,A
2119,US,MA,BOS,A
2120,US,MA,BOS,A
1824,US,MA,BOS,C
1867,US,MA,BOS,B
1152,US,MA,BDL,A
1115,US,MA,BDL,A
1118,US,MA,BDL,A
1119,US,MA,BDL,A
1128,US,MA,BDL,A
1129,US,MA,BDL,A
1133,US,MA,BDL,A
1138,US,MA,BDL,A
1139,US,MA,BDL,A
2703,US,MA,PVD,B
1151,US,MA,BDL,B
1108,US,MA,BDL,A
1199,US,MA,BDL,A
2171,US,MA,BOS,A
1262,US,MA,ALB,E
1263,US,MA,ALB,E
2180,US,MA,BOS,A
2072,US,MA,BOS,C
1775,US,MA,BOS,J
1566,US,MA,BDL,G
1203,US,MA,BDL,G
1144,US,MA,BDL,A
1772,US,MA,BOS,J
2748,US,MA,PVD,C
1342,US,MA,BDL,G
2375,US,MA,BOS,J
1252,US,MA,ALB,E
1258,US,MA,ALB,E
1075,US,MA,BDL,C
1982,US,MA,BOS,C
1260,US,MA,ALB,E
2071,US,MA,BOS,C
1111,US,MA,BDL,A
1745,US,MA,BOS,J
1109,US,MA,BDL,A
1550,US,MA,BDL,G
1077,US,MA,BDL,B
1101,US,MA,BDL,A
1102,US,MA,BDL,A
1103,US,MA,BDL,A
1104,US,MA,BDL,A
1105,US,MA,BDL,A
1107,US,MA,BDL,A
1375,US,MA,BDL,G
2190,US,MA,BOS,B
2127,US,MA,BOS,A
2199,US,MA,BOS,A
2163,US,MA,BOS,A
2137,US,MA,BOS,A
2136,US,MA,BOS,A
2135,US,MA,BOS,A
2134,US,MA,BOS,A
2133,US,MA,BOS,A
2132,US,MA,BOS,A
2131,US,MA,BOS,A
2130,US,MA,BOS,A
2116,US,MA,BOS,A
2128,US,MA,BOS,A
2204,US,MA,BOS,A
2126,US,MA,BOS,A
2125,US,MA,BOS,A
2124,US,MA,BOS,A
2123,US,MA,BOS,A
2122,US,MA,BOS,A
2121,US,MA,BOS,A
2120,US,MA,BOS,A
2119,US,MA,BOS,A
2118,US,MA,BOS,A
2325,US,MA,BOS,J
2129,US,MA,BOS,A
2217,US,MA,BOS,A
2324,US,MA,BOS,J
2184,US,MA,BOS,A
1835,US,MA,BOS,J
1505,US,MA,BOS,K
1921,US,MA,BOS,C
1719,US,MA,BOS,J
2297,US,MA,BOS,A
2295,US,MA,BOS,A
2293,US,MA,BOS,A
2266,US,MA,BOS,A
2201,US,MA,BOS,A
2222,US,MA,BOS,A
2203,US,MA,BOS,A
2216,US,MA,BOS,A
2215,US,MA,BOS,A
2212,US,MA,BOS,A
2211,US,MA,BOS,A
2210,US,MA,BOS,A
2209,US,MA,BOS,A
2208,US,MA,BOS,A
2207,US,MA,BOS,A
2206,US,MA,BOS,A
2205,US,MA,BOS,A
2115,US,MA,BOS,A
2241,US,MA,BOS,A
2134,US,MA,BOS,A
2763,US,MA,BOS,D
2703,US,MA,PVD,B
2703,US,MA,BOS,D
1721,US,MA,BOS,C
5544,US,MA,BOS,C
1899,US,MA,BOS,C
1810,US,MA,BOS,C
1059,US,MA,BDL,D
1004,US,MA,BDL,D
1003,US,MA,BDL,D
2117,US,MA,BOS,A
1913,US,MA,BOS,J
2322,US,MA,BOS,C
1001,US,MA,BDL,A
1220,US,MA,ALB,D
2743,US,MA,PVD,C
1720,US,MA,BOS,C
1719,US,MA,BOS,J
1718,US,MA,BOS,C
2018,US,MA,BOS,B
2351,US,MA,BOS,C
1906,US,MA,BOS,A
2121,US,MA,BOS,A
1002,US,MA,BDL,D
2128,US,MA,BOS,A
2113,US,MA,BOS,A
2111,US,MA,BOS,A
2110,US,MA,BOS,A
2109,US,MA,BOS,A
2108,US,MA,BOS,A
2107,US,MA,BOS,A
2106,US,MA,BOS,A
2105,US,MA,BOS,A
2104,US,MA,BOS,A
2103,US,MA,BOS,A
2763,US,MA,PVD,B
2101,US,MA,BOS,A
1501,US,MA,BOS,K
1740,US,MA,BOS,J
1822,US,MA,BOS,C
1821,US,MA,BOS,C
1915,US,MA,BOS,C
1503,US,MA,BOS,J
2019,US,MA,BOS,D
1007,US,MA,BDL,F
1731,US,MA,BOS,B
1730,US,MA,BOS,B
1432,US,MA,BOS,J
2114,US,MA,BOS,A
2102,US,MA,BOS,A
2719,US,MA,PVD,C
2726,US,MA,BOS,E
2725,US,MA,BOS,E
2724,US,MA,PVD,B
2724,US,MA,BOS,E
2723,US,MA,PVD,B
2723,US,MA,BOS,E
2722,US,MA,PVD,B
2722,US,MA,BOS,E
2721,US,MA,PVD,B
2721,US,MA,BOS,E
1116,US,MA,BDL,A
2720,US,MA,BOS,E
1420,US,MA,BOS,K
2719,US,MA,BOS,E
2149,US,MA,BOS,A
1929,US,MA,BOS,C
2334,US,MA,BOS,J
1027,US,MA,BDL,C
2189,US,MA,BOS,C
2538,US,MA,BOS,K
2032,US,MA,BOS,C
2031,US,MA,BOS,J
1904,US,MA,BOS,A
2720,US,MA,PVD,B
1931,US,MA,BOS,K
1471,US,MA,BOS,K
1470,US,MA,BOS,K
2112,US,MA,BOS,A
2135,US,MA,BOS,A
1450,US,MA,BOS,K
1302,US,MA,BDL,F
1301,US,MA,BDL,F
1230,US,MA,ALB,E
1034,US,MA,BDL,D
1886,US,MA,BOS,J
1745,US,MA,BOS,J
1519,US,MA,BOS,J
1030,US,MA,BDL,A
1930,US,MA,BOS,K
1229,US,MA,ALB,E
1376,US,MA,BDL,G
1031,US,MA,BDL,G
1833,US,MA,BOS,J
2038,US,MA,BOS,D
1701,US,MA,BOS,C
2035,US,MA,BOS,D
1247,US,MA,ALB,D
1060,US,MA,BDL,E
2725,US,MA,PVD,B
1033,US,MA,BDL,D
2239,US,MA,BOS,A
1247,US,MA,ALB,D
1022,US,MA,BDL,B
1021,US,MA,BDL,B
1020,US,MA,BDL,B
1014,US,MA,BDL,B
1013,US,MA,BDL,B
1225,US,MA,ALB,D
1611,US,MA,BOS,K
2150,US,MA,BOS,A
1824,US,MA,BOS,C
2129,US,MA,BOS,A
1510,US,MA,BOS,J
2021,US,MA,BOS,B
2138,US,MA,BOS,A
2238,US,MA,BOS,A
2163,US,MA,BOS,A
2142,US,MA,BOS,A
2141,US,MA,BOS,A
2140,US,MA,BOS,A
2139,US,MA,BOS,A
1028,US,MA,BDL,A
1922,US,MA,BOS,J
2726,US,MA,PVD,B
1805,US,MA,BOS,B
1803,US,MA,BOS,B
2327,US,MA,BOS,J
1741,US,MA,BOS,C
2538,US,MA,BOS,K
2141,US,MA,BOS,A
2128,US,MA,BOS,A
1028,US,MA,BDL,A
1826,US,MA,BOS,J
2030,US,MA,BOS,J
2124,US,MA,BOS,A
2125,US,MA,BOS,A
2124,US,MA,BOS,A
2122,US,MA,BOS,A
2121,US,MA,BOS,A
2715,US,MA,BOS,E
1227,US,MA,ALB,D
1342,US,MA,BDL,G
2333,US,MA,BOS,J
1002,US,MA,BDL,D
1226,US,MA,ALB,D
1923,US,MA,BOS,C
1742,US,MA,BOS,C
2714,US,MA,BOS,E
2714,US,MA,PVD,C
2747,US,MA,PVD,C
2026,US,MA,BOS,B
21776,US,MD,BWI,D
20889,US,MD,BWI,C
21160,US,MD,BWI,E
20617,US,MD,BWI,Y
20714,US,MD,BWI,Y
20714,US,MD,BWI,Y
20776,US,MD,BWI,F
20860,US,MD,BWI,C
20838,US,MD,BWI,E
21015,US,MD,BWI,C
21252,US,MD,BWI,A
20714,US,MD,BWI,Y
21252,US,MD,BWI,A
21132,US,MD,BWI,E
21154,US,MD,BWI,D
21902,US,MD,IAD,M
21139,US,MD,IAD,M
21084,US,MD,BWI,D
21034,US,MD,BWI,D
21287,US,MD,BWI,A
21250,US,MD,BWI,A
21251,US,MD,BWI,A
21160,US,MD,BWI,E
20685,US,MD,IAD,F
20726,US,MD,IAD,C
20755,US,MD,IAD,F
20738,US,MD,IAD,B
20859,US,MD,IAD,B
20602,US,MD,IAD,D
20750,US,MD,IAD,B
20752,US,MD,IAD,B
20762,US,MD,IAD,B
20904,US,MD,IAD,B
20859,US,MD,IAD,B
20784,US,MD,IAD,B
20787,US,MD,IAD,B
21758,US,MD,IAD,F
20852,US,MD,IAD,B
20872,US,MD,HGR,C
20842,US,MD,HGR,C
20871,US,MD,HGR,C
21501,US,MD,HGR,D
21502,US,MD,HGR,D
21502,US,MD,HGR,D
21520,US,MD,HGR,E
21503,US,MD,HGR,D
21504,US,MD,HGR,D
21504,US,MD,HGR,D
21505,US,MD,HGR,D
21505,US,MD,HGR,D
21502,US,MD,HGR,D
20871,US,MD,HGR,C
21783,US,MD,BWI,Y
21701,US,MD,BWI,Y
21740,US,MD,BWI,Y
21701,US,MD,BWI,Y
21769,US,MD,BWI,Y
21795,US,MD,BWI,Y
20788,US,MD,IAD,B
20895,US,MD,IAD,B
20639,US,MD,IAD,D
20639,US,MD,IAD,D
21643,US,MD,IAD,M
21550,US,MD,IAD,M
20781,US,MD,IAD,B
20782,US,MD,IAD,B
20783,US,MD,IAD,B
20784,US,MD,IAD,B
20637,US,MD,IAD,D
20787,US,MD,IAD,B
20636,US,MD,IAD,D
21082,US,MD,IAD,M
21754,US,MD,IAD,E
21043,US,MD,IAD,H
20640,US,MD,IAD,D
20645,US,MD,IAD,D
21131,US,MD,IAD,M
21536,US,MD,IAD,M
20794,US,MD,IAD,H
21875,US,MD,IAD,O
20785,US,MD,IAD,B
21074,US,MD,IAD,M
21074,US,MD,IAD,M
21010,US,MD,IAD,M
21207,US,MD,IAD,H
21244,US,MD,IAD,H
21740,US,MD,IAD,E
21741,US,MD,IAD,E
21742,US,MD,IAD,E
21747,US,MD,IAD,E
21748,US,MD,IAD,E
21031,US,MD,IAD,H
21227,US,MD,IAD,H
20774,US,MD,IAD,C
21750,US,MD,IAD,M
21076,US,MD,IAD,H
21098,US,MD,IAD,H
21077,US,MD,IAD,H
21078,US,MD,IAD,M
21078,US,MD,IAD,M
21111,US,MD,IAD,M
21719,US,MD,IAD,M
20777,US,MD,IAD,H
21749,US,MD,IAD,E
21093,US,MD,IAD,H
21085,US,MD,IAD,M
20653,US,MD,IAD,D
21088,US,MD,IAD,M
21090,US,MD,IAD,H
21090,US,MD,IAD,H
21765,US,MD,IAD,M
21539,US,MD,IAD,M
21092,US,MD,IAD,M
20711,US,MD,IAD,D
20650,US,MD,IAD,D
20657,US,MD,IAD,D
20882,US,MD,IAD,C
21093,US,MD,IAD,H
21088,US,MD,IAD,M
21102,US,MD,IAD,M
21837,US,MD,IAD,O
21104,US,MD,IAD,M
21105,US,MD,IAD,M
21106,US,MD,IAD,M
21562,US,MD,IAD,M
21133,US,MD,IAD,H
21540,US,MD,IAD,M
20703,US,MD,IAD,B
21087,US,MD,IAD,M
21538,US,MD,IAD,M
21758,US,MD,IAD,M
21758,US,MD,IAD,M
20646,US,MD,IAD,D
21122,US,MD,IAD,H
20785,US,MD,IAD,B
20784,US,MD,IAD,B
20787,US,MD,IAD,B
21701,US,MD,IAD,E
20706,US,MD,IAD,B
20768,US,MD,IAD,B
20706,US,MD,IAD,B
20703,US,MD,IAD,B
21227,US,MD,IAD,H
20707,US,MD,IAD,C
20708,US,MD,IAD,C
20709,US,MD,IAD,C
20723,US,MD,IAD,C
20724,US,MD,IAD,C
20879,US,MD,IAD,C
20703,US,MD,IAD,B
21048,US,MD,IAD,H
20771,US,MD,IAD,B
21042,US,MD,IAD,H
21043,US,MD,IAD,H
21869,US,MD,IAD,O
21727,US,MD,IAD,E
21221,US,MD,IAD,H
21284,US,MD,IAD,H
21713,US,MD,IAD,M
21047,US,MD,IAD,H
20143,US,MD,IAD,F
21632,US,MD,IAD,M
21921,US,MD,IAD,M
20745,US,MD,IAD,B
21050,US,MD,IAD,H
20747,US,MD,IAD,C
20753,US,MD,IAD,C
21051,US,MD,IAD,M
21501,US,MD,IAD,M
21702,US,MD,IAD,E
20755,US,MD,IAD,H
20755,US,MD,IAD,H
20632,US,MD,IAD,G
21601,US,MD,IAD,M
21629,US,MD,IAD,M
20855,US,MD,IAD,B
20842,US,MD,IAD,C
20747,US,MD,IAD,C
20753,US,MD,IAD,C
20630,US,MD,IAD,D
21219,US,MD,IAD,H
21222,US,MD,IAD,H
21219,US,MD,IAD,H
21036,US,MD,IAD,H
20754,US,MD,IAD,D
21719,US,MD,IAD,M
21403,US,MD,IAD,D
21528,US,MD,IAD,M
21037,US,MD,IAD,M
21037,US,MD,IAD,M
21040,US,MD,IAD,H
21784,US,MD,IAD,M
21920,US,MD,IAD,M
21075,US,MD,IAD,H
21227,US,MD,IAD,H
21222,US,MD,IAD,H
20706,US,MD,IAD,B
21054,US,MD,IAD,H
20896,US,MD,IAD,B
20874,US,MD,IAD,C
20876,US,MD,IAD,C
21056,US,MD,IAD,H
21829,US,MD,IAD,O
21057,US,MD,IAD,M
21060,US,MD,IAD,H
21061,US,MD,IAD,H
21052,US,MD,IAD,M
20812,US,MD,IAD,B
20886,US,MD,IAD,C
21152,US,MD,IAD,M
21737,US,MD,IAD,H
20769,US,MD,IAD,C
21738,US,MD,IAD,H
21071,US,MD,IAD,M
21788,US,MD,IAD,E
21163,US,MD,IAD,M
21536,US,MD,IAD,M
21769,US,MD,IAD,E
21062,US,MD,IAD,H
21826,US,MD,IAD,O
20770,US,MD,IAD,B
20744,US,MD,IAD,C
20749,US,MD,IAD,C
21155,US,MD,IAD,M
21701,US,MD,IAD,E
21702,US,MD,IAD,E
21703,US,MD,IAD,E
21709,US,MD,IAD,E
21053,US,MD,IAD,H
20899,US,MD,IAD,C
21532,US,MD,IAD,M
20898,US,MD,IAD,C
20749,US,MD,IAD,C
20759,US,MD,IAD,H
21784,US,MD,IAD,M
20877,US,MD,IAD,C
20878,US,MD,IAD,C
20879,US,MD,IAD,C
20882,US,MD,IAD,C
20884,US,MD,IAD,C
20885,US,MD,IAD,C
20755,US,MD,IAD,H
21531,US,MD,IAD,M
20753,US,MD,IAD,C
21803,US,MD,IAD,O
20918,US,MD,IAD,B
20997,US,MD,IAD,B
21150,US,MD,IAD,H
21783,US,MD,IAD,M
21863,US,MD,IAD,O
20688,US,MD,IAD,D
20731,US,MD,IAD,B
20747,US,MD,IAD,C
20915,US,MD,IAD,B
20749,US,MD,IAD,C
20914,US,MD,IAD,B
20757,US,MD,IAD,B
20790,US,MD,IAD,B
20791,US,MD,IAD,B
21152,US,MD,IAD,M
21219,US,MD,IAD,H
21222,US,MD,IAD,H
20868,US,MD,IAD,C
20774,US,MD,IAD,C
21784,US,MD,IAD,M
20748,US,MD,IAD,B
20903,US,MD,IAD,B
20659,US,MD,IAD,D
21664,US,MD,IAD,M
21144,US,MD,IAD,H
21146,US,MD,IAD,H
20764,US,MD,IAD,D
20764,US,MD,IAD,D
21538,US,MD,IAD,M
21405,US,MD,IAD,D
21862,US,MD,IAD,O
20916,US,MD,IAD,B
20902,US,MD,IAD,B
20898,US,MD,IAD,C
20904,US,MD,IAD,B
20905,US,MD,IAD,B
20906,US,MD,IAD,B
20907,US,MD,IAD,B
20908,US,MD,IAD,B
20910,US,MD,IAD,B
20911,US,MD,IAD,B
20912,US,MD,IAD,B
20913,US,MD,IAD,B
20901,US,MD,IAD,B
21161,US,MD,IAD,M
20693,US,MD,IAD,D
20817,US,MD,IAD,B
21794,US,MD,IAD,H
20782,US,MD,IAD,B
20778,US,MD,IAD,D
21540,US,MD,IAD,M
21562,US,MD,IAD,M
21157,US,MD,IAD,M
21158,US,MD,IAD,M
21153,US,MD,IAD,M
20915,US,MD,IAD,B
20603,US,MD,IAD,C
21162,US,MD,IAD,H
21236,US,MD,IAD,H
21237,US,MD,IAD,H
20695,US,MD,IAD,D
21795,US,MD,IAD,E
20901,US,MD,IAD,B
21104,US,MD,IAD,M
21163,US,MD,IAD,M
21001,US,MD,IAD,M
20902,US,MD,IAD,B
21286,US,MD,IAD,H
21801,US,MD,IAD,O
20746,US,MD,IAD,B
21784,US,MD,IAD,M
20912,US,MD,IAD,B
20913,US,MD,IAD,B
21787,US,MD,IAD,M
20748,US,MD,IAD,B
20757,US,MD,IAD,B
21788,US,MD,IAD,E
21793,US,MD,IAD,E
21285,US,MD,IAD,H
20604,US,MD,IAD,C
21158,US,MD,IAD,M
21156,US,MD,IAD,M
20772,US,MD,IAD,C
20774,US,MD,IAD,C
20775,US,MD,IAD,C
21155,US,MD,IAD,M
21869,US,MD,IAD,O
20601,US,MD,IAD,C
20602,US,MD,IAD,C
21666,US,MD,IAD,M
21093,US,MD,IAD,H
20736,US,MD,IAD,D
20763,US,MD,IAD,H
21901,US,MD,IAD,M
20878,US,MD,IAD,C
21236,US,MD,IAD,H
21550,US,MD,IAD,M
21842,US,MD,IAD,O
21811,US,MD,IAD,O
21113,US,MD,IAD,H
21043,US,MD,IAD,H
20664,US,MD,IAD,D
21853,US,MD,IAD,O
21841,US,MD,IAD,O
21117,US,MD,IAD,H
21654,US,MD,IAD,M
20745,US,MD,IAD,B
21120,US,MD,IAD,M
21234,US,MD,IAD,H
21849,US,MD,IAD,O
21122,US,MD,IAD,H
20670,US,MD,IAD,D
21128,US,MD,IAD,M
20832,US,MD,IAD,C
20708,US,MD,IAD,C
21048,US,MD,IAD,H
21102,US,MD,IAD,M
21108,US,MD,IAD,H
20716,US,MD,IAD,C
20717,US,MD,IAD,C
20721,US,MD,IAD,C
21111,US,MD,IAD,M
21770,US,MD,IAD,E
20877,US,MD,IAD,C
20852,US,MD,IAD,B
20886,US,MD,IAD,C
21131,US,MD,IAD,M
20709,US,MD,IAD,C
20664,US,MD,IAD,D
21771,US,MD,IAD,M
20712,US,MD,IAD,B
21550,US,MD,IAD,M
21840,US,MD,IAD,O
21402,US,MD,IAD,D
20784,US,MD,IAD,B
20784,US,MD,IAD,B
20879,US,MD,IAD,C
20855,US,MD,IAD,B
21140,US,MD,IAD,H
20737,US,MD,IAD,B
21122,US,MD,IAD,H
21661,US,MD,IAD,M
20847,US,MD,IAD,B
20848,US,MD,IAD,B
20850,US,MD,IAD,B
20851,US,MD,IAD,B
20852,US,MD,IAD,B
21130,US,MD,IAD,M
20854,US,MD,IAD,B
21136,US,MD,IAD,M
20857,US,MD,IAD,B
21237,US,MD,IAD,H
20602,US,MD,IAD,C
20603,US,MD,IAD,C
20604,US,MD,IAD,C
20684,US,MD,IAD,D
20685,US,MD,IAD,D
20686,US,MD,IAD,D
21663,US,MD,IAD,M
20853,US,MD,IAD,B
20854,US,MD,IAD,B
21220,US,MD,IAD,H
21131,US,MD,IAD,M
21208,US,MD,IAD,H
20674,US,MD,IAD,D
21556,US,MD,IAD,M
20640,US,MD,IAD,D
21850,US,MD,IAD,O
21852,US,MD,IAD,O
21851,US,MD,IAD,O
21911,US,MD,IAD,M
21904,US,MD,IAD,M
20680,US,MD,IAD,D
21852,US,MD,IAD,O
21655,US,MD,IAD,M
20678,US,MD,IAD,D
21853,US,MD,IAD,O
21856,US,MD,IAD,O
21657,US,MD,IAD,M
21658,US,MD,IAD,M
20785,US,MD,IAD,B
21133,US,MD,IAD,H
21903,US,MD,IAD,M
20837,US,MD,IAD,C
21720,US,MD,IAD,M
21224,US,MD,IAD,H
20791,US,MD,IAD,B
20799,US,MD,IAD,B
21157,US,MD,IAD,M
21784,US,MD,IAD,M
21719,US,MD,IAD,M
20743,US,MD,IAD,B
21228,US,MD,IAD,H
21227,US,MD,IAD,H
21617,US,MD,IAD,M
21914,US,MD,IAD,M
20622,US,MD,IAD,D
21027,US,MD,IAD,H
20623,US,MD,IAD,D
20732,US,MD,IAD,D
21411,US,MD,IAD,D
21226,US,MD,IAD,H
21230,US,MD,IAD,H
21023,US,MD,IAD,M
21240,US,MD,IAD,H
20818,US,MD,IAD,B
20619,US,MD,IAD,D
21613,US,MD,IAD,M
21231,US,MD,IAD,H
20790,US,MD,IAD,B
20731,US,MD,IAD,B
21223,US,MD,IAD,H
20743,US,MD,IAD,B
20790,US,MD,IAD,B
21229,US,MD,IAD,H
20791,US,MD,IAD,B
20799,US,MD,IAD,B
20731,US,MD,IAD,B
21228,US,MD,IAD,H
21401,US,MD,IAD,D
21012,US,MD,IAD,H
21225,US,MD,IAD,H
21202,US,MD,IAD,H
21201,US,MD,IAD,H
21013,US,MD,IAD,H
21904,US,MD,IAD,M
20916,US,MD,IAD,B
21204,US,MD,IAD,H
20861,US,MD,IAD,C
21205,US,MD,IAD,H
21227,US,MD,IAD,H
20608,US,MD,IAD,D
20608,US,MD,IAD,D
21619,US,MD,IAD,M
21620,US,MD,IAD,M
20701,US,MD,IAD,H
21412,US,MD,IAD,D
20906,US,MD,IAD,B
21213,US,MD,IAD,H
21222,US,MD,IAD,H
21221,US,MD,IAD,H
21220,US,MD,IAD,H
21219,US,MD,IAD,H
21278,US,MD,IAD,H
21217,US,MD,IAD,H
21203,US,MD,IAD,H
21214,US,MD,IAD,H
20616,US,MD,IAD,D
21212,US,MD,IAD,H
21211,US,MD,IAD,H
21210,US,MD,IAD,H
21209,US,MD,IAD,H
21208,US,MD,IAD,H
21207,US,MD,IAD,H
21206,US,MD,IAD,H
21215,US,MD,IAD,H
21120,US,MD,IAD,M
20866,US,MD,IAD,C
21014,US,MD,IAD,H
21017,US,MD,IAD,M
21264,US,MD,IAD,H
20705,US,MD,IAD,B
20612,US,MD,IAD,D
21268,US,MD,IAD,H
21018,US,MD,IAD,H
20839,US,MD,IAD,C
21811,US,MD,IAD,O
20740,US,MD,IAD,B
20810,US,MD,IAD,B
21244,US,MD,IAD,H
20813,US,MD,IAD,B
21241,US,MD,IAD,H
20814,US,MD,IAD,B
21263,US,MD,IAD,H
21273,US,MD,IAD,H
21275,US,MD,IAD,H
21279,US,MD,IAD,H
21280,US,MD,IAD,H
21281,US,MD,IAD,H
21284,US,MD,IAD,H
21285,US,MD,IAD,H
21265,US,MD,IAD,H
21274,US,MD,IAD,H
20817,US,MD,IAD,B
21289,US,MD,IAD,H
21290,US,MD,IAD,H
21270,US,MD,IAD,H
21297,US,MD,IAD,H
21298,US,MD,IAD,H
21201,US,MD,IAD,H
20610,US,MD,IAD,D
21286,US,MD,IAD,H
21022,US,MD,IAD,M
21237,US,MD,IAD,H
21236,US,MD,IAD,H
20841,US,MD,IAD,E
20613,US,MD,IAD,D
21235,US,MD,IAD,H
20722,US,MD,IAD,B
20815,US,MD,IAD,B
20833,US,MD,IAD,C
20720,US,MD,IAD,C
21234,US,MD,IAD,H
21225,US,MD,IAD,H
21233,US,MD,IAD,H
21225,US,MD,IAD,H
21226,US,MD,IAD,H
21225,US,MD,IAD,H
21216,US,MD,IAD,H
20862,US,MD,IAD,C
21713,US,MD,IAD,M
21717,US,MD,IAD,E
20825,US,MD,IAD,B
20892,US,MD,IAD,B
21240,US,MD,IAD,H
20894,US,MD,IAD,B
21037,US,MD,IAD,M
21037,US,MD,IAD,M
21239,US,MD,IAD,H
20710,US,MD,IAD,B
20721,US,MD,IAD,C
21020,US,MD,IAD,H
20715,US,MD,IAD,C
20716,US,MD,IAD,C
20717,US,MD,IAD,C
20718,US,MD,IAD,C
20719,US,MD,IAD,C
20816,US,MD,IAD,B
21722,US,MD,IAD,M
21030,US,MD,IAD,H
21010,US,MD,IAD,M
20904,US,MD,IAD,B
21401,US,MD,IAD,D
21550,US,MD,IAD,M
21031,US,MD,IAD,H
21402,US,MD,IAD,D
20762,US,MD,IAD,B
21030,US,MD,IAD,H
20762,US,MD,IAD,B
20735,US,MD,IAD,C
21918,US,MD,IAD,M
21722,US,MD,IAD,M
21403,US,MD,IAD,D
21010,US,MD,IAD,M
21029,US,MD,IAD,H
21723,US,MD,IAD,H
20783,US,MD,IAD,B
21032,US,MD,IAD,H
21009,US,MD,IAD,M
21520,US,MD,IAD,M
21005,US,MD,IAD,M
21502,US,MD,IAD,M
20905,US,MD,IAD,B
20701,US,MD,IAD,H
20607,US,MD,IAD,D
21405,US,MD,IAD,D
21114,US,MD,IAD,H
21550,US,MD,IAD,M
20914,US,MD,IAD,B
21817,US,MD,IAD,O
21005,US,MD,IAD,M
20872,US,MD,IAD,C
21226,US,MD,IAD,H
21916,US,MD,IAD,M
21218,US,MD,IAD,H
21821,US,MD,IAD,O
20784,US,MD,IAD,B
21036,US,MD,IAD,H
21035,US,MD,IAD,H
20878,US,MD,IAD,C
21404,US,MD,IAD,D
20740,US,MD,IAD,B
20871,US,MD,IAD,C
21917,US,MD,IAD,M
20815,US,MD,IAD,B
20825,US,MD,IAD,B
20742,US,MD,IAD,B
20783,US,MD,IAD,B
20733,US,MD,IAD,D
20751,US,MD,IAD,D
21045,US,MD,IAD,H
21046,US,MD,IAD,H
20785,US,MD,IAD,B
20874,US,MD,IAD,C
21028,US,MD,IAD,H
21043,US,MD,IAD,H
21044,US,MD,IAD,H
20662,US,MD,BWI,Y
20677,US,MD,BWI,Y
20837,US,MD,DCA,C
21904,US,MD,BWI,E
20676,US,MD,BWI,Y
20854,US,MD,BWI,C
21027,US,MD,BWI,B
21030,US,MD,BWI,B
20785,US,MD,BWI,C
20784,US,MD,DCA,B
20784,US,MD,BWI,C
21620,US,MD,BWI,F
21619,US,MD,BWI,D
20732,US,MD,DCA,D
20732,US,MD,BWI,Y
20815,US,MD,BWI,C
20623,US,MD,BWI,F
20815,US,MD,DCA,B
20622,US,MD,DCA,D
20622,US,MD,BWI,Y
21914,US,MD,BWI,E
20621,US,MD,BWI,Y
21617,US,MD,BWI,F
21720,US,MD,DCA,E
21720,US,MD,BWI,E
21228,US,MD,BWI,A
20623,US,MD,DCA,D
21028,US,MD,BWI,C
21048,US,MD,BWI,C
20735,US,MD,DCA,C
20735,US,MD,BWI,D
20624,US,MD,BWI,Y
21722,US,MD,BWI,M
21029,US,MD,BWI,C
20871,US,MD,DCA,C
20871,US,MD,BWI,E
20785,US,MD,DCA,B
21624,US,MD,BWI,M
21157,US,MD,BWI,C
20733,US,MD,BWI,F
21623,US,MD,BWI,M
21622,US,MD,BWI,M
20783,US,MD,DCA,B
20783,US,MD,BWI,C
21916,US,MD,BWI,E
20825,US,MD,DCA,B
20825,US,MD,BWI,C
20854,US,MD,DCA,B
20616,US,MD,BWI,Y
20818,US,MD,DCA,B
20818,US,MD,BWI,C
21240,US,MD,BWI,A
21023,US,MD,BWI,C
20618,US,MD,BWI,Y
20866,US,MD,DCA,C
20866,US,MD,BWI,C
21717,US,MD,DCA,E
21719,US,MD,BWI,M
20616,US,MD,DCA,D
20620,US,MD,BWI,Y
20615,US,MD,BWI,Y
20833,US,MD,BWI,C
21225,US,MD,BWI,A
21226,US,MD,BWI,A
21225,US,MD,BWI,A
21225,US,MD,BWI,A
21022,US,MD,BWI,C
20833,US,MD,DCA,C
21717,US,MD,BWI,E
20731,US,MD,BWI,D
21030,US,MD,BWI,B
20799,US,MD,DCA,B
20799,US,MD,BWI,D
20791,US,MD,DCA,B
20791,US,MD,BWI,D
20790,US,MD,DCA,B
20790,US,MD,BWI,D
20743,US,MD,DCA,B
20619,US,MD,BWI,Y
20731,US,MD,DCA,B
20619,US,MD,DCA,D
20799,US,MD,BWI,G
20791,US,MD,BWI,G
20790,US,MD,BWI,G
20743,US,MD,BWI,D
20731,US,MD,BWI,G
21401,US,MD,DCA,D
21401,US,MD,BWI,B
21613,US,MD,BWI,F
21784,US,MD,BWI,C
20743,US,MD,BWI,D
21222,US,MD,BWI,B
20625,US,MD,BWI,E
21528,US,MD,BWI,M
21403,US,MD,DCA,D
21403,US,MD,BWI,B
21601,US,MD,BWI,F
21631,US,MD,BWI,L
20754,US,MD,DCA,D
20754,US,MD,BWI,Y
21037,US,MD,BWI,B
21219,US,MD,BWI,B
21040,US,MD,BWI,C
20630,US,MD,DCA,D
20630,US,MD,BWI,Y
20629,US,MD,BWI,E
20753,US,MD,DCA,C
20753,US,MD,BWI,D
20747,US,MD,DCA,C
20747,US,MD,BWI,D
20842,US,MD,DCA,C
21222,US,MD,BWI,B
21869,US,MD,BWI,O
21632,US,MD,BWI,F
20632,US,MD,DCA,D
20632,US,MD,BWI,Y
21047,US,MD,BWI,C
21713,US,MD,BWI,M
21284,US,MD,BWI,A
21204,US,MD,BWI,A
21221,US,MD,BWI,B
21037,US,MD,BWI,B
21727,US,MD,BWI,E
20855,US,MD,BWI,H
21043,US,MD,BWI,B
21042,US,MD,BWI,B
21036,US,MD,BWI,B
21921,US,MD,BWI,Y
21227,US,MD,BWI,B
21075,US,MD,BWI,B
21920,US,MD,BWI,E
21784,US,MD,BWI,C
21727,US,MD,DCA,E
20740,US,MD,DCA,B
21723,US,MD,BWI,D
21918,US,MD,BWI,Y
20627,US,MD,BWI,E
21046,US,MD,BWI,B
21045,US,MD,BWI,B
21044,US,MD,BWI,B
20626,US,MD,BWI,Y
21917,US,MD,BWI,Y
20842,US,MD,BWI,E
20742,US,MD,BWI,C
21114,US,MD,BWI,C
20740,US,MD,BWI,C
20914,US,MD,DCA,B
20914,US,MD,BWI,C
20905,US,MD,DCA,B
20905,US,MD,BWI,C
20904,US,MD,DCA,B
20904,US,MD,BWI,C
21031,US,MD,BWI,B
20742,US,MD,DCA,B
20874,US,MD,DCA,C
20862,US,MD,BWI,C
21629,US,MD,BWI,F
21875,US,MD,BWI,O
21550,US,MD,BWI,M
20751,US,MD,BWI,Y
21821,US,MD,BWI,O
21036,US,MD,BWI,A
21035,US,MD,BWI,C
21550,US,MD,BWI,M
20878,US,MD,BWI,E
21817,US,MD,BWI,O
20874,US,MD,BWI,E
21043,US,MD,BWI,B
20628,US,MD,BWI,Y
20872,US,MD,DCA,C
20872,US,MD,BWI,Y
21226,US,MD,BWI,A
21502,US,MD,BWI,M
21032,US,MD,BWI,B
20855,US,MD,DCA,C
20878,US,MD,DCA,C
21206,US,MD,BWI,B
20833,US,MD,BWI,C
21215,US,MD,BWI,B
21214,US,MD,BWI,B
21213,US,MD,BWI,B
21212,US,MD,BWI,B
21211,US,MD,BWI,B
21210,US,MD,BWI,B
21209,US,MD,BWI,B
21217,US,MD,BWI,B
21207,US,MD,BWI,B
21218,US,MD,BWI,B
21205,US,MD,BWI,B
21204,US,MD,BWI,B
21203,US,MD,BWI,B
21202,US,MD,BWI,B
21201,US,MD,BWI,B
21240,US,MD,BWI,A
21013,US,MD,BWI,C
21904,US,MD,BWI,E
21208,US,MD,BWI,B
21227,US,MD,BWI,B
21239,US,MD,BWI,B
21237,US,MD,BWI,A
21236,US,MD,BWI,A
21235,US,MD,BWI,B
21234,US,MD,BWI,A
21233,US,MD,BWI,B
21231,US,MD,BWI,B
21230,US,MD,BWI,B
21216,US,MD,BWI,B
21228,US,MD,BWI,B
20916,US,MD,BWI,C
21226,US,MD,BWI,B
21225,US,MD,BWI,B
21224,US,MD,BWI,A
21223,US,MD,BWI,B
21222,US,MD,BWI,A
21221,US,MD,BWI,A
21220,US,MD,BWI,A
21219,US,MD,BWI,A
21229,US,MD,BWI,B
21520,US,MD,BWI,M
21401,US,MD,DCA,D
21401,US,MD,BWI,B
20701,US,MD,BWI,B
20762,US,MD,DCA,B
20762,US,MD,BWI,D
20762,US,MD,BWI,D
20783,US,MD,DCA,B
20783,US,MD,BWI,C
20609,US,MD,BWI,Y
20607,US,MD,BWI,Y
21403,US,MD,BWI,B
21009,US,MD,BWI,C
21010,US,MD,BWI,C
21005,US,MD,BWI,C
21010,US,MD,BWI,C
21005,US,MD,BWI,C
21009,US,MD,BWI,C
21001,US,MD,BWI,C
20606,US,MD,BWI,Y
20607,US,MD,DCA,D
21412,US,MD,DCA,D
21244,US,MD,BWI,B
20906,US,MD,DCA,B
20906,US,MD,BWI,C
20861,US,MD,DCA,C
20861,US,MD,BWI,C
21012,US,MD,BWI,B
21227,US,MD,BWI,A
20608,US,MD,DCA,D
21402,US,MD,BWI,B
20701,US,MD,BWI,B
21402,US,MD,DCA,D
21412,US,MD,BWI,B
21411,US,MD,DCA,D
21411,US,MD,BWI,B
21405,US,MD,DCA,D
21405,US,MD,BWI,B
21404,US,MD,DCA,D
21404,US,MD,BWI,B
21403,US,MD,DCA,D
20916,US,MD,DCA,B
20608,US,MD,BWI,Y
20894,US,MD,DCA,B
21713,US,MD,BWI,M
20710,US,MD,DCA,B
20710,US,MD,BWI,D
21814,US,MD,BWI,O
21813,US,MD,BWI,N
21722,US,MD,BWI,M
21106,US,MD,BWI,C
21037,US,MD,BWI,B
20816,US,MD,BWI,C
21609,US,MD,BWI,K
20715,US,MD,DCA,C
20894,US,MD,BWI,C
20892,US,MD,DCA,B
20892,US,MD,BWI,C
20825,US,MD,DCA,B
20825,US,MD,BWI,C
20817,US,MD,DCA,B
20817,US,MD,BWI,C
21240,US,MD,BWI,B
21037,US,MD,BWI,B
20720,US,MD,BWI,C
21290,US,MD,BWI,B
20722,US,MD,DCA,B
20722,US,MD,BWI,D
20613,US,MD,DCA,D
20613,US,MD,BWI,F
21612,US,MD,BWI,M
20841,US,MD,DCA,E
20841,US,MD,BWI,E
21020,US,MD,BWI,E
20721,US,MD,BWI,C
20715,US,MD,BWI,C
20719,US,MD,DCA,C
20719,US,MD,BWI,C
20718,US,MD,DCA,C
20718,US,MD,BWI,C
20717,US,MD,DCA,C
20717,US,MD,BWI,C
20716,US,MD,DCA,C
20716,US,MD,BWI,C
20815,US,MD,DCA,B
20721,US,MD,DCA,C
21275,US,MD,BWI,B
21298,US,MD,BWI,B
21297,US,MD,BWI,B
21289,US,MD,BWI,B
21402,US,MD,BWI,B
21285,US,MD,BWI,B
21284,US,MD,BWI,B
21281,US,MD,BWI,B
21280,US,MD,BWI,B
20816,US,MD,DCA,B
21278,US,MD,BWI,B
20839,US,MD,BWI,E
21274,US,MD,BWI,B
21273,US,MD,BWI,B
21270,US,MD,BWI,B
21268,US,MD,BWI,B
21265,US,MD,BWI,B
21264,US,MD,BWI,B
21263,US,MD,BWI,B
20862,US,MD,DCA,C
21279,US,MD,BWI,B
21018,US,MD,BWI,C
20815,US,MD,BWI,C
20814,US,MD,DCA,B
20814,US,MD,BWI,C
20813,US,MD,DCA,B
20813,US,MD,BWI,C
20810,US,MD,BWI,C
20740,US,MD,DCA,B
20740,US,MD,BWI,C
20610,US,MD,BWI,E
21120,US,MD,BWI,D
20610,US,MD,DCA,D
20612,US,MD,DCA,D
20612,US,MD,BWI,E
20705,US,MD,DCA,B
20705,US,MD,BWI,C
21017,US,MD,BWI,C
20611,US,MD,BWI,Y
21014,US,MD,BWI,C
21014,US,MD,BWI,C
21241,US,MD,BWI,B
21811,US,MD,BWI,O
21765,US,MD,BWI,D
20656,US,MD,BWI,E
20711,US,MD,DCA,D
20711,US,MD,BWI,Y
21092,US,MD,BWI,C
21539,US,MD,BWI,M
21765,US,MD,BWI,D
21090,US,MD,BWI,B
21536,US,MD,BWI,M
21088,US,MD,BWI,E
20657,US,MD,DCA,D
20653,US,MD,DCA,D
20653,US,MD,BWI,Y
21701,US,MD,DCA,E
20650,US,MD,DCA,D
20650,US,MD,BWI,Y
20882,US,MD,DCA,C
20882,US,MD,BWI,E
20879,US,MD,DCA,C
21090,US,MD,BWI,B
21837,US,MD,BWI,O
21769,US,MD,DCA,E
21220,US,MD,BWI,B
20659,US,MD,DCA,D
20659,US,MD,BWI,Y
21133,US,MD,BWI,B
21562,US,MD,BWI,M
21106,US,MD,BWI,C
21105,US,MD,BWI,E
21540,US,MD,BWI,M
21104,US,MD,BWI,C
20657,US,MD,BWI,Y
20658,US,MD,BWI,Y
21102,US,MD,BWI,D
21088,US,MD,BWI,D
21648,US,MD,BWI,N
20621,US,MD,BWI,Y
21093,US,MD,BWI,B
21093,US,MD,BWI,B
20724,US,MD,BWI,B
21649,US,MD,BWI,N
21087,US,MD,BWI,C
20879,US,MD,BWI,E
20784,US,MD,BWI,C
20785,US,MD,DCA,B
20785,US,MD,BWI,C
21122,US,MD,BWI,B
20703,US,MD,BWI,G
20646,US,MD,DCA,D
20646,US,MD,BWI,Y
20787,US,MD,BWI,G
21538,US,MD,BWI,M
20787,US,MD,DCA,B
20774,US,MD,DCA,B
20774,US,MD,BWI,F
20895,US,MD,DCA,B
20895,US,MD,BWI,C
20891,US,MD,DCA,B
21645,US,MD,BWI,M
21085,US,MD,BWI,C
20794,US,MD,BWI,B
21758,US,MD,BWI,M
21227,US,MD,BWI,A
21651,US,MD,BWI,M
20723,US,MD,DCA,C
20723,US,MD,BWI,B
20709,US,MD,DCA,C
20709,US,MD,BWI,B
20708,US,MD,DCA,C
20708,US,MD,BWI,B
20707,US,MD,DCA,C
20784,US,MD,DCA,B
20744,US,MD,BWI,F
20724,US,MD,DCA,C
20706,US,MD,DCA,B
20706,US,MD,BWI,C
20703,US,MD,DCA,B
20703,US,MD,BWI,C
20706,US,MD,DCA,B
20706,US,MD,BWI,C
20703,US,MD,DCA,B
20703,US,MD,BWI,C
20707,US,MD,BWI,B
20736,US,MD,DCA,D
21842,US,MD,BWI,O
21122,US,MD,BWI,B
21849,US,MD,BWI,O
21234,US,MD,BWI,B
21120,US,MD,BWI,D
20667,US,MD,BWI,Y
20745,US,MD,DCA,B
20745,US,MD,BWI,D
20670,US,MD,BWI,Y
21117,US,MD,BWI,B
20670,US,MD,DCA,D
20736,US,MD,BWI,Y
21853,US,MD,BWI,O
20832,US,MD,DCA,C
20832,US,MD,BWI,C
20830,US,MD,BWI,C
21043,US,MD,BWI,B
21113,US,MD,BWI,B
21102,US,MD,BWI,D
21654,US,MD,BWI,O
20674,US,MD,DCA,D
21286,US,MD,BWI,A
20745,US,MD,BWI,D
20837,US,MD,BWI,E
20675,US,MD,BWI,Y
21851,US,MD,BWI,O
21852,US,MD,BWI,O
21850,US,MD,BWI,O
20640,US,MD,DCA,D
21048,US,MD,BWI,C
21556,US,MD,BWI,M
21550,US,MD,BWI,M
20674,US,MD,BWI,Y
21208,US,MD,BWI,A
21131,US,MD,BWI,C
21131,US,MD,BWI,C
21903,US,MD,BWI,E
21130,US,MD,BWI,C
21902,US,MD,BWI,E
21128,US,MD,BWI,B
20640,US,MD,BWI,Y
21770,US,MD,BWI,E
21811,US,MD,BWI,O
20708,US,MD,DCA,C
20708,US,MD,BWI,B
20886,US,MD,DCA,C
20886,US,MD,BWI,E
20879,US,MD,DCA,C
20879,US,MD,BWI,E
20877,US,MD,DCA,C
20709,US,MD,DCA,C
21770,US,MD,DCA,E
20664,US,MD,BWI,Y
21111,US,MD,BWI,C
20721,US,MD,DCA,C
20721,US,MD,BWI,C
20717,US,MD,DCA,C
20717,US,MD,BWI,C
20716,US,MD,DCA,C
20716,US,MD,BWI,C
20712,US,MD,BWI,D
20877,US,MD,BWI,E
20784,US,MD,DCA,B
21236,US,MD,BWI,B
20878,US,MD,DCA,C
20878,US,MD,BWI,E
21901,US,MD,BWI,E
20852,US,MD,DCA,B
20852,US,MD,BWI,C
20664,US,MD,DCA,D
20664,US,MD,BWI,Y
20709,US,MD,BWI,B
20784,US,MD,BWI,C
21108,US,MD,BWI,B
20784,US,MD,BWI,C
21402,US,MD,DCA,D
21840,US,MD,BWI,O
21550,US,MD,BWI,M
20661,US,MD,BWI,E
20712,US,MD,DCA,B
21771,US,MD,BWI,Y
20660,US,MD,BWI,E
21841,US,MD,BWI,O
20899,US,MD,BWI,E
20879,US,MD,DCA,C
21056,US,MD,BWI,C
20876,US,MD,DCA,C
20876,US,MD,BWI,E
20874,US,MD,DCA,C
20874,US,MD,BWI,E
20896,US,MD,BWI,H
21054,US,MD,BWI,B
21057,US,MD,BWI,C
20899,US,MD,DCA,C
21060,US,MD,BWI,B
20898,US,MD,DCA,C
20898,US,MD,BWI,E
20886,US,MD,DCA,C
20886,US,MD,BWI,E
20885,US,MD,DCA,C
20885,US,MD,BWI,E
20884,US,MD,DCA,C
20634,US,MD,BWI,Y
21635,US,MD,BWI,N
20769,US,MD,BWI,C
21638,US,MD,BWI,K
21536,US,MD,BWI,M
21163,US,MD,BWI,C
21788,US,MD,DCA,E
21788,US,MD,BWI,E
21635,US,MD,BWI,N
21636,US,MD,BWI,M
21071,US,MD,BWI,C
21829,US,MD,BWI,O
20769,US,MD,DCA,B
20879,US,MD,BWI,E
21737,US,MD,BWI,D
21152,US,MD,BWI,C
20706,US,MD,DCA,B
20706,US,MD,BWI,F
20812,US,MD,DCA,B
20812,US,MD,BWI,C
21062,US,MD,BWI,B
21061,US,MD,BWI,B
21738,US,MD,BWI,D
21702,US,MD,DCA,E
20882,US,MD,DCA,C
20749,US,MD,DCA,C
20749,US,MD,BWI,D
20744,US,MD,DCA,C
20744,US,MD,BWI,D
21719,US,MD,BWI,M
20755,US,MD,BWI,B
21052,US,MD,BWI,B
21701,US,MD,DCA,E
20755,US,MD,BWI,B
21702,US,MD,BWI,E
21702,US,MD,BWI,E
21051,US,MD,BWI,C
20753,US,MD,BWI,D
20747,US,MD,DCA,C
20747,US,MD,BWI,D
21131,US,MD,BWI,C
21050,US,MD,BWI,C
20745,US,MD,DCA,B
20755,US,MD,BWI,B
20758,US,MD,BWI,B
20878,US,MD,DCA,C
20878,US,MD,BWI,E
20877,US,MD,DCA,C
20877,US,MD,BWI,E
21784,US,MD,BWI,C
20759,US,MD,BWI,B
20749,US,MD,BWI,J
21826,US,MD,BWI,O
21155,US,MD,BWI,C
21531,US,MD,BWI,M
20884,US,MD,BWI,E
21053,US,MD,BWI,D
21709,US,MD,BWI,E
21703,US,MD,BWI,E
21709,US,MD,DCA,E
21709,US,MD,BWI,E
21703,US,MD,DCA,E
21703,US,MD,BWI,E
21702,US,MD,DCA,E
21532,US,MD,BWI,M
20636,US,MD,DCA,D
20781,US,MD,DCA,B
20781,US,MD,BWI,C
21550,US,MD,BWI,M
21643,US,MD,BWI,O
20639,US,MD,DCA,D
20639,US,MD,BWI,Y
21031,US,MD,BWI,B
21076,US,MD,BWI,B
20637,US,MD,BWI,Y
20783,US,MD,BWI,C
20636,US,MD,BWI,Y
20777,US,MD,BWI,C
21719,US,MD,BWI,M
20635,US,MD,BWI,E
21830,US,MD,BWI,K
21078,US,MD,BWI,D
21077,US,MD,BWI,B
21098,US,MD,BWI,B
20637,US,MD,DCA,D
20788,US,MD,BWI,C
20645,US,MD,DCA,D
20645,US,MD,BWI,Y
20643,US,MD,BWI,E
20640,US,MD,DCA,D
20640,US,MD,BWI,Y
20882,US,MD,BWI,E
21754,US,MD,DCA,E
20768,US,MD,BWI,C
20782,US,MD,BWI,C
20788,US,MD,DCA,B
20782,US,MD,DCA,B
20787,US,MD,DCA,B
20787,US,MD,BWI,C
20785,US,MD,DCA,B
20785,US,MD,BWI,C
20784,US,MD,DCA,B
20784,US,MD,BWI,C
20783,US,MD,DCA,B
21754,US,MD,BWI,E
21082,US,MD,BWI,C
21207,US,MD,BWI,A
21748,US,MD,BWI,E
21747,US,MD,DCA,E
21747,US,MD,BWI,E
21742,US,MD,DCA,E
21742,US,MD,BWI,E
21741,US,MD,DCA,E
20768,US,MD,DCA,B
21741,US,MD,BWI,E
21748,US,MD,DCA,E
21742,US,MD,HGR,A
20770,US,MD,BWI,D
21010,US,MD,BWI,C
21639,US,MD,BWI,M
21074,US,MD,BWI,C
20771,US,MD,DCA,B
20771,US,MD,BWI,C
20770,US,MD,DCA,B
21750,US,MD,BWI,M
21043,US,MD,BWI,B
21740,US,MD,DCA,E
21749,US,MD,BWI,E
21227,US,MD,BWI,A
21074,US,MD,BWI,C
21749,US,MD,DCA,E
20903,US,MD,BWI,C
21862,US,MD,BWI,O
21405,US,MD,BWI,B
21405,US,MD,DCA,D
21861,US,MD,BWI,M
20901,US,MD,BWI,C
20901,US,MD,DCA,B
21538,US,MD,BWI,M
20902,US,MD,DCA,B
20687,US,MD,BWI,Y
20903,US,MD,DCA,B
20904,US,MD,BWI,C
20902,US,MD,BWI,C
20764,US,MD,BWI,F
21146,US,MD,BWI,B
21150,US,MD,BWI,B
21664,US,MD,BWI,O
20763,US,MD,BWI,B
21803,US,MD,BWI,O
21801,US,MD,BWI,O
20904,US,MD,DCA,B
20686,US,MD,DCA,D
20911,US,MD,DCA,B
20859,US,MD,DCA,B
21663,US,MD,BWI,O
21144,US,MD,BWI,B
20912,US,MD,BWI,C
20847,US,MD,BWI,C
20997,US,MD,BWI,C
20918,US,MD,DCA,B
20997,US,MD,DCA,B
20916,US,MD,DCA,B
20916,US,MD,BWI,C
20915,US,MD,DCA,B
20915,US,MD,BWI,C
20914,US,MD,DCA,B
20914,US,MD,BWI,C
20913,US,MD,DCA,B
20910,US,MD,DCA,B
20912,US,MD,DCA,B
20905,US,MD,BWI,C
20686,US,MD,BWI,D
20911,US,MD,BWI,C
20918,US,MD,BWI,C
20910,US,MD,BWI,C
20908,US,MD,DCA,B
20908,US,MD,BWI,C
20907,US,MD,DCA,B
20907,US,MD,BWI,C
20906,US,MD,DCA,B
20906,US,MD,BWI,C
20905,US,MD,DCA,B
20913,US,MD,BWI,C
21122,US,MD,BWI,B
20848,US,MD,DCA,B
21911,US,MD,BWI,Y
20658,US,MD,BWI,Y
20855,US,MD,DCA,C
20855,US,MD,BWI,C
21140,US,MD,BWI,B
20854,US,MD,DCA,B
20737,US,MD,BWI,D
20854,US,MD,BWI,C
20853,US,MD,DCA,B
20853,US,MD,BWI,C
20680,US,MD,DCA,D
20737,US,MD,DCA,B
20680,US,MD,BWI,Y
20852,US,MD,BWI,C
20851,US,MD,DCA,B
20851,US,MD,BWI,C
20850,US,MD,DCA,B
21661,US,MD,BWI,L
20850,US,MD,BWI,C
20682,US,MD,BWI,E
20847,US,MD,DCA,B
20848,US,MD,BWI,C
21863,US,MD,BWI,O
20748,US,MD,DCA,B
20852,US,MD,DCA,B
20603,US,MD,BWI,F
20685,US,MD,BWI,Y
20684,US,MD,DCA,D
20684,US,MD,BWI,Y
21655,US,MD,BWI,F
20604,US,MD,DCA,C
20678,US,MD,BWI,Y
20604,US,MD,BWI,F
20678,US,MD,DCA,D
21853,US,MD,BWI,O
20603,US,MD,DCA,C
21856,US,MD,BWI,O
21660,US,MD,BWI,M
21658,US,MD,BWI,D
20685,US,MD,DCA,D
20785,US,MD,BWI,C
20602,US,MD,DCA,C
20602,US,MD,BWI,F
21237,US,MD,BWI,B
20785,US,MD,DCA,B
21133,US,MD,BWI,B
20859,US,MD,DCA,B
20857,US,MD,DCA,B
20857,US,MD,BWI,C
21136,US,MD,BWI,B
21139,US,MD,BWI,E
21657,US,MD,BWI,K
21158,US,MD,BWI,C
21677,US,MD,BWI,M
21678,US,MD,BWI,M
20775,US,MD,DCA,C
20775,US,MD,BWI,F
20774,US,MD,DCA,B
20782,US,MD,DCA,B
21540,US,MD,BWI,M
21562,US,MD,BWI,M
21157,US,MD,BWI,C
20774,US,MD,BWI,F
20779,US,MD,BWI,Y
20772,US,MD,BWI,F
20817,US,MD,DCA,B
20604,US,MD,DCA,C
21871,US,MD,BWI,N
20902,US,MD,DCA,B
20695,US,MD,DCA,D
21156,US,MD,BWI,C
20915,US,MD,BWI,C
21158,US,MD,BWI,C
20915,US,MD,DCA,B
21161,US,MD,BWI,D
20695,US,MD,BWI,Y
21673,US,MD,BWI,K
20772,US,MD,DCA,C
21104,US,MD,BWI,C
20604,US,MD,BWI,F
20603,US,MD,DCA,C
20901,US,MD,BWI,C
21675,US,MD,BWI,N
20688,US,MD,BWI,Y
20603,US,MD,BWI,F
20602,US,MD,DCA,C
20747,US,MD,DCA,C
21793,US,MD,BWI,E
21793,US,MD,DCA,E
20901,US,MD,DCA,B
20782,US,MD,BWI,C
20693,US,MD,DCA,D
21794,US,MD,BWI,C
20602,US,MD,BWI,F
20601,US,MD,DCA,C
21163,US,MD,BWI,C
20601,US,MD,BWI,F
21869,US,MD,BWI,O
20692,US,MD,BWI,Y
21155,US,MD,BWI,C
21162,US,MD,BWI,B
21795,US,MD,DCA,E
20817,US,MD,BWI,C
20902,US,MD,BWI,C
20693,US,MD,BWI,Y
21286,US,MD,BWI,A
21152,US,MD,BWI,C
21152,US,MD,BWI,C
21219,US,MD,BWI,B
20868,US,MD,BWI,H
20868,US,MD,DCA,C
20746,US,MD,BWI,D
20774,US,MD,BWI,F
20790,US,MD,DCA,B
21784,US,MD,BWI,C
21153,US,MD,BWI,B
21666,US,MD,BWI,F
20898,US,MD,BWI,H
20898,US,MD,DCA,C
21668,US,MD,BWI,L
21679,US,MD,BWI,K
20752,US,MD,BWI,G
20688,US,MD,DCA,D
20731,US,MD,BWI,G
20731,US,MD,DCA,B
20747,US,MD,BWI,D
21852,US,MD,BWI,O
20748,US,MD,BWI,D
20791,US,MD,DCA,B
20749,US,MD,DCA,C
20791,US,MD,BWI,G
20753,US,MD,BWI,J
20753,US,MD,DCA,C
20757,US,MD,BWI,G
20757,US,MD,DCA,B
20790,US,MD,BWI,G
20774,US,MD,DCA,B
20749,US,MD,BWI,J
20913,US,MD,BWI,C
20757,US,MD,BWI,D
21788,US,MD,BWI,E
21788,US,MD,DCA,E
20746,US,MD,DCA,B
21671,US,MD,BWI,N
20748,US,MD,BWI,D
21093,US,MD,BWI,B
21787,US,MD,BWI,E
20690,US,MD,BWI,Y
20757,US,MD,DCA,B
20913,US,MD,DCA,B
20748,US,MD,DCA,B
21784,US,MD,BWI,C
20752,US,MD,BWI,D
20689,US,MD,BWI,Y
21285,US,MD,BWI,B
20912,US,MD,BWI,C
20912,US,MD,DCA,B
21204,US,MD,BWI,B
21550,US,MD,HGR,E
21528,US,MD,HGR,D
21727,US,MD,HGR,C
21722,US,MD,HGR,C
21719,US,MD,HGR,B
21717,US,MD,HGR,B
21716,US,MD,HGR,C
21715,US,MD,HGR,C
21713,US,MD,HGR,B
21711,US,MD,HGR,D
21710,US,MD,HGR,C
21562,US,MD,HGR,E
21741,US,MD,HGR,A
21550,US,MD,HGR,E
21742,US,MD,HGR,A
21550,US,MD,HGR,E
21545,US,MD,HGR,D
21541,US,MD,HGR,E
21540,US,MD,HGR,E
21540,US,MD,HGR,E
21539,US,MD,HGR,E
21538,US,MD,HGR,E
21536,US,MD,HGR,E
21532,US,MD,HGR,D
21531,US,MD,HGR,E
21530,US,MD,HGR,D
21556,US,MD,HGR,D
21765,US,MD,HGR,C
21798,US,MD,HGR,B
21797,US,MD,HGR,C
21793,US,MD,HGR,B
21791,US,MD,HGR,C
21788,US,MD,HGR,B
21787,US,MD,HGR,C
21783,US,MD,HGR,A
21778,US,MD,HGR,C
21777,US,MD,HGR,C
21774,US,MD,HGR,B
21771,US,MD,HGR,C
21740,US,MD,HGR,A
21769,US,MD,HGR,A
21557,US,MD,HGR,D
21758,US,MD,HGR,C
21758,US,MD,HGR,C
21757,US,MD,HGR,C
21757,US,MD,HGR,C
21755,US,MD,HGR,C
21754,US,MD,HGR,B
21750,US,MD,HGR,D
21749,US,MD,HGR,A
21748,US,MD,HGR,A
21747,US,MD,HGR,A
21746,US,MD,HGR,A
21770,US,MD,HGR,C
4282,US,ME,PWM,F
4491,US,ME,PWM,H
4491,US,ME,BGR,H
4862,US,ME,PWM,H
4862,US,ME,BGR,H
4282,US,ME,BGR,H
4988,US,ME,PWM,H
4086,US,ME,BGR,H
4989,US,ME,PWM,H
4989,US,ME,BGR,H
4785,US,ME,PWM,H
4785,US,ME,BGR,H
4974,US,ME,PWM,H
4567,US,ME,BGR,H
4971,US,ME,BGR,H
4971,US,ME,PWM,H
4773,US,ME,BGR,H
4773,US,ME,PWM,H
4774,US,ME,BGR,H
4774,US,ME,PWM,H
4073,US,ME,BGR,H
4074,US,ME,BGR,H
4674,US,ME,BGR,H
4674,US,ME,PWM,H
4772,US,ME,BGR,H
4675,US,ME,PWM,H
4072,US,ME,BGR,H
4075,US,ME,BGR,H
4075,US,ME,PWM,F
4565,US,ME,BGR,H
4565,US,ME,PWM,H
4676,US,ME,PWM,H
4076,US,ME,BGR,H
4076,US,ME,PWM,D
4975,US,ME,BGR,H
4975,US,ME,PWM,H
4776,US,ME,BGR,H
4982,US,ME,PWM,H
4675,US,ME,BGR,H
4970,US,ME,PWM,H
4068,US,ME,BGR,H
4068,US,ME,PWM,H
4101,US,ME,BGR,H
4069,US,ME,BGR,H
4069,US,ME,PWM,D
4769,US,ME,BGR,H
4769,US,ME,PWM,H
4668,US,ME,BGR,H
4738,US,ME,BGR,H
4668,US,ME,PWM,H
4345,US,ME,BGR,H
4772,US,ME,PWM,H
4970,US,ME,BGR,H
4567,US,ME,PWM,H
4071,US,ME,BGR,H
4355,US,ME,BGR,H
4355,US,ME,PWM,G
4357,US,ME,BGR,H
4841,US,ME,BGR,H
4856,US,ME,BGR,H
4478,US,ME,BGR,H
4478,US,ME,PWM,H
4276,US,ME,BGR,H
4280,US,ME,BGR,H
4280,US,ME,PWM,H
4345,US,ME,PWM,G
4681,US,ME,BGR,H
4776,US,ME,PWM,H
4083,US,ME,BGR,H
4859,US,ME,BGR,H
4859,US,ME,PWM,H
4084,US,ME,BGR,H
4085,US,ME,BGR,H
4085,US,ME,PWM,H
4680,US,ME,BGR,H
4680,US,ME,PWM,H
4489,US,ME,PWM,H
4783,US,ME,BGR,H
4487,US,ME,BGR,H
4981,US,ME,PWM,H
4679,US,ME,PWM,H
4681,US,ME,PWM,H
4982,US,ME,BGR,H
4983,US,ME,BGR,H
4983,US,ME,PWM,H
4684,US,ME,PWM,H
4685,US,ME,BGR,H
4685,US,ME,PWM,H
4860,US,ME,BGR,H
4860,US,ME,PWM,H
4861,US,ME,BGR,H
4861,US,ME,PWM,F
4783,US,ME,PWM,H
4359,US,ME,BGR,H
4780,US,ME,BGR,H
4780,US,ME,PWM,H
4979,US,ME,BGR,H
4979,US,ME,PWM,H
3908,US,ME,BGR,H
4568,US,ME,BGR,H
4568,US,ME,PWM,H
4077,US,ME,BGR,H
4077,US,ME,PWM,H
4358,US,ME,BGR,H
4358,US,ME,PWM,H
4487,US,ME,PWM,H
4078,US,ME,PWM,H
4986,US,ME,PWM,H
4359,US,ME,PWM,H
4079,US,ME,BGR,H
4079,US,ME,PWM,H
4041,US,ME,BGR,H
4041,US,ME,PWM,H
4281,US,ME,BGR,H
4106,US,ME,BGR,H
4858,US,ME,BGR,H
4858,US,ME,PWM,H
4228,US,ME,PWM,H
4081,US,ME,PWM,H
4078,US,ME,BGR,H
4616,US,ME,PWM,H
4219,US,ME,PWM,H
4219,US,ME,BGR,H
4011,US,ME,BGR,H
4415,US,ME,PWM,H
4415,US,ME,BGR,H
4414,US,ME,PWM,H
4010,US,ME,PWM,G
4010,US,ME,BGR,H
4353,US,ME,BGR,H
4921,US,ME,PWM,H
4618,US,ME,BGR,H
4009,US,ME,BGR,H
4735,US,ME,PWM,H
4735,US,ME,BGR,H
4412,US,ME,PWM,G
4410,US,ME,PWM,H
4008,US,ME,BGR,H
4538,US,ME,BGR,H
4537,US,ME,PWM,F
4617,US,ME,PWM,H
4619,US,ME,PWM,H
4419,US,ME,BGR,H
4736,US,ME,PWM,H
4736,US,ME,BGR,H
3902,US,ME,PWM,H
3902,US,ME,BGR,H
4107,US,ME,BGR,H
4221,US,ME,PWM,F
4221,US,ME,BGR,H
4220,US,ME,BGR,H
4923,US,ME,PWM,H
4220,US,ME,PWM,H
4619,US,ME,BGR,H
4093,US,ME,PWM,C
4093,US,ME,BGR,H
4013,US,ME,PWM,H
4013,US,ME,BGR,H
4922,US,ME,PWM,H
4922,US,ME,BGR,H
4618,US,ME,PWM,H
4920,US,ME,PWM,H
4924,US,ME,PWM,H
4216,US,ME,BGR,H
4537,US,ME,BGR,H
4330,US,ME,BGR,H
4210,US,ME,BGR,H
4912,US,ME,PWM,H
4912,US,ME,BGR,H
4732,US,ME,PWM,H
4732,US,ME,BGR,H
4911,US,ME,PWM,H
4003,US,ME,PWM,H
4216,US,ME,PWM,H
4004,US,ME,BGR,H
4002,US,ME,PWM,H
4002,US,ME,BGR,H
4910,US,ME,PWM,H
4606,US,ME,PWM,H
4606,US,ME,BGR,H
4001,US,ME,PWM,H
4001,US,ME,BGR,H
4406,US,ME,PWM,H
4406,US,ME,BGR,H
4911,US,ME,BGR,H
4918,US,ME,PWM,F
4421,US,ME,BGR,H
4920,US,ME,BGR,H
4006,US,ME,PWM,C
4006,US,ME,BGR,H
4005,US,ME,BGR,H
4217,US,ME,PWM,H
4217,US,ME,BGR,H
3901,US,ME,BGR,H
4003,US,ME,BGR,H
4612,US,ME,BGR,H
4614,US,ME,PWM,H
4918,US,ME,BGR,H
4917,US,ME,PWM,F
4917,US,ME,BGR,H
4611,US,ME,PWM,H
4611,US,ME,BGR,H
4530,US,ME,BGR,H
4653,US,ME,PWM,H
4653,US,ME,BGR,H
4004,US,ME,PWM,C
4612,US,ME,PWM,H
4289,US,ME,PWM,H
4692,US,ME,BGR,H
4091,US,ME,PWM,H
4575,US,ME,BGR,H
4575,US,ME,PWM,H
4093,US,ME,BGR,H
4093,US,ME,PWM,H
4493,US,ME,PWM,H
4095,US,ME,BGR,H
4090,US,ME,BGR,H
4289,US,ME,BGR,H
4285,US,ME,PWM,H
4690,US,ME,BGR,H
4690,US,ME,PWM,H
4092,US,ME,BGR,H
4855,US,ME,PWM,H
4020,US,ME,PWM,F
4081,US,ME,BGR,H
4353,US,ME,PWM,H
4691,US,ME,BGR,H
4419,US,ME,PWM,H
4095,US,ME,PWM,H
4574,US,ME,PWM,H
4863,US,ME,PWM,H
4992,US,ME,BGR,H
4094,US,ME,BGR,H
4094,US,ME,PWM,H
4572,US,ME,BGR,H
4854,US,ME,BGR,H
4854,US,ME,PWM,F
4786,US,ME,BGR,H
4091,US,ME,BGR,H
4574,US,ME,BGR,H
4692,US,ME,PWM,H
4087,US,ME,BGR,H
4087,US,ME,PWM,C
4088,US,ME,BGR,H
4088,US,ME,PWM,H
4284,US,ME,BGR,H
4284,US,ME,PWM,H
4361,US,ME,BGR,H
4361,US,ME,PWM,H
4285,US,ME,BGR,H
4786,US,ME,PWM,H
4926,US,ME,PWM,H
4691,US,ME,PWM,H
4020,US,ME,BGR,H
4928,US,ME,PWM,H
4341,US,ME,PWM,F
4341,US,ME,BGR,H
4623,US,ME,PWM,H
4623,US,ME,BGR,H
4927,US,ME,PWM,F
3911,US,ME,BGR,H
4019,US,ME,BGR,H
3910,US,ME,PWM,E
4926,US,ME,BGR,H
4622,US,ME,PWM,H
4017,US,ME,PWM,H
4017,US,ME,BGR,H
4422,US,ME,PWM,H
4016,US,ME,PWM,H
4016,US,ME,BGR,H
4421,US,ME,PWM,H
4863,US,ME,BGR,H
4019,US,ME,PWM,H
4578,US,ME,BGR,H
4294,US,ME,BGR,H
4062,US,ME,BGR,H
4363,US,ME,BGR,H
4363,US,ME,PWM,H
4495,US,ME,BGR,H
4495,US,ME,PWM,H
4693,US,ME,BGR,H
4693,US,ME,PWM,H
3911,US,ME,PWM,E
4364,US,ME,BGR,H
4015,US,ME,BGR,H
4694,US,ME,BGR,H
4694,US,ME,PWM,H
4579,US,ME,BGR,H
4579,US,ME,PWM,F
4497,US,ME,BGR,H
4497,US,ME,PWM,H
4096,US,ME,BGR,H
3909,US,ME,BGR,H
3910,US,ME,BGR,H
4496,US,ME,PWM,F
4655,US,ME,PWM,H
4255,US,ME,BGR,H
4855,US,ME,BGR,H
4050,US,ME,BGR,H
4050,US,ME,PWM,H
4051,US,ME,BGR,H
4051,US,ME,PWM,H
4652,US,ME,BGR,H
4652,US,ME,PWM,H
4654,US,ME,BGR,H
4459,US,ME,BGR,H
4655,US,ME,BGR,H
4253,US,ME,PWM,F
4756,US,ME,BGR,H
4756,US,ME,PWM,H
4950,US,ME,BGR,G
4950,US,ME,PWM,G
4351,US,ME,BGR,H
4351,US,ME,PWM,F
4757,US,ME,BGR,H
4757,US,ME,PWM,H
4758,US,ME,BGR,H
4027,US,ME,PWM,D
4654,US,ME,PWM,H
4049,US,ME,PWM,H
4958,US,ME,BGR,H
4455,US,ME,PWM,H
4263,US,ME,BGR,H
4263,US,ME,PWM,H
4456,US,ME,PWM,H
4240,US,ME,BGR,H
4949,US,ME,PWM,H
4048,US,ME,BGR,H
4048,US,ME,PWM,F
4750,US,ME,BGR,H
4679,US,ME,BGR,H
4049,US,ME,BGR,H
4254,US,ME,BGR,H
4457,US,ME,PWM,H
4849,US,ME,BGR,H
4849,US,ME,PWM,H
4250,US,ME,BGR,H
4252,US,ME,BGR,H
4252,US,ME,PWM,D
4350,US,ME,BGR,H
4350,US,ME,PWM,H
4253,US,ME,BGR,H
4459,US,ME,PWM,H
4750,US,ME,PWM,H
4956,US,ME,BGR,H
4352,US,ME,PWM,H
4055,US,ME,BGR,H
4055,US,ME,PWM,F
4260,US,ME,BGR,H
4260,US,ME,PWM,D
4554,US,ME,BGR,H
4554,US,ME,PWM,H
4955,US,ME,BGR,H
4955,US,ME,PWM,H
4758,US,ME,PWM,H
4762,US,ME,PWM,H
4660,US,ME,BGR,H
4956,US,ME,PWM,H
4553,US,ME,BGR,H
4553,US,ME,PWM,F
4056,US,ME,BGR,H
4056,US,ME,PWM,H
4953,US,ME,PWM,F
4555,US,ME,BGR,H
4555,US,ME,PWM,H
4957,US,ME,BGR,H
4957,US,ME,PWM,G
4762,US,ME,BGR,H
4258,US,ME,PWM,H
4256,US,ME,BGR,H
4460,US,ME,BGR,H
4460,US,ME,PWM,H
4257,US,ME,BGR,H
4257,US,ME,PWM,F
4658,US,ME,BGR,H
4658,US,ME,PWM,H
4461,US,ME,PWM,H
4462,US,ME,BGR,H
4462,US,ME,PWM,H
4352,US,ME,BGR,H
4258,US,ME,BGR,H
4660,US,ME,PWM,H
4249,US,ME,BGR,H
4249,US,ME,PWM,F
4464,US,ME,BGR,H
4464,US,ME,PWM,H
4760,US,ME,BGR,H
4760,US,ME,PWM,H
4054,US,ME,BGR,H
4054,US,ME,PWM,E
4952,US,ME,PWM,H
4027,US,ME,BGR,H
4463,US,ME,PWM,H
4032,US,ME,BGR,H
4937,US,ME,PWM,F
4105,US,ME,BGR,H
4938,US,ME,BGR,H
4742,US,ME,BGR,H
4742,US,ME,PWM,H
4743,US,ME,BGR,H
4743,US,ME,PWM,H
4438,US,ME,BGR,H
4438,US,ME,PWM,H
4441,US,ME,BGR,H
4941,US,ME,PWM,H
4434,US,ME,BGR,H
4547,US,ME,BGR,H
4547,US,ME,PWM,H
4037,US,ME,BGR,H
4345,US,ME,BGR,H
4846,US,ME,BGR,H
4846,US,ME,PWM,H
4038,US,ME,BGR,H
4039,US,ME,BGR,H
4236,US,ME,BGR,H
4455,US,ME,BGR,H
4634,US,ME,PWM,G
4740,US,ME,BGR,H
4630,US,ME,BGR,H
4630,US,ME,PWM,H
4430,US,ME,BGR,H
4430,US,ME,PWM,H
4933,US,ME,BGR,H
4933,US,ME,PWM,H
4029,US,ME,BGR,H
4029,US,ME,PWM,H
4234,US,ME,BGR,H
4234,US,ME,PWM,H
4937,US,ME,BGR,H
4343,US,ME,PWM,H
4434,US,ME,PWM,H
4740,US,ME,PWM,G
4631,US,ME,BGR,H
4631,US,ME,PWM,H
4556,US,ME,BGR,H
4556,US,ME,PWM,H
3903,US,ME,BGR,H
3903,US,ME,PWM,H
4076,US,ME,BGR,H
4076,US,ME,PWM,H
4441,US,ME,PWM,H
4343,US,ME,BGR,H
4349,US,ME,BGR,H
4945,US,ME,PWM,H
4239,US,ME,BGR,H
4348,US,ME,BGR,H
4348,US,ME,PWM,H
4648,US,ME,BGR,H
4648,US,ME,PWM,H
4649,US,ME,BGR,H
4649,US,ME,PWM,H
4043,US,ME,BGR,H
4236,US,ME,PWM,D
4046,US,ME,PWM,H
4747,US,ME,BGR,H
4349,US,ME,PWM,H
4047,US,ME,BGR,H
4047,US,ME,PWM,G
4947,US,ME,BGR,H
4947,US,ME,PWM,H
3904,US,ME,BGR,H
3904,US,ME,PWM,C
3905,US,ME,BGR,H
3905,US,ME,PWM,H
4453,US,ME,PWM,H
4046,US,ME,BGR,H
4238,US,ME,PWM,H
4442,US,ME,BGR,H
4442,US,ME,PWM,H
4443,US,ME,PWM,H
4347,US,ME,BGR,H
4942,US,ME,BGR,H
4942,US,ME,PWM,H
4643,US,ME,BGR,H
4643,US,ME,PWM,H
4040,US,ME,BGR,H
4040,US,ME,PWM,H
4945,US,ME,BGR,H
4238,US,ME,BGR,H
4747,US,ME,PWM,H
4041,US,ME,BGR,H
4041,US,ME,PWM,H
4042,US,ME,BGR,H
4042,US,ME,PWM,H
4730,US,ME,BGR,H
4730,US,ME,PWM,G
4448,US,ME,PWM,H
4644,US,ME,BGR,H
4644,US,ME,PWM,H
4255,US,ME,PWM,H
4943,US,ME,PWM,G
4628,US,ME,PWM,H
4110,US,ME,BGR,H
4028,US,ME,PWM,H
4028,US,ME,BGR,H
4225,US,ME,PWM,H
4225,US,ME,BGR,H
4426,US,ME,PWM,F
4426,US,ME,BGR,H
4932,US,ME,PWM,H
4224,US,ME,PWM,F
4030,US,ME,PWM,H
4930,US,ME,PWM,F
4739,US,ME,BGR,H
4628,US,ME,BGR,H
4022,US,ME,PWM,H
4022,US,ME,BGR,H
4627,US,ME,PWM,H
4424,US,ME,PWM,H
4424,US,ME,BGR,H
4543,US,ME,BGR,H
4563,US,ME,PWM,H
4563,US,ME,BGR,H
4110,US,ME,PWM,B
4224,US,ME,BGR,H
4084,US,ME,BGR,H
4254,US,ME,PWM,F
4962,US,ME,PWM,H
4267,US,ME,BGR,H
4267,US,ME,PWM,H
4662,US,ME,BGR,H
4662,US,ME,PWM,H
4268,US,ME,BGR,H
4763,US,ME,BGR,H
4763,US,ME,PWM,H
4030,US,ME,BGR,H
4063,US,ME,BGR,H
4084,US,ME,PWM,C
4228,US,ME,BGR,H
4027,US,ME,PWM,H
4027,US,ME,BGR,H
4429,US,ME,PWM,H
4427,US,ME,PWM,H
4544,US,ME,PWM,H
4544,US,ME,BGR,H
4024,US,ME,PWM,H
4024,US,ME,BGR,H
4739,US,ME,PWM,H
4963,US,ME,BGR,H
4966,US,ME,BGR,H
4265,US,ME,PWM,H
4265,US,ME,BGR,H
4262,US,ME,PWM,H
4262,US,ME,BGR,H
4853,US,ME,PWM,H
4853,US,ME,BGR,H
4057,US,ME,PWM,H
4057,US,ME,BGR,H
3908,US,ME,PWM,F
4962,US,ME,BGR,H
4958,US,ME,PWM,H
4562,US,ME,PWM,F
4966,US,ME,PWM,H
4562,US,ME,BGR,H
4967,US,ME,PWM,F
4273,US,ME,PWM,F
4274,US,ME,BGR,H
4274,US,ME,PWM,F
4562,US,ME,BGR,H
4562,US,ME,PWM,H
4021,US,ME,BGR,H
3907,US,ME,BGR,H
3908,US,ME,BGR,H
4066,US,ME,BGR,H
4468,US,ME,PWM,G
4472,US,ME,BGR,H
4472,US,ME,PWM,H
4273,US,ME,BGR,H
4290,US,ME,PWM,H
4473,US,ME,PWM,G
4738,US,ME,PWM,H
4474,US,ME,PWM,G
4066,US,ME,PWM,H
4854,US,ME,BGR,H
4854,US,ME,PWM,G
4270,US,ME,BGR,H
4765,US,ME,BGR,H
4666,US,ME,BGR,H
4354,US,ME,BGR,H
4667,US,ME,BGR,H
4667,US,ME,PWM,H
4108,US,ME,BGR,H
4666,US,ME,PWM,H
4765,US,ME,PWM,H
4290,US,ME,BGR,H
4271,US,ME,PWM,H
4271,US,ME,BGR,H
4354,US,ME,PWM,H
4453,US,ME,BOS,Q
4456,US,ME,BGR,C
4456,US,ME,BOS,P
4240,US,ME,BOS,O
4953,US,ME,BOS,P
4241,US,ME,PWM,D
3904,US,ME,BOS,O
4243,US,ME,PWM,D
4949,US,ME,BGR,F
4949,US,ME,BOS,Q
4751,US,ME,BOS,Q
3906,US,ME,BOS,O
4957,US,ME,BOS,P
4240,US,ME,PWM,D
4450,US,ME,BGR,C
4449,US,ME,BGR,D
4449,US,ME,BOS,Q
4644,US,ME,BOS,Q
4747,US,ME,BOS,Q
4239,US,ME,BOS,P
4453,US,ME,BGR,E
4649,US,ME,BOS,Q
3904,US,ME,MHT,F
4450,US,ME,BOS,Q
3906,US,ME,PWM,E
4043,US,ME,BOS,N
3906,US,ME,MHT,F
4043,US,ME,PWM,D
4250,US,ME,BOS,O
4239,US,ME,PWM,F
4256,US,ME,PWM,E
4457,US,ME,BGR,F
4351,US,ME,BOS,O
4758,US,ME,BOS,Q
4259,US,ME,PWM,F
4259,US,ME,BOS,P
4952,US,ME,BGR,F
4256,US,ME,BOS,O
4950,US,ME,BOS,P
4460,US,ME,BOS,Q
4257,US,ME,BOS,P
4461,US,ME,BGR,C
4463,US,ME,BOS,Q
4461,US,ME,BOS,Q
4463,US,ME,BGR,F
4459,US,ME,BOS,Q
4444,US,ME,PWM,G
4457,US,ME,BOS,Q
4462,US,ME,BOS,Q
4250,US,ME,PWM,D
4109,US,ME,BOS,O
4109,US,ME,PWM,A
4760,US,ME,BOS,Q
4953,US,ME,BGR,E
4756,US,ME,BOS,Q
4444,US,ME,BOS,P
4654,US,ME,BOS,Q
4448,US,ME,BOS,Q
4444,US,ME,BGR,B
4643,US,ME,BOS,Q
4952,US,ME,BOS,Q
4254,US,ME,BOS,P
4938,US,ME,BOS,P
4428,US,ME,BOS,P
4605,US,ME,PWM,G
4105,US,ME,BOS,O
4105,US,ME,PWM,B
4401,US,ME,BOS,P
4939,US,ME,BOS,Q
4941,US,ME,BOS,P
4493,US,ME,BGR,F
4938,US,ME,PWM,F
4401,US,ME,PWM,G
4605,US,ME,BGR,E
4742,US,ME,BOS,Q
4038,US,ME,BOS,O
4943,US,ME,BGR,F
4605,US,ME,BOS,P
4939,US,ME,BGR,E
4037,US,ME,PWM,F
4435,US,ME,BOS,Q
4037,US,ME,BOS,P
4345,US,ME,BOS,O
4435,US,ME,BGR,E
4401,US,ME,BGR,A
4937,US,ME,BOS,P
4038,US,ME,PWM,B
4033,US,ME,PWM,C
4123,US,ME,PWM,A
4032,US,ME,PWM,C
4664,US,ME,BGR,F
4032,US,ME,BOS,O
4493,US,ME,BOS,Q
4345,US,ME,PWM,F
4944,US,ME,BOS,P
4941,US,ME,BGR,F
4444,US,ME,PWM,G
4640,US,ME,BGR,F
4640,US,ME,BOS,Q
4430,US,ME,BOS,Q
4444,US,ME,BGR,B
4944,US,ME,BGR,F
4347,US,ME,PWM,F
4944,US,ME,PWM,G
4429,US,ME,BGR,C
4429,US,ME,BOS,P
4847,US,ME,BGR,F
4847,US,ME,PWM,F
4730,US,ME,BOS,Q
4943,US,ME,BOS,Q
4039,US,ME,PWM,C
4634,US,ME,BOS,Q
4743,US,ME,BOS,Q
4428,US,ME,BGR,C
4740,US,ME,BOS,Q
4634,US,ME,BGR,F
4444,US,ME,BOS,P
4039,US,ME,BOS,O
4448,US,ME,BGR,F
4109,US,ME,BOS,O
4109,US,ME,PWM,A
4236,US,ME,BOS,O
4443,US,ME,BGR,E
4443,US,ME,BOS,Q
4347,US,ME,BOS,O
4438,US,ME,BOS,P
4071,US,ME,BOS,O
4073,US,ME,PWM,D
4073,US,ME,BOS,O
4971,US,ME,BOS,Q
4072,US,ME,PWM,C
4072,US,ME,BOS,N
4280,US,ME,BOS,P
4276,US,ME,PWM,F
4276,US,ME,BOS,P
4856,US,ME,PWM,F
4856,US,ME,BOS,P
4841,US,ME,PWM,F
4841,US,ME,BOS,P
4357,US,ME,PWM,F
4108,US,ME,PWM,A
4973,US,ME,BOS,Q
4122,US,ME,PWM,A
4109,US,ME,PWM,A
4110,US,ME,BOS,O
4110,US,ME,PWM,A
4112,US,ME,BOS,O
4357,US,ME,BOS,O
4122,US,ME,BOS,O
4071,US,ME,PWM,C
4123,US,ME,BOS,O
4124,US,ME,BOS,O
4124,US,ME,PWM,A
4769,US,ME,BOS,Q
4669,US,ME,BOS,Q
4479,US,ME,BOS,Q
4112,US,ME,PWM,A
4776,US,ME,BOS,Q
4084,US,ME,PWM,C
4676,US,ME,BGR,F
4106,US,ME,PWM,A
4106,US,ME,BOS,O
4676,US,ME,BOS,Q
4082,US,ME,PWM,B
4281,US,ME,BOS,O
4679,US,ME,BOS,Q
3908,US,ME,PWM,E
4976,US,ME,BGR,F
3908,US,ME,MHT,F
3908,US,ME,BOS,O
4976,US,ME,BOS,P
4976,US,ME,PWM,G
4281,US,ME,PWM,F
4974,US,ME,BGR,E
4108,US,ME,BOS,O
4074,US,ME,BOS,N
4084,US,ME,BOS,O
4074,US,ME,PWM,B
4973,US,ME,BGR,F
4082,US,ME,BOS,O
4629,US,ME,BGR,E
4479,US,ME,BGR,E
4974,US,ME,BOS,P
4448,US,ME,BGR,F
4570,US,ME,PWM,F
4083,US,ME,PWM,D
4448,US,ME,BOS,Q
4083,US,ME,BOS,O
4429,US,ME,BOS,P
4468,US,ME,BOS,P
4765,US,ME,BOS,Q
4965,US,ME,BOS,Q
4965,US,ME,BGR,F
4270,US,ME,PWM,F
4270,US,ME,BOS,P
4854,US,ME,BOS,P
4270,US,ME,PWM,F
4270,US,ME,BOS,P
4066,US,ME,BOS,Q
4474,US,ME,BOS,P
4474,US,ME,BGR,C
4473,US,ME,BOS,P
4473,US,ME,BGR,C
4109,US,ME,BOS,O
3907,US,ME,BOS,O
4662,US,ME,BOS,Q
4268,US,ME,BOS,O
4268,US,ME,PWM,F
4963,US,ME,BOS,O
4963,US,ME,PWM,F
4469,US,ME,BGR,C
4063,US,ME,PWM,C
4472,US,ME,BOS,Q
3907,US,ME,PWM,E
4467,US,ME,BOS,Q
4064,US,ME,BOS,O
4064,US,ME,PWM,C
4468,US,ME,BGR,C
4086,US,ME,BOS,O
4063,US,ME,BOS,O
4104,US,ME,PWM,A
4108,US,ME,BOS,O
4101,US,ME,PWM,A
4102,US,ME,BOS,O
4102,US,ME,PWM,A
4103,US,ME,BOS,O
4102,US,ME,PWM,A
4104,US,ME,BOS,O
4768,US,ME,BOS,Q
4105,US,ME,BOS,O
4105,US,ME,PWM,B
4106,US,ME,BOS,O
4106,US,ME,PWM,A
4107,US,ME,BOS,O
4107,US,ME,PWM,B
4103,US,ME,PWM,A
4967,US,ME,BOS,P
4664,US,ME,BOS,Q
4086,US,ME,PWM,D
4476,US,ME,BGR,E
4476,US,ME,BOS,Q
4074,US,ME,BOS,N
4101,US,ME,BOS,O
4967,US,ME,BGR,E
4108,US,ME,PWM,A
4969,US,ME,BGR,E
4969,US,ME,BOS,Q
4274,US,ME,BOS,O
4274,US,ME,BOS,O
4107,US,ME,BOS,O
4107,US,ME,PWM,B
4074,US,ME,PWM,B
4216,US,ME,BOS,P
4401,US,ME,BGR,A
4429,US,ME,BGR,C
4408,US,ME,BGR,E
4336,US,ME,PWM,F
4333,US,ME,PWM,F
4330,US,ME,PWM,F
4330,US,ME,BOS,O
4210,US,ME,PWM,D
4210,US,ME,BOS,O
4538,US,ME,BOS,Q
4911,US,ME,BOS,P
4401,US,ME,PWM,G
4489,US,ME,BOS,P
4910,US,ME,BOS,P
4910,US,ME,BGR,F
4981,US,ME,BGR,E
4981,US,ME,BOS,P
4681,US,ME,BOS,Q
4664,US,ME,BGR,F
4664,US,ME,BOS,Q
4684,US,ME,BGR,E
4684,US,ME,BOS,Q
4732,US,ME,BOS,Q
4901,US,ME,BGR,F
4614,US,ME,BOS,Q
4614,US,ME,BGR,F
4011,US,ME,PWM,D
4011,US,ME,BOS,O
4005,US,ME,PWM,C
4005,US,ME,BOS,N
4217,US,ME,BOS,Q
3901,US,ME,PWM,E
3901,US,ME,MHT,F
3901,US,ME,BOS,O
4401,US,ME,BGR,A
4901,US,ME,BOS,O
4401,US,ME,BOS,P
4918,US,ME,BOS,P
4915,US,ME,PWM,G
4915,US,ME,BOS,P
4915,US,ME,BGR,E
4530,US,ME,PWM,D
4530,US,ME,BOS,O
4609,US,ME,PWM,G
4609,US,ME,BOS,Q
4609,US,ME,BGR,F
4986,US,ME,BGR,F
4901,US,ME,PWM,F
4496,US,ME,BOS,Q
4860,US,ME,BOS,Q
4294,US,ME,PWM,F
4062,US,ME,BOS,O
4062,US,ME,PWM,B
4082,US,ME,BOS,O
4082,US,ME,PWM,B
4363,US,ME,BOS,P
4901,US,ME,BGR,F
4901,US,ME,BOS,O
4901,US,ME,PWM,F
4654,US,ME,BOS,Q
4496,US,ME,BGR,C
4092,US,ME,PWM,A
4364,US,ME,BOS,O
4364,US,ME,PWM,F
4578,US,ME,BOS,O
4578,US,ME,PWM,F
4694,US,ME,BOS,Q
4096,US,ME,BOS,O
4096,US,ME,PWM,B
3909,US,ME,BOS,N
3909,US,ME,PWM,F
4489,US,ME,BGR,C
4693,US,ME,BOS,Q
4573,US,ME,BOS,P
4408,US,ME,BOS,Q
4986,US,ME,BOS,Q
4086,US,ME,BOS,O
4086,US,ME,PWM,D
4282,US,ME,BOS,O
4862,US,ME,BOS,P
4988,US,ME,BGR,F
4988,US,ME,BOS,P
4785,US,ME,BOS,Q
4989,US,ME,BOS,O
4294,US,ME,BOS,P
4572,US,ME,PWM,F
4861,US,ME,BOS,P
4864,US,ME,BOS,P
4786,US,ME,BOS,Q
4901,US,ME,BGR,F
4901,US,ME,BOS,O
4901,US,ME,PWM,F
4090,US,ME,BOS,N
4090,US,ME,PWM,E
4493,US,ME,BGR,F
4493,US,ME,BOS,Q
4092,US,ME,BOS,O
4572,US,ME,BOS,P
4622,US,ME,BGR,F
4110,US,ME,PWM,A
4110,US,ME,BOS,O
4021,US,ME,PWM,B
4021,US,ME,BOS,O
4020,US,ME,BOS,Q
4928,US,ME,BOS,P
4928,US,ME,BGR,E
4341,US,ME,BOS,P
4927,US,ME,BOS,P
4927,US,ME,BGR,F
4107,US,ME,PWM,B
4622,US,ME,BOS,Q
4109,US,ME,BOS,O
4422,US,ME,BGR,E
4538,US,ME,PWM,F
4015,US,ME,PWM,D
4015,US,ME,BOS,O
4419,US,ME,BOS,P
4736,US,ME,BOS,Q
4538,US,ME,PWM,F
4538,US,ME,BOS,Q
3902,US,ME,BOS,O
4107,US,ME,PWM,B
4107,US,ME,BOS,O
4926,US,ME,BOS,P
4930,US,ME,BOS,P
4428,US,ME,BOS,P
4428,US,ME,BGR,C
4427,US,ME,BOS,Q
4427,US,ME,BGR,E
4629,US,ME,BGR,E
4739,US,ME,BOS,Q
4426,US,ME,BOS,Q
4426,US,ME,BGR,E
4932,US,ME,BOS,P
4932,US,ME,BGR,E
4224,US,ME,BOS,P
4011,US,ME,BOS,O
4109,US,ME,BOS,O
4011,US,ME,PWM,D
4930,US,ME,BGR,E
4929,US,ME,BOS,Q
4929,US,ME,BGR,E
4463,US,ME,BOS,Q
4463,US,ME,BGR,F
4627,US,ME,BOS,Q
4627,US,ME,BGR,F
4543,US,ME,PWM,F
4543,US,ME,BOS,O
4109,US,ME,PWM,A
4421,US,ME,BOS,Q
4109,US,ME,PWM,A
4422,US,ME,BOS,Q
4923,US,ME,BGR,F
4619,US,ME,BOS,Q
4072,US,ME,PWM,C
4072,US,ME,BOS,N
4417,US,ME,BOS,Q
4417,US,ME,BGR,F
4416,US,ME,PWM,G
4416,US,ME,BOS,P
4416,US,ME,BGR,D
4011,US,ME,PWM,D
4011,US,ME,BOS,O
4414,US,ME,BOS,Q
4414,US,ME,BGR,F
4923,US,ME,BOS,Q
4412,US,ME,BGR,A
4570,US,ME,PWM,F
4008,US,ME,BOS,O
4008,US,ME,PWM,E
4410,US,ME,BGR,E
4410,US,ME,BOS,Q
4617,US,ME,BOS,Q
4411,US,ME,BOS,P
4921,US,ME,BOS,Q
4412,US,ME,BOS,P
4009,US,ME,BOS,O
4009,US,ME,PWM,F
4616,US,ME,BGR,F
4616,US,ME,BOS,Q
4617,US,ME,BGR,F
4411,US,ME,BGR,C
4924,US,ME,BGR,F
4843,US,ME,BGR,F
4221,US,ME,BOS,P
4924,US,ME,BOS,Q
4107,US,ME,BOS,O
4847,US,ME,PWM,F
4847,US,ME,BGR,F
4843,US,ME,BOS,P
4921,US,ME,BGR,E
4843,US,ME,PWM,F
4940,US,ME,BOS,A7
4227,US,ME,BOS,A7
4226,US,ME,BOS,A7
4222,US,ME,BOS,A5
4342,US,ME,BOS,A9
4626,US,ME,BOS,A9
4625,US,ME,BOS,A9
4624,US,ME,BOS,A9
4223,US,ME,BOS,A5
4431,US,ME,BOS,A8
4344,US,ME,BOS,A6
4230,US,ME,BOS,A5
4231,US,ME,BOS,A7
4935,US,ME,BOS,A6
4233,US,ME,BOS,A6
4031,US,ME,BOS,A4
4741,US,ME,BOS,A9
4936,US,ME,BOS,A9
4936,US,ME,BOS,A9
4229,US,ME,BOS,A7
4539,US,ME,BOS,A9
4546,US,ME,BOS,A9
4061,US,ME,BOS,A4
4646,US,ME,BOS,A9
4535,US,ME,BOS,A9
4608,US,ME,BOS,A9
4402,US,ME,BOS,A7
4610,US,ME,BOS,A9
4733,US,ME,BOS,A9
4613,US,ME,BOS,A9
4551,US,ME,BOS,A9
4615,US,ME,BOS,A9
4737,US,ME,BOS,A9
4413,US,ME,BOS,A9
4014,US,ME,BOS,A3
4925,US,ME,BOS,A9
4925,US,ME,BOS,A9
4418,US,ME,BOS,A8
4471,US,ME,BOS,A9
4621,US,ME,BOS,A9
4936,US,ME,BOS,A9
4541,US,ME,BOS,A9
4734,US,ME,BOS,A9
4985,US,ME,BOS,A9
4490,US,ME,BOS,A9
4571,US,ME,BOS,A9
4987,US,ME,BOS,A9
4283,US,ME,BOS,A5
4261,US,ME,BOS,A9
4360,US,ME,BOS,A9
4492,US,ME,BOS,A9
4903,US,ME,BOS,A6
4686,US,ME,BOS,A9
4548,US,ME,BOS,A9
4287,US,ME,BOS,A5
4292,US,ME,BOS,A6
4288,US,ME,BOS,A7
4291,US,ME,BOS,A5
4865,US,ME,BOS,A6
4070,US,ME,BOS,A3
4576,US,ME,BOS,A9
4292,US,ME,BOS,A6
4787,US,ME,BOS,A9
4788,US,ME,BOS,A9
4961,US,ME,BOS,A9
4286,US,ME,BOS,A9
4485,US,ME,BOS,A9
4275,US,ME,BOS,A8
4278,US,ME,BOS,A7
4279,US,ME,BOS,A7
4857,US,ME,BOS,A9
4672,US,ME,BOS,A9
4972,US,ME,BOS,A9
4673,US,ME,BOS,A9
4481,US,ME,BOS,A9
4484,US,ME,BOS,A9
4984,US,ME,BOS,A7
4777,US,ME,BOS,A9
4683,US,ME,BOS,A9
4779,US,ME,BOS,A9
4978,US,ME,BOS,A8
4781,US,ME,BOS,A9
4677,US,ME,BOS,A9
4080,US,ME,BOS,A5
4576,US,ME,BOS,A9
4782,US,ME,BOS,A9
4488,US,ME,BOS,A8
4231,US,ME,BOS,A7
4671,US,ME,BOS,A9
4775,US,ME,BOS,A9
4642,US,ME,BOS,A9
4851,US,ME,BOS,A6
4759,US,ME,BOS,A9
4656,US,ME,BOS,A9
4548,US,ME,BOS,A9
4650,US,ME,BOS,A9
4251,US,ME,BOS,A5
4850,US,ME,BOS,A8
4746,US,ME,BOS,A9
4454,US,ME,BOS,A9
4564,US,ME,BOS,A9
4848,US,ME,BOS,A6
4852,US,ME,BOS,A9
4237,US,ME,BOS,A7
4638,US,ME,BOS,A9
4637,US,ME,BOS,A9
4746,US,ME,BOS,A9
4607,US,ME,BOS,A9
4548,US,ME,BOS,A9
4235,US,ME,BOS,A8
4745,US,ME,BOS,A9
4635,US,ME,BOS,A9
4451,US,ME,BOS,A9
4964,US,ME,BOS,A9
4346,US,ME,BOS,A6
4770,US,ME,BOS,A9
4116,US,ME,BOS,A3
4766,US,ME,BOS,A9
4560,US,ME,BOS,A9
4559,US,ME,BOS,A9
4558,US,ME,BOS,A9
4475,US,ME,BOS,A9
4764,US,ME,BOS,A9
4657,US,ME,BOS,A9
4471,US,ME,BOS,A9
4551,US,ME,BOS,A9
4097,US,ME,BOS,A4
4362,US,ME,BOS,A8
4266,US,ME,BOS,A5
4471,US,ME,BOS,A9
4261,US,ME,BOS,A7
4552,US,ME,BOS,A9
4954,US,ME,BOS,A9
4761,US,ME,BOS,A9
4951,US,ME,BOS,A9
4744,US,ME,BOS,A9
4665,US,ME,BOS,A9
4645,US,ME,BOS,A9
49288,US,MI,FWA,X
49232,US,MI,FWA,X
49255,US,MI,FWA,X
49239,US,MI,FWA,X
48557,US,MI,DTW,E
49001,US,MI,DTW,D
49002,US,MI,DTW,D
49424,US,MI,DTW,E
49423,US,MI,DTW,E
49004,US,MI,DTW,D
48855,US,MI,DTW,D
48173,US,MI,DTW,B
48554,US,MI,DTW,E
48559,US,MI,DTW,E
48556,US,MI,DTW,E
48555,US,MI,DTW,E
49006,US,MI,DTW,D
48915,US,MI,DTW,E
48553,US,MI,DTW,E
48551,US,MI,DTW,E
48552,US,MI,DTW,E
48059,US,MI,DTW,E
48913,US,MI,DTW,E
48924,US,MI,DTW,E
48922,US,MI,DTW,E
49028,US,MI,SBN,X
48550,US,MI,DTW,E
48921,US,MI,DTW,E
48919,US,MI,DTW,E
48918,US,MI,DTW,E
48912,US,MI,DTW,E
48916,US,MI,DTW,E
49007,US,MI,DTW,D
48911,US,MI,DTW,E
48910,US,MI,DTW,E
48906,US,MI,DTW,E
49048,US,MI,DTW,D
49024,US,MI,DTW,D
49009,US,MI,DTW,D
49008,US,MI,DTW,D
48917,US,MI,DTW,E
49015,US,MI,SBN,X
49036,US,MI,SBN,X
49034,US,MI,SBN,X
49033,US,MI,SBN,X
49030,US,MI,SBN,X
49026,US,MI,SBN,X
49018,US,MI,SBN,X
49032,US,MI,SBN,X
49016,US,MI,SBN,X
48102,US,MI,DTW,A
49014,US,MI,SBN,X
49013,US,MI,SBN,X
49012,US,MI,SBN,X
49011,US,MI,SBN,X
49227,US,MI,SBN,X
48929,US,MI,DTW,E
49029,US,MI,SBN,X
49017,US,MI,SBN,X
48173,US,MI,DTW,A
48507,US,MI,DTW,E
48505,US,MI,DTW,E
48503,US,MI,DTW,E
48502,US,MI,DTW,E
48134,US,MI,DTW,B
48187,US,MI,DTW,A
48193,US,MI,DTW,A
49039,US,MI,SBN,X
48174,US,MI,DTW,A
49040,US,MI,SBN,X
48164,US,MI,DTW,A
48134,US,MI,DTW,A
48309,US,MI,DTW,C
48307,US,MI,DTW,C
48306,US,MI,DTW,C
48611,US,MI,DTW,E
48532,US,MI,DTW,E
48183,US,MI,DTW,A
49065,US,MI,SBN,X
49008,US,MI,SBN,X
49119,US,MI,SBN,X
49074,US,MI,SBN,X
49099,US,MI,SBN,X
49258,US,MI,SBN,X
49072,US,MI,SBN,X
49071,US,MI,SBN,X
49075,US,MI,SBN,X
49066,US,MI,SBN,X
49130,US,MI,SBN,X
49064,US,MI,SBN,X
49062,US,MI,SBN,X
49095,US,MI,SBN,X
49048,US,MI,SBN,X
49024,US,MI,SBN,X
49019,US,MI,SBN,X
49097,US,MI,SBN,X
49009,US,MI,SBN,X
49252,US,MI,SBN,X
49024,US,MI,SBN,X
48930,US,MI,DTW,E
49274,US,MI,SBN,X
49027,US,MI,SBN,X
49082,US,MI,SBN,X
49271,US,MI,SBN,X
49081,US,MI,SBN,X
49084,US,MI,SBN,X
49262,US,MI,SBN,X
49090,US,MI,SBN,X
49129,US,MI,SBN,X
49002,US,MI,SBN,X
49271,US,MI,SBN,X
49079,US,MI,SBN,X
49004,US,MI,SBN,X
49015,US,MI,SBN,X
49092,US,MI,SBN,X
49266,US,MI,SBN,X
49077,US,MI,SBN,X
49089,US,MI,SBN,X
48193,US,MI,DTW,A
49055,US,MI,SBN,X
49063,US,MI,SBN,X
49053,US,MI,SBN,X
49052,US,MI,SBN,X
49130,US,MI,SBN,X
49051,US,MI,SBN,X
49045,US,MI,SBN,X
49043,US,MI,SBN,X
49041,US,MI,SBN,X
49099,US,MI,SBN,X
48184,US,MI,DTW,A
49056,US,MI,SBN,X
48168,US,MI,DTW,C
49121,US,MI,DTW,E
49120,US,MI,DTW,E
48980,US,MI,DTW,E
48956,US,MI,DTW,E
48951,US,MI,DTW,E
48950,US,MI,DTW,E
48937,US,MI,DTW,E
48933,US,MI,DTW,E
48193,US,MI,DTW,A
49001,US,MI,SBN,X
49007,US,MI,SBN,X
49006,US,MI,SBN,X
49005,US,MI,SBN,X
49004,US,MI,SBN,X
49009,US,MI,SBN,X
49003,US,MI,SBN,X
49006,US,MI,SBN,X
49002,US,MI,SBN,X
49250,US,MI,SBN,X
49061,US,MI,SBN,X
49249,US,MI,SBN,X
49242,US,MI,SBN,X
49245,US,MI,SBN,X
49056,US,MI,SBN,X
49039,US,MI,SBN,X
49098,US,MI,SBN,X
49235,US,MI,DTW,F
49236,US,MI,DTW,C
49235,US,MI,DTW,F
49234,US,MI,DTW,F
49228,US,MI,DTW,F
49238,US,MI,DTW,E
49233,US,MI,DTW,F
49221,US,MI,DTW,F
48114,US,MI,DTW,E
49230,US,MI,DTW,F
48418,US,MI,DTW,F
49221,US,MI,DTW,F
49229,US,MI,DTW,F
48114,US,MI,DTW,E
49220,US,MI,DTW,F
48462,US,MI,DTW,F
49276,US,MI,DTW,F
48114,US,MI,DTW,E
48085,US,MI,DTW,C
49270,US,MI,DTW,E
49229,US,MI,DTW,F
49253,US,MI,DTW,F
48428,US,MI,DTW,F
48438,US,MI,DTW,F
49269,US,MI,DTW,F
49265,US,MI,DTW,F
49512,US,MI,DTW,G
49240,US,MI,DTW,F
48144,US,MI,DTW,E
49283,US,MI,DTW,F
48028,US,MI,DTW,F
48028,US,MI,DTW,F
48114,US,MI,DTW,E
48088,US,MI,DTW,C
48444,US,MI,DTW,F
48462,US,MI,DTW,F
49267,US,MI,DTW,F
49512,US,MI,DTW,G
48444,US,MI,DTW,F
49203,US,MI,DTW,F
49202,US,MI,DTW,F
49249,US,MI,DTW,F
49201,US,MI,DTW,F
48658,US,MI,DTW,I
49248,US,MI,DTW,F
49272,US,MI,DTW,F
49259,US,MI,DTW,F
49282,US,MI,DTW,F
49254,US,MI,DTW,F
49233,US,MI,DTW,F
49277,US,MI,DTW,F
49287,US,MI,DTW,G
49286,US,MI,DTW,F
49254,US,MI,DTW,F
48455,US,MI,DTW,F
49282,US,MI,DTW,F
49268,US,MI,DTW,F
48892,US,MI,DTW,F
49285,US,MI,DTW,F
49279,US,MI,DTW,F
49019,US,MI,ORD,R
49121,US,MI,ORD,P
49024,US,MI,ORD,R
49015,US,MI,ORD,R
49068,US,MI,ORD,R
49081,US,MI,ORD,R
49090,US,MI,ORD,R
49085,US,MI,ORD,P
49079,US,MI,ORD,R
49087,US,MI,ORD,R
49069,US,MI,ORD,R
49034,US,MI,ORD,R
49048,US,MI,ORD,R
49015,US,MI,ORD,R
49016,US,MI,ORD,R
49017,US,MI,ORD,R
49018,US,MI,ORD,R
49098,US,MI,ORD,P
49024,US,MI,ORD,R
49099,US,MI,ORD,Q
49093,US,MI,ORD,Q
49014,US,MI,ORD,R
49091,US,MI,ORD,R
49125,US,MI,ORD,P
49128,US,MI,ORD,P
49127,US,MI,ORD,P
49129,US,MI,ORD,P
49120,US,MI,ORD,P
49442,US,MI,GRR,D
48746,US,MI,DTW,F
49444,US,MI,GRR,D
49443,US,MI,GRR,D
49445,US,MI,GRR,D
49442,US,MI,MKG,A
49335,US,MI,GRR,C
49444,US,MI,MKG,A
48746,US,MI,FNT,B
49444,US,MI,GRR,D
49443,US,MI,MKG,A
49445,US,MI,MKG,B
48859,US,MI,MBS,C
48458,US,MI,DTW,F
48046,US,MI,DTW,C
48043,US,MI,DTW,C
48457,US,MI,FNT,B
48457,US,MI,DTW,F
49437,US,MI,MKG,C
49437,US,MI,GRR,E
49441,US,MI,GRR,D
48858,US,MI,MBS,C
49441,US,MI,MKG,A
48162,US,MI,DTW,E
49441,US,MI,MKG,A
49670,US,MI,TVC,C
49440,US,MI,GRR,D
49440,US,MI,MKG,A
48458,US,MI,FNT,B
48161,US,MI,TOL,D
48161,US,MI,DTW,E
48804,US,MI,MBS,C
49673,US,MI,TVC,C
48509,US,MI,DTW,D
49441,US,MI,GRR,D
49441,US,MI,MKG,A
48374,US,MI,DTW,B
48375,US,MI,DTW,B
48376,US,MI,DTW,B
48377,US,MI,DTW,C
49448,US,MI,GRR,D
49448,US,MI,MKG,B
48237,US,MI,DTW,B
48306,US,MI,DTW,D
48363,US,MI,DTW,D
48531,US,MI,FNT,A
49764,US,MI,PLN,B
48504,US,MI,FNT,A
49674,US,MI,TVC,C
49429,US,MI,GRR,B
48323,US,MI,DTW,C
48324,US,MI,DTW,C
48359,US,MI,DTW,E
48360,US,MI,DTW,E
48362,US,MI,DTW,E
48463,US,MI,FNT,C
49078,US,MI,AZO,B
49078,US,MI,GRR,E
49267,US,MI,TOL,B
48867,US,MI,DTW,F
48306,US,MI,DTW,D
48166,US,MI,TOL,C
48014,US,MI,DTW,E
49865,US,MI,MQT,B
49866,US,MI,MQT,A
48047,US,MI,DTW,E
48051,US,MI,DTW,D
48164,US,MI,DTW,E
49117,US,MI,SBN,C
49446,US,MI,MKG,C
48048,US,MI,DTW,E
48050,US,MI,DTW,E
48165,US,MI,DTW,E
48460,US,MI,FNT,B
48532,US,MI,FNT,A
48166,US,MI,DTW,E
49444,US,MI,MKG,A
49120,US,MI,SBN,B
48461,US,MI,DTW,F
49849,US,MI,MQT,B
49445,US,MI,GRR,D
49445,US,MI,MKG,B
48049,US,MI,DTW,E
48506,US,MI,DTW,F
48506,US,MI,FNT,A
48509,US,MI,FNT,A
49841,US,MI,MQT,A
48167,US,MI,DTW,B
48504,US,MI,DTW,F
49408,US,MI,GRR,D
48144,US,MI,TOL,C
48326,US,MI,DTW,D
49650,US,MI,TVC,B
49653,US,MI,TVC,C
48849,US,MI,GRR,C
48359,US,MI,DTW,E
48360,US,MI,DTW,E
48361,US,MI,DTW,E
48362,US,MI,DTW,E
48143,US,MI,DTW,E
48059,US,MI,DTW,E
48050,US,MI,DTW,E
48366,US,MI,DTW,E
49649,US,MI,TVC,B
49430,US,MI,GRR,C
49430,US,MI,MKG,C
48446,US,MI,DTW,F
48076,US,MI,DTW,B
49064,US,MI,AZO,D
49065,US,MI,AZO,C
49654,US,MI,TVC,C
48449,US,MI,DTW,F
48449,US,MI,FNT,B
49068,US,MI,AZO,C
49116,US,MI,SBN,E
48631,US,MI,MBS,C
48370,US,MI,DTW,E
48094,US,MI,DTW,E
49002,US,MI,AZO,A
49001,US,MI,AZO,A
49003,US,MI,AZO,A
49004,US,MI,AZO,A
49005,US,MI,AZO,A
49007,US,MI,AZO,A
49008,US,MI,AZO,A
49009,US,MI,AZO,A
48145,US,MI,TOL,C
49643,US,MI,TVC,B
48145,US,MI,DTW,E
48320,US,MI,DTW,C
48006,US,MI,DTW,E
49330,US,MI,GRR,D
49330,US,MI,MKG,C
49508,US,MI,GRR,A
49512,US,MI,GRR,B
49518,US,MI,GRR,B
49548,US,MI,GRR,B
49648,US,MI,TVC,D
48074,US,MI,DTW,F
48367,US,MI,DTW,E
49646,US,MI,TVC,C
49117,US,MI,SBN,C
49070,US,MI,AZO,C
48040,US,MI,DTW,E
48854,US,MI,DTW,E
49071,US,MI,AZO,B
48159,US,MI,DTW,E
49666,US,MI,TVC,C
48744,US,MI,FNT,C
48122,US,MI,DTW,A
48041,US,MI,DTW,E
49072,US,MI,AZO,C
48048,US,MI,DTW,E
49668,US,MI,TVC,C
49435,US,MI,MKG,C
49333,US,MI,GRR,C
48640,US,MI,MBS,A
48641,US,MI,MBS,A
48667,US,MI,MBS,A
48670,US,MI,MBS,A
48674,US,MI,MBS,A
48686,US,MI,MBS,A
48160,US,MI,DTW,D
48160,US,MI,TOL,E
48380,US,MI,DTW,E
48637,US,MI,MBS,C
48097,US,MI,DTW,F
49755,US,MI,PLN,A
48146,US,MI,DTW,A
48451,US,MI,DTW,F
48451,US,MI,FNT,C
48150,US,MI,DTW,A
48151,US,MI,DTW,A
48152,US,MI,DTW,A
48153,US,MI,DTW,A
48154,US,MI,DTW,A
49331,US,MI,GRR,C
49069,US,MI,AZO,C
48157,US,MI,TOL,C
49855,US,MI,MQT,A
49434,US,MI,GRR,C
49701,US,MI,PLN,B
48042,US,MI,DTW,E
48044,US,MI,DTW,C
48071,US,MI,DTW,B
49659,US,MI,TVC,D
48158,US,MI,DTW,E
49067,US,MI,AZO,C
48039,US,MI,DTW,E
49435,US,MI,GRR,C
48381,US,MI,DTW,E
48157,US,MI,DTW,E
49457,US,MI,MKG,C
49093,US,MI,AZO,C
49093,US,MI,SBN,D
49686,US,MI,TVC,A
49684,US,MI,TVC,A
48183,US,MI,DTW,A
48007,US,MI,DTW,C
48083,US,MI,DTW,C
48084,US,MI,DTW,C
48098,US,MI,DTW,C
48099,US,MI,DTW,C
49347,US,MI,GRR,D
48324,US,MI,DTW,C
49457,US,MI,GRR,E
48182,US,MI,DTW,F
49094,US,MI,AZO,C
48387,US,MI,DTW,E
48710,US,MI,MBS,A
48315,US,MI,DTW,C
48316,US,MI,DTW,C
48317,US,MI,DTW,C
48318,US,MI,DTW,C
48768,US,MI,FNT,C
49097,US,MI,AZO,B
48322,US,MI,DTW,C
48076,US,MI,DTW,B
48769,US,MI,FNT,C
48311,US,MI,DTW,C
48093,US,MI,DTW,C
48025,US,MI,DTW,B
48195,US,MI,DTW,A
49345,US,MI,GRR,C
49456,US,MI,GRR,D
49456,US,MI,MKG,B
48350,US,MI,DTW,F
48310,US,MI,DTW,C
48311,US,MI,DTW,C
48312,US,MI,DTW,C
48313,US,MI,DTW,C
49128,US,MI,SBN,D
48310,US,MI,DTW,C
48182,US,MI,TOL,B
48312,US,MI,DTW,C
48313,US,MI,DTW,C
48314,US,MI,DTW,C
49127,US,MI,SBN,C
49091,US,MI,SBN,D
49682,US,MI,TVC,B
48473,US,MI,DTW,D
48473,US,MI,FNT,B
48320,US,MI,DTW,C
48180,US,MI,DTW,A
49286,US,MI,TOL,E
48325,US,MI,DTW,C
48314,US,MI,DTW,C
48161,US,MI,DTW,E
48386,US,MI,DTW,E
49099,US,MI,AZO,D
49461,US,MI,GRR,E
49461,US,MI,MKG,C
49463,US,MI,MKG,C
48189,US,MI,DTW,E
48190,US,MI,DTW,E
49690,US,MI,TVC,B
48895,US,MI,DTW,E
48191,US,MI,DTW,E
48393,US,MI,DTW,B
48323,US,MI,DTW,C
48183,US,MI,DTW,A
48186,US,MI,DTW,A
48161,US,MI,TOL,D
48192,US,MI,DTW,A
49508,US,MI,GRR,A
49509,US,MI,GRR,B
49548,US,MI,GRR,B
48097,US,MI,DTW,F
48197,US,MI,DTW,A
48198,US,MI,DTW,A
49464,US,MI,GRR,C
49428,US,MI,GRR,B
48063,US,MI,DTW,E
48390,US,MI,DTW,C
48329,US,MI,DTW,D
49463,US,MI,MKG,C
48027,US,MI,DTW,F
48390,US,MI,DTW,C
48391,US,MI,DTW,C
48089,US,MI,DTW,C
48090,US,MI,DTW,C
48091,US,MI,DTW,C
48092,US,MI,DTW,C
48397,US,MI,DTW,C
48095,US,MI,DTW,E
48327,US,MI,DTW,D
48383,US,MI,DTW,E
48329,US,MI,DTW,D
48894,US,MI,GRR,E
49348,US,MI,GRR,C
48184,US,MI,DTW,A
48186,US,MI,DTW,A
49740,US,MI,PLN,B
48322,US,MI,DTW,C
48323,US,MI,DTW,C
48324,US,MI,DTW,C
48325,US,MI,DTW,C
49460,US,MI,GRR,D
49460,US,MI,MKG,C
48185,US,MI,DTW,A
48075,US,MI,DTW,B
48328,US,MI,DTW,D
48309,US,MI,DTW,D
48096,US,MI,DTW,E
48239,US,MI,DTW,A
48240,US,MI,DTW,A
49879,US,MI,MQT,C
49083,US,MI,AZO,B
48062,US,MI,DTW,E
49276,US,MI,TOL,E
48041,US,MI,DTW,E
48218,US,MI,DTW,A
48192,US,MI,DTW,A
48306,US,MI,DTW,D
48068,US,MI,DTW,B
48308,US,MI,DTW,D
49451,US,MI,GRR,D
48306,US,MI,DTW,D
48307,US,MI,DTW,D
48309,US,MI,DTW,D
49341,US,MI,GRR,C
48173,US,MI,DTW,B
48065,US,MI,DTW,E
48174,US,MI,DTW,A
48066,US,MI,DTW,C
49452,US,MI,GRR,E
49452,US,MI,MKG,C
48086,US,MI,DTW,B
48307,US,MI,DTW,D
48170,US,MI,DTW,A
49871,US,MI,MQT,B
49268,US,MI,TOL,C
49004,US,MI,AZO,A
49079,US,MI,AZO,C
48001,US,MI,DTW,E
49769,US,MI,PLN,A
49769,US,MI,PLN,A
49270,US,MI,TOL,D
49770,US,MI,PLN,B
49339,US,MI,GRR,D
48169,US,MI,DTW,E
48096,US,MI,DTW,E
48069,US,MI,DTW,B
49451,US,MI,MKG,C
48340,US,MI,DTW,C
48341,US,MI,DTW,C
48342,US,MI,DTW,C
48343,US,MI,DTW,C
48060,US,MI,DTW,E
48061,US,MI,DTW,E
49002,US,MI,AZO,A
49081,US,MI,AZO,A
49841,US,MI,MQT,C
49450,US,MI,GRR,D
49676,US,MI,TVC,C
48073,US,MI,DTW,B
49080,US,MI,AZO,B
48883,US,MI,MBS,C
49087,US,MI,SBN,E
49088,US,MI,AZO,B
48045,US,MI,DTW,C
49455,US,MI,MKG,C
48315,US,MI,DTW,C
48316,US,MI,DTW,C
48317,US,MI,DTW,C
48318,US,MI,DTW,C
48315,US,MI,DTW,C
48316,US,MI,DTW,C
48317,US,MI,DTW,C
48067,US,MI,DTW,B
49344,US,MI,GRR,D
49453,US,MI,GRR,D
49885,US,MI,MQT,C
48074,US,MI,DTW,F
49126,US,MI,SBN,E
48178,US,MI,DTW,E
48179,US,MI,DTW,E
48519,US,MI,DTW,E
48519,US,MI,FNT,A
48529,US,MI,DTW,D
48529,US,MI,FNT,A
48034,US,MI,DTW,B
48037,US,MI,DTW,B
48318,US,MI,DTW,C
48079,US,MI,DTW,E
48049,US,MI,DTW,E
48001,US,MI,DTW,E
48623,US,MI,MBS,A
48601,US,MI,MBS,A
48602,US,MI,MBS,A
48603,US,MI,MBS,B
48604,US,MI,MBS,B
48605,US,MI,MBS,B
48606,US,MI,MBS,A
48607,US,MI,MBS,A
48608,US,MI,MBS,A
49087,US,MI,AZO,B
48655,US,MI,MBS,C
49125,US,MI,SBN,E
48080,US,MI,DTW,C
48081,US,MI,DTW,C
48082,US,MI,DTW,C
49085,US,MI,SBN,E
48880,US,MI,MBS,C
48175,US,MI,DTW,E
48176,US,MI,DTW,E
48177,US,MI,TOL,E
49343,US,MI,GRR,D
48657,US,MI,MBS,B
48881,US,MI,GRR,C
48371,US,MI,DTW,E
48663,US,MI,MBS,A
49041,US,MI,AZO,A
48350,US,MI,DTW,F
48035,US,MI,DTW,C
48036,US,MI,DTW,C
48038,US,MI,DTW,C
48420,US,MI,DTW,F
48420,US,MI,FNT,B
48049,US,MI,DTW,E
48618,US,MI,MBS,C
49038,US,MI,SBN,E
49040,US,MI,AZO,D
48421,US,MI,FNT,C
48036,US,MI,DTW,C
48382,US,MI,DTW,E
48035,US,MI,DTW,C
49321,US,MI,GRR,B
49042,US,MI,SBN,D
49722,US,MI,PLN,B
49404,US,MI,GRR,C
49404,US,MI,MKG,C
49625,US,MI,TVC,C
49322,US,MI,GRR,D
48817,US,MI,DTW,F
48817,US,MI,FNT,B
48039,US,MI,DTW,E
49445,US,MI,GRR,D
48188,US,MI,DTW,A
48382,US,MI,DTW,E
48118,US,MI,DTW,E
48255,US,MI,DTW,A
48117,US,MI,DTW,E
48723,US,MI,DTW,F
49718,US,MI,PLN,B
48724,US,MI,MBS,B
48064,US,MI,DTW,E
49318,US,MI,GRR,D
49318,US,MI,MKG,C
49031,US,MI,SBN,E
49621,US,MI,TVC,D
49319,US,MI,GRR,D
48038,US,MI,DTW,C
49032,US,MI,AZO,D
48423,US,MI,DTW,F
48047,US,MI,DTW,E
48051,US,MI,DTW,D
48390,US,MI,DTW,C
48617,US,MI,MBS,C
48032,US,MI,DTW,F
48347,US,MI,DTW,D
48348,US,MI,DTW,D
48017,US,MI,DTW,C
48398,US,MI,DTW,C
48001,US,MI,DTW,E
49235,US,MI,TOL,E
49034,US,MI,AZO,C
48015,US,MI,DTW,C
48231,US,MI,DTW,A
49445,US,MI,MKG,B
48219,US,MI,DTW,A
48220,US,MI,DTW,B
48221,US,MI,DTW,A
48222,US,MI,DTW,A
48223,US,MI,DTW,A
48224,US,MI,DTW,A
48225,US,MI,DTW,C
48226,US,MI,DTW,A
48227,US,MI,DTW,A
48228,US,MI,DTW,A
48217,US,MI,DTW,A
48230,US,MI,DTW,C
48216,US,MI,DTW,A
48232,US,MI,DTW,A
48233,US,MI,DTW,A
48234,US,MI,DTW,A
48235,US,MI,DTW,A
48236,US,MI,DTW,C
48237,US,MI,DTW,B
48238,US,MI,DTW,A
48239,US,MI,DTW,A
48240,US,MI,DTW,A
48242,US,MI,DTW,A
48243,US,MI,DTW,A
48244,US,MI,DTW,A
48229,US,MI,DTW,A
48203,US,MI,DTW,A
48423,US,MI,FNT,B
48120,US,MI,DTW,A
48121,US,MI,DTW,A
48123,US,MI,DTW,A
48124,US,MI,DTW,A
48126,US,MI,DTW,A
48128,US,MI,DTW,A
48125,US,MI,DTW,A
48127,US,MI,DTW,A
49045,US,MI,AZO,D
48242,US,MI,DTW,A
48218,US,MI,DTW,A
48202,US,MI,DTW,A
48187,US,MI,DTW,A
48204,US,MI,DTW,A
48205,US,MI,DTW,A
48206,US,MI,DTW,A
48207,US,MI,DTW,A
48208,US,MI,DTW,A
48209,US,MI,DTW,A
48210,US,MI,DTW,A
48211,US,MI,DTW,A
48212,US,MI,DTW,A
48213,US,MI,DTW,A
48214,US,MI,DTW,A
48215,US,MI,DTW,A
48201,US,MI,DTW,A
48707,US,MI,MBS,A
48112,US,MI,DTW,A
48326,US,MI,DTW,D
49012,US,MI,AZO,D
48006,US,MI,DTW,E
48110,US,MI,DTW,E
49303,US,MI,GRR,D
49303,US,MI,MKG,C
49013,US,MI,AZO,D
49101,US,MI,SBN,E
49015,US,MI,AZO,B
49016,US,MI,AZO,B
48611,US,MI,MBS,A
48706,US,MI,MBS,A
49011,US,MI,AZO,C
48708,US,MI,MBS,A
48710,US,MI,MBS,A
48161,US,MI,DTW,E
48161,US,MI,TOL,D
48162,US,MI,DTW,E
49770,US,MI,PLN,B
49770,US,MI,PLN,B
49855,US,MI,MQT,A
48612,US,MI,MBS,C
48809,US,MI,GRR,C
49615,US,MI,TVC,D
48014,US,MI,DTW,E
49017,US,MI,AZO,B
48002,US,MI,DTW,E
49610,US,MI,TVC,B
49301,US,MI,GRR,B
49355,US,MI,GRR,B
49356,US,MI,GRR,B
49357,US,MI,GRR,B
48367,US,MI,DTW,E
49221,US,MI,TOL,D
49706,US,MI,PLN,B
48001,US,MI,DTW,E
49010,US,MI,AZO,C
49010,US,MI,GRR,D
48321,US,MI,DTW,C
49401,US,MI,GRR,C
49306,US,MI,GRR,C
48003,US,MI,DTW,E
49302,US,MI,GRR,C
48004,US,MI,DTW,E
48103,US,MI,DTW,C
48104,US,MI,DTW,C
48105,US,MI,DTW,C
48106,US,MI,DTW,C
48107,US,MI,DTW,C
48108,US,MI,DTW,C
48109,US,MI,DTW,C
48113,US,MI,DTW,C
48005,US,MI,DTW,E
48101,US,MI,DTW,A
49107,US,MI,SBN,B
48111,US,MI,DTW,A
48615,US,MI,MBS,C
48722,US,MI,FNT,C
48722,US,MI,MBS,B
48115,US,MI,DTW,E
49106,US,MI,SBN,C
48116,US,MI,DTW,E
49229,US,MI,TOL,E
48097,US,MI,DTW,F
48183,US,MI,DTW,A
48065,US,MI,DTW,E
48301,US,MI,DTW,C
49716,US,MI,PLN,A
48304,US,MI,DTW,C
49620,US,MI,TVC,C
48059,US,MI,DTW,E
48509,US,MI,DTW,D
48509,US,MI,FNT,A
48519,US,MI,DTW,E
48519,US,MI,FNT,A
48529,US,MI,DTW,D
48529,US,MI,FNT,A
49315,US,MI,GRR,C
49221,US,MI,TOL,D
49316,US,MI,GRR,C
49317,US,MI,GRR,C
49425,US,MI,MKG,C
48009,US,MI,DTW,C
49022,US,MI,SBN,E
49616,US,MI,TVC,D
48072,US,MI,DTW,B
48072,US,MI,TOL,D
48002,US,MI,DTW,E
49102,US,MI,SBN,E
49103,US,MI,SBN,C
48002,US,MI,DTW,E
49617,US,MI,TVC,D
48025,US,MI,DTW,B
48025,US,MI,DTW,B
49311,US,MI,GRR,C
48415,US,MI,FNT,C
48346,US,MI,DTW,D
48012,US,MI,DTW,C
49228,US,MI,TOL,C
48301,US,MI,DTW,C
48302,US,MI,DTW,C
48304,US,MI,DTW,C
48301,US,MI,DTW,C
48302,US,MI,DTW,C
48303,US,MI,DTW,C
48304,US,MI,DTW,C
48301,US,MI,DTW,C
48302,US,MI,DTW,C
48303,US,MI,DTW,C
48415,US,MI,DTW,F
49588,US,MI,GRR,B
49113,US,MI,SBN,E
49509,US,MI,GRR,B
49510,US,MI,GRR,A
49512,US,MI,GRR,B
49516,US,MI,GRR,B
49518,US,MI,GRR,B
49523,US,MI,GRR,B
49530,US,MI,GRR,B
49546,US,MI,GRR,B
49548,US,MI,GRR,B
49550,US,MI,GRR,B
49507,US,MI,GRR,A
49560,US,MI,GRR,B
49506,US,MI,GRR,C
49599,US,MI,GRR,B
49418,US,MI,GRR,B
49327,US,MI,GRR,D
48032,US,MI,DTW,F
49637,US,MI,TVC,B
48838,US,MI,GRR,C
48006,US,MI,DTW,E
48137,US,MI,DTW,E
48138,US,MI,DTW,D
48224,US,MI,DTW,A
48230,US,MI,DTW,C
48236,US,MI,DTW,C
49555,US,MI,GRR,B
49326,US,MI,GRR,D
48135,US,MI,DTW,A
48136,US,MI,DTW,A
48437,US,MI,DTW,D
48437,US,MI,FNT,B
48173,US,MI,DTW,B
48624,US,MI,MBS,C
49636,US,MI,TVC,C
49107,US,MI,SBN,B
49416,US,MI,GRR,E
49055,US,MI,AZO,D
49737,US,MI,PLN,B
49508,US,MI,GRR,A
48306,US,MI,DTW,D
48224,US,MI,DTW,A
49117,US,MI,SBN,C
48439,US,MI,DTW,E
48439,US,MI,FNT,B
49417,US,MI,GRR,D
49417,US,MI,MKG,B
48837,US,MI,DTW,F
49512,US,MI,GRR,A
49501,US,MI,GRR,A
49502,US,MI,GRR,A
49503,US,MI,GRR,A
49504,US,MI,GRR,B
49505,US,MI,GRR,B
48027,US,MI,DTW,F
48070,US,MI,DTW,B
48357,US,MI,DTW,E
48203,US,MI,DTW,A
49422,US,MI,GRR,C
49423,US,MI,GRR,C
49424,US,MI,GRR,C
48442,US,MI,DTW,E
48842,US,MI,DTW,E
48260,US,MI,DTW,A
49640,US,MI,TVC,C
48054,US,MI,DTW,E
48843,US,MI,DTW,E
48230,US,MI,DTW,C
49426,US,MI,GRR,C
48626,US,MI,MBS,B
48140,US,MI,DTW,E
48140,US,MI,TOL,E
48346,US,MI,DTW,D
48348,US,MI,DTW,D
48141,US,MI,DTW,A
49643,US,MI,TVC,B
48846,US,MI,GRR,C
48023,US,MI,DTW,E
49849,US,MI,MQT,B
49865,US,MI,MQT,B
49427,US,MI,GRR,C
49248,US,MI,TOL,E
48844,US,MI,DTW,E
49737,US,MI,PLN,B
49425,US,MI,MKG,C
48230,US,MI,DTW,C
48236,US,MI,DTW,C
48230,US,MI,DTW,C
48236,US,MI,DTW,C
48230,US,MI,DTW,C
48236,US,MI,DTW,C
49841,US,MI,MQT,C
48139,US,MI,DTW,E
49419,US,MI,GRR,C
48211,US,MI,DTW,A
48212,US,MI,DTW,A
48356,US,MI,DTW,E
49740,US,MI,PLN,B
49421,US,MI,MKG,C
49740,US,MI,PLN,B
48225,US,MI,DTW,C
48045,US,MI,DTW,C
49420,US,MI,MKG,C
49057,US,MI,AZO,D
49057,US,MI,SBN,E
48353,US,MI,DTW,E
49855,US,MI,MQT,A
48840,US,MI,DTW,F
49058,US,MI,GRR,C
48030,US,MI,DTW,B
48236,US,MI,DTW,C
49115,US,MI,SBN,E
48732,US,MI,MBS,B
48827,US,MI,DTW,F
49111,US,MI,SBN,E
48229,US,MI,DTW,A
49112,US,MI,SBN,E
49629,US,MI,TVC,B
48185,US,MI,DTW,A
48022,US,MI,DTW,F
49630,US,MI,TVC,D
48133,US,MI,DTW,E
48133,US,MI,TOL,E
48161,US,MI,DTW,E
48335,US,MI,DTW,B
48162,US,MI,DTW,E
48054,US,MI,DTW,E
48023,US,MI,DTW,E
48006,US,MI,DTW,E
48331,US,MI,DTW,B
48332,US,MI,DTW,B
48333,US,MI,DTW,B
48334,US,MI,DTW,B
48335,US,MI,DTW,B
48336,US,MI,DTW,B
48331,US,MI,DTW,B
48332,US,MI,DTW,B
48333,US,MI,DTW,B
48334,US,MI,DTW,B
48161,US,MI,TOL,D
48162,US,MI,DTW,E
48268,US,MI,DTW,A
48269,US,MI,DTW,A
48267,US,MI,DTW,A
49328,US,MI,GRR,C
49053,US,MI,AZO,B
48266,US,MI,DTW,A
48265,US,MI,DTW,A
48264,US,MI,DTW,A
48272,US,MI,DTW,A
48275,US,MI,DTW,A
48277,US,MI,DTW,A
48279,US,MI,DTW,A
48021,US,MI,DTW,C
48161,US,MI,TOL,D
48021,US,MI,DTW,C
48130,US,MI,DTW,E
49323,US,MI,GRR,C
49406,US,MI,GRR,D
49047,US,MI,SBN,E
48330,US,MI,DTW,C
48330,US,MI,DTW,C
48131,US,MI,DTW,E
48131,US,MI,TOL,D
48429,US,MI,DTW,F
48429,US,MI,FNT,B
49316,US,MI,GRR,C
48288,US,MI,DTW,A
48161,US,MI,DTW,E
48161,US,MI,TOL,D
48550,US,MI,FNT,A
48551,US,MI,FNT,A
48552,US,MI,FNT,A
48553,US,MI,FNT,A
48554,US,MI,FNT,A
48555,US,MI,FNT,A
48557,US,MI,FNT,A
48336,US,MI,DTW,B
48433,US,MI,DTW,F
48433,US,MI,FNT,B
48059,US,MI,DTW,E
48532,US,MI,FNT,A
48734,US,MI,DTW,F
48556,US,MI,FNT,A
48734,US,MI,FNT,C
48734,US,MI,MBS,C
48787,US,MI,MBS,C
48161,US,MI,DTW,E
49415,US,MI,GRR,D
48025,US,MI,DTW,B
49052,US,MI,AZO,C
48026,US,MI,DTW,C
49415,US,MI,MKG,B
49325,US,MI,GRR,C
48623,US,MI,MBS,A
48278,US,MI,DTW,A
48836,US,MI,DTW,F
48503,US,MI,FNT,A
48220,US,MI,DTW,B
48430,US,MI,DTW,E
49409,US,MI,GRR,D
49409,US,MI,MKG,B
49408,US,MI,GRR,D
48559,US,MI,FNT,A
48622,US,MI,MBS,C
48531,US,MI,FNT,A
48134,US,MI,DTW,B
48507,US,MI,FNT,A
48501,US,MI,FNT,A
48430,US,MI,FNT,C
48502,US,MI,FNT,A
48504,US,MI,DTW,F
48507,US,MI,FNT,A
48529,US,MI,FNT,A
48529,US,MI,DTW,D
48519,US,MI,FNT,A
48519,US,MI,DTW,E
48509,US,MI,DTW,D
48334,US,MI,DTW,B
48506,US,MI,FNT,A
48506,US,MI,DTW,F
48505,US,MI,FNT,A
48504,US,MI,FNT,A
48509,US,MI,FNT,A
48885,US,MI,DTW,H
48851,US,MI,DTW,H
48857,US,MI,DTW,H
48860,US,MI,DTW,H
48861,US,MI,DTW,H
48873,US,MI,DTW,H
48875,US,MI,DTW,H
48876,US,MI,DTW,H
48755,US,MI,DTW,G
48884,US,MI,DTW,H
49544,US,MI,DTW,H
48888,US,MI,DTW,H
48890,US,MI,DTW,H
49096,US,MI,DTW,H
48897,US,MI,DTW,H
49519,US,MI,DTW,H
48801,US,MI,DTW,I
48802,US,MI,DTW,I
49351,US,MI,DTW,H
48767,US,MI,DTW,G
48467,US,MI,DTW,G
48757,US,MI,DTW,G
48609,US,MI,DTW,G
48638,US,MI,DTW,G
48471,US,MI,DTW,G
48759,US,MI,DTW,G
48760,US,MI,DTW,G
48850,US,MI,DTW,H
48475,US,MI,DTW,G
49060,US,MI,DTW,H
49021,US,MI,DTW,H
49046,US,MI,DTW,H
48835,US,MI,DTW,H
49519,US,MI,DTW,H
49525,US,MI,DTW,H
49534,US,MI,DTW,H
48811,US,MI,DTW,I
48472,US,MI,DTW,G
48470,US,MI,DTW,I
49264,US,MI,DTW,I
48866,US,MI,DTW,I
48465,US,MI,DTW,I
48466,US,MI,DTW,I
48871,US,MI,DTW,I
48468,US,MI,DTW,I
48469,US,MI,DTW,I
48401,US,MI,DTW,I
49247,US,MI,DTW,I
49256,US,MI,DTW,I
48879,US,MI,DTW,I
49256,US,MI,DTW,I
48886,US,MI,DTW,I
49284,US,MI,DTW,I
48893,US,MI,DTW,I
48662,US,MI,DTW,I
48177,US,MI,DTW,X
48877,US,MI,DTW,I
48445,US,MI,DTW,I
48845,US,MI,DTW,I
48419,US,MI,DTW,I
48815,US,MI,DTW,I
48422,US,MI,DTW,I
48818,US,MI,DTW,I
48831,US,MI,DTW,I
48832,US,MI,DTW,I
49076,US,MI,DTW,I
49247,US,MI,DTW,I
49073,US,MI,DTW,I
48848,US,MI,DTW,I
49251,US,MI,DTW,I
48450,US,MI,DTW,I
48454,US,MI,DTW,I
48856,US,MI,DTW,I
48456,US,MI,DTW,I
48465,US,MI,DTW,I
49310,US,MI,DTW,I
48441,US,MI,DTW,I
48820,US,MI,DTW,F
48841,US,MI,DTW,F
48864,US,MI,DTW,F
49246,US,MI,DTW,F
49241,US,MI,DTW,F
48480,US,MI,DTW,F
48829,US,MI,DTW,F
48825,US,MI,DTW,F
48824,US,MI,DTW,F
48823,US,MI,DTW,F
48822,US,MI,DTW,F
48872,US,MI,DTW,F
48820,US,MI,DTW,F
48821,US,MI,DTW,F
48819,US,MI,DTW,F
49237,US,MI,DTW,F
48813,US,MI,DTW,F
49037,US,MI,DTW,F
48808,US,MI,DTW,F
48414,US,MI,DTW,F
48806,US,MI,DTW,F
49224,US,MI,DTW,F
48847,US,MI,DTW,I
48754,US,MI,DTW,G
48033,US,MI,DTW,B
48741,US,MI,DTW,G
48464,US,MI,DTW,G
48649,US,MI,DTW,G
48427,US,MI,DTW,F
48412,US,MI,DTW,G
48642,US,MI,DTW,G
48412,US,MI,DTW,G
48747,US,MI,DTW,G
48436,US,MI,DTW,G
48735,US,MI,DTW,G
48435,US,MI,DTW,G
48432,US,MI,DTW,G
48417,US,MI,DTW,G
48453,US,MI,DTW,G
48733,US,MI,DTW,G
48416,US,MI,DTW,G
48720,US,MI,DTW,G
48614,US,MI,DTW,G
48725,US,MI,DTW,G
48726,US,MI,DTW,G
48616,US,MI,DTW,G
48727,US,MI,DTW,G
48426,US,MI,DTW,G
48731,US,MI,DTW,G
48413,US,MI,DTW,G
49130,US,MI,ORD,P
49022,US,MI,ORD,P
49117,US,MI,ORD,O
49112,US,MI,ORD,P
49047,US,MI,ORD,P
49038,US,MI,ORD,P
49107,US,MI,ORD,P
49031,US,MI,ORD,P
49104,US,MI,ORD,P
49103,US,MI,ORD,P
49039,US,MI,ORD,P
49117,US,MI,ORD,O
49102,US,MI,ORD,P
49023,US,MI,ORD,P
49106,US,MI,ORD,P
49117,US,MI,ORD,O
56073,US,MN,MSP,Y
56159,US,MN,MSP,Y
55768,US,MN,MSP,Y
56270,US,MN,MSP,Y
56266,US,MN,MSP,Y
56150,US,MN,MSP,Y
56283,US,MN,MSP,Y
56073,US,MN,MSP,Y
56171,US,MN,MSP,Y
56143,US,MN,MSP,Y
55747,US,MN,MSP,Y
55746,US,MN,MSP,Y
56041,US,MN,MSP,Y
55335,US,MN,MSP,Y
55332,US,MN,MSP,Y
55734,US,MN,MSP,Y
56266,US,MN,MSP,Y
56056,US,MN,MSP,Y
55792,US,MN,MSP,Y
55705,US,MN,MSP,Y
56187,US,MN,MSP,Y
55396,US,MN,MSP,Y
56101,US,MN,MSP,Y
56101,US,MN,MSP,Y
56181,US,MN,MSP,Y
56081,US,MN,MSP,Y
56293,US,MN,MSP,Y
55768,US,MN,MSP,Y
56176,US,MN,MSP,Y
56175,US,MN,MSP,Y
56258,US,MN,MSP,Y
56283,US,MN,MSP,Y
56083,US,MN,MSP,Y
56085,US,MN,MSP,Y
56283,US,MN,MSP,Y
56180,US,MN,MSP,Y
56101,US,MN,MSP,Y
55720,US,MN,MSP,Y
55719,US,MN,MSP,Y
56120,US,MN,MSP,Y
55313,US,MN,MSP,Y
56119,US,MN,MSP,Y
56115,US,MN,MSP,Y
55932,US,MN,RST,C
56533,US,MN,FAR,B
55330,US,MN,MSP,D
55439,US,MN,MSP,A
55020,US,MN,MSP,D
56537,US,MN,FAR,B
56026,US,MN,MSP,H
55731,US,MN,DLH,F
55733,US,MN,DLH,B
55734,US,MN,DLH,D
55331,US,MN,MSP,B
55934,US,MN,MSP,H
55934,US,MN,RST,B
55024,US,MN,MSP,C
55736,US,MN,DLH,D
55025,US,MN,MSP,C
55738,US,MN,DLH,D
55814,US,MN,DLH,A
55021,US,MN,MSP,E
55123,US,MN,MSP,B
55808,US,MN,DLH,A
55810,US,MN,DLH,B
55811,US,MN,DLH,A
55812,US,MN,DLH,A
55033,US,MN,MSP,D
55815,US,MN,DLH,A
55111,US,MN,MSP,A
55814,US,MN,DLH,A
55019,US,MN,MSP,E
55120,US,MN,MSP,A
55816,US,MN,DLH,A
55122,US,MN,MSP,B
55436,US,MN,MSP,A
56024,US,MN,MSP,H
56721,US,MN,GFK,A
55343,US,MN,MSP,B
55344,US,MN,MSP,A
55346,US,MN,MSP,B
55347,US,MN,MSP,B
55329,US,MN,MSP,H
55410,US,MN,MSP,A
55416,US,MN,MSP,A
55424,US,MN,MSP,A
55435,US,MN,MSP,A
55121,US,MN,MSP,A
55944,US,MN,MSP,G
55991,US,MN,RST,C
55747,US,MN,DLH,D
55749,US,MN,DLH,D
56046,US,MN,MSP,H
55343,US,MN,MSP,B
55345,US,MN,MSP,B
55750,US,MN,DLH,D
55038,US,MN,MSP,C
55077,US,MN,MSP,A
55811,US,MN,DLH,A
56050,US,MN,MSP,G
55810,US,MN,DLH,B
55944,US,MN,RST,B
55753,US,MN,DLH,D
55945,US,MN,MSP,H
55946,US,MN,MSP,F
55353,US,MN,MSP,G
55325,US,MN,MSP,H
55807,US,MN,DLH,A
55713,US,MN,DLH,D
55041,US,MN,MSP,G
55744,US,MN,DLH,D
55352,US,MN,MSP,D
55427,US,MN,MSP,A
55935,US,MN,RST,C
56331,US,MN,MSP,H
55421,US,MN,MSP,A
55432,US,MN,MSP,B
56034,US,MN,MSP,H
56035,US,MN,MSP,H
55741,US,MN,DLH,D
56547,US,MN,FAR,B
55416,US,MN,MSP,A
55746,US,MN,DLH,D
55426,US,MN,MSP,A
55111,US,MN,MSP,A
55936,US,MN,RST,B
55730,US,MN,DLH,D
55744,US,MN,DLH,D
55745,US,MN,DLH,D
55304,US,MN,MSP,B
55340,US,MN,MSP,C
55991,US,MN,MSP,G
55031,US,MN,MSP,D
56549,US,MN,FAR,B
55940,US,MN,RST,B
55422,US,MN,MSP,A
55430,US,MN,MSP,A
55917,US,MN,MSP,H
55420,US,MN,MSP,A
55425,US,MN,MSP,A
55431,US,MN,MSP,A
55435,US,MN,MSP,A
55437,US,MN,MSP,A
55438,US,MN,MSP,A
55709,US,MN,DLH,D
55710,US,MN,DLH,E
55920,US,MN,MSP,H
55429,US,MN,MSP,A
55309,US,MN,MSP,D
55443,US,MN,MSP,B
55444,US,MN,MSP,A
55428,US,MN,MSP,A
55429,US,MN,MSP,A
55443,US,MN,MSP,B
55444,US,MN,MSP,A
55445,US,MN,MSP,A
55711,US,MN,DLH,D
55919,US,MN,RST,C
55337,US,MN,MSP,B
55428,US,MN,MSP,A
55124,US,MN,MSP,B
56002,US,MN,MSP,G
56055,US,MN,MSP,H
56510,US,MN,FAR,B
55701,US,MN,DLH,A
55001,US,MN,MSP,C
56431,US,MN,DLH,F
56307,US,MN,MSP,H
56007,US,MN,MSP,H
55301,US,MN,MSP,D
55304,US,MN,MSP,B
55434,US,MN,MSP,A
55304,US,MN,MSP,B
55708,US,MN,DLH,D
55112,US,MN,MSP,B
55705,US,MN,DLH,D
55912,US,MN,MSP,H
56310,US,MN,MSP,G
55706,US,MN,DLH,F
56514,US,MN,FAR,B
55003,US,MN,MSP,C
55308,US,MN,MSP,E
56011,US,MN,MSP,H
55009,US,MN,MSP,D
55303,US,MN,MSP,C
56529,US,MN,FAR,B
55920,US,MN,RST,B
56441,US,MN,DLH,F
55422,US,MN,MSP,A
55428,US,MN,MSP,A
55323,US,MN,MSP,B
55324,US,MN,MSP,H
55325,US,MN,MSP,H
55327,US,MN,MSP,D
56636,US,MN,DLH,D
56444,US,MN,DLH,F
55016,US,MN,MSP,B
55926,US,MN,RST,B
55433,US,MN,MSP,B
55927,US,MN,RST,C
55929,US,MN,RST,B
56514,US,MN,FAR,B
55811,US,MN,DLH,A
55701,US,MN,DLH,A
55801,US,MN,DLH,A
55802,US,MN,DLH,A
55803,US,MN,DLH,A
55804,US,MN,DLH,A
55805,US,MN,DLH,A
55110,US,MN,MSP,B
56016,US,MN,MSP,H
55806,US,MN,DLH,A
56537,US,MN,FAR,B
55718,US,MN,DLH,B
55315,US,MN,MSP,C
55010,US,MN,MSP,D
55038,US,MN,MSP,C
55317,US,MN,MSP,B
55318,US,MN,MSP,B
55923,US,MN,RST,C
55719,US,MN,DLH,D
55726,US,MN,DLH,D
55924,US,MN,MSP,G
55716,US,MN,DLH,D
55319,US,MN,MSP,F
55320,US,MN,MSP,E
55720,US,MN,DLH,B
55721,US,MN,DLH,D
55321,US,MN,MSP,H
56320,US,MN,MSP,G
55722,US,MN,DLH,D
56321,US,MN,MSP,G
55421,US,MN,MSP,A
55723,US,MN,DLH,F
55014,US,MN,MSP,B
55104,US,MN,MSP,A
55112,US,MN,MSP,B
55111,US,MN,MSP,A
55110,US,MN,MSP,B
55109,US,MN,MSP,B
55108,US,MN,MSP,A
55107,US,MN,MSP,A
55416,US,MN,MSP,A
55105,US,MN,MSP,A
55115,US,MN,MSP,B
55103,US,MN,MSP,A
55102,US,MN,MSP,A
55101,US,MN,MSP,A
55376,US,MN,MSP,D
55436,US,MN,MSP,A
55426,US,MN,MSP,A
55992,US,MN,MSP,F
55106,US,MN,MSP,A
55122,US,MN,MSP,B
55810,US,MN,DLH,B
55144,US,MN,MSP,A
55133,US,MN,MSP,A
55128,US,MN,MSP,A
55127,US,MN,MSP,B
55126,US,MN,MSP,B
55125,US,MN,MSP,B
55113,US,MN,MSP,A
55123,US,MN,MSP,B
55114,US,MN,MSP,A
55121,US,MN,MSP,A
55120,US,MN,MSP,A
55119,US,MN,MSP,B
55118,US,MN,MSP,A
55117,US,MN,MSP,A
55116,US,MN,MSP,A
56374,US,MN,MSP,G
55124,US,MN,MSP,B
55902,US,MN,RST,A
55904,US,MN,RST,B
55904,US,MN,MSP,H
55903,US,MN,RST,A
55903,US,MN,MSP,G
55902,US,MN,RST,A
55902,US,MN,MSP,G
55424,US,MN,MSP,A
55901,US,MN,MSP,G
55906,US,MN,RST,A
55422,US,MN,MSP,A
56368,US,MN,MSP,G
55423,US,MN,MSP,A
56367,US,MN,MSP,G
55303,US,MN,MSP,C
55967,US,MN,RST,B
55967,US,MN,MSP,H
55901,US,MN,RST,A
55126,US,MN,MSP,B
56396,US,MN,MSP,F
56395,US,MN,MSP,F
56393,US,MN,MSP,F
56372,US,MN,MSP,F
56304,US,MN,MSP,F
56303,US,MN,MSP,F
56302,US,MN,MSP,F
55905,US,MN,MSP,H
56373,US,MN,MSP,H
55905,US,MN,RST,A
55113,US,MN,MSP,A
55068,US,MN,MSP,B
56371,US,MN,MSP,H
56549,US,MN,FAR,B
55374,US,MN,MSP,D
56369,US,MN,MSP,G
55150,US,MN,MSP,A
56301,US,MN,MSP,F
55386,US,MN,MSP,C
55087,US,MN,MSP,F
56387,US,MN,MSP,F
55387,US,MN,MSP,C
55981,US,MN,MSP,H
55792,US,MN,DLH,D
55777,US,MN,DLH,D
55118,US,MN,MSP,A
55934,US,MN,MSP,H
55389,US,MN,MSP,H
55046,US,MN,MSP,E
56090,US,MN,MSP,H
55127,US,MN,MSP,B
55616,US,MN,DLH,C
55111,US,MN,MSP,A
55791,US,MN,DLH,D
55145,US,MN,MSP,A
55934,US,MN,RST,B
55110,US,MN,MSP,B
55991,US,MN,RST,C
55991,US,MN,MSP,G
55738,US,MN,DLH,D
55990,US,MN,RST,C
55797,US,MN,DLH,D
55749,US,MN,DLH,D
55125,US,MN,MSP,B
56093,US,MN,MSP,G
55115,US,MN,MSP,B
56096,US,MN,MSP,G
55118,US,MN,MSP,A
55107,US,MN,MSP,A
55985,US,MN,MSP,G
55088,US,MN,MSP,E
55391,US,MN,MSP,B
55390,US,MN,MSP,D
55083,US,MN,MSP,C
55090,US,MN,MSP,C
55171,US,MN,MSP,A
56082,US,MN,MSP,G
55071,US,MN,MSP,B
55191,US,MN,MSP,A
55190,US,MN,MSP,A
55182,US,MN,MSP,A
55177,US,MN,MSP,A
55945,US,MN,MSP,H
55172,US,MN,MSP,A
56378,US,MN,MSP,H
55170,US,MN,MSP,A
55169,US,MN,MSP,A
55168,US,MN,MSP,A
55166,US,MN,MSP,A
55165,US,MN,MSP,A
55164,US,MN,MSP,A
55161,US,MN,MSP,A
55175,US,MN,MSP,A
55075,US,MN,MSP,A
55082,US,MN,MSP,C
55976,US,MN,RST,A
55976,US,MN,MSP,H
55071,US,MN,MSP,B
55975,US,MN,RST,B
55384,US,MN,MSP,B
55432,US,MN,MSP,B
56377,US,MN,MSP,G
55077,US,MN,MSP,A
55042,US,MN,MSP,C
55380,US,MN,MSP,G
55126,US,MN,MSP,B
55379,US,MN,MSP,B
55613,US,MN,DLH,F
55378,US,MN,MSP,B
56379,US,MN,MSP,G
55146,US,MN,MSP,A
55075,US,MN,MSP,A
55405,US,MN,MSP,A
55413,US,MN,MSP,A
55412,US,MN,MSP,A
55411,US,MN,MSP,A
55410,US,MN,MSP,A
55409,US,MN,MSP,A
55408,US,MN,MSP,A
55118,US,MN,MSP,A
55406,US,MN,MSP,A
55416,US,MN,MSP,A
55404,US,MN,MSP,A
55403,US,MN,MSP,A
55402,US,MN,MSP,A
55401,US,MN,MSP,A
55111,US,MN,MSP,A
55957,US,MN,MSP,H
55433,US,MN,MSP,B
55407,US,MN,MSP,A
55423,US,MN,MSP,A
55432,US,MN,MSP,B
55431,US,MN,MSP,A
55430,US,MN,MSP,A
55429,US,MN,MSP,A
55428,US,MN,MSP,A
55427,US,MN,MSP,A
55426,US,MN,MSP,A
55414,US,MN,MSP,A
55424,US,MN,MSP,A
55415,US,MN,MSP,A
55422,US,MN,MSP,A
55421,US,MN,MSP,A
55420,US,MN,MSP,A
55419,US,MN,MSP,A
55418,US,MN,MSP,A
55417,US,MN,MSP,A
56352,US,MN,MSP,H
55425,US,MN,MSP,A
55952,US,MN,RST,C
56001,US,MN,MSP,G
56062,US,MN,MSP,H
55046,US,MN,MSP,E
55356,US,MN,MSP,B
56510,US,MN,FAR,B
56345,US,MN,MSP,H
55043,US,MN,MSP,C
55355,US,MN,MSP,H
55955,US,MN,MSP,G
56058,US,MN,MSP,F
55113,US,MN,MSP,A
55108,US,MN,MSP,A
55128,US,MN,MSP,A
55044,US,MN,MSP,C
55372,US,MN,MSP,B
55155,US,MN,MSP,A
55117,US,MN,MSP,A
55117,US,MN,MSP,A
55340,US,MN,MSP,C
55441,US,MN,MSP,B
55049,US,MN,MSP,F
55765,US,MN,DLH,D
55741,US,MN,DLH,D
55956,US,MN,MSP,G
55764,US,MN,DLH,D
55115,US,MN,MSP,B
55119,US,MN,MSP,B
56003,US,MN,MSP,G
55109,US,MN,MSP,B
56065,US,MN,MSP,H
55359,US,MN,MSP,C
55348,US,MN,MSP,C
55369,US,MN,MSP,B
55955,US,MN,RST,B
55120,US,MN,MSP,A
55144,US,MN,MSP,A
55392,US,MN,MSP,B
58102,US,MN,FAR,A
55057,US,MN,MSP,D
55109,US,MN,MSP,B
55127,US,MN,MSP,B
56003,US,MN,MSP,G
55055,US,MN,MSP,B
55054,US,MN,MSP,D
55128,US,MN,MSP,A
55112,US,MN,MSP,B
55960,US,MN,MSP,G
55769,US,MN,DLH,D
55768,US,MN,DLH,D
55112,US,MN,MSP,B
55364,US,MN,MSP,C
55052,US,MN,MSP,F
55767,US,MN,DLH,D
56560,US,MN,FAR,A
55428,US,MN,MSP,A
55963,US,MN,RST,C
55150,US,MN,MSP,A
55447,US,MN,MSP,B
55434,US,MN,MSP,A
55442,US,MN,MSP,B
55441,US,MN,MSP,B
55964,US,MN,RST,C
55964,US,MN,MSP,H
55082,US,MN,MSP,C
55115,US,MN,MSP,B
55446,US,MN,MSP,B
55963,US,MN,MSP,G
55775,US,MN,DLH,D
56362,US,MN,MSP,H
55768,US,MN,DLH,D
55060,US,MN,MSP,F
55369,US,MN,MSP,B
55960,US,MN,RST,B
55128,US,MN,MSP,A
55443,US,MN,MSP,B
55458,US,MN,MSP,A
55455,US,MN,MSP,A
55454,US,MN,MSP,A
55450,US,MN,MSP,A
55447,US,MN,MSP,B
55446,US,MN,MSP,B
55459,US,MN,MSP,A
55444,US,MN,MSP,A
55436,US,MN,MSP,A
55442,US,MN,MSP,B
55441,US,MN,MSP,B
55440,US,MN,MSP,A
55439,US,MN,MSP,A
55438,US,MN,MSP,A
55437,US,MN,MSP,A
55435,US,MN,MSP,A
55445,US,MN,MSP,A
55343,US,MN,MSP,B
55362,US,MN,MSP,E
55343,US,MN,MSP,B
55460,US,MN,MSP,A
55345,US,MN,MSP,B
55365,US,MN,MSP,E
55488,US,MN,MSP,A
55487,US,MN,MSP,A
55486,US,MN,MSP,A
55470,US,MN,MSP,A
55484,US,MN,MSP,A
55483,US,MN,MSP,A
55480,US,MN,MSP,A
55479,US,MN,MSP,A
55478,US,MN,MSP,A
55472,US,MN,MSP,A
55485,US,MN,MSP,A
55361,US,MN,MSP,B
55333,US,MN,MSP,P
55341,US,MN,MSP,P
56277,US,MN,MSP,N
64803,US,MO,JLN,A
63857,US,MO,MEM,H
63830,US,MO,MEM,G
64865,US,MO,JLN,D
64766,US,MO,JLN,D
64759,US,MO,JLN,D
64830,US,MO,JLN,C
64755,US,MO,JLN,D
64802,US,MO,JLN,A
64831,US,MO,JLN,E
64801,US,MO,JLN,A
64844,US,MO,JLN,D
64856,US,MO,JLN,E
64862,US,MO,JLN,E
64854,US,MO,JLN,E
64832,US,MO,JLN,C
64850,US,MO,JLN,C
64835,US,MO,JLN,B
64836,US,MO,JLN,C
64870,US,MO,JLN,B
64840,US,MO,JLN,C
64804,US,MO,JLN,A
64853,US,MO,JLN,C
64834,US,MO,JLN,C
64841,US,MO,JLN,B
65656,US,MO,JLN,B
65624,US,MO,JLN,B
63857,US,MO,MEM,I
63863,US,MO,MEM,J
63873,US,MO,MEM,J
64423,US,MO,OMA,G
64427,US,MO,OMA,G
64428,US,MO,OMA,G
64428,US,MO,OMA,G
63830,US,MO,MEM,I
64428,US,MO,OMA,G
65704,US,MO,STL,M
65711,US,MO,STL,M
65734,US,MO,STL,L
65746,US,MO,STL,L
65769,US,MO,STL,L
64431,US,MO,OMA,G
65793,US,MO,STL,N
63851,US,MO,MEM,I
65653,US,MO,STL,L
65775,US,MO,STL,N
65536,US,MO,STL,L
64489,US,MO,OMA,G
64491,US,MO,OMA,G
64496,US,MO,OMA,G
64498,US,MO,OMA,G
65020,US,MO,STL,M
65049,US,MO,STL,N
64487,US,MO,OMA,G
64432,US,MO,OMA,G
65459,US,MO,STL,M
65689,US,MO,STL,M
65571,US,MO,STL,N
65608,US,MO,STL,M
65616,US,MO,STL,M
65622,US,MO,STL,M
65625,US,MO,STL,M
65632,US,MO,STL,L
65065,US,MO,STL,N
64446,US,MO,OMA,G
65548,US,MO,STL,N
64487,US,MO,OMA,G
64433,US,MO,OMA,G
64434,US,MO,OMA,G
64445,US,MO,OMA,G
64455,US,MO,OMA,G
64457,US,MO,OMA,G
64461,US,MO,OMA,G
64482,US,MO,OMA,G
64486,US,MO,OMA,G
64434,US,MO,OMA,G
64482,US,MO,OMA,G
64468,US,MO,OMA,G
64479,US,MO,OMA,G
64476,US,MO,OMA,G
64475,US,MO,OMA,G
63006,US,MO,STL,B
65041,US,MO,STL,F
63024,US,MO,STL,B
63151,US,MO,STL,A
64850,US,MO,TUL,F
63362,US,MO,STL,E
63361,US,MO,STL,F
63456,US,MO,STL,G
65270,US,MO,STL,G
63660,US,MO,STL,K
63645,US,MO,STL,K
63645,US,MO,STL,K
64772,US,MO,MCI,E
65063,US,MO,STL,F
63363,US,MO,STL,F
63068,US,MO,STL,E
63459,US,MO,STL,G
65550,US,MO,STL,K
65265,US,MO,STL,F
63121,US,MO,STL,A
63021,US,MO,STL,B
64668,US,MO,MCI,E
64068,US,MO,MCI,B
63462,US,MO,STL,K
63137,US,MO,STL,A
63057,US,MO,STL,C
65051,US,MO,STL,F
65053,US,MO,STL,K
64070,US,MO,MCI,F
63353,US,MO,STL,F
63143,US,MO,STL,A
63065,US,MO,STL,C
65041,US,MO,STL,F
64658,US,MO,MCI,G
63357,US,MO,STL,H
64147,US,MO,MCI,A
65264,US,MO,STL,G
63043,US,MO,STL,A
64468,US,MO,MCI,F
63776,US,MO,STL,K
63011,US,MO,STL,B
64068,US,MO,MCI,B
63775,US,MO,STL,G
63776,US,MO,STL,K
63783,US,MO,STL,G
63070,US,MO,STL,D
64079,US,MO,MCI,A
64151,US,MO,MCI,A
64152,US,MO,MCI,A
64080,US,MO,MCI,F
64078,US,MO,MCI,F
63901,US,MO,STL,H
63373,US,MO,STL,G
63873,US,MO,MEM,H
63664,US,MO,STL,G
64117,US,MO,MCI,A
64161,US,MO,MCI,A
64129,US,MO,MCI,A
64477,US,MO,MCI,F
63114,US,MO,STL,A
64116,US,MO,MCI,A
63366,US,MO,STL,C
63367,US,MO,STL,C
64075,US,MO,MCI,D
64076,US,MO,MCI,D
63369,US,MO,STL,C
63132,US,MO,STL,A
63747,US,MO,STL,G
63052,US,MO,STL,C
64067,US,MO,MCI,F
65066,US,MO,STL,G
63069,US,MO,STL,C
63461,US,MO,STL,G
65275,US,MO,STL,H
63601,US,MO,STL,F
64083,US,MO,MCI,F
63138,US,MO,STL,A
63771,US,MO,STL,K
64179,US,MO,MCI,A
64163,US,MO,MCI,A
64164,US,MO,MCI,A
64165,US,MO,MCI,A
64166,US,MO,MCI,A
64167,US,MO,MCI,A
64168,US,MO,MCI,A
64139,US,MO,MCI,B
64172,US,MO,MCI,A
64158,US,MO,MCI,A
64180,US,MO,MCI,A
64183,US,MO,MCI,A
64184,US,MO,MCI,A
64185,US,MO,MCI,A
64187,US,MO,MCI,A
64190,US,MO,MCI,A
64191,US,MO,MCI,A
64170,US,MO,MCI,A
64151,US,MO,MCI,A
64133,US,MO,MCI,B
64138,US,MO,MCI,A
64141,US,MO,MCI,A
64144,US,MO,MCI,A
64145,US,MO,MCI,D
64146,US,MO,MCI,A
64147,US,MO,MCI,A
64161,US,MO,MCI,A
64150,US,MO,MCI,A
64160,US,MO,MCI,A
64152,US,MO,MCI,A
64153,US,MO,MCI,A
64154,US,MO,MCI,A
64155,US,MO,MCI,A
64156,US,MO,MCI,A
64157,US,MO,MCI,A
64194,US,MO,MCI,A
64149,US,MO,MCI,A
64465,US,MO,MCI,F
64192,US,MO,MCI,A
63670,US,MO,STL,F
64063,US,MO,MCI,C
63367,US,MO,STL,C
63357,US,MO,STL,H
64015,US,MO,MCI,C
64151,US,MO,MCI,A
63055,US,MO,STL,G
63145,US,MO,STL,A
63448,US,MO,STL,H
64062,US,MO,MCI,F
63601,US,MO,STL,F
64063,US,MO,MCI,C
64064,US,MO,MCI,C
64065,US,MO,MCI,B
64081,US,MO,MCI,C
64082,US,MO,MCI,C
64034,US,MO,MCI,F
63758,US,MO,STL,G
63125,US,MO,STL,A
64195,US,MO,MCI,A
64196,US,MO,MCI,A
64197,US,MO,MCI,A
64198,US,MO,MCI,A
64199,US,MO,MCI,A
64944,US,MO,MCI,A
63352,US,MO,STL,K
64060,US,MO,MCI,F
64193,US,MO,MCI,A
63053,US,MO,STL,C
65262,US,MO,STL,F
64061,US,MO,MCI,F
63140,US,MO,STL,A
63122,US,MO,STL,A
65305,US,MO,MCI,F
65336,US,MO,MCI,F
64999,US,MO,MCI,A
63127,US,MO,STL,A
63145,US,MO,STL,A
63673,US,MO,STL,G
63366,US,MO,STL,C
63303,US,MO,STL,A
63304,US,MO,STL,C
63376,US,MO,STL,B
63157,US,MO,STL,A
63126,US,MO,STL,A
63197,US,MO,STL,A
63128,US,MO,STL,A
64485,US,MO,MCI,F
63780,US,MO,STL,G
65301,US,MO,MCI,F
63468,US,MO,STL,K
64088,US,MO,MCI,D
63801,US,MO,STL,K
63670,US,MO,STL,F
63178,US,MO,STL,A
63389,US,MO,STL,D
63160,US,MO,STL,A
63163,US,MO,STL,A
63164,US,MO,STL,A
63166,US,MO,STL,A
63167,US,MO,STL,A
63169,US,MO,STL,A
63199,US,MO,STL,A
63177,US,MO,STL,A
63198,US,MO,STL,A
63179,US,MO,STL,A
63180,US,MO,STL,A
63182,US,MO,STL,A
63188,US,MO,STL,A
63195,US,MO,STL,A
63196,US,MO,STL,A
65803,US,MO,SGF,A
63171,US,MO,STL,A
63021,US,MO,STL,B
63377,US,MO,STL,E
63119,US,MO,STL,A
63384,US,MO,STL,F
63385,US,MO,STL,C
63386,US,MO,STL,C
64098,US,MO,MCI,D
65305,US,MO,MCI,F
65583,US,MO,STL,G
63011,US,MO,STL,B
63090,US,MO,STL,E
63025,US,MO,STL,C
63038,US,MO,STL,C
63040,US,MO,STL,C
63069,US,MO,STL,C
64137,US,MO,MCI,A
63390,US,MO,STL,E
63025,US,MO,STL,C
63005,US,MO,STL,B
63379,US,MO,STL,E
63156,US,MO,STL,A
63877,US,MO,MEM,H
64680,US,MO,MCI,E
64054,US,MO,MCI,B
63080,US,MO,STL,E
63052,US,MO,STL,C
65351,US,MO,MCI,F
64152,US,MO,MCI,A
63017,US,MO,STL,B
64089,US,MO,MCI,F
63084,US,MO,STL,E
63783,US,MO,STL,G
63130,US,MO,STL,A
63088,US,MO,STL,B
63382,US,MO,STL,K
64093,US,MO,MCI,E
63383,US,MO,STL,E
64735,US,MO,MCI,H
63103,US,MO,STL,A
64504,US,MO,MCI,C
64505,US,MO,MCI,C
64506,US,MO,MCI,C
64507,US,MO,MCI,C
64508,US,MO,MCI,C
63145,US,MO,STL,A
63158,US,MO,STL,A
63102,US,MO,STL,A
64501,US,MO,MCI,C
63104,US,MO,STL,A
63105,US,MO,STL,A
63106,US,MO,STL,A
63107,US,MO,STL,A
63108,US,MO,STL,A
63109,US,MO,STL,A
63110,US,MO,STL,A
63101,US,MO,STL,A
63074,US,MO,STL,A
64085,US,MO,MCI,F
63117,US,MO,STL,A
63601,US,MO,STL,F
64150,US,MO,MCI,A
64168,US,MO,MCI,A
65279,US,MO,STL,K
65401,US,MO,STL,G
64503,US,MO,MCI,C
63073,US,MO,STL,C
64502,US,MO,MCI,C
63301,US,MO,STL,A
63302,US,MO,STL,B
63303,US,MO,STL,A
63304,US,MO,STL,C
63077,US,MO,STL,E
65559,US,MO,STL,G
63113,US,MO,STL,A
63091,US,MO,STL,K
63141,US,MO,STL,A
63111,US,MO,STL,A
63133,US,MO,STL,A
63134,US,MO,STL,A
63135,US,MO,STL,A
63136,US,MO,STL,A
63137,US,MO,STL,A
63138,US,MO,STL,A
63131,US,MO,STL,A
63140,US,MO,STL,A
63130,US,MO,STL,A
63143,US,MO,STL,A
63144,US,MO,STL,A
63145,US,MO,STL,A
63146,US,MO,STL,A
63147,US,MO,STL,A
63150,US,MO,STL,A
63155,US,MO,STL,A
63139,US,MO,STL,A
63122,US,MO,STL,A
64138,US,MO,MCI,A
63114,US,MO,STL,A
63115,US,MO,STL,A
63116,US,MO,STL,A
63117,US,MO,STL,A
63118,US,MO,STL,A
63119,US,MO,STL,A
63132,US,MO,STL,A
63121,US,MO,STL,A
63112,US,MO,STL,A
63123,US,MO,STL,A
63124,US,MO,STL,A
63125,US,MO,STL,A
63126,US,MO,STL,A
63127,US,MO,STL,A
63128,US,MO,STL,A
63129,US,MO,STL,C
63120,US,MO,STL,A
65205,US,MO,STL,F
63020,US,MO,STL,E
65453,US,MO,STL,F
63141,US,MO,STL,A
63338,US,MO,STL,C
64020,US,MO,MCI,F
65218,US,MO,STL,F
65217,US,MO,STL,F
65216,US,MO,STL,F
65215,US,MO,STL,F
65240,US,MO,STL,F
65211,US,MO,STL,F
63841,US,MO,STL,H
65203,US,MO,STL,F
65202,US,MO,STL,F
65201,US,MO,STL,F
64735,US,MO,MCI,H
63124,US,MO,STL,A
63105,US,MO,STL,A
63336,US,MO,STL,E
64601,US,MO,MCI,F
63017,US,MO,STL,B
63033,US,MO,STL,A
65212,US,MO,STL,F
64024,US,MO,MCI,B
63032,US,MO,STL,B
63031,US,MO,STL,A
63601,US,MO,STL,F
63028,US,MO,STL,D
64163,US,MO,MCI,A
63135,US,MO,STL,A
63099,US,MO,STL,B
63026,US,MO,STL,B
63746,US,MO,STL,K
63640,US,MO,STL,F
63131,US,MO,STL,A
63345,US,MO,STL,K
63601,US,MO,STL,F
63025,US,MO,STL,C
65327,US,MO,MCI,F
63601,US,MO,STL,F
63343,US,MO,STL,E
65026,US,MO,STL,K
63045,US,MO,STL,A
65401,US,MO,STL,G
63637,US,MO,STL,E
63023,US,MO,STL,K
63436,US,MO,STL,F
64028,US,MO,MCI,E
63022,US,MO,STL,B
64161,US,MO,MCI,A
63140,US,MO,STL,A
63134,US,MO,STL,A
63014,US,MO,STL,H
63736,US,MO,STL,G
64012,US,MO,MCI,F
63333,US,MO,STL,G
65013,US,MO,STL,K
63013,US,MO,STL,G
63005,US,MO,STL,B
63012,US,MO,STL,C
63824,US,MO,STL,K
63021,US,MO,STL,B
63011,US,MO,STL,B
64117,US,MO,MCI,A
65231,US,MO,STL,K
65010,US,MO,STL,K
63010,US,MO,STL,C
63052,US,MO,STL,C
63001,US,MO,STL,C
63123,US,MO,STL,A
63730,US,MO,STL,H
64011,US,MO,MCI,F
63045,US,MO,STL,A
63016,US,MO,STL,D
65101,US,MO,STL,G
63015,US,MO,STL,E
64633,US,MO,MCI,F
63701,US,MO,STL,G
64429,US,MO,MCI,E
65018,US,MO,STL,K
63630,US,MO,STL,E
64730,US,MO,MCI,F
64016,US,MO,MCI,D
63624,US,MO,STL,K
64628,US,MO,MCI,H
65014,US,MO,STL,K
63044,US,MO,STL,A
63144,US,MO,STL,A
63114,US,MO,STL,A
64136,US,MO,MCI,A
65441,US,MO,STL,E
63019,US,MO,STL,D
63628,US,MO,STL,E
64015,US,MO,MCI,C
63627,US,MO,STL,G
63334,US,MO,STL,E
64631,US,MO,MCI,H
65103,US,MO,STL,F
64106,US,MO,MCI,A
64105,US,MO,MCI,A
64101,US,MO,MCI,A
64801,US,MO,TUL,F
64801,US,MO,JLN,A
63351,US,MO,STL,F
63136,US,MO,STL,A
65108,US,MO,STL,F
65107,US,MO,STL,F
65106,US,MO,STL,F
64052,US,MO,MCI,B
65104,US,MO,STL,F
64110,US,MO,MCI,A
65102,US,MO,STL,F
65101,US,MO,STL,F
63755,US,MO,STL,G
63650,US,MO,STL,K
64058,US,MO,MCI,B
64057,US,MO,MCI,B
64056,US,MO,MCI,B
64055,US,MO,MCI,B
64054,US,MO,MCI,B
64053,US,MO,MCI,B
65105,US,MO,STL,F
64124,US,MO,MCI,A
65233,US,MO,STL,K
63034,US,MO,STL,A
64134,US,MO,MCI,B
64133,US,MO,MCI,B
64132,US,MO,MCI,A
64131,US,MO,MCI,A
64130,US,MO,MCI,A
64129,US,MO,MCI,A
64128,US,MO,MCI,A
64127,US,MO,MCI,A
64108,US,MO,MCI,A
64125,US,MO,MCI,A
64109,US,MO,MCI,A
64123,US,MO,MCI,A
64120,US,MO,MCI,A
64119,US,MO,MCI,A
64118,US,MO,MCI,A
64117,US,MO,MCI,A
64116,US,MO,MCI,A
64114,US,MO,MCI,A
64113,US,MO,MCI,A
64112,US,MO,MCI,A
64111,US,MO,MCI,A
64153,US,MO,MCI,A
64126,US,MO,MCI,A
64029,US,MO,MCI,D
63851,US,MO,MEM,H
63851,US,MO,MEM,H
63349,US,MO,STL,E
64701,US,MO,MCI,E
64035,US,MO,MCI,E
63401,US,MO,STL,G
64644,US,MO,MCI,F
65255,US,MO,STL,K
63040,US,MO,STL,C
64034,US,MO,MCI,F
63042,US,MO,STL,A
64030,US,MO,MCI,B
63037,US,MO,STL,G
63038,US,MO,STL,C
64119,US,MO,MCI,A
64118,US,MO,MCI,A
64051,US,MO,MCI,B
65251,US,MO,STL,F
64102,US,MO,MCI,A
63645,US,MO,STL,K
65473,US,MO,STL,G
63348,US,MO,STL,E
63347,US,MO,STL,E
63944,US,MO,STL,K
65043,US,MO,STL,G
63747,US,MO,STL,G
63053,US,MO,STL,C
63052,US,MO,STL,C
65259,US,MO,STL,K
64151,US,MO,MCI,A
64050,US,MO,MCI,D
63051,US,MO,STL,C
64048,US,MO,MCI,F
64040,US,MO,MCI,F
63050,US,MO,STL,D
63049,US,MO,STL,C
63047,US,MO,STL,D
64037,US,MO,MCI,F
63350,US,MO,STL,F
63048,US,MO,STL,D
63044,US,MO,STL,A
64036,US,MO,MCI,E
63043,US,MO,STL,A
65890,US,MO,SGF,A
65897,US,MO,SGF,A
65613,US,MO,SGF,G
65727,US,MO,SGF,G
65631,US,MO,SGF,G
65661,US,MO,SGF,G
65668,US,MO,SGF,G
65737,US,MO,SGF,F
65483,US,MO,SGF,G
65655,US,MO,SGF,G
65686,US,MO,SGF,F
65898,US,MO,SGF,A
65899,US,MO,SGF,A
65604,US,MO,SGF,B
65619,US,MO,SGF,B
65648,US,MO,SGF,B
65714,US,MO,SGF,B
65738,US,MO,SGF,B
65757,US,MO,SGF,B
65461,US,MO,STL,G
65721,US,MO,SGF,B
65791,US,MO,SGF,G
64019,US,MO,MCI,E
63190,US,MO,STL,A
64014,US,MO,MCI,C
65781,US,MO,SGF,B
63653,US,MO,STL,F
65072,US,MO,STL,G
65355,US,MO,SGF,H
65084,US,MO,SGF,H
65556,US,MO,SGF,H
65052,US,MO,SGF,H
64744,US,MO,SGF,H
64086,US,MO,MCI,C
65776,US,MO,SGF,G
65810,US,MO,SGF,A
65785,US,MO,SGF,G
65747,US,MO,SGF,G
65739,US,MO,SGF,G
65725,US,MO,SGF,G
65682,US,MO,SGF,G
65802,US,MO,SGF,A
65681,US,MO,SGF,G
65804,US,MO,SGF,A
65806,US,MO,SGF,A
65807,US,MO,SGF,A
65809,US,MO,SGF,A
65606,US,MO,SGF,H
65712,US,MO,SGF,D
65274,US,MO,STL,G
65461,US,MO,STL,G
65072,US,MO,STL,G
64001,US,MO,MCI,J
65409,US,MO,STL,G
65062,US,MO,STL,G
63703,US,MO,STL,G
64788,US,MO,MCI,J
65274,US,MO,STL,G
65461,US,MO,STL,G
63703,US,MO,STL,G
65409,US,MO,STL,G
65072,US,MO,STL,G
63703,US,MO,STL,G
63653,US,MO,STL,F
65109,US,MO,STL,F
65111,US,MO,STL,F
63653,US,MO,STL,F
65299,US,MO,STL,F
63653,US,MO,STL,F
65109,US,MO,STL,F
65111,US,MO,STL,F
64097,US,MO,MCI,G
65605,US,MO,SGF,C
65672,US,MO,SGF,F
65633,US,MO,SGF,C
65644,US,MO,SGF,C
65610,US,MO,SGF,C
65062,US,MO,STL,G
65062,US,MO,STL,G
65652,US,MO,SGF,C
65706,US,MO,SGF,C
65742,US,MO,SGF,C
65753,US,MO,SGF,C
65770,US,MO,SGF,C
65708,US,MO,SGF,D
65109,US,MO,STL,F
65409,US,MO,STL,G
65274,US,MO,STL,G
63653,US,MO,STL,F
65705,US,MO,SGF,C
65299,US,MO,STL,F
65723,US,MO,SGF,E
65111,US,MO,STL,F
63368,US,MO,STL,B
63653,US,MO,STL,F
63039,US,MO,STL,E
65299,US,MO,STL,F
63039,US,MO,STL,E
39529,US,MS,MOB,G
39521,US,MS,MOB,G
39561,US,MS,MOB,G
39522,US,MS,MOB,G
39529,US,MS,MOB,G
39571,US,MS,MOB,G
39520,US,MS,MOB,G
39534,US,MS,MOB,G
39269,US,MS,JAN,A
39520,US,MS,MOB,G
39571,US,MS,MOB,G
39576,US,MS,MOB,G
39556,US,MS,MOB,G
39540,US,MS,MOB,F
39529,US,MS,MOB,G
39532,US,MS,MOB,F
39540,US,MS,MOB,F
39560,US,MS,MOB,G
39572,US,MS,MOB,G
39525,US,MS,MOB,G
38675,US,MS,MEM,E
38834,US,MS,MEM,G
38670,US,MS,MEM,E
38672,US,MS,MEM,B
38733,US,MS,MEM,H
38676,US,MS,MEM,E
38732,US,MS,MEM,H
38614,US,MS,MEM,E
38801,US,MS,MEM,F
38829,US,MS,MEM,G
38610,US,MS,MEM,G
38925,US,MS,MEM,F
38773,US,MS,MEM,G
38860,US,MS,MEM,G
38664,US,MS,MEM,E
38621,US,MS,MEM,E
38603,US,MS,MEM,E
38663,US,MS,MEM,G
39730,US,MS,MEM,H
38865,US,MS,MEM,E
38661,US,MS,MEM,E
38863,US,MS,MEM,G
38655,US,MS,MEM,E
38774,US,MS,MEM,E
38652,US,MS,MEM,E
38635,US,MS,MEM,G
38628,US,MS,MEM,E
38646,US,MS,MEM,E
38856,US,MS,MEM,G
38643,US,MS,MEM,E
38680,US,MS,MEM,D
38655,US,MS,MEM,E
38804,US,MS,MEM,F
38686,US,MS,MEM,D
38841,US,MS,MEM,E
38606,US,MS,MEM,E
38683,US,MS,MEM,D
38901,US,MS,MEM,E
39296,US,MS,JAN,A
39271,US,MS,JAN,A
39309,US,MS,JAN,E
39309,US,MS,JAN,D
39305,US,MS,JAN,D
39304,US,MS,JAN,D
39303,US,MS,JAN,D
39302,US,MS,JAN,D
39301,US,MS,JAN,D
39298,US,MS,JAN,A
39307,US,MS,JAN,D
39289,US,MS,JAN,A
39288,US,MS,JAN,A
39288,US,MS,JAN,A
39286,US,MS,JAN,A
39284,US,MS,JAN,A
39283,US,MS,JAN,A
39282,US,MS,JAN,A
39272,US,MS,JAN,B
39328,US,MS,JAN,G
39327,US,MS,JAN,D
39272,US,MS,JAN,A
39332,US,MS,JAN,D
39323,US,MS,JAN,D
39236,US,MS,JAN,A
39250,US,MS,JAN,A
39232,US,MS,JAN,A
39218,US,MS,JAN,A
39225,US,MS,JAN,A
39218,US,MS,JAN,B
39232,US,MS,JAN,A
39235,US,MS,JAN,A
39151,US,MS,JAN,C
39154,US,MS,JAN,B
39121,US,MS,JAN,G
39122,US,MS,JAN,G
39158,US,MS,JAN,B
39174,US,MS,JAN,B
39130,US,MS,JAN,B
39170,US,MS,JAN,B
39167,US,MS,JAN,C
39157,US,MS,JAN,B
39154,US,MS,JAN,B
39180,US,MS,JAN,C
39145,US,MS,JAN,C
39181,US,MS,JAN,C
39120,US,MS,JAN,G
39153,US,MS,JAN,C
39216,US,MS,JAN,A
39217,US,MS,JAN,A
39119,US,MS,JAN,C
39117,US,MS,JAN,C
39182,US,MS,JAN,C
38633,US,MS,MEM,G
38632,US,MS,MEM,D
38849,US,MS,TUP,C
38849,US,MS,MEM,E
39507,US,MS,MOB,F
38635,US,MS,MEM,G
39506,US,MS,MOB,F
39505,US,MS,MOB,F
39503,US,MS,MOB,F
39502,US,MS,MOB,F
39501,US,MS,MOB,F
38826,US,MS,TUP,A
39193,US,MS,JAN,A
38649,US,MS,MEM,G
38637,US,MS,MEM,D
39534,US,MS,MOB,F
39207,US,MS,JAN,A
38654,US,MS,MEM,C
39208,US,MS,JAN,A
38856,US,MS,TUP,C
38618,US,MS,MEM,D
38834,US,MS,TUP,D
39563,US,MS,MOB,D
39191,US,MS,JAN,C
39208,US,MS,JAN,A
38855,US,MS,TUP,C
39452,US,MS,MOB,F
38850,US,MS,TUP,D
39534,US,MS,MOB,F
38857,US,MS,TUP,B
38821,US,MS,TUP,C
38824,US,MS,TUP,C
38821,US,MS,MEM,G
38820,US,MS,TUP,C
38827,US,MS,TUP,D
38825,US,MS,TUP,D
39452,US,MS,MOB,F
39205,US,MS,JAN,A
39530,US,MS,MOB,F
39183,US,MS,JAN,C
39531,US,MS,MOB,F
38834,US,MS,TUP,D
39533,US,MS,MOB,F
39553,US,MS,MOB,E
39535,US,MS,MOB,F
38828,US,MS,TUP,C
38829,US,MS,TUP,D
38611,US,MS,MEM,D
39209,US,MS,JAN,A
38619,US,MS,MEM,D
39532,US,MS,MOB,F
38841,US,MS,TUP,D
38860,US,MS,TUP,C
39552,US,MS,MOB,E
38843,US,MS,TUP,C
39206,US,MS,JAN,A
39532,US,MS,MOB,F
38677,US,MS,MEM,E
38870,US,MS,TUP,D
38671,US,MS,MEM,B
38871,US,MS,TUP,D
38874,US,MS,TUP,D
38876,US,MS,TUP,D
38801,US,MS,TUP,A
38801,US,MS,TUP,A
38802,US,MS,MEM,G
39210,US,MS,JAN,A
38802,US,MS,TUP,A
38869,US,MS,TUP,B
38803,US,MS,TUP,A
39211,US,MS,JAN,A
38877,US,MS,TUP,D
39565,US,MS,MOB,E
38879,US,MS,TUP,A
38880,US,MS,TUP,C
39563,US,MS,MOB,D
39201,US,MS,JAN,A
38869,US,MS,MEM,G
39203,US,MS,JAN,A
39202,US,MS,JAN,A
39212,US,MS,JAN,A
39213,US,MS,JAN,A
38803,US,MS,MEM,G
38651,US,MS,MEM,D
39215,US,MS,JAN,A
38868,US,MS,TUP,B
38650,US,MS,MEM,G
38649,US,MS,MEM,G
38650,US,MS,TUP,C
39204,US,MS,JAN,A
38858,US,MS,MEM,G
38858,US,MS,TUP,C
38652,US,MS,TUP,C
38859,US,MS,TUP,D
38772,US,MS,MEM,I
39564,US,MS,MOB,E
39565,US,MS,MOB,E
38659,US,MS,MEM,G
38666,US,MS,MEM,D
38668,US,MS,MEM,D
38860,US,MS,TUP,C
38868,US,MS,MEM,G
38866,US,MS,TUP,B
38863,US,MS,TUP,C
38862,US,MS,TUP,B
39568,US,MS,MOB,D
39567,US,MS,MOB,D
39563,US,MS,MOB,D
38654,US,MS,MEM,C
38866,US,MS,MEM,G
39750,US,MS,JAN,Y
39078,US,MS,JAN,D
39087,US,MS,JAN,D
39110,US,MS,JAN,B
39092,US,MS,JAN,C
39077,US,MS,JAN,C
39094,US,MS,JAN,D
39044,US,MS,JAN,C
39111,US,MS,JAN,C
39336,US,MS,JAN,C
39090,US,MS,JAN,H
39074,US,MS,JAN,C
39073,US,MS,JAN,B
39072,US,MS,JAN,B
39066,US,MS,JAN,C
39060,US,MS,JAN,B
39059,US,MS,JAN,C
39058,US,MS,JAN,B
39056,US,MS,JAN,B
39051,US,MS,JAN,D
39046,US,MS,JAN,C
39043,US,MS,JAN,B
39042,US,MS,JAN,B
39047,US,MS,JAN,B
39150,US,MS,JAN,D
38761,US,MS,JAN,Y
39365,US,MS,JAN,D
39359,US,MS,JAN,D
39355,US,MS,JAN,Y
39194,US,MS,JAN,Y
39189,US,MS,JAN,D
39176,US,MS,JAN,Y
39175,US,MS,JAN,D
39439,US,MS,JAN,D
39156,US,MS,JAN,D
39465,US,MS,JAN,D
39146,US,MS,JAN,Y
39095,US,MS,JAN,Y
39083,US,MS,JAN,C
39069,US,MS,JAN,Y
39063,US,MS,JAN,Y
39038,US,MS,JAN,Y
38967,US,MS,JAN,Y
38941,US,MS,JAN,Y
39744,US,MS,JAN,Y
39168,US,MS,JAN,C
39702,US,MS,JAN,Y
39773,US,MS,JAN,Y
39759,US,MS,JAN,Y
39759,US,MS,JAN,Y
39752,US,MS,JAN,Y
39071,US,MS,JAN,C
39744,US,MS,JAN,Y
39735,US,MS,JAN,Y
39735,US,MS,JAN,Y
39367,US,MS,JAN,Y
39710,US,MS,JAN,Y
38751,US,MS,JAN,Y
39701,US,MS,JAN,Y
39701,US,MS,JAN,Y
39667,US,MS,JAN,Y
39663,US,MS,JAN,Y
39654,US,MS,JAN,Y
39653,US,MS,JAN,Y
39630,US,MS,JAN,Y
39629,US,MS,JAN,D
39474,US,MS,JAN,Y
39710,US,MS,JAN,Y
39407,US,MS,JAN,D
38930,US,MS,JAN,Y
39602,US,MS,JAN,C
39601,US,MS,JAN,C
39443,US,MS,JAN,D
39442,US,MS,JAN,D
39441,US,MS,JAN,D
39440,US,MS,JAN,D
39437,US,MS,JAN,D
39635,US,MS,JAN,D
39422,US,MS,JAN,C
39648,US,MS,JAN,D
39406,US,MS,JAN,D
39404,US,MS,JAN,D
39403,US,MS,JAN,D
39402,US,MS,JAN,D
39401,US,MS,JAN,D
39401,US,MS,JAN,G
39350,US,MS,JAN,F
39350,US,MS,JAN,F
39345,US,MS,JAN,C
39428,US,MS,JAN,C
71210,US,MS,JAN,G
38751,US,MS,JAN,Y
38701,US,MS,JAN,Y
71294,US,MS,JAN,G
71292,US,MS,JAN,G
71291,US,MS,JAN,G
71284,US,MS,JAN,H
71282,US,MS,JAN,H
71213,US,MS,JAN,G
39603,US,MS,JAN,C
71211,US,MS,JAN,G
39339,US,MS,JAN,G
71209,US,MS,JAN,G
71208,US,MS,JAN,G
71207,US,MS,JAN,G
71203,US,MS,JAN,G
71202,US,MS,JAN,G
71201,US,MS,JAN,G
39666,US,MS,JAN,D
39652,US,MS,JAN,D
39649,US,MS,JAN,D
71212,US,MS,JAN,G
39041,US,MS,JAN,B
39529,US,MS,MSY,E
39503,US,MS,MSY,H
39505,US,MS,MSY,H
39506,US,MS,MSY,H
39507,US,MS,MSY,H
39466,US,MS,MSY,H
39520,US,MS,MSY,F
39525,US,MS,MSY,F
39576,US,MS,MSY,E
39531,US,MS,MSY,H
39571,US,MS,MSY,F
39560,US,MS,MSY,F
39530,US,MS,MSY,H
39572,US,MS,MSY,E
39565,US,MS,MSY,H
39114,US,MS,JAN,C
39532,US,MS,MSY,H
39534,US,MS,MSY,H
39535,US,MS,MSY,H
39540,US,MS,MSY,H
39470,US,MS,MSY,H
39501,US,MS,MSY,H
39502,US,MS,MSY,H
39553,US,MS,MSY,H
39564,US,MS,MSY,H
39533,US,MS,MSY,H
39565,US,MS,MSY,H
39116,US,MS,JAN,D
59404,US,MT,GTF,A
59405,US,MT,GTF,A
59406,US,MT,GTF,A
59501,US,MT,GTF,C
59602,US,MT,HLN,A
59403,US,MT,GTF,A
59602,US,MT,HLN,A
59440,US,MT,GTF,A
59604,US,MT,HLN,A
59601,US,MT,HLN,A
59402,US,MT,GTF,B
59401,US,MT,GTF,A
59404,US,MT,GTF,A
59759,US,MT,BTM,C
59442,US,MT,GTF,C
59635,US,MT,HLN,B
59901,US,MT,FCA,A
59620,US,MT,HLN,A
59717,US,MT,BZN,A
59636,US,MT,HLN,B
59047,US,MT,BZN,B
59701,US,MT,BTM,B
59750,US,MT,BTM,B
59427,US,MT,GTF,C
59756,US,MT,BTM,C
59644,US,MT,HLN,C
59482,US,MT,GTF,C
59474,US,MT,GTF,C
59748,US,MT,BTM,B
59402,US,MT,GTF,B
59474,US,MT,GTF,C
59623,US,MT,HLN,A
59457,US,MT,GTF,C
59044,US,MT,BIL,B
59903,US,MT,FCA,A
59901,US,MT,FCA,A
59901,US,MT,FCA,A
59626,US,MT,HLN,A
59625,US,MT,HLN,A
59624,US,MT,HLN,A
59538,US,MT,GTF,C
59102,US,MT,BIL,A
59114,US,MT,BIL,A
59112,US,MT,BIL,A
59111,US,MT,BIL,A
59108,US,MT,BIL,A
59107,US,MT,BIL,A
59106,US,MT,BIL,A
59105,US,MT,BIL,A
59115,US,MT,BIL,A
59103,US,MT,BIL,A
59101,US,MT,BIL,A
59105,US,MT,BIL,A
59412,US,MT,GTF,C
59714,US,MT,BZN,A
59631,US,MT,BTM,C
59711,US,MT,BTM,C
59523,US,MT,GTF,C
59425,US,MT,GTF,C
59104,US,MT,BIL,A
59701,US,MT,BTM,B
59520,US,MT,GTF,C
59116,US,MT,BIL,A
59422,US,MT,GTF,C
59522,US,MT,GTF,C
59707,US,MT,BTM,A
59702,US,MT,BTM,A
59701,US,MT,BTM,A
59416,US,MT,GTF,C
59632,US,MT,HLN,C
59117,US,MT,BIL,A
59703,US,MT,BTM,A
59414,US,MT,GTF,B
59772,US,MT,BZN,A
59521,US,MT,GTF,C
59714,US,MT,BZN,A
59715,US,MT,BZN,A
59717,US,MT,BZN,A
59771,US,MT,BZN,A
28715,US,NC,AVL,B
28736,US,NC,AVL,F
28777,US,NC,AVL,F
28803,US,NC,AVL,A
28773,US,NC,AVL,C
28711,US,NC,AVL,F
28732,US,NC,AVL,A
28751,US,NC,AVL,D
28040,US,NC,AVL,F
28747,US,NC,AVL,E
28753,US,NC,AVL,D
28754,US,NC,AVL,D
28752,US,NC,AVL,D
28726,US,NC,AVL,B
28905,US,NC,AVL,F
28735,US,NC,AVL,C
28739,US,NC,AVL,B
28729,US,NC,AVL,B
28730,US,NC,AVL,B
28734,US,NC,AVL,E
28657,US,NC,AVL,F
28731,US,NC,AVL,B
28756,US,NC,AVL,D
28018,US,NC,AVL,E
28607,US,NC,AVL,F
28748,US,NC,AVL,C
28782,US,NC,AVL,D
28160,US,NC,AVL,E
28139,US,NC,AVL,E
28604,US,NC,AVL,F
28043,US,NC,AVL,E
28605,US,NC,AVL,F
28902,US,NC,AVL,F
28712,US,NC,AVL,D
28774,US,NC,AVL,E
28775,US,NC,AVL,F
28745,US,NC,AVL,D
28746,US,NC,AVL,F
28043,US,NC,AVL,E
28715,US,NC,AVL,B
28791,US,NC,AVL,B
28781,US,NC,AVL,F
28741,US,NC,AVL,F
28718,US,NC,AVL,D
28743,US,NC,AVL,F
28713,US,NC,AVL,E
28906,US,NC,AVL,F
28167,US,NC,AVL,E
28722,US,NC,AVL,D
28739,US,NC,AVL,B
28716,US,NC,AVL,C
28714,US,NC,AVL,E
28761,US,NC,AVL,E
28719,US,NC,AVL,E
28768,US,NC,AVL,C
28791,US,NC,AVL,B
28778,US,NC,AVL,B
28657,US,NC,AVL,F
28739,US,NC,AVL,B
28904,US,NC,AVL,F
28772,US,NC,AVL,D
28787,US,NC,AVL,B
28604,US,NC,AVL,F
28742,US,NC,AVL,B
28717,US,NC,AVL,E
28786,US,NC,AVL,D
28723,US,NC,AVL,D
28763,US,NC,AVL,F
28604,US,NC,AVL,F
28762,US,NC,AVL,D
28721,US,NC,AVL,D
28789,US,NC,AVL,E
28906,US,NC,AVL,F
28786,US,NC,AVL,D
28779,US,NC,AVL,D
28783,US,NC,AVL,F
28766,US,NC,AVL,C
28163,US,NC,CLT,E
28737,US,NC,CLT,E
28002,US,NC,CLT,E
28170,US,NC,CLT,E
28752,US,NC,CLT,E
27101,US,NC,GSO,B
27113,US,NC,GSO,B
27111,US,NC,GSO,B
27110,US,NC,GSO,B
27109,US,NC,GSO,B
27108,US,NC,GSO,B
27107,US,NC,GSO,B
28404,US,NC,ILM,A
28405,US,NC,FAY,G
27105,US,NC,GSO,B
28405,US,NC,ILM,A
28403,US,NC,ILM,A
27102,US,NC,GSO,B
28404,US,NC,FAY,G
28479,US,NC,ILM,C
28406,US,NC,FAY,G
27593,US,NC,RDU,C
27896,US,NC,RDU,E
28406,US,NC,ILM,A
28407,US,NC,FAY,G
28412,US,NC,ILM,A
28407,US,NC,ILM,A
27596,US,NC,RDU,C
27893,US,NC,RDU,E
27114,US,NC,GSO,B
27103,US,NC,GSO,B
28612,US,NC,CLT,D
27629,US,NC,RDU,A
28701,US,NC,AVL,C
28704,US,NC,AVL,A
27104,US,NC,GSO,B
28702,US,NC,AVL,E
28403,US,NC,FAY,G
27014,US,NC,CLT,D
28636,US,NC,CLT,D
28666,US,NC,CLT,D
27028,US,NC,CLT,D
28680,US,NC,CLT,D
28901,US,NC,AVL,F
28781,US,NC,AVL,F
27055,US,NC,GSO,D
27156,US,NC,GSO,B
27116,US,NC,GSO,B
27117,US,NC,GSO,B
27127,US,NC,GSO,B
27150,US,NC,GSO,B
27151,US,NC,GSO,B
27597,US,NC,RDU,C
27155,US,NC,GSO,B
27379,US,NC,GSO,K
27199,US,NC,GSO,B
28590,US,NC,ISO,C
28590,US,NC,PGV,B
28590,US,NC,RDU,F
28480,US,NC,ILM,B
27115,US,NC,GSO,B
27152,US,NC,GSO,B
27330,US,NC,FAY,D
28386,US,NC,FAY,C
28459,US,NC,ILM,E
27531,US,NC,ISO,C
27531,US,NC,ISO,C
28578,US,NC,ISO,B
27576,US,NC,RDU,D
27342,US,NC,GSO,D
28164,US,NC,CLT,C
27331,US,NC,FAY,D
27878,US,NC,RDU,E
27237,US,NC,FAY,D
28575,US,NC,OAJ,E
28147,US,NC,CLT,C
28146,US,NC,CLT,C
28145,US,NC,CLT,C
28144,US,NC,CLT,C
28385,US,NC,FAY,C
28384,US,NC,FAY,C
27341,US,NC,GSO,D
27349,US,NC,GSO,J
28105,US,NC,CLT,B
27355,US,NC,GSO,K
28402,US,NC,ILM,A
27882,US,NC,RDU,E
27106,US,NC,GSO,B
28465,US,NC,ILM,C
28461,US,NC,ILM,C
28387,US,NC,FAY,D
27707,US,NC,RDU,A
28580,US,NC,ISO,B
27713,US,NC,RDU,A
28460,US,NC,OAJ,D
27577,US,NC,RDU,D
27880,US,NC,RDU,D
27879,US,NC,RDU,F
28152,US,NC,CLT,C
28151,US,NC,CLT,C
28150,US,NC,CLT,C
27572,US,NC,RDU,E
28580,US,NC,RDU,F
27668,US,NC,RDU,A
28139,US,NC,CLT,D
27320,US,NC,GSO,J
28377,US,NC,FAY,C
27317,US,NC,GSO,D
27316,US,NC,GSO,D
27699,US,NC,RDU,A
27698,US,NC,RDU,A
27697,US,NC,RDU,A
27322,US,NC,GSO,J
27690,US,NC,RDU,A
27323,US,NC,GSO,J
27661,US,NC,RDU,B
27658,US,NC,RDU,A
27656,US,NC,RDU,A
27650,US,NC,RDU,A
27640,US,NC,RDU,A
27636,US,NC,RDU,A
27635,US,NC,RDU,A
27634,US,NC,RDU,A
27695,US,NC,RDU,A
27871,US,NC,RDU,F
28390,US,NC,FAY,C
28382,US,NC,FAY,C
28458,US,NC,ILM,E
27571,US,NC,RDU,C
28457,US,NC,ILM,C
27804,US,NC,RDU,E
27803,US,NC,RDU,E
27802,US,NC,RDU,E
27321,US,NC,GSO,J
28379,US,NC,FAY,E
27326,US,NC,GSO,K
27871,US,NC,PGV,B
28456,US,NC,ILM,C
28574,US,NC,RDU,G
28574,US,NC,OAJ,A
28574,US,NC,ISO,C
28667,US,NC,CLT,D
28378,US,NC,FAY,C
27709,US,NC,RDU,A
27801,US,NC,RDU,E
28562,US,NC,EWN,A
28396,US,NC,FAY,D
28395,US,NC,FAY,C
28394,US,NC,FAY,D
28587,US,NC,RDU,G
28690,US,NC,CLT,D
28393,US,NC,FAY,E
28782,US,NC,GSP,D
28585,US,NC,RDU,G
28445,US,NC,OAJ,E
28562,US,NC,OAJ,D
28466,US,NC,OAJ,C
28445,US,NC,OAJ,E
28445,US,NC,ILM,D
27049,US,NC,GSO,D
28160,US,NC,CLT,D
28681,US,NC,CLT,D
28392,US,NC,FAY,C
28594,US,NC,OAJ,D
28584,US,NC,OAJ,C
28585,US,NC,ISO,C
27804,US,NC,RDU,E
28402,US,NC,FAY,G
28401,US,NC,ILM,B
28401,US,NC,FAY,G
28405,US,NC,ILM,A
27592,US,NC,RDU,C
27377,US,NC,GSO,C
28472,US,NC,ILM,E
27031,US,NC,GSO,D
27587,US,NC,RDU,C
27053,US,NC,GSO,K
28466,US,NC,ILM,E
27375,US,NC,GSO,J
27591,US,NC,RDU,C
28105,US,NC,CLT,B
28478,US,NC,OAJ,C
28478,US,NC,ILM,D
27889,US,NC,RDU,F
28398,US,NC,OAJ,D
28398,US,NC,FAY,E
28543,US,NC,OAJ,C
28327,US,NC,FAY,E
28677,US,NC,CLT,C
28462,US,NC,ILM,D
27048,US,NC,GSO,D
28582,US,NC,OAJ,C
28687,US,NC,CLT,C
28445,US,NC,ILM,D
28391,US,NC,FAY,C
27883,US,NC,ISO,C
28671,US,NC,CLT,D
28805,US,NC,AVL,A
28804,US,NC,AVL,A
28803,US,NC,AVL,A
28810,US,NC,AVL,A
28806,US,NC,AVL,A
28001,US,NC,CLT,E
28801,US,NC,AVL,A
28678,US,NC,CLT,D
28708,US,NC,AVL,D
28604,US,NC,AVL,F
28705,US,NC,AVL,F
28709,US,NC,AVL,C
27909,US,NC,IAD,U
28255,US,NC,CLT,A
28280,US,NC,CLT,A
28256,US,NC,CLT,A
28258,US,NC,CLT,A
28260,US,NC,CLT,A
28266,US,NC,CLT,A
28262,US,NC,CLT,A
28273,US,NC,CLT,A
28265,US,NC,CLT,A
28277,US,NC,CLT,A
28224,US,NC,CLT,A
28275,US,NC,CLT,A
28278,US,NC,CLT,A
28269,US,NC,CLT,A
28270,US,NC,CLT,A
28274,US,NC,CLT,A
28272,US,NC,CLT,A
28281,US,NC,CLT,A
28234,US,NC,CLT,A
28219,US,NC,CLT,A
28220,US,NC,CLT,A
28221,US,NC,CLT,A
28222,US,NC,CLT,A
28223,US,NC,CLT,A
27235,US,NC,GSO,B
28226,US,NC,CLT,A
28282,US,NC,CLT,A
28230,US,NC,CLT,A
28231,US,NC,CLT,A
28228,US,NC,CLT,A
28233,US,NC,CLT,A
28254,US,NC,CLT,A
28235,US,NC,CLT,A
28236,US,NC,CLT,A
28237,US,NC,CLT,A
28241,US,NC,CLT,A
28242,US,NC,CLT,A
28243,US,NC,CLT,A
28244,US,NC,CLT,A
28246,US,NC,CLT,A
28247,US,NC,CLT,A
28250,US,NC,CLT,A
28253,US,NC,CLT,A
28232,US,NC,CLT,A
27017,US,NC,GSO,D
28523,US,NC,RDU,G
28032,US,NC,CLT,B
27522,US,NC,RDU,C
27564,US,NC,RDU,B
28331,US,NC,FAY,C
27237,US,NC,FAY,D
28034,US,NC,CLT,C
28036,US,NC,CLT,B
28525,US,NC,ISO,B
27521,US,NC,RDU,D
28037,US,NC,CLT,C
28025,US,NC,CLT,B
28526,US,NC,EWN,C
28526,US,NC,ISO,B
28526,US,NC,RDU,F
28619,US,NC,CLT,D
28334,US,NC,FAY,C
28334,US,NC,RDU,E
28218,US,NC,CLT,A
27814,US,NC,RDU,G
27701,US,NC,RDU,A
28436,US,NC,ILM,C
28521,US,NC,OAJ,B
28285,US,NC,CLT,A
28287,US,NC,CLT,A
28288,US,NC,CLT,A
28289,US,NC,CLT,A
28290,US,NC,CLT,A
28296,US,NC,CLT,A
28297,US,NC,CLT,A
28299,US,NC,CLT,A
28533,US,NC,EWN,B
28031,US,NC,CLT,B
28533,US,NC,RDU,G
28026,US,NC,CLT,B
27817,US,NC,RDU,F
28433,US,NC,FAY,E
27520,US,NC,RDU,C
27012,US,NC,GSO,C
28024,US,NC,CLT,D
28328,US,NC,FAY,D
27521,US,NC,FAY,D
27316,US,NC,GSO,D
27330,US,NC,FAY,D
28284,US,NC,CLT,A
28533,US,NC,OAJ,D
28229,US,NC,CLT,A
28451,US,NC,FAY,G
28451,US,NC,ILM,B
27504,US,NC,FAY,D
27504,US,NC,RDU,D
28016,US,NC,CLT,C
27812,US,NC,PGV,B
27812,US,NC,RDU,F
28518,US,NC,ISO,C
28518,US,NC,OAJ,B
27604,US,NC,RDU,A
28320,US,NC,FAY,E
27811,US,NC,PGV,B
28092,US,NC,CLT,C
27702,US,NC,RDU,A
28017,US,NC,CLT,D
28422,US,NC,ILM,C
28303,US,NC,FAY,B
27011,US,NC,GSO,D
28018,US,NC,CLT,D
28398,US,NC,FAY,E
28461,US,NC,ILM,C
28518,US,NC,RDU,G
28732,US,NC,AVL,A
27628,US,NC,RDU,A
28315,US,NC,FAY,D
28043,US,NC,CLT,D
28509,US,NC,RDU,G
27425,US,NC,GSO,A
27501,US,NC,FAY,D
27501,US,NC,RDU,C
27502,US,NC,RDU,C
28510,US,NC,RDU,G
28012,US,NC,CLT,B
27263,US,NC,GSO,B
27811,US,NC,RDU,F
28815,US,NC,AVL,A
28318,US,NC,FAY,C
28513,US,NC,ISO,B
28513,US,NC,PGV,B
28513,US,NC,RDU,F
27503,US,NC,RDU,E
27807,US,NC,RDU,D
28515,US,NC,RDU,G
27811,US,NC,ISO,C
28519,US,NC,EWN,A
27007,US,NC,GSO,K
28207,US,NC,CLT,A
28429,US,NC,ILM,A
27230,US,NC,GSO,J
28584,US,NC,OAJ,C
27514,US,NC,RDU,B
28208,US,NC,CLT,A
28201,US,NC,CLT,A
28202,US,NC,CLT,A
28203,US,NC,CLT,A
28204,US,NC,CLT,A
28398,US,NC,OAJ,D
28206,US,NC,CLT,A
27518,US,NC,RDU,A
28208,US,NC,CLT,A
28209,US,NC,CLT,A
28210,US,NC,CLT,A
28211,US,NC,CLT,A
28212,US,NC,CLT,A
28213,US,NC,CLT,A
28214,US,NC,CLT,A
28215,US,NC,CLT,A
28216,US,NC,CLT,A
28205,US,NC,CLT,A
28401,US,NC,FAY,G
28519,US,NC,RDU,G
27214,US,NC,GSO,J
27506,US,NC,FAY,D
27508,US,NC,RDU,C
28323,US,NC,FAY,C
28425,US,NC,ILM,E
28425,US,NC,OAJ,C
27509,US,NC,RDU,C
28326,US,NC,FAY,D
28429,US,NC,FAY,G
28584,US,NC,OAJ,C
27519,US,NC,RDU,A
28401,US,NC,ILM,B
28019,US,NC,CLT,D
28428,US,NC,ILM,C
28428,US,NC,ILM,C
27510,US,NC,RDU,C
28327,US,NC,FAY,E
27511,US,NC,RDU,A
27512,US,NC,RDU,A
27513,US,NC,RDU,A
28217,US,NC,CLT,A
28542,US,NC,OAJ,C
27621,US,NC,RDU,A
27610,US,NC,RDU,A
27611,US,NC,RDU,A
27612,US,NC,RDU,A
27613,US,NC,RDU,A
27614,US,NC,RDU,A
27615,US,NC,RDU,A
28645,US,NC,CLT,D
27620,US,NC,RDU,A
27607,US,NC,RDU,A
27622,US,NC,RDU,A
27623,US,NC,RDU,A
27624,US,NC,RDU,A
27625,US,NC,RDU,A
27294,US,NC,GSO,D
27293,US,NC,GSO,D
28572,US,NC,RDU,G
27619,US,NC,RDU,A
27623,US,NC,RDU,A
28078,US,NC,CLT,B
27313,US,NC,GSO,B
28573,US,NC,OAJ,C
28573,US,NC,RDU,G
28303,US,NC,FAY,B
28308,US,NC,FAY,B
28308,US,NC,FAY,B
27609,US,NC,RDU,A
28376,US,NC,FAY,C
27608,US,NC,RDU,A
27601,US,NC,RDU,A
27602,US,NC,RDU,A
27603,US,NC,RDU,A
27604,US,NC,RDU,A
27605,US,NC,RDU,A
27606,US,NC,RDU,A
28633,US,NC,CLT,D
27569,US,NC,RDU,E
28545,US,NC,OAJ,B
27542,US,NC,RDU,D
27546,US,NC,FAY,C
28349,US,NC,OAJ,C
28081,US,NC,CLT,B
28642,US,NC,GSO,D
28326,US,NC,FAY,D
27292,US,NC,GSO,D
28546,US,NC,OAJ,C
28150,US,NC,CLT,C
28544,US,NC,OAJ,C
28543,US,NC,OAJ,C
28542,US,NC,OAJ,C
28541,US,NC,OAJ,A
28540,US,NC,OAJ,B
28574,US,NC,OAJ,A
28079,US,NC,CLT,B
27282,US,NC,GSO,B
28503,US,NC,ISO,A
28451,US,NC,ILM,B
28451,US,NC,FAY,G
28352,US,NC,FAY,D
28089,US,NC,CLT,D
28551,US,NC,ISO,B
28449,US,NC,ILM,C
27545,US,NC,RDU,B
27285,US,NC,GSO,B
28503,US,NC,OAJ,D
28086,US,NC,CLT,C
28502,US,NC,OAJ,D
28502,US,NC,ISO,A
28501,US,NC,RDU,F
28501,US,NC,OAJ,D
28501,US,NC,ISO,A
28501,US,NC,ISO,A
28572,US,NC,ISO,C
27543,US,NC,RDU,D
28114,US,NC,CLT,D
28356,US,NC,FAY,C
27557,US,NC,RDU,D
28544,US,NC,OAJ,C
28227,US,NC,CLT,B
27028,US,NC,GSO,D
28110,US,NC,CLT,B
28365,US,NC,ISO,C
28112,US,NC,CLT,B
28340,US,NC,FAY,E
28115,US,NC,CLT,B
28655,US,NC,CLT,D
27560,US,NC,RDU,A
27030,US,NC,GSO,D
27031,US,NC,GSO,D
28120,US,NC,CLT,B
27313,US,NC,GSO,B
28111,US,NC,CLT,B
28106,US,NC,CLT,B
28552,US,NC,RDU,G
28098,US,NC,CLT,B
28357,US,NC,FAY,C
27549,US,NC,RDU,C
28358,US,NC,FAY,C
28359,US,NC,FAY,C
28454,US,NC,OAJ,B
27555,US,NC,RDU,D
28105,US,NC,CLT,B
27302,US,NC,GSO,D
28554,US,NC,ISO,B
28364,US,NC,FAY,D
28555,US,NC,OAJ,C
28555,US,NC,RDU,G
28101,US,NC,CLT,B
28545,US,NC,OAJ,B
28460,US,NC,OAJ,D
28553,US,NC,RDU,G
28371,US,NC,FAY,C
28465,US,NC,ILM,C
28129,US,NC,CLT,D
28227,US,NC,CLT,B
27703,US,NC,RDU,A
28405,US,NC,FAY,G
28405,US,NC,ILM,A
28093,US,NC,CLT,C
27565,US,NC,RDU,C
28570,US,NC,RDU,G
27311,US,NC,GSO,K
27041,US,NC,GSO,D
27568,US,NC,RDU,D
28373,US,NC,FAY,E
28374,US,NC,FAY,E
27298,US,NC,GSO,D
28134,US,NC,CLT,B
28571,US,NC,RDU,G
28092,US,NC,CLT,C
27856,US,NC,RDU,E
28542,US,NC,OAJ,C
27661,US,NC,RDU,B
28560,US,NC,EWN,A
28560,US,NC,EWN,A
28560,US,NC,OAJ,D
28560,US,NC,RDU,G
27564,US,NC,RDU,B
28561,US,NC,OAJ,D
28366,US,NC,FAY,E
28562,US,NC,EWN,A
28562,US,NC,OAJ,D
27562,US,NC,RDU,C
28570,US,NC,EWN,C
28570,US,NC,OAJ,E
27546,US,NC,RDU,D
28349,US,NC,RDU,G
28561,US,NC,EWN,A
28043,US,NC,CLT,D
27526,US,NC,RDU,C
27526,US,NC,FAY,E
27248,US,NC,GSO,D
27525,US,NC,RDU,C
27524,US,NC,RDU,D
27524,US,NC,FAY,E
27409,US,NC,GSO,A
28307,US,NC,FAY,B
27529,US,NC,RDU,B
28314,US,NC,FAY,B
28311,US,NC,FAY,B
28309,US,NC,FAY,A
28308,US,NC,FAY,B
28307,US,NC,FAY,B
28306,US,NC,FAY,A
28305,US,NC,FAY,A
27829,US,NC,ISO,C
27530,US,NC,ISO,C
28529,US,NC,RDU,G
28529,US,NC,EWN,B
28630,US,NC,CLT,D
27534,US,NC,ISO,C
27533,US,NC,RDU,E
27533,US,NC,ISO,C
27532,US,NC,ISO,C
28017,US,NC,CLT,D
27530,US,NC,RDU,E
28441,US,NC,FAY,E
28344,US,NC,FAY,C
27019,US,NC,GSO,C
28054,US,NC,CLT,B
28638,US,NC,CLT,D
28052,US,NC,CLT,B
27284,US,NC,GSO,B
28302,US,NC,FAY,A
27531,US,NC,ISO,C
27711,US,NC,RDU,A
28304,US,NC,FAY,A
28301,US,NC,FAY,A
27018,US,NC,GSO,J
27523,US,NC,RDU,C
27722,US,NC,RDU,A
27717,US,NC,RDU,A
27715,US,NC,RDU,A
27821,US,NC,RDU,G
27712,US,NC,RDU,A
28337,US,NC,FAY,D
27710,US,NC,RDU,A
27709,US,NC,RDU,A
27708,US,NC,RDU,A
27707,US,NC,RDU,A
27706,US,NC,RDU,A
27705,US,NC,RDU,A
27704,US,NC,RDU,A
27713,US,NC,RDU,A
28339,US,NC,RDU,E
28053,US,NC,CLT,B
28301,US,NC,FAY,A
28306,US,NC,FAY,A
27828,US,NC,RDU,F
27828,US,NC,PGV,B
27828,US,NC,ISO,C
27827,US,NC,PGV,B
27288,US,NC,GSO,K
28340,US,NC,FAY,E
28303,US,NC,FAY,B
28339,US,NC,FAY,C
27712,US,NC,RDU,A
28594,US,NC,OAJ,D
27244,US,NC,GSO,C
27822,US,NC,RDU,E
28040,US,NC,CLT,D
28621,US,NC,GSO,D
28342,US,NC,FAY,C
28532,US,NC,RDU,G
28530,US,NC,RDU,F
28602,US,NC,CLT,C
27401,US,NC,GSO,A
28076,US,NC,CLT,D
27536,US,NC,RDU,D
28533,US,NC,RDU,G
27261,US,NC,GSO,B
28533,US,NC,EWN,B
27262,US,NC,GSO,B
28532,US,NC,OAJ,D
28532,US,NC,EWN,B
28075,US,NC,CLT,B
27020,US,NC,GSO,D
28443,US,NC,ILM,C
27837,US,NC,RDU,F
27837,US,NC,PGV,B
28533,US,NC,OAJ,D
28462,US,NC,ILM,D
28539,US,NC,RDU,G
28539,US,NC,OAJ,C
28348,US,NC,FAY,B
28538,US,NC,RDU,F
28538,US,NC,ISO,B
27540,US,NC,RDU,C
27260,US,NC,GSO,B
28445,US,NC,ILM,D
28601,US,NC,CLT,C
28347,US,NC,FAY,E
28537,US,NC,RDU,G
27278,US,NC,RDU,C
28637,US,NC,CLT,D
27265,US,NC,GSO,B
27264,US,NC,GSO,B
27263,US,NC,GSO,B
28445,US,NC,OAJ,E
27408,US,NC,GSO,A
27416,US,NC,GSO,A
27415,US,NC,GSO,A
27413,US,NC,GSO,A
27412,US,NC,GSO,A
27411,US,NC,GSO,A
27626,US,NC,RDU,A
27410,US,NC,GSO,A
27417,US,NC,GSO,A
27409,US,NC,GSO,A
27406,US,NC,GSO,A
27407,US,NC,GSO,A
28530,US,NC,ISO,B
27405,US,NC,GSO,A
28603,US,NC,CLT,C
27404,US,NC,GSO,A
27403,US,NC,GSO,A
27402,US,NC,GSO,A
27627,US,NC,RDU,A
27834,US,NC,PGV,A
27858,US,NC,ISO,C
27419,US,NC,GSO,A
27834,US,NC,RDU,F
27836,US,NC,ISO,C
27834,US,NC,ISO,C
27834,US,NC,PGV,A
27495,US,NC,GSO,A
27499,US,NC,GSO,A
27498,US,NC,GSO,A
27438,US,NC,GSO,A
27435,US,NC,GSO,A
27429,US,NC,GSO,A
27427,US,NC,GSO,A
27425,US,NC,GSO,A
27420,US,NC,GSO,A
27480,US,NC,GSO,A
27835,US,NC,ISO,C
28652,US,NC,TRI,Y
28755,US,NC,TRI,X
28749,US,NC,TRI,X
28705,US,NC,TRI,X
28693,US,NC,TRI,X
28647,US,NC,TRI,X
28664,US,NC,TRI,X
28640,US,NC,TRI,X
28662,US,NC,TRI,X
28698,US,NC,TRI,Y
28692,US,NC,TRI,Y
28691,US,NC,TRI,Y
28684,US,NC,TRI,Y
28657,US,NC,TRI,Y
28679,US,NC,TRI,X
28643,US,NC,TRI,H
28604,US,NC,TRI,H
28605,US,NC,TRI,H
28615,US,NC,TRI,H
28616,US,NC,TRI,H
28617,US,NC,TRI,H
28653,US,NC,TRI,Y
28622,US,NC,TRI,H
28626,US,NC,TRI,Y
28694,US,NC,TRI,H
28740,US,NC,TRI,H
28765,US,NC,TRI,H
28629,US,NC,TRI,X
28631,US,NC,TRI,X
28646,US,NC,TRI,X
28618,US,NC,TRI,H
27964,US,NC,ORF,H
27948,US,NC,ORF,K
27949,US,NC,ORF,K
27925,US,NC,ORF,K
27949,US,NC,ORF,K
27970,US,NC,ORF,J
27957,US,NC,ORF,J
27928,US,NC,ORF,J
27942,US,NC,ORF,H
27924,US,NC,ORF,I
27855,US,NC,ORF,H
27948,US,NC,ORF,K
27954,US,NC,ORF,L
27941,US,NC,ORF,H
27910,US,NC,ORF,H
27927,US,NC,ORF,J
27953,US,NC,ORF,L
27986,US,NC,ORF,G
27980,US,NC,ORF,G
27954,US,NC,ORF,L
27981,US,NC,ORF,L
27978,US,NC,ORF,L
27953,US,NC,ORF,L
27954,US,NC,ORF,L
27949,US,NC,ORF,K
27954,US,NC,ORF,L
27954,US,NC,ORF,L
27983,US,NC,ORF,K
27949,US,NC,ORF,K
27949,US,NC,ORF,K
27962,US,NC,ORF,K
27959,US,NC,ORF,L
27909,US,NC,ORF,E
27917,US,NC,ORF,F
27921,US,NC,ORF,E
27950,US,NC,ORF,E
27932,US,NC,ORF,H
27976,US,NC,ORF,E
27973,US,NC,ORF,E
27919,US,NC,ORF,F
27909,US,NC,ORF,E
27916,US,NC,ORF,F
27909,US,NC,ORF,E
27909,US,NC,ORF,E
27929,US,NC,ORF,E
27926,US,NC,ORF,E
27966,US,NC,ORF,G
27958,US,NC,ORF,D
27950,US,NC,ORF,E
27935,US,NC,ORF,G
27947,US,NC,ORF,G
27946,US,NC,ORF,G
27944,US,NC,ORF,G
27938,US,NC,ORF,G
27923,US,NC,ORF,F
27944,US,NC,ORF,G
27922,US,NC,ORF,G
27937,US,NC,ORF,F
27974,US,NC,ORF,F
27965,US,NC,ORF,F
27956,US,NC,ORF,F
27979,US,NC,ORF,F
27939,US,NC,ORF,G
58560,US,ND,MSP,Y
58559,US,ND,MSP,Y
58260,US,ND,MSP,Y
58261,US,ND,MSP,Y
58761,US,ND,MSP,Y
58705,US,ND,MSP,Y
58704,US,ND,MSP,Y
58705,US,ND,MSP,Y
58704,US,ND,MSP,Y
58702,US,ND,MSP,Y
58436,US,ND,MSP,Y
58701,US,ND,MSP,Y
58351,US,ND,MSP,Y
58270,US,ND,MSP,Y
58467,US,ND,MSP,Y
58760,US,ND,MSP,Y
58257,US,ND,MSP,Y
58324,US,ND,MSP,Y
58251,US,ND,MSP,Y
58463,US,ND,MSP,Y
58755,US,ND,MSP,Y
58464,US,ND,MSP,Y
58259,US,ND,MSP,Y
58254,US,ND,MSP,Y
58060,US,ND,MSP,Y
58645,US,ND,MSP,Y
58258,US,ND,MSP,Y
58421,US,ND,MSP,Y
58558,US,ND,MSP,Y
58366,US,ND,MSP,Y
58433,US,ND,MSP,Y
58472,US,ND,MSP,Y
58472,US,ND,MSP,Y
58057,US,ND,MSP,Y
58563,US,ND,MSP,Y
58352,US,ND,MSP,Y
58746,US,ND,MSP,Y
58765,US,ND,MSP,Y
58062,US,ND,MSP,Y
58266,US,ND,MSP,Y
58762,US,ND,MSP,Y
58737,US,ND,MSP,Y
58759,US,ND,MSP,Y
58267,US,ND,MSP,Y
58356,US,ND,MSP,Y
58562,US,ND,MSP,Y
58601,US,ND,MSP,Y
58647,US,ND,MSP,Y
58355,US,ND,MSP,Y
58265,US,ND,MSP,Y
58763,US,ND,MSP,Y
58269,US,ND,MSP,Y
58646,US,ND,MSP,Y
58262,US,ND,MSP,Y
58353,US,ND,MSP,Y
58561,US,ND,MSP,Y
58237,US,ND,MSP,Y
58769,US,ND,MSP,Y
58102,US,ND,MSP,Y
58047,US,ND,MSP,Y
58061,US,ND,MSP,Y
58244,US,ND,MSP,Y
58063,US,ND,MSP,Y
58357,US,ND,MSP,Y
58474,US,ND,MSP,Y
58768,US,ND,MSP,Y
58454,US,ND,MSP,Y
58064,US,ND,MSP,Y
58770,US,ND,MSP,Y
58443,US,ND,MSP,Y
58271,US,ND,MSP,Y
58235,US,ND,MSP,Y
58452,US,ND,MSP,Y
58402,US,ND,MSP,Y
58401,US,ND,MSP,Y
58535,US,ND,MSP,Y
58244,US,ND,MSP,Y
58744,US,ND,MSP,Y
58458,US,ND,MSP,Y
58783,US,ND,MSP,Y
58249,US,ND,MSP,Y
58250,US,ND,MSP,Y
58750,US,ND,MSP,Y
58460,US,ND,MSP,Y
58380,US,ND,MSP,Y
58640,US,ND,MSP,Y
58415,US,ND,MSP,Y
58478,US,ND,MSP,Y
58456,US,ND,MSP,Y
58748,US,ND,MSP,Y
58343,US,ND,MSP,Y
58254,US,ND,MSP,Y
58454,US,ND,MSP,Y
58051,US,ND,MSP,Y
58563,US,ND,MSP,Y
58455,US,ND,MSP,Y
58746,US,ND,MSP,Y
58267,US,ND,MSP,Y
58045,US,ND,MSP,Y
58847,US,ND,MSP,Y
58049,US,ND,MSP,Y
58727,US,ND,MSP,Y
58549,US,ND,MSP,Y
58058,US,ND,MSP,Y
58056,US,ND,MSP,Y
58348,US,ND,MSP,Y
58255,US,ND,MSP,Y
58756,US,ND,MSP,Y
58554,US,ND,MSP,Y
58757,US,ND,MSP,Y
58251,US,ND,MSP,Y
58642,US,ND,MSP,Y
58784,US,ND,MSP,Y
58256,US,ND,MSP,Y
58344,US,ND,MSP,Y
58059,US,ND,MSP,Y
58466,US,ND,MSP,Y
58643,US,ND,MSP,Y
58644,US,ND,MSP,Y
58341,US,ND,MSP,Y
58053,US,ND,MSP,Y
58345,US,ND,MSP,Y
58479,US,ND,MSP,Y
58346,US,ND,MSP,Y
58344,US,ND,MSP,Y
58641,US,ND,MSP,Y
58529,US,ND,MSP,Y
58451,US,ND,MSP,Y
58282,US,ND,MSP,Y
58474,US,ND,MSP,Y
58752,US,ND,MSP,Y
58552,US,ND,MSP,Y
58054,US,ND,MSP,Y
58461,US,ND,MSP,Y
58311,US,ND,MSP,Y
58761,US,ND,MSP,Y
58758,US,ND,MSP,Y
58052,US,ND,MSP,Y
58072,US,ND,MSP,Y
58071,US,ND,MSP,Y
58788,US,ND,MSP,Y
58853,US,ND,MSP,Y
58575,US,ND,MSP,Y
58488,US,ND,MSP,Y
58576,US,ND,MSP,Y
58281,US,ND,MSP,Y
58789,US,ND,MSP,Y
58852,US,ND,MSP,Y
58790,US,ND,MSP,Y
58490,US,ND,MSP,Y
58792,US,ND,MSP,Y
58261,US,ND,MSP,Y
58075,US,ND,MSP,Y
58482,US,ND,MSP,Y
58269,US,ND,MSP,Y
58486,US,ND,MSP,Y
58379,US,ND,MSP,Y
58069,US,ND,MSP,Y
58573,US,ND,MSP,Y
58017,US,ND,MSP,Y
58483,US,ND,MSP,Y
58785,US,ND,MSP,Y
58384,US,ND,MSP,Y
58401,US,ND,MSP,Y
58787,US,ND,MSP,Y
58718,US,ND,MSP,Y
58487,US,ND,MSP,Y
58656,US,ND,MSP,Y
58852,US,ND,MSP,Y
58552,US,ND,MSP,Y
58278,US,ND,MSP,Y
58282,US,ND,MSP,Y
58484,US,ND,MSP,Y
58494,US,ND,MSP,Y
58386,US,ND,MSP,Y
58081,US,ND,MSP,Y
58496,US,ND,MSP,Y
58740,US,ND,MSP,Y
58259,US,ND,MSP,Y
58385,US,ND,MSP,Y
58077,US,ND,MSP,Y
58495,US,ND,MSP,Y
58794,US,ND,MSP,Y
58424,US,ND,MSP,Y
58795,US,ND,MSP,Y
58801,US,ND,MSP,Y
58802,US,ND,MSP,Y
58492,US,ND,MSP,Y
58579,US,ND,MSP,Y
58047,US,ND,MSP,Y
58335,US,ND,MSP,Y
58448,US,ND,MSP,Y
58381,US,ND,MSP,Y
58577,US,ND,MSP,Y
58854,US,ND,MSP,Y
58382,US,ND,MSP,Y
58636,US,ND,MSP,Y
58497,US,ND,MSP,Y
58581,US,ND,MSP,Y
58540,US,ND,MSP,Y
58048,US,ND,MSP,Y
58079,US,ND,MSP,Y
58078,US,ND,MSP,Y
58793,US,ND,MSP,Y
58856,US,ND,MSP,Y
58849,US,ND,MSP,Y
58377,US,ND,MSP,Y
58580,US,ND,MSP,Y
58565,US,ND,MSP,Y
58849,US,ND,MSP,Y
58649,US,ND,MSP,Y
58477,US,ND,MSP,Y
58650,US,ND,MSP,Y
58102,US,ND,MSP,Y
58275,US,ND,MSP,Y
58775,US,ND,MSP,Y
58652,US,ND,MSP,Y
58564,US,ND,MSP,Y
58078,US,ND,MSP,Y
58478,US,ND,MSP,Y
58365,US,ND,MSP,Y
58479,US,ND,MSP,Y
58366,US,ND,MSP,Y
58572,US,ND,MSP,Y
58651,US,ND,MSP,Y
58771,US,ND,MSP,Y
58271,US,ND,MSP,Y
58362,US,ND,MSP,Y
58363,US,ND,MSP,Y
58272,US,ND,MSP,Y
58475,US,ND,MSP,Y
58065,US,ND,MSP,Y
58831,US,ND,MSP,Y
58273,US,ND,MSP,Y
58779,US,ND,MSP,Y
58368,US,ND,MSP,Y
58772,US,ND,MSP,Y
58274,US,ND,MSP,Y
58773,US,ND,MSP,Y
58104,US,ND,MSP,Y
58042,US,ND,MSP,Y
58776,US,ND,MSP,Y
58476,US,ND,MSP,Y
58783,US,ND,MSP,Y
58277,US,ND,MSP,Y
58068,US,ND,MSP,Y
58782,US,ND,MSP,Y
58374,US,ND,MSP,Y
58569,US,ND,MSP,Y
58429,US,ND,MSP,Y
58367,US,ND,MSP,Y
58570,US,ND,MSP,Y
58568,US,ND,MSP,Y
58655,US,ND,MSP,Y
58327,US,ND,MSP,Y
58481,US,ND,MSP,Y
58843,US,ND,MSP,Y
58784,US,ND,MSP,Y
58571,US,ND,MSP,Y
58368,US,ND,MSP,Y
58276,US,ND,MSP,Y
58783,US,ND,MSP,Y
58368,US,ND,MSP,Y
58778,US,ND,MSP,Y
58067,US,ND,MSP,Y
58779,US,ND,MSP,Y
58566,US,ND,MSP,Y
58654,US,ND,MSP,Y
58370,US,ND,MSP,Y
58341,US,ND,MSP,Y
58329,US,ND,MSP,Y
58480,US,ND,MSP,Y
58763,US,ND,MSP,Y
58372,US,ND,MSP,Y
58781,US,ND,MSP,Y
58653,US,ND,MSP,Y
58361,US,ND,MSP,Y
58369,US,ND,MSP,Y
58352,US,ND,MSP,Y
58301,US,ND,MSP,Y
58530,US,ND,MSP,Y
58013,US,ND,MSP,Y
58220,US,ND,MSP,Y
58220,US,ND,MSP,Y
58422,US,ND,MSP,Y
58012,US,ND,MSP,Y
58838,US,ND,MSP,Y
58529,US,ND,MSP,Y
58421,US,ND,MSP,Y
58725,US,ND,MSP,Y
58783,US,ND,MSP,Y
58528,US,ND,MSP,Y
58423,US,ND,MSP,Y
58722,US,ND,MSP,Y
58319,US,ND,MSP,Y
58104,US,ND,MSP,Y
58321,US,ND,MSP,Y
58420,US,ND,MSP,Y
58639,US,ND,MSP,Y
58324,US,ND,MSP,Y
58801,US,ND,MSP,Y
58323,US,ND,MSP,Y
58495,US,ND,MSP,Y
58646,US,ND,MSP,Y
58723,US,ND,MSP,Y
58218,US,ND,MSP,Y
58219,US,ND,MSP,Y
58015,US,ND,MSP,Y
58011,US,ND,MSP,Y
58426,US,ND,MSP,Y
58733,US,ND,MSP,Y
58430,US,ND,MSP,Y
58788,US,ND,MSP,Y
58060,US,ND,MSP,Y
58731,US,ND,MSP,Y
58429,US,ND,MSP,Y
58428,US,ND,MSP,Y
58021,US,ND,MSP,Y
58224,US,ND,MSP,Y
58223,US,ND,MSP,Y
58467,US,ND,MSP,Y
58222,US,ND,MSP,Y
58730,US,ND,MSP,Y
58763,US,ND,MSP,Y
58844,US,ND,MSP,Y
58325,US,ND,MSP,Y
58424,US,ND,MSP,Y
58016,US,ND,MSP,Y
58352,US,ND,MSP,Y
58017,US,ND,MSP,Y
58040,US,ND,MSP,Y
58018,US,ND,MSP,Y
58327,US,ND,MSP,Y
58046,US,ND,MSP,Y
58220,US,ND,MSP,Y
58830,US,ND,MSP,Y
58721,US,ND,MSP,Y
58734,US,ND,MSP,Y
58017,US,ND,MSP,Y
58531,US,ND,MSP,Y
58620,US,ND,MSP,Y
58313,US,ND,MSP,Y
58712,US,ND,MSP,Y
58521,US,ND,MSP,Y
58386,US,ND,MSP,Y
58282,US,ND,MSP,Y
58007,US,ND,MSP,Y
58413,US,ND,MSP,Y
58214,US,ND,MSP,Y
58006,US,ND,MSP,Y
58835,US,ND,MSP,Y
58005,US,ND,MSP,Y
58830,US,ND,MSP,Y
58711,US,ND,MSP,Y
58570,US,ND,MSP,Y
58031,US,ND,MSP,Y
58001,US,ND,MSP,Y
58002,US,ND,MSP,Y
58210,US,ND,MSP,Y
58472,US,ND,MSP,Y
58310,US,ND,MSP,Y
58212,US,ND,MSP,Y
58831,US,ND,MSP,Y
58710,US,ND,MSP,Y
58845,US,ND,MSP,Y
58520,US,ND,MSP,Y
58311,US,ND,MSP,Y
58833,US,ND,MSP,Y
58004,US,ND,MSP,Y
58384,US,ND,MSP,Y
58830,US,ND,MSP,Y
58318,US,ND,MSP,Y
58713,US,ND,MSP,Y
58502,US,ND,MSP,Y
58505,US,ND,MSP,Y
58718,US,ND,MSP,Y
58009,US,ND,MSP,Y
58317,US,ND,MSP,Y
58421,US,ND,MSP,Y
58416,US,ND,MSP,Y
58721,US,ND,MSP,Y
58418,US,ND,MSP,Y
58225,US,ND,MSP,Y
58623,US,ND,MSP,Y
58524,US,ND,MSP,Y
58425,US,ND,MSP,Y
58801,US,ND,MSP,Y
58716,US,ND,MSP,Y
58356,US,ND,MSP,Y
58216,US,ND,MSP,Y
58773,US,ND,MSP,Y
58621,US,ND,MSP,Y
58316,US,ND,MSP,Y
58501,US,ND,MSP,Y
58622,US,ND,MSP,Y
58008,US,ND,MSP,Y
58562,US,ND,MSP,Y
58792,US,ND,MSP,Y
58415,US,ND,MSP,Y
58718,US,ND,MSP,Y
58788,US,ND,MSP,Y
58523,US,ND,MSP,Y
58784,US,ND,MSP,Y
58444,US,ND,MSP,Y
58040,US,ND,MSP,Y
58474,US,ND,MSP,Y
58845,US,ND,MSP,Y
58634,US,ND,MSP,Y
58741,US,ND,MSP,Y
58038,US,ND,MSP,Y
58458,US,ND,MSP,Y
58204,US,ND,MSP,Y
58204,US,ND,MSP,Y
58727,US,ND,MSP,Y
58202,US,ND,MSP,Y
58431,US,ND,MSP,Y
58237,US,ND,MSP,Y
58227,US,ND,MSP,Y
58236,US,ND,MSP,Y
58762,US,ND,MSP,Y
58036,US,ND,MSP,Y
58540,US,ND,MSP,Y
58653,US,ND,MSP,Y
58053,US,ND,MSP,Y
58445,US,ND,MSP,Y
58630,US,ND,MSP,Y
58627,US,ND,MSP,Y
58631,US,ND,MSP,Y
58740,US,ND,MSP,Y
58443,US,ND,MSP,Y
58541,US,ND,MSP,Y
58632,US,ND,MSP,Y
58380,US,ND,MSP,Y
58235,US,ND,MSP,Y
58639,US,ND,MSP,Y
58542,US,ND,MSP,Y
58545,US,ND,MSP,Y
58638,US,ND,MSP,Y
58533,US,ND,MSP,Y
58341,US,ND,MSP,Y
58639,US,ND,MSP,Y
58530,US,ND,MSP,Y
58043,US,ND,MSP,Y
58047,US,ND,MSP,Y
58045,US,ND,MSP,Y
58235,US,ND,MSP,Y
58243,US,ND,MSP,Y
58046,US,ND,MSP,Y
58047,US,ND,MSP,Y
58241,US,ND,MSP,Y
58563,US,ND,MSP,Y
58201,US,ND,MSP,Y
58238,US,ND,MSP,Y
58795,US,ND,MSP,Y
58338,US,ND,MSP,Y
58041,US,ND,MSP,Y
58544,US,ND,MSP,Y
58239,US,ND,MSP,Y
58636,US,ND,MSP,Y
58339,US,ND,MSP,Y
58346,US,ND,MSP,Y
58341,US,ND,MSP,Y
58042,US,ND,MSP,Y
58049,US,ND,MSP,Y
58240,US,ND,MSP,Y
58448,US,ND,MSP,Y
58227,US,ND,MSP,Y
58029,US,ND,MSP,Y
58843,US,ND,MSP,Y
58033,US,ND,MSP,Y
58027,US,ND,MSP,Y
58422,US,ND,MSP,Y
58540,US,ND,MSP,Y
58228,US,ND,MSP,Y
58079,US,ND,MSP,Y
58054,US,ND,MSP,Y
58436,US,ND,MSP,Y
58533,US,ND,MSP,Y
58401,US,ND,MSP,Y
58331,US,ND,MSP,Y
58332,US,ND,MSP,Y
58532,US,ND,MSP,Y
58601,US,ND,MSP,Y
58602,US,ND,MSP,Y
58625,US,ND,MSP,Y
58734,US,ND,MSP,Y
58735,US,ND,MSP,Y
58476,US,ND,MSP,Y
58225,US,ND,MSP,Y
58330,US,ND,MSP,Y
58626,US,ND,MSP,Y
58203,US,ND,MSP,Y
58059,US,ND,MSP,Y
58075,US,ND,MSP,Y
58433,US,ND,MSP,Y
58075,US,ND,MSP,Y
58736,US,ND,MSP,Y
58718,US,ND,MSP,Y
58233,US,ND,MSP,Y
58032,US,ND,MSP,Y
58530,US,ND,MSP,Y
58033,US,ND,MSP,Y
58554,US,ND,MSP,Y
58231,US,ND,MSP,Y
58538,US,ND,MSP,Y
58844,US,ND,MSP,Y
58104,US,ND,MSP,Y
58622,US,ND,MSP,Y
58441,US,ND,MSP,Y
58442,US,ND,MSP,Y
58229,US,ND,MSP,Y
58329,US,ND,MSP,Y
58554,US,ND,MSP,Y
58438,US,ND,MSP,Y
58440,US,ND,MSP,Y
58439,US,ND,MSP,Y
58102,US,ND,MSP,Y
58103,US,ND,MSP,Y
58104,US,ND,MSP,Y
58627,US,ND,MSP,Y
58105,US,ND,MSP,Y
58030,US,ND,MSP,Y
58332,US,ND,MSP,Y
58031,US,ND,MSP,Y
58230,US,ND,MSP,Y
58535,US,ND,MSP,Y
58737,US,ND,MSP,Y
58348,US,ND,MSP,Y
58201,US,ND,GFK,A
58059,US,ND,FAR,B
58122,US,ND,FAR,A
58124,US,ND,FAR,A
58126,US,ND,FAR,A
58104,US,ND,FAR,A
58203,US,ND,GFK,A
58109,US,ND,FAR,A
58205,US,ND,GFK,B
58104,US,ND,FAR,A
58202,US,ND,GFK,A
58204,US,ND,GFK,B
58205,US,ND,GFK,B
58206,US,ND,GFK,A
58207,US,ND,GFK,A
58042,US,ND,FAR,B
58104,US,ND,FAR,A
58002,US,ND,FAR,B
58042,US,ND,FAR,B
58004,US,ND,FAR,B
58104,US,ND,FAR,A
58012,US,ND,FAR,B
58059,US,ND,FAR,B
58102,US,ND,FAR,A
58102,US,ND,FAR,A
58103,US,ND,FAR,A
58204,US,ND,GFK,B
58102,US,ND,FAR,A
58105,US,ND,FAR,A
58106,US,ND,FAR,A
58078,US,ND,FAR,A
58107,US,ND,FAR,A
58108,US,ND,FAR,A
58121,US,ND,FAR,A
58078,US,ND,FAR,A
58102,US,ND,FAR,A
68801,US,NE,OMA,F
68818,US,NE,OMA,F
68818,US,NE,OMA,F
68815,US,NE,OMA,G
68815,US,NE,OMA,G
68815,US,NE,OMA,G
68815,US,NE,OMA,G
68822,US,NE,OMA,G
68803,US,NE,OMA,F
68824,US,NE,OMA,F
68801,US,NE,OMA,F
68801,US,NE,OMA,F
68791,US,NE,OMA,F
68790,US,NE,OMA,F
68788,US,NE,OMA,F
68787,US,NE,OMA,F
68812,US,NE,OMA,F
68846,US,NE,OMA,F
68901,US,NE,OMA,F
68901,US,NE,OMA,F
68901,US,NE,OMA,F
68901,US,NE,OMA,F
68854,US,NE,OMA,F
68854,US,NE,OMA,F
68824,US,NE,OMA,F
68847,US,NE,OMA,F
68710,US,NE,OMA,F
68845,US,NE,OMA,F
68843,US,NE,OMA,F
68827,US,NE,OMA,F
68827,US,NE,OMA,F
68826,US,NE,OMA,F
68826,US,NE,OMA,F
68824,US,NE,OMA,F
68850,US,NE,OMA,G
68733,US,NE,OMA,F
68784,US,NE,OMA,F
68747,US,NE,OMA,G
68747,US,NE,OMA,G
68745,US,NE,OMA,G
68743,US,NE,OMA,F
68740,US,NE,OMA,F
68749,US,NE,OMA,G
68738,US,NE,OMA,F
68751,US,NE,OMA,F
68732,US,NE,OMA,G
68728,US,NE,OMA,F
68727,US,NE,OMA,G
68723,US,NE,OMA,F
68717,US,NE,OMA,G
68716,US,NE,OMA,F
68713,US,NE,OMA,G
68739,US,NE,OMA,G
68765,US,NE,OMA,F
68901,US,NE,OMA,F
68779,US,NE,OMA,F
68771,US,NE,OMA,G
68770,US,NE,OMA,F
68770,US,NE,OMA,F
68768,US,NE,OMA,F
68748,US,NE,OMA,F
68765,US,NE,OMA,F
68781,US,NE,OMA,G
68763,US,NE,OMA,G
68763,US,NE,OMA,G
68763,US,NE,OMA,G
68763,US,NE,OMA,G
68763,US,NE,OMA,G
68758,US,NE,OMA,G
68752,US,NE,OMA,G
68767,US,NE,OMA,F
68305,US,NE,OMA,F
68062,US,NE,OMA,F
68063,US,NE,OMA,F
68067,US,NE,OMA,F
68070,US,NE,OMA,F
68071,US,NE,OMA,F
68072,US,NE,OMA,F
68901,US,NE,OMA,F
68303,US,NE,OMA,G
68055,US,NE,OMA,F
68305,US,NE,OMA,F
68305,US,NE,OMA,F
68305,US,NE,OMA,F
68305,US,NE,OMA,F
68309,US,NE,OMA,F
68310,US,NE,OMA,F
68301,US,NE,OMA,F
68039,US,NE,OMA,F
68310,US,NE,OMA,F
68014,US,NE,OMA,F
68019,US,NE,OMA,F
68020,US,NE,OMA,F
68029,US,NE,OMA,F
68030,US,NE,OMA,F
68061,US,NE,OMA,F
68038,US,NE,OMA,F
68057,US,NE,OMA,F
68040,US,NE,OMA,F
68044,US,NE,OMA,F
68044,US,NE,OMA,F
68045,US,NE,OMA,F
68047,US,NE,OMA,F
68050,US,NE,OMA,F
68310,US,NE,OMA,F
68036,US,NE,OMA,F
68949,US,NE,OMA,G
68310,US,NE,OMA,F
69130,US,NE,OMA,G
69101,US,NE,OMA,G
69001,US,NE,OMA,G
69001,US,NE,OMA,G
68979,US,NE,OMA,F
69138,US,NE,OMA,G
68979,US,NE,OMA,F
69145,US,NE,OMA,G
68949,US,NE,OMA,G
68949,US,NE,OMA,G
68949,US,NE,OMA,G
68949,US,NE,OMA,G
68928,US,NE,OMA,F
68901,US,NE,OMA,F
68701,US,NE,OMA,F
68979,US,NE,OMA,F
69201,US,NE,OMA,G
68901,US,NE,OMA,F
68001,US,NE,OMA,F
69361,US,NE,OMA,G
69341,US,NE,OMA,G
69341,US,NE,OMA,G
69337,US,NE,OMA,G
69130,US,NE,OMA,G
69301,US,NE,OMA,G
68004,US,NE,OMA,F
69201,US,NE,OMA,G
69162,US,NE,OMA,G
69162,US,NE,OMA,G
69162,US,NE,OMA,G
69162,US,NE,OMA,G
69153,US,NE,OMA,G
69153,US,NE,OMA,G
69301,US,NE,OMA,G
68358,US,NE,OMA,F
68415,US,NE,OMA,F
68367,US,NE,OMA,F
68365,US,NE,OMA,F
68364,US,NE,OMA,F
68362,US,NE,OMA,G
68361,US,NE,OMA,F
68371,US,NE,OMA,F
68359,US,NE,OMA,F
68376,US,NE,OMA,F
68357,US,NE,OMA,F
68355,US,NE,OMA,F
68355,US,NE,OMA,F
68355,US,NE,OMA,F
68354,US,NE,OMA,F
68354,US,NE,OMA,F
68352,US,NE,OMA,G
68360,US,NE,OMA,F
68382,US,NE,OMA,F
68710,US,NE,OMA,F
68414,US,NE,OMA,F
68410,US,NE,OMA,F
68410,US,NE,OMA,F
68410,US,NE,OMA,F
68410,US,NE,OMA,F
68371,US,NE,OMA,F
68382,US,NE,OMA,F
68352,US,NE,OMA,G
68381,US,NE,OMA,F
68380,US,NE,OMA,F
68380,US,NE,OMA,F
68378,US,NE,OMA,F
68378,US,NE,OMA,F
68377,US,NE,OMA,G
68377,US,NE,OMA,G
68406,US,NE,OMA,F
68316,US,NE,OMA,F
68324,US,NE,OMA,F
68324,US,NE,OMA,F
68323,US,NE,OMA,F
68322,US,NE,OMA,G
68321,US,NE,OMA,F
68320,US,NE,OMA,F
68352,US,NE,OMA,G
68318,US,NE,OMA,F
68330,US,NE,OMA,F
68314,US,NE,OMA,F
68313,US,NE,OMA,F
68313,US,NE,OMA,F
68310,US,NE,OMA,F
68310,US,NE,OMA,F
68310,US,NE,OMA,F
68310,US,NE,OMA,F
68319,US,NE,OMA,F
68343,US,NE,OMA,F
68416,US,NE,OMA,F
68351,US,NE,OMA,F
68350,US,NE,OMA,G
68348,US,NE,OMA,F
68346,US,NE,OMA,F
68346,US,NE,OMA,F
68345,US,NE,OMA,F
68328,US,NE,OMA,F
68344,US,NE,OMA,F
68329,US,NE,OMA,F
68343,US,NE,OMA,F
68342,US,NE,OMA,G
68341,US,NE,OMA,G
68338,US,NE,OMA,F
68337,US,NE,OMA,F
68332,US,NE,OMA,F
68352,US,NE,OMA,G
68345,US,NE,OMA,F
68633,US,NE,OMA,F
68701,US,NE,OMA,F
68642,US,NE,OMA,F
68642,US,NE,OMA,F
68641,US,NE,OMA,F
68640,US,NE,OMA,F
68638,US,NE,OMA,G
68643,US,NE,OMA,F
68634,US,NE,OMA,F
68644,US,NE,OMA,F
68632,US,NE,OMA,F
68632,US,NE,OMA,F
68632,US,NE,OMA,F
68631,US,NE,OMA,F
68629,US,NE,OMA,F
68415,US,NE,OMA,F
68624,US,NE,OMA,F
68635,US,NE,OMA,F
68659,US,NE,OMA,F
68669,US,NE,OMA,F
68667,US,NE,OMA,F
68667,US,NE,OMA,F
68666,US,NE,OMA,F
68664,US,NE,OMA,F
68663,US,NE,OMA,F
68642,US,NE,OMA,F
68660,US,NE,OMA,F
68623,US,NE,OMA,G
68658,US,NE,OMA,F
68654,US,NE,OMA,F
68653,US,NE,OMA,F
68651,US,NE,OMA,F
68649,US,NE,OMA,F
68648,US,NE,OMA,F
68647,US,NE,OMA,F
68662,US,NE,OMA,F
68437,US,NE,OMA,F
68444,US,NE,OMA,F
68626,US,NE,OMA,F
68443,US,NE,OMA,F
68443,US,NE,OMA,F
68442,US,NE,OMA,F
68441,US,NE,OMA,F
68621,US,NE,OMA,F
68439,US,NE,OMA,F
68444,US,NE,OMA,F
68433,US,NE,OMA,F
68431,US,NE,OMA,F
68424,US,NE,OMA,G
68422,US,NE,OMA,F
68421,US,NE,OMA,F
68420,US,NE,OMA,F
68419,US,NE,OMA,F
68440,US,NE,OMA,G
68458,US,NE,OMA,F
68466,US,NE,OMA,F
68466,US,NE,OMA,F
68465,US,NE,OMA,F
68464,US,NE,OMA,G
68462,US,NE,OMA,F
68444,US,NE,OMA,F
68460,US,NE,OMA,F
68445,US,NE,OMA,F
68457,US,NE,OMA,F
68456,US,NE,OMA,F
68455,US,NE,OMA,F
68454,US,NE,OMA,F
68453,US,NE,OMA,G
68448,US,NE,OMA,F
68447,US,NE,OMA,F
68446,US,NE,OMA,F
68460,US,NE,OMA,F
68017,US,NE,OMA,Y
68003,US,NE,OMA,Y
68428,US,NE,OMA,Y
68347,US,NE,OMA,Y
68368,US,NE,OMA,Y
68372,US,NE,OMA,Y
68333,US,NE,OMA,Y
68372,US,NE,OMA,Y
68405,US,NE,OMA,Y
68430,US,NE,OMA,Y
68434,US,NE,OMA,Y
68461,US,NE,OMA,Y
68065,US,NE,OMA,Y
68428,US,NE,OMA,Y
68119,US,NE,OMA,A
68107,US,NE,OMA,A
68134,US,NE,OMA,A
68135,US,NE,OMA,A
68131,US,NE,OMA,A
68130,US,NE,OMA,A
68127,US,NE,OMA,A
68124,US,NE,OMA,A
68123,US,NE,OMA,B
68122,US,NE,OMA,A
68120,US,NE,OMA,A
68132,US,NE,OMA,A
68118,US,NE,OMA,A
68117,US,NE,OMA,A
68116,US,NE,OMA,A
68114,US,NE,OMA,A
68113,US,NE,OMA,B
68112,US,NE,OMA,A
68111,US,NE,OMA,A
68110,US,NE,OMA,A
68108,US,NE,OMA,A
68136,US,NE,OMA,B
68046,US,NE,OMA,B
68109,US,NE,OMA,A
68175,US,NE,OMA,A
68462,US,NE,OMA,E
68127,US,NE,OMA,A
68138,US,NE,OMA,A
68198,US,NE,OMA,A
68183,US,NE,OMA,A
68106,US,NE,OMA,A
68181,US,NE,OMA,A
68180,US,NE,OMA,A
68179,US,NE,OMA,A
68182,US,NE,OMA,A
68176,US,NE,OMA,A
68137,US,NE,OMA,B
68172,US,NE,OMA,A
68164,US,NE,OMA,A
68157,US,NE,OMA,A
68155,US,NE,OMA,A
68154,US,NE,OMA,A
68152,US,NE,OMA,A
68147,US,NE,OMA,A
68144,US,NE,OMA,A
68142,US,NE,OMA,A
68138,US,NE,OMA,A
68178,US,NE,OMA,A
68501,US,NE,OMA,E
68514,US,NE,OMA,E
68512,US,NE,OMA,E
68510,US,NE,OMA,E
68509,US,NE,OMA,E
68508,US,NE,OMA,E
68507,US,NE,OMA,E
68506,US,NE,OMA,E
68505,US,NE,OMA,E
68504,US,NE,OMA,E
68516,US,NE,OMA,E
68502,US,NE,OMA,E
68128,US,NE,OMA,A
68128,US,NE,OMA,A
68025,US,NE,OMA,C
68526,US,NE,OMA,E
68010,US,NE,OMA,B
68008,US,NE,OMA,C
68147,US,NE,OMA,A
68123,US,NE,OMA,B
68005,US,NE,OMA,B
68133,US,NE,OMA,A
68105,US,NE,OMA,A
68503,US,NE,OMA,E
68144,US,NE,OMA,A
68103,US,NE,OMA,A
68104,US,NE,OMA,A
68517,US,NE,OMA,E
68102,US,NE,OMA,A
68101,US,NE,OMA,A
68110,US,NE,OMA,A
68113,US,NE,OMA,B
68137,US,NE,OMA,B
68588,US,NE,OMA,E
68583,US,NE,OMA,E
68524,US,NE,OMA,E
68520,US,NE,OMA,E
68521,US,NE,OMA,E
68522,US,NE,OMA,E
68113,US,NE,OMA,B
68523,US,NE,OMA,E
68532,US,NE,OMA,E
68526,US,NE,OMA,E
68529,US,NE,OMA,E
68527,US,NE,OMA,E
68528,US,NE,OMA,E
68531,US,NE,OMA,E
68467,US,NE,OMA,H
68023,US,NE,OMA,E
68777,US,NE,OMA,I
68197,US,NE,OMA,A
68022,US,NE,OMA,C
68007,US,NE,OMA,C
68028,US,NE,OMA,D
68450,US,NE,OMA,H
68068,US,NE,OMA,D
68366,US,NE,OMA,F
68064,US,NE,OMA,F
68059,US,NE,OMA,F
68048,US,NE,OMA,F
68037,US,NE,OMA,G
68066,US,NE,OMA,G
68002,US,NE,OMA,G
68069,US,NE,OMA,D
68601,US,NE,OMA,H
68849,US,NE,OMA,H
69160,US,NE,OMA,H
68409,US,NE,OMA,H
68959,US,NE,OMA,H
68715,US,NE,OMA,H
68620,US,NE,OMA,H
3253,US,NH,BTV,M
3827,US,NH,BTV,M
3836,US,NH,BTV,M
3249,US,NH,BTV,M
3855,US,NH,BTV,M
3076,US,NH,BTV,M
3225,US,NH,BTV,M
3860,US,NH,BTV,M
3592,US,NH,BTV,O
3226,US,NH,BTV,M
3251,US,NH,BTV,O
3246,US,NH,BTV,M
3824,US,NH,BTV,M
3813,US,NH,BTV,M
3813,US,NH,BTV,M
3811,US,NH,BTV,M
3827,US,NH,BTV,M
3853,US,NH,BTV,M
3824,US,NH,BTV,M
3894,US,NH,BTV,M
3865,US,NH,BTV,M
3812,US,NH,BTV,M
3576,US,NH,BTV,M
3848,US,NH,BTV,M
3835,US,NH,BTV,M
3860,US,NH,BTV,M
3801,US,NH,BTV,M
3801,US,NH,BTV,M
3858,US,NH,BTV,M
3823,US,NH,BTV,M
3860,US,NH,BTV,M
3588,US,NH,BTV,O
3592,US,NH,BTV,O
3570,US,NH,BTV,O
3580,US,NH,BTV,O
3818,US,NH,BTV,N
3864,US,NH,BTV,N
3818,US,NH,BTV,N
3812,US,NH,BTV,M
3809,US,NH,BTV,M
3033,US,NH,BTV,M
3875,US,NH,BTV,M
3576,US,NH,BTV,M
3872,US,NH,BTV,M
3846,US,NH,BTV,M
3872,US,NH,BTV,M
3812,US,NH,BTV,M
3588,US,NH,BTV,O
3584,US,NH,BTV,M
3303,US,NH,BTV,D
3785,US,NH,BTV,I
3857,US,NH,BTV,I
3774,US,NH,BTV,I
3216,US,NH,BTV,I
3785,US,NH,BTV,I
3774,US,NH,BTV,I
3233,US,NH,BTV,I
3870,US,NH,BTV,M
3077,US,NH,BTV,H
3601,US,NH,BTV,G
3869,US,NH,BTV,J
3782,US,NH,BTV,F
3227,US,NH,BTV,J
3303,US,NH,BTV,D
3303,US,NH,BTV,D
3304,US,NH,BTV,D
3873,US,NH,BTV,D
3303,US,NH,BTV,D
3062,US,NH,BTV,C
3034,US,NH,BTV,C
3064,US,NH,BTV,C
3063,US,NH,BTV,C
3060,US,NH,BTV,C
3603,US,NH,BTV,G
3259,US,NH,BTV,L
3885,US,NH,BTV,L
3839,US,NH,BTV,L
3867,US,NH,BTV,L
3561,US,NH,BTV,L
3833,US,NH,BTV,K
3833,US,NH,BTV,K
3833,US,NH,BTV,K
3042,US,NH,BTV,J
3841,US,NH,BTV,L
3825,US,NH,BTV,L
3868,US,NH,BTV,L
3223,US,NH,BTV,J
3223,US,NH,BTV,J
3227,US,NH,BTV,J
3878,US,NH,BTV,J
3223,US,NH,BTV,J
3275,US,NH,BTV,J
3275,US,NH,BTV,J
3275,US,NH,BTV,J
3822,US,NH,BTV,J
3820,US,NH,BTV,J
3259,US,NH,BTV,L
3842,US,NH,MHT,D
3841,US,NH,MHT,D
3048,US,NH,MHT,E
3840,US,NH,MHT,D
3047,US,NH,MHT,E
3246,US,NH,MHT,G
3045,US,NH,MHT,B
3449,US,NH,MHT,F
3835,US,NH,MHT,F
3043,US,NH,MHT,D
3848,US,NH,MHT,D
3044,US,NH,MHT,D
3235,US,NH,MHT,G
3753,US,NH,MHT,G
3229,US,NH,MHT,E
3304,US,NH,MHT,B
3833,US,NH,MHT,D
3824,US,NH,MHT,E
3766,US,NH,MHT,G
3246,US,NH,MHT,G
3431,US,NH,MHT,G
3452,US,NH,MHT,F
3051,US,NH,MHT,B
3755,US,NH,MHT,G
3106,US,NH,MHT,C
3049,US,NH,MHT,C
3244,US,NH,MHT,D
3244,US,NH,MHT,D
3242,US,NH,MHT,D
3450,US,NH,MHT,F
3053,US,NH,MHT,B
3220,US,NH,MHT,G
3222,US,NH,MHT,G
3034,US,NH,MHT,C
3033,US,NH,MHT,D
3301,US,NH,MHT,B
3833,US,NH,MHT,D
3257,US,NH,MHT,G
3036,US,NH,MHT,C
3442,US,NH,MHT,E
3234,US,NH,MHT,E
3825,US,NH,MHT,E
3032,US,NH,MHT,B
3811,US,NH,MHT,D
3440,US,NH,MHT,F
3031,US,NH,MHT,C
3275,US,NH,MHT,C
3303,US,NH,MHT,C
3745,US,NH,MHT,G
3234,US,NH,MHT,E
3042,US,NH,MHT,D
3827,US,NH,MHT,D
3824,US,NH,MHT,E
3444,US,NH,MHT,F
3038,US,NH,MHT,B
3224,US,NH,MHT,G
3819,US,NH,MHT,D
3750,US,NH,MHT,G
3229,US,NH,MHT,E
3305,US,NH,MHT,E
3303,US,NH,MHT,C
3302,US,NH,MHT,B
3301,US,NH,MHT,B
3743,US,NH,MHT,G
3037,US,NH,MHT,E
3803,US,NH,MHT,D
3854,US,NH,MHT,E
3079,US,NH,MHT,C
3870,US,NH,MHT,D
3869,US,NH,MHT,E
3805,US,NH,MHT,E
3874,US,NH,MHT,D
3804,US,NH,MHT,D
3878,US,NH,MHT,E
3801,US,NH,MHT,D
3865,US,NH,MHT,D
3781,US,NH,MHT,G
3263,US,NH,MHT,G
3458,US,NH,MHT,E
3303,US,NH,MHT,C
3077,US,NH,MHT,C
3465,US,NH,MHT,F
3086,US,NH,MHT,E
3820,US,NH,MHT,E
3222,US,NH,MHT,G
3784,US,NH,MHT,G
3087,US,NH,MHT,C
3873,US,NH,MHT,D
3281,US,NH,MHT,E
3290,US,NH,MHT,E
3276,US,NH,MHT,G
3084,US,NH,MHT,E
3431,US,NH,MHT,G
3275,US,NH,MHT,C
3885,US,NH,MHT,D
3827,US,NH,MHT,D
3303,US,NH,MHT,C
3105,US,NH,MHT,A
3055,US,NH,MHT,C
3054,US,NH,MHT,B
3770,US,NH,MHT,G
3048,US,NH,MHT,E
3455,US,NH,MHT,G
3275,US,NH,MHT,C
3107,US,NH,MHT,A
3060,US,NH,MHT,B
3104,US,NH,MHT,A
3103,US,NH,MHT,A
3102,US,NH,MHT,B
3101,US,NH,MHT,A
3103,US,NH,MHT,A
3820,US,NH,MHT,E
3108,US,NH,MHT,A
3856,US,NH,MHT,E
3082,US,NH,MHT,E
3261,US,NH,MHT,E
3276,US,NH,MHT,G
3862,US,NH,MHT,D
3858,US,NH,MHT,D
3773,US,NH,MHT,G
3851,US,NH,MHT,F
3801,US,NH,MHT,D
3057,US,NH,MHT,E
3071,US,NH,MHT,E
3070,US,NH,MHT,E
3063,US,NH,MHT,B
3062,US,NH,MHT,B
3061,US,NH,MHT,B
3076,US,NH,MHT,C
3857,US,NH,MHT,E
3045,US,NH,MHT,B
3589,US,NH,BOS,B8
3279,US,NH,BOS,B8
3771,US,NH,BOS,B8
3457,US,NH,BOS,B8
3240,US,NH,BOS,B8
3845,US,NH,BOS,B7
3581,US,NH,BOS,B8
3457,US,NH,BOS,B8
3256,US,NH,BOS,B7
3254,US,NH,BOS,B7
3454,US,NH,BOS,B5
3849,US,NH,BOS,B8
3270,US,NH,BOS,B7
3269,US,NH,BOS,B6
3605,US,NH,BOS,B8
3268,US,NH,BOS,B7
3232,US,NH,BOS,B8
3447,US,NH,BOS,B7
3748,US,NH,BOS,B7
3582,US,NH,BOS,B8
3852,US,NH,BOS,B5
3241,US,NH,BOS,B8
3284,US,NH,BOS,B6
3462,US,NH,BOS,B8
3466,US,NH,BOS,B8
3243,US,NH,BOS,B7
3052,US,NH,BOS,B2
3255,US,NH,BOS,B6
3585,US,NH,BOS,B8
3461,US,NH,BOS,B7
3272,US,NH,BOS,B7
3579,US,NH,BOS,B8
3882,US,NH,BOS,B7
3451,US,NH,BOS,B8
3881,US,NH,BOS,B7
3741,US,NH,BOS,B8
3607,US,NH,BOS,B8
3245,US,NH,BOS,B7
3871,US,NH,BOS,B3
3883,US,NH,BOS,B7
3741,US,NH,BOS,B8
3602,US,NH,BOS,B8
3590,US,NH,BOS,B8
3307,US,NH,BOS,B3
3040,US,NH,BOS,B3
3476,US,NH,BOS,B8
3073,US,NH,BOS,B1
3595,US,NH,BOS,B8
3231,US,NH,BOS,B7
3266,US,NH,BOS,B8
3777,US,NH,BOS,B8
3264,US,NH,BOS,B7
3230,US,NH,BOS,B8
3582,US,NH,BOS,B8
3590,US,NH,BOS,B8
3578,US,NH,BOS,B8
3262,US,NH,BOS,B7
3578,US,NH,BOS,B8
3266,US,NH,BOS,B8
3609,US,NH,BOS,B8
3260,US,NH,BOS,B6
3598,US,NH,BOS,B8
3605,US,NH,BOS,B8
3583,US,NH,BOS,B8
3464,US,NH,BOS,B8
3595,US,NH,BOS,B8
3255,US,NH,BOS,B6
3847,US,NH,BOS,B7
3814,US,NH,BOS,B7
3815,US,NH,BOS,B7
3816,US,NH,BOS,B7
3293,US,NH,BOS,B7
3779,US,NH,BOS,B8
3826,US,NH,BOS,B3
3780,US,NH,BOS,B7
3593,US,NH,BOS,B8
3247,US,NH,BOS,B5
3859,US,NH,BOS,B4
3265,US,NH,BOS,B8
3443,US,NH,BOS,B8
3817,US,NH,BOS,B7
3041,US,NH,BOS,B2
3585,US,NH,BOS,B8
3887,US,NH,BOS,B7
3597,US,NH,BOS,B8
3740,US,NH,BOS,B8
3604,US,NH,BOS,B7
3241,US,NH,BOS,B8
3468,US,NH,BOS,B4
3890,US,NH,BOS,B7
3291,US,NH,BOS,B7
3769,US,NH,BOS,B8
3814,US,NH,BOS,B7
3838,US,NH,BOS,B7
3238,US,NH,BOS,B8
3832,US,NH,BOS,B8
3441,US,NH,BOS,B8
3110,US,NH,BOS,B2
3849,US,NH,BOS,B8
3219,US,NH,BOS,B7
3741,US,NH,BOS,B8
3228,US,NH,BOS,B7
3582,US,NH,BOS,B8
3597,US,NH,BOS,B8
3574,US,NH,BOS,B8
3218,US,NH,BOS,B6
3602,US,NH,BOS,B8
3897,US,NH,BOS,B7
3896,US,NH,BOS,B7
3289,US,NH,BOS,B5
3280,US,NH,BOS,B8
3470,US,NH,BOS,B8
3287,US,NH,BOS,B6
3287,US,NH,BOS,B6
3585,US,NH,BOS,B8
3768,US,NH,BOS,B8
3892,US,NH,BOS,B7
3448,US,NH,BOS,B8
3467,US,NH,BOS,B8
3810,US,NH,BOS,B7
3752,US,NH,BOS,B6
3581,US,NH,BOS,B8
3285,US,NH,BOS,B7
3217,US,NH,BOS,B7
3597,US,NH,BOS,B8
3284,US,NH,BOS,B6
3598,US,NH,BOS,B8
3445,US,NH,BOS,B7
3282,US,NH,BOS,B8
3285,US,NH,BOS,B7
3754,US,NH,BOS,B6
3252,US,NH,BOS,B4
3587,US,NH,BOS,B7
3886,US,NH,BOS,B7
3446,US,NH,BOS,B7
3273,US,NH,BOS,B6
3456,US,NH,BOS,B8
3579,US,NH,BOS,B8
3590,US,NH,BOS,B8
3585,US,NH,BOS,B8
3445,US,NH,BOS,B7
3590,US,NH,BOS,B8
3765,US,NH,BOS,B8
3884,US,NH,BOS,B7
3850,US,NH,BOS,B8
3741,US,NH,BOS,B8
3274,US,NH,BOS,B7
3446,US,NH,BOS,B7
3575,US,NH,BOS,B8
3783,US,NH,BOS,B6
3109,US,NH,BOS,B2
3215,US,NH,BOS,B7
3837,US,NH,BOS,B6
3280,US,NH,BOS,B8
3279,US,NH,BOS,B8
3278,US,NH,BOS,B5
3221,US,NH,BOS,B6
3608,US,NH,BOS,B8
3830,US,NH,BOS,B7
3110,US,NH,BOS,B2
3751,US,NH,BOS,B6
3111,US,NH,BOS,B2
3887,US,NH,BOS,B7
3844,US,NH,BOS,B2
3595,US,NH,BOS,B8
3237,US,NH,BOS,B6
3585,US,NH,BOS,B8
3816,US,NH,BOS,B7
3307,US,NH,BOS,B3
3063,US,NH,BOS ,I
3101,US,NH,BOS ,H
3105,US,NH,BOS ,H
3104,US,NH,BOS ,H
3301,US,NH,BOS ,I
3302,US,NH,BOS ,I
3102,US,NH,BOS ,I
3062,US,NH,BOS ,I
3061,US,NH,BOS ,I
3103,US,NH,BOS ,H
3304,US,NH,BOS ,I
3108,US,NH,BOS ,H
3301,US,NH,BOS ,I
3060,US,NH,BOS ,I
3038,US,NH,BOS ,I
3054,US,NH,BOS ,I
3107,US,NH,BOS ,H
3053,US,NH,BOS ,I
3051,US,NH,BOS ,I
3045,US,NH,BOS ,I
3032,US,NH,BOS ,I
3045,US,NH,BOS ,I
7002,US,NJ,ABE,C
8868,US,NJ,ABE,C
7001,US,NJ,ABE,C
7820,US,NJ,ABE,C
8869,US,NJ,ABE,C
8887,US,NJ,ABE,C
7828,US,NJ,ABE,C
7836,US,NJ,ABE,C
8821,US,NJ,ABE,C
7931,US,NJ,ABE,C
7880,US,NJ,ABE,C
8530,US,NJ,ABE,C
8648,US,NJ,ABE,C
8833,US,NJ,ABE,C
7829,US,NJ,ABE,C
8829,US,NJ,ABE,C
7840,US,NJ,ABE,C
7838,US,NJ,ABE,C
8827,US,NJ,ABE,C
7826,US,NJ,ABE,C
8809,US,NJ,ABE,C
8553,US,NJ,ABE,C
7856,US,NJ,ABE,C
8528,US,NJ,ABE,C
7832,US,NJ,ABE,C
7885,US,NJ,ABE,C
7822,US,NJ,ABE,C
7857,US,NJ,ABE,C
8826,US,NJ,ABE,C
8825,US,NJ,ABE,C
8551,US,NJ,ABE,C
8525,US,NJ,ABE,C
7844,US,NJ,ABE,C
7843,US,NJ,ABE,C
8807,US,NJ,ABE,C
7882,US,NJ,ABE,C
8802,US,NJ,ABE,C
7825,US,NJ,ABE,C
7920,US,NJ,ABE,C
8865,US,NJ,ABE,C
7876,US,NJ,ABE,C
7978,US,NJ,ABE,C
7863,US,NJ,ABE,C
8870,US,NJ,ABE,C
8803,US,NJ,ABE,C
7457,US,NJ,ABE,C
8504,US,NJ,ABE,C
8867,US,NJ,ABE,C
8801,US,NJ,ABE,C
7833,US,NJ,ABE,C
8822,US,NJ,ABE,C
7847,US,NJ,ABE,C
8858,US,NJ,ABE,C
8876,US,NJ,ABE,C
8808,US,NJ,ABE,C
8559,US,NJ,ABE,C
7094,US,NJ,ABE,C
7870,US,NJ,ABE,C
8802,US,NJ,ABE,C
8886,US,NJ,ABE,C
7846,US,NJ,ABE,C
8560,US,NJ,ABE,C
7823,US,NJ,ABE,C
7865,US,NJ,ABE,C
8557,US,NJ,ABE,C
8556,US,NJ,ABE,C
8865,US,NJ,ABE,C
7860,US,NJ,ABE,C
7876,US,NJ,RDG,C
8865,US,NJ,RDG,C
7920,US,NJ,RDG,C
7825,US,NJ,RDG,C
8556,US,NJ,RDG,C
8553,US,NJ,RDG,C
8868,US,NJ,RDG,C
7001,US,NJ,RDG,C
7002,US,NJ,RDG,C
7865,US,NJ,RDG,C
8870,US,NJ,RDG,C
7826,US,NJ,RDG,C
7457,US,NJ,RDG,C
8504,US,NJ,RDG,C
8867,US,NJ,RDG,C
8801,US,NJ,RDG,C
8551,US,NJ,RDG,C
7870,US,NJ,RDG,C
8886,US,NJ,RDG,C
8802,US,NJ,RDG,C
8557,US,NJ,RDG,C
7005,US,NJ,ABE,C
8802,US,NJ,RDG,C
7853,US,NJ,ABE,C
7806,US,NJ,ABE,C
7830,US,NJ,ABE,C
8848,US,NJ,ABE,C
8889,US,NJ,ABE,C
8888,US,NJ,ABE,C
7072,US,NJ,ABE,C
7005,US,NJ,RDG,C
8804,US,NJ,RDG,C
7978,US,NJ,RDG,C
8534,US,NJ,RDG,C
7863,US,NJ,RDG,C
8865,US,NJ,RDG,C
7094,US,NJ,RDG,C
8559,US,NJ,RDG,C
8808,US,NJ,RDG,C
8876,US,NJ,RDG,C
7828,US,NJ,RDG,C
8858,US,NJ,RDG,C
7820,US,NJ,RDG,C
8807,US,NJ,RDG,C
8803,US,NJ,RDG,C
7821,US,NJ,RDG,C
7853,US,NJ,RDG,C
8825,US,NJ,RDG,C
8809,US,NJ,RDG,C
7857,US,NJ,RDG,C
7882,US,NJ,RDG,C
7885,US,NJ,RDG,C
7832,US,NJ,RDG,C
8528,US,NJ,RDG,C
7856,US,NJ,RDG,C
8525,US,NJ,RDG,C
7860,US,NJ,RDG,C
7806,US,NJ,RDG,C
7823,US,NJ,RDG,C
8848,US,NJ,RDG,C
8869,US,NJ,RDG,C
8888,US,NJ,RDG,C
7072,US,NJ,RDG,C
7833,US,NJ,RDG,C
8534,US,NJ,ABE,C
7821,US,NJ,ABE,C
8804,US,NJ,ABE,C
7830,US,NJ,RDG,C
7836,US,NJ,RDG,C
7846,US,NJ,RDG,C
7847,US,NJ,RDG,C
8560,US,NJ,RDG,C
8889,US,NJ,RDG,C
7844,US,NJ,RDG,C
8822,US,NJ,RDG,C
8821,US,NJ,RDG,C
7931,US,NJ,RDG,C
7880,US,NJ,RDG,C
8530,US,NJ,RDG,C
7843,US,NJ,RDG,C
7822,US,NJ,RDG,C
8648,US,NJ,RDG,C
8826,US,NJ,RDG,C
8887,US,NJ,RDG,C
8827,US,NJ,RDG,C
7838,US,NJ,RDG,C
7840,US,NJ,RDG,C
8829,US,NJ,RDG,C
7829,US,NJ,RDG,C
8833,US,NJ,RDG,C
8804,US,NJ,JFK,Y
7882,US,NJ,EWR,Y
8802,US,NJ,EWR,Y
8802,US,NJ,JFK,Y
7823,US,NJ,EWR,Y
7823,US,NJ,JFK,Y
8804,US,NJ,EWR,Y
8848,US,NJ,JFK,Y
8865,US,NJ,JFK,Y
8865,US,NJ,EWR,Y
8889,US,NJ,JFK,Y
8889,US,NJ,EWR,Y
7882,US,NJ,JFK,Y
8886,US,NJ,JFK,Y
8802,US,NJ,JFK,Y
8802,US,NJ,EWR,Y
8865,US,NJ,JFK,Y
7863,US,NJ,EWR,Y
7830,US,NJ,EWR,Y
8848,US,NJ,EWR,Y
8833,US,NJ,JFK,Y
8833,US,NJ,EWR,Y
7840,US,NJ,JFK,Y
7840,US,NJ,EWR,Y
8809,US,NJ,JFK,Y
8809,US,NJ,EWR,Y
7830,US,NJ,JFK,Y
7863,US,NJ,JFK,Y
8886,US,NJ,EWR,Y
8865,US,NJ,EWR,Y
7424,US,NJ,EWR,B
7981,US,NJ,EWR,B
7885,US,NJ,EWR,F
7675,US,NJ,EWR,A
8093,US,NJ,PHL,B
8108,US,NJ,PHL,B
7091,US,NJ,EWR,C
7764,US,NJ,EWR,E
7090,US,NJ,EWR,C
8628,US,NJ,PHL,F
7052,US,NJ,EWR,B
7093,US,NJ,EWR,B
7999,US,NJ,EWR,B
7480,US,NJ,EWR,F
8060,US,NJ,PHL,C
7095,US,NJ,EWR,C
8059,US,NJ,PHL,B
7660,US,NJ,EWR,A
8620,US,NJ,PHL,F
7481,US,NJ,EWR,A
7675,US,NJ,EWR,A
8097,US,NJ,PHL,B
7075,US,NJ,EWR,A
8096,US,NJ,PHL,B
8759,US,NJ,EWR,E
8890,US,NJ,EWR,C
8095,US,NJ,PHL,C
7036,US,NJ,EWR,B
8561,US,NJ,PHL,F
8046,US,NJ,PHL,C
7765,US,NJ,EWR,E
8097,US,NJ,PHL,B
8807,US,NJ,EWR,C
7702,US,NJ,EWR,E
7080,US,NJ,EWR,C
7079,US,NJ,EWR,B
7606,US,NJ,EWR,A
8880,US,NJ,EWR,C
8884,US,NJ,EWR,E
8876,US,NJ,EWR,C
7762,US,NJ,EWR,E
8875,US,NJ,EWR,C
8873,US,NJ,EWR,C
8244,US,NJ,PHL,G
8083,US,NJ,PHL,C
8201,US,NJ,PHL,G
7670,US,NJ,EWR,A
8879,US,NJ,EWR,C
7876,US,NJ,EWR,F
7666,US,NJ,EWR,A
8085,US,NJ,PHL,C
7877,US,NJ,EWR,F
7461,US,NJ,EWR,F
8008,US,NJ,EWR,E
8882,US,NJ,EWR,C
8107,US,NJ,PHL,B
7078,US,NJ,EWR,B
7871,US,NJ,EWR,F
8084,US,NJ,PHL,C
7460,US,NJ,EWR,F
7980,US,NJ,EWR,B
7874,US,NJ,EWR,F
7081,US,NJ,EWR,B
7902,US,NJ,EWR,B
7457,US,NJ,EWR,F
8558,US,NJ,EWR,E
7068,US,NJ,EWR,B
7647,US,NJ,EWR,A
7866,US,NJ,EWR,B
7662,US,NJ,EWR,A
7204,US,NJ,EWR,B
8075,US,NJ,PHL,C
7760,US,NJ,EWR,E
7675,US,NJ,EWR,A
7661,US,NJ,EWR,A
7456,US,NJ,EWR,A
7452,US,NJ,EWR,A
7451,US,NJ,EWR,A
7450,US,NJ,EWR,A
8077,US,NJ,PHL,B
8750,US,NJ,EWR,E
8008,US,NJ,EWR,E
8080,US,NJ,PHL,C
7077,US,NJ,EWR,C
7096,US,NJ,EWR,B
7094,US,NJ,EWR,B
7203,US,NJ,EWR,B
8751,US,NJ,EWR,E
7901,US,NJ,EWR,B
7760,US,NJ,EWR,E
7076,US,NJ,EWR,C
8872,US,NJ,EWR,C
7458,US,NJ,EWR,A
7070,US,NJ,EWR,A
8078,US,NJ,PHL,B
8752,US,NJ,EWR,E
7763,US,NJ,EWR,E
8647,US,NJ,PHL,F
8406,US,NJ,PHL,G
7088,US,NJ,EWR,B
7458,US,NJ,EWR,A
7087,US,NJ,EWR,B
7044,US,NJ,EWR,B
7083,US,NJ,EWR,B
8043,US,NJ,PHL,C
8695,US,NJ,PHL,F
8690,US,NJ,PHL,F
8677,US,NJ,PHL,F
8666,US,NJ,PHL,F
8650,US,NJ,PHL,F
8648,US,NJ,PHL,F
7701,US,NJ,EWR,E
7470,US,NJ,EWR,B
7007,US,NJ,EWR,B
7006,US,NJ,EWR,B
8091,US,NJ,PHL,C
8090,US,NJ,PHL,C
7087,US,NJ,EWR,B
7462,US,NJ,EWR,F
7474,US,NJ,EWR,B
8012,US,NJ,PHL,C
7060,US,NJ,EWR,C
7675,US,NJ,EWR,A
7465,US,NJ,EWR,F
7057,US,NJ,EWR,A
7719,US,NJ,EWR,E
7463,US,NJ,EWR,A
7477,US,NJ,EWR,B
8756,US,NJ,EWR,E
8602,US,NJ,PHL,F
8601,US,NJ,PHL,F
7879,US,NJ,EWR,F
7082,US,NJ,EWR,F
7512,US,NJ,EWR,B
8603,US,NJ,PHL,F
8646,US,NJ,PHL,F
8757,US,NJ,EWR,E
7735,US,NJ,EWR,C
8754,US,NJ,EWR,E
8753,US,NJ,EWR,E
8887,US,NJ,EWR,E
8086,US,NJ,PHL,B
7608,US,NJ,EWR,A
7511,US,NJ,EWR,B
8625,US,NJ,PHL,F
8755,US,NJ,EWR,E
8604,US,NJ,PHL,F
8645,US,NJ,PHL,F
8638,US,NJ,PHL,F
8628,US,NJ,PHL,F
8620,US,NJ,PHL,F
8619,US,NJ,PHL,F
8607,US,NJ,PHL,F
8605,US,NJ,PHL,F
8629,US,NJ,PHL,F
8606,US,NJ,PHL,F
8618,US,NJ,PHL,F
8608,US,NJ,PHL,F
8609,US,NJ,PHL,F
8610,US,NJ,PHL,F
8611,US,NJ,PHL,F
7853,US,NJ,EWR,F
8221,US,NJ,PHL,G
7424,US,NJ,EWR,B
7643,US,NJ,EWR,A
7739,US,NJ,EWR,E
7039,US,NJ,EWR,B
7644,US,NJ,EWR,A
8008,US,NJ,EWR,E
7726,US,NJ,EWR,E
7740,US,NJ,EWR,E
7035,US,NJ,EWR,B
8403,US,NJ,PHL,G
8048,US,NJ,PHL,C
7071,US,NJ,EWR,A
7939,US,NJ,EWR,C
7940,US,NJ,EWR,B
8049,US,NJ,PHL,B
7430,US,NJ,EWR,A
8008,US,NJ,EWR,E
8045,US,NJ,PHL,C
7034,US,NJ,EWR,B
7849,US,NJ,EWR,F
8733,US,NJ,EWR,E
8759,US,NJ,EWR,E
8733,US,NJ,EWR,E
8701,US,NJ,EWR,E
7850,US,NJ,EWR,F
8734,US,NJ,EWR,E
7036,US,NJ,EWR,B
8735,US,NJ,EWR,E
7738,US,NJ,EWR,E
8648,US,NJ,PHL,F
7852,US,NJ,EWR,F
8220,US,NJ,PHL,G
8327,US,NJ,PHL,G
7737,US,NJ,EWR,E
7605,US,NJ,EWR,A
7938,US,NJ,EWR,C
8736,US,NJ,EWR,E
8879,US,NJ,EWR,C
7438,US,NJ,EWR,F
8840,US,NJ,EWR,C
8056,US,NJ,PHL,C
8846,US,NJ,EWR,C
7748,US,NJ,EWR,E
7432,US,NJ,EWR,A
7041,US,NJ,EWR,B
7946,US,NJ,EWR,C
7495,US,NJ,EWR,A
8340,US,NJ,PHL,G
7945,US,NJ,EWR,F
7750,US,NJ,EWR,E
8852,US,NJ,EWR,E
7042,US,NJ,EWR,B
7043,US,NJ,EWR,B
7645,US,NJ,EWR,A
7045,US,NJ,EWR,F
7074,US,NJ,EWR,A
8057,US,NJ,PHL,B
8850,US,NJ,EWR,C
8836,US,NJ,EWR,C
8738,US,NJ,EWR,E
8051,US,NJ,PHL,C
7704,US,NJ,EWR,E
8835,US,NJ,EWR,C
7703,US,NJ,EWR,E
8052,US,NJ,PHL,B
7040,US,NJ,EWR,B
8402,US,NJ,PHL,G
8109,US,NJ,PHL,B
8053,US,NJ,PHL,C
8619,US,NJ,PHL,F
7747,US,NJ,EWR,E
8329,US,NJ,PHL,G
8330,US,NJ,PHL,G
7607,US,NJ,EWR,A
7428,US,NJ,EWR,F
8055,US,NJ,PHL,G
8055,US,NJ,PHL,G
8043,US,NJ,PHL,C
7746,US,NJ,EWR,E
7420,US,NJ,EWR,F
8629,US,NJ,PHL,F
8650,US,NJ,PHL,F
8690,US,NJ,PHL,F
8037,US,NJ,PHL,C
8038,US,NJ,PHL,G
7640,US,NJ,EWR,A
7029,US,NJ,EWR,B
7848,US,NJ,EWR,F
7604,US,NJ,EWR,A
8611,US,NJ,PHL,F
7641,US,NJ,EWR,A
7506,US,NJ,EWR,B
7507,US,NJ,EWR,B
7730,US,NJ,EWR,E
8324,US,NJ,PHL,G
8828,US,NJ,EWR,E
7421,US,NJ,EWR,F
7842,US,NJ,EWR,F
8008,US,NJ,EWR,E
8035,US,NJ,PHL,B
8030,US,NJ,PHL,B
8812,US,NJ,EWR,C
7935,US,NJ,EWR,B
7839,US,NJ,EWR,F
8323,US,NJ,PHL,G
8032,US,NJ,PHL,C
7950,US,NJ,EWR,B
7093,US,NJ,EWR,B
8620,US,NJ,PHL,F
7602,US,NJ,EWR,A
8619,US,NJ,PHL,F
8033,US,NJ,PHL,B
8036,US,NJ,PHL,C
7508,US,NJ,EWR,B
7538,US,NJ,EWR,B
7419,US,NJ,EWR,F
8609,US,NJ,PHL,F
8610,US,NJ,PHL,F
7732,US,NJ,EWR,E
7601,US,NJ,EWR,A
7032,US,NJ,EWR,B
7422,US,NJ,EWR,F
7305,US,NJ,EWR,B
7306,US,NJ,EWR,B
7307,US,NJ,EWR,B
7308,US,NJ,EWR,B
7309,US,NJ,EWR,B
7310,US,NJ,EWR,B
7311,US,NJ,EWR,B
7303,US,NJ,EWR,B
7734,US,NJ,EWR,E
7302,US,NJ,EWR,B
7099,US,NJ,EWR,B
8832,US,NJ,EWR,C
7033,US,NJ,EWR,B
7847,US,NJ,EWR,F
7735,US,NJ,EWR,C
8528,US,NJ,EWR,E
7405,US,NJ,EWR,F
7960,US,NJ,EWR,B
7399,US,NJ,EWR,B
7205,US,NJ,EWR,B
8043,US,NJ,PHL,C
8520,US,NJ,PHL,G
7642,US,NJ,EWR,A
7205,US,NJ,EWR,B
7423,US,NJ,EWR,A
7030,US,NJ,EWR,B
7733,US,NJ,EWR,E
7777,US,NJ,EWR,E
7304,US,NJ,EWR,B
7731,US,NJ,EWR,E
8904,US,NJ,EWR,C
7845,US,NJ,EWR,F
7111,US,NJ,EWR,B
8830,US,NJ,EWR,C
8732,US,NJ,EWR,E
8527,US,NJ,EWR,E
8527,US,NJ,PHL,F
8831,US,NJ,EWR,E
7097,US,NJ,EWR,B
7843,US,NJ,EWR,F
8107,US,NJ,PHL,B
7649,US,NJ,EWR,A
8858,US,NJ,EWR,F
7675,US,NJ,EWR,A
8857,US,NJ,EWR,C
7439,US,NJ,EWR,F
8231,US,NJ,PHL,G
7757,US,NJ,EWR,E
7511,US,NJ,EWR,B
7712,US,NJ,EWR,E
8723,US,NJ,EWR,E
7436,US,NJ,EWR,A
7755,US,NJ,EWR,E
7438,US,NJ,EWR,F
7110,US,NJ,EWR,B
7648,US,NJ,EWR,A
7647,US,NJ,EWR,A
8225,US,NJ,PHL,G
7063,US,NJ,EWR,C
7756,US,NJ,EWR,E
7055,US,NJ,EWR,B
7751,US,NJ,EWR,E
7509,US,NJ,EWR,B
7508,US,NJ,EWR,B
7507,US,NJ,EWR,B
7506,US,NJ,EWR,B
7505,US,NJ,EWR,B
7504,US,NJ,EWR,B
7503,US,NJ,EWR,B
7050,US,NJ,EWR,B
7501,US,NJ,EWR,B
7051,US,NJ,EWR,B
7054,US,NJ,EWR,B
8859,US,NJ,EWR,C
7656,US,NJ,EWR,A
7653,US,NJ,EWR,A
7652,US,NJ,EWR,A
8065,US,NJ,PHL,B
7650,US,NJ,EWR,A
7748,US,NJ,EWR,E
7502,US,NJ,EWR,B
7102,US,NJ,EWR,B
7062,US,NJ,EWR,C
7175,US,NJ,EWR,B
7114,US,NJ,EWR,B
7112,US,NJ,EWR,B
7108,US,NJ,EWR,B
7107,US,NJ,EWR,B
7106,US,NJ,EWR,B
7105,US,NJ,EWR,B
7188,US,NJ,EWR,B
7103,US,NJ,EWR,B
7189,US,NJ,EWR,B
7101,US,NJ,EWR,B
7114,US,NJ,EWR,A
7976,US,NJ,EWR,F
7974,US,NJ,EWR,B
8989,US,NJ,EWR,C
8533,US,NJ,PHL,F
8064,US,NJ,PHL,C
7646,US,NJ,EWR,A
7104,US,NJ,EWR,B
7435,US,NJ,EWR,F
7512,US,NJ,EWR,B
7508,US,NJ,EWR,B
7006,US,NJ,EWR,B
8902,US,NJ,EWR,C
8876,US,NJ,EWR,C
7418,US,NJ,EWR,F
7047,US,NJ,EWR,B
7828,US,NJ,EWR,F
7184,US,NJ,EWR,B
8345,US,NJ,PHL,G
7060,US,NJ,EWR,C
7199,US,NJ,EWR,B
7198,US,NJ,EWR,B
7197,US,NJ,EWR,B
7195,US,NJ,EWR,B
7194,US,NJ,EWR,B
7193,US,NJ,EWR,B
7192,US,NJ,EWR,B
7191,US,NJ,EWR,B
7860,US,NJ,EWR,F
8869,US,NJ,EWR,E
8902,US,NJ,EWR,C
8903,US,NJ,EWR,C
8904,US,NJ,EWR,C
8905,US,NJ,EWR,C
8906,US,NJ,EWR,C
8922,US,NJ,EWR,C
8933,US,NJ,EWR,C
7510,US,NJ,EWR,B
7701,US,NJ,EWR,E
8853,US,NJ,EWR,E
7869,US,NJ,EWR,F
8073,US,NJ,PHL,C
7446,US,NJ,EWR,A
7065,US,NJ,EWR,B
8742,US,NJ,EWR,E
7508,US,NJ,EWR,B
8988,US,NJ,EWR,C
7657,US,NJ,EWR,A
7702,US,NJ,EWR,E
7046,US,NJ,EWR,F
7748,US,NJ,EWR,E
7961,US,NJ,EWR,B
7962,US,NJ,EWR,B
7963,US,NJ,EWR,B
8059,US,NJ,PHL,B
7970,US,NJ,EWR,F
8060,US,NJ,PHL,C
8054,US,NJ,PHL,C
8901,US,NJ,EWR,C
7878,US,NJ,EWR,B
7857,US,NJ,EWR,F
7092,US,NJ,EWR,B
8063,US,NJ,PHL,B
7752,US,NJ,EWR,E
7753,US,NJ,EWR,E
7754,US,NJ,EWR,E
7753,US,NJ,EWR,E
8853,US,NJ,EWR,E
7979,US,NJ,EWR,F
8061,US,NJ,PHL,B
8066,US,NJ,PHL,B
8550,US,NJ,PHL,F
8863,US,NJ,EWR,C
8862,US,NJ,EWR,C
8861,US,NJ,EWR,C
8535,US,NJ,EWR,E
7440,US,NJ,EWR,F
8110,US,NJ,PHL,B
8109,US,NJ,PHL,B
7058,US,NJ,EWR,B
7977,US,NJ,EWR,F
8854,US,NJ,EWR,C
7544,US,NJ,EWR,B
7543,US,NJ,EWR,B
7538,US,NJ,EWR,B
7533,US,NJ,EWR,B
7524,US,NJ,EWR,B
7522,US,NJ,EWR,B
7514,US,NJ,EWR,B
7513,US,NJ,EWR,B
8068,US,NJ,PHL,F
8742,US,NJ,EWR,E
7950,US,NJ,EWR,B
8241,US,NJ,PHL,G
7064,US,NJ,EWR,C
8349,US,NJ,PHL,G
7758,US,NJ,EWR,E
8348,US,NJ,PHL,G
7444,US,NJ,EWR,F
7442,US,NJ,EWR,F
7806,US,NJ,EWR,B
8742,US,NJ,EWR,E
8550,US,NJ,PHL,F
7978,US,NJ,EWR,C
8232,US,NJ,PHL,G
7063,US,NJ,EWR,C
7062,US,NJ,EWR,C
7061,US,NJ,EWR,C
7060,US,NJ,EWR,C
8071,US,NJ,PHL,C
8855,US,NJ,EWR,C
8240,US,NJ,PHL,G
8203,US,NJ,PHL,G
8106,US,NJ,PHL,B
8105,US,NJ,PHL,B
8104,US,NJ,PHL,B
8103,US,NJ,PHL,B
8102,US,NJ,PHL,B
8101,US,NJ,PHL,B
7007,US,NJ,EWR,B
7006,US,NJ,EWR,B
8016,US,NJ,PHL,C
7014,US,NJ,EWR,B
8030,US,NJ,PHL,B
8109,US,NJ,PHL,B
8730,US,NJ,EWR,E
8807,US,NJ,EWR,C
8014,US,NJ,PHL,B
8724,US,NJ,EWR,E
8723,US,NJ,EWR,E
7826,US,NJ,EWR,F
7720,US,NJ,EWR,E
8805,US,NJ,EWR,C
7005,US,NJ,EWR,B
8015,US,NJ,PHL,F
8003,US,NJ,PHL,B
7013,US,NJ,EWR,B
7012,US,NJ,EWR,B
7011,US,NJ,EWR,B
7721,US,NJ,EWR,C
7010,US,NJ,EWR,A
8510,US,NJ,EWR,E
8020,US,NJ,PHL,B
7066,US,NJ,EWR,B
8077,US,NJ,PHL,B
8107,US,NJ,PHL,B
8034,US,NJ,PHL,B
8108,US,NJ,PHL,B
8002,US,NJ,PHL,B
7928,US,NJ,EWR,B
8311,US,NJ,PHL,G
7927,US,NJ,EWR,B
7009,US,NJ,EWR,B
8018,US,NJ,PHL,B
7008,US,NJ,EWR,C
7072,US,NJ,EWR,A
8110,US,NJ,PHL,B
7003,US,NJ,EWR,B
7930,US,NJ,EWR,F
8401,US,NJ,PHL,G
7603,US,NJ,EWR,A
7717,US,NJ,EWR,E
7001,US,NJ,EWR,C
7822,US,NJ,EWR,F
8106,US,NJ,PHL,B
7716,US,NJ,EWR,E
8406,US,NJ,PHL,G
8405,US,NJ,PHL,G
8404,US,NJ,PHL,G
7920,US,NJ,EWR,C
8402,US,NJ,PHL,G
7939,US,NJ,EWR,C
7712,US,NJ,EWR,E
7821,US,NJ,EWR,F
7620,US,NJ,EWR,A
8720,US,NJ,EWR,E
8501,US,NJ,PHL,F
7711,US,NJ,EWR,E
7401,US,NJ,EWR,A
7820,US,NJ,EWR,F
7710,US,NJ,EWR,E
8201,US,NJ,PHL,G
8403,US,NJ,PHL,G
7109,US,NJ,EWR,B
8721,US,NJ,EWR,E
8096,US,NJ,PHL,B
8012,US,NJ,PHL,C
8011,US,NJ,PHL,G
7924,US,NJ,EWR,C
8009,US,NJ,PHL,C
7922,US,NJ,EWR,B
7621,US,NJ,EWR,A
7719,US,NJ,EWR,E
8007,US,NJ,PHL,B
8031,US,NJ,PHL,B
7403,US,NJ,EWR,F
8502,US,NJ,EWR,E
7718,US,NJ,EWR,E
7921,US,NJ,EWR,F
8722,US,NJ,EWR,E
8008,US,NJ,EWR,E
8029,US,NJ,PHL,C
7002,US,NJ,EWR,B
7405,US,NJ,EWR,F
8742,US,NJ,EWR,E
8037,US,NJ,PHL,C
7715,US,NJ,EWR,E
7632,US,NJ,EWR,A
8899,US,NJ,EWR,C
8320,US,NJ,PHL,G
7004,US,NJ,EWR,B
7410,US,NJ,EWR,A
7704,US,NJ,EWR,E
8638,US,NJ,PHL,F
8628,US,NJ,PHL,F
8618,US,NJ,PHL,F
8319,US,NJ,PHL,G
7023,US,NJ,EWR,C
7726,US,NJ,EWR,E
7931,US,NJ,EWR,C
7632,US,NJ,EWR,A
7631,US,NJ,EWR,A
7630,US,NJ,EWR,A
7407,US,NJ,EWR,A
7208,US,NJ,EWR,B
7207,US,NJ,EWR,B
7206,US,NJ,EWR,B
7202,US,NJ,EWR,B
7201,US,NJ,EWR,B
8215,US,NJ,PHL,G
7021,US,NJ,EWR,B
7860,US,NJ,EWR,F
7015,US,NJ,EWR,B
7452,US,NJ,EWR,A
7028,US,NJ,EWR,B
7934,US,NJ,EWR,F
7933,US,NJ,EWR,C
8027,US,NJ,PHL,B
8026,US,NJ,PHL,C
7027,US,NJ,EWR,C
7026,US,NJ,EWR,A
7022,US,NJ,EWR,A
7860,US,NJ,EWR,F
7932,US,NJ,EWR,B
8823,US,NJ,EWR,E
7417,US,NJ,EWR,A
7416,US,NJ,EWR,F
8321,US,NJ,PHL,G
7703,US,NJ,EWR,E
7024,US,NJ,EWR,A
8863,US,NJ,EWR,C
7836,US,NJ,EWR,F
8821,US,NJ,EWR,E
7727,US,NJ,EWR,E
7728,US,NJ,EWR,E
7016,US,NJ,EWR,B
8316,US,NJ,PHL,G
8315,US,NJ,PHL,G
8096,US,NJ,PHL,B
7834,US,NJ,EWR,B
7627,US,NJ,EWR,A
8075,US,NJ,PHL,C
8075,US,NJ,PHL,C
8110,US,NJ,PHL,B
8023,US,NJ,PHL,C
8810,US,NJ,EWR,E
8317,US,NJ,PHL,G
7626,US,NJ,EWR,A
7723,US,NJ,EWR,E
8512,US,NJ,PHL,G
8512,US,NJ,EWR,E
7961,US,NJ,EWR,B
7722,US,NJ,EWR,E
7067,US,NJ,EWR,C
8213,US,NJ,PHL,G
8108,US,NJ,PHL,B
7624,US,NJ,EWR,A
8837,US,NJ,EWR,C
7732,US,NJ,EWR,E
8515,US,NJ,PHL,C
7020,US,NJ,EWR,A
8820,US,NJ,EWR,C
8817,US,NJ,EWR,C
7724,US,NJ,EWR,E
8060,US,NJ,PHL,C
7073,US,NJ,EWR,A
7019,US,NJ,EWR,B
7018,US,NJ,EWR,B
7017,US,NJ,EWR,B
7029,US,NJ,EWR,B
7936,US,NJ,EWR,B
7628,US,NJ,EWR,A
8818,US,NJ,EWR,C
7802,US,NJ,EWR,B
7806,US,NJ,EWR,B
7869,US,NJ,EWR,F
7801,US,NJ,EWR,B
8812,US,NJ,EWR,C
8816,US,NJ,EWR,C
87026,US,NM,ABQ,F
87026,US,NM,ABQ,F
87571,US,NM,ABQ,G
87004,US,NM,ABQ,C
87026,US,NM,ABQ,F
87501,US,NM,ABQ,E
87020,US,NM,ABQ,G
87121,US,NM,ABQ,A
87415,US,NM,ABQ,G
87059,US,NM,ABQ,E
87574,US,NM,ABQ,E
88135,US,NM,LBB,D
87402,US,NM,ABQ,G
87401,US,NM,ABQ,G
87552,US,NM,ABQ,G
87540,US,NM,ABQ,G
87016,US,NM,ABQ,G
87540,US,NM,ABQ,G
87042,US,NM,ABQ,D
87010,US,NM,ABQ,E
87801,US,NM,ABQ,F
87015,US,NM,ABQ,E
88230,US,NM,LBB,D
87301,US,NM,ABQ,G
87302,US,NM,ABQ,G
87537,US,NM,ABQ,G
87041,US,NM,ABQ,E
87053,US,NM,ABQ,F
87004,US,NM,ABQ,C
87522,US,NM,ABQ,G
87006,US,NM,ABQ,E
87506,US,NM,ABQ,G
87122,US,NM,ABQ,B
87004,US,NM,ABQ,C
87413,US,NM,ABQ,G
87004,US,NM,ABQ,C
87566,US,NM,ABQ,G
87035,US,NM,ABQ,E
87535,US,NM,ABQ,G
87417,US,NM,ABQ,G
87013,US,NM,ABQ,G
87021,US,NM,ABQ,G
87144,US,NM,ABQ,B
87052,US,NM,ABQ,D
87008,US,NM,ABQ,D
87507,US,NM,ABQ,D
87045,US,NM,ABQ,G
87540,US,NM,ABQ,C
87567,US,NM,ABQ,G
87010,US,NM,ABQ,F
87508,US,NM,ABQ,D
88260,US,NM,ELP,I
88242,US,NM,ELP,I
88244,US,NM,ELP,I
88240,US,NM,ELP,I
87151,US,NM,ABQ,A
87410,US,NM,ABQ,G
88061,US,NM,ELP,G
87503,US,NM,ABQ,D
87505,US,NM,ABQ,D
87506,US,NM,ABQ,D
87509,US,NM,ABQ,D
88008,US,NM,ELP,D
88036,US,NM,ELP,G
87504,US,NM,ABQ,D
88062,US,NM,ELP,G
88063,US,NM,ELP,C
88135,US,NM,AMA,D
88352,US,NM,ELP,F
87131,US,NM,ABQ,A
88072,US,NM,ELP,D
88002,US,NM,ELP,D
87115,US,NM,ABQ,A
88002,US,NM,ELP,D
87194,US,NM,ABQ,A
88101,US,NM,LBB,D
88103,US,NM,LBB,D
87198,US,NM,ABQ,A
87197,US,NM,ABQ,A
87119,US,NM,ABQ,A
87124,US,NM,ABQ,B
87125,US,NM,ABQ,A
87196,US,NM,ABQ,A
88036,US,NM,ELP,G
87544,US,NM,ABQ,F
87102,US,NM,ABQ,A
87533,US,NM,ABQ,F
87195,US,NM,ABQ,A
87190,US,NM,ABQ,A
87545,US,NM,ABQ,F
88033,US,NM,ELP,D
88027,US,NM,ELP,C
87131,US,NM,ABQ,A
87031,US,NM,ABQ,C
87191,US,NM,ABQ,A
87108,US,NM,ABQ,A
88005,US,NM,ELP,D
88220,US,NM,ELP,H
88024,US,NM,ELP,C
87109,US,NM,ABQ,A
87106,US,NM,ABQ,A
87101,US,NM,ABQ,A
88221,US,NM,ELP,H
87106,US,NM,ABQ,A
87117,US,NM,ABQ,A
87120,US,NM,ABQ,A
87107,US,NM,ABQ,A
88330,US,NM,ELP,E
88072,US,NM,ELP,D
88210,US,NM,ELP,H
87122,US,NM,ABQ,A
88024,US,NM,ELP,C
88211,US,NM,ELP,H
87104,US,NM,ABQ,A
87002,US,NM,ABQ,D
87004,US,NM,ABQ,C
87105,US,NM,ABQ,A
87117,US,NM,ABQ,A
87022,US,NM,ABQ,C
87121,US,NM,ABQ,A
88330,US,NM,ELP,E
87002,US,NM,ABQ,A
87110,US,NM,ABQ,A
88240,US,NM,LBB,D
87199,US,NM,ABQ,A
88241,US,NM,LBB,D
87123,US,NM,ABQ,A
88001,US,NM,ELP,D
88101,US,NM,AMA,D
88006,US,NM,ELP,D
88004,US,NM,ELP,D
88003,US,NM,ELP,D
87001,US,NM,ABQ,D
87103,US,NM,ABQ,A
88021,US,NM,ELP,C
88002,US,NM,ELP,D
87111,US,NM,ABQ,A
87502,US,NM,ABQ,D
88047,US,NM,ELP,D
87532,US,NM,ABQ,F
88103,US,NM,LBB,D
87043,US,NM,ABQ,C
87154,US,NM,ABQ,A
87114,US,NM,ABQ,A
88101,US,NM,LBB,D
88342,US,NM,ELP,D
88052,US,NM,ELP,D
88240,US,NM,LBB,D
88046,US,NM,ELP,D
87113,US,NM,ABQ,A
87501,US,NM,ABQ,D
88048,US,NM,ELP,D
87192,US,NM,ABQ,A
87114,US,NM,ABQ,A
87158,US,NM,ABQ,A
88031,US,NM,ELP,F
87174,US,NM,ABQ,A
88030,US,NM,ELP,F
87048,US,NM,ABQ,B
88102,US,NM,LBB,D
87115,US,NM,ABQ,A
87503,US,NM,ABQ,D
88202,US,NM,ELP,H
87185,US,NM,ABQ,A
87501,US,NM,ABQ,D
88044,US,NM,ELP,D
88058,US,NM,ELP,D
88021,US,NM,ELP,C
88260,US,NM,LBB,D
87001,US,NM,ABQ,D
88345,US,NM,ELP,G
87176,US,NM,ABQ,A
87112,US,NM,ABQ,A
88130,US,NM,LBB,D
87116,US,NM,ABQ,A
88310,US,NM,ELP,E
87124,US,NM,ABQ,B
88101,US,NM,AMA,D
87184,US,NM,ABQ,A
87153,US,NM,ABQ,A
87533,US,NM,ABQ,F
88201,US,NM,ELP,H
88311,US,NM,ELP,E
87174,US,NM,ABQ,A
88021,US,NM,ELP,C
88026,US,NM,ELP,D
B3Z,CA,NS,YHZ,D
B2Z,CA,NS,YHZ,D
B3V,CA,NS,YHZ,D
B3V,CA,NS,YHZ,D
B2Z,CA,NS,YHZ,D
B3Z,CA,NS,YHZ,D
B2Z,CA,NS,YHZ,D
B2Y,CA,NS,YHZ,A
B2T 1K2,CA,NS,YHZ,A
B3P,CA,NS,YHZ,B
B3L,CA,NS,YHZ,A
B3Z,CA,NS,YHZ,D
B3T,CA,NS,YHZ,D
B3V,CA,NS,YHZ,D
B4E,CA,NS,YHZ,D
B3H,CA,NS,YHZ,A
B3R,CA,NS,YHZ,B
B3M,CA,NS,YHZ,B
B3K,CA,NS,YHZ,A
B3Z,CA,NS,YHZ,D
B2T,CA,NS,YHZ,D
B2Z,CA,NS,YHZ,D
B3V,CA,NS,YHZ,D
B3E,CA,NS,YHZ,D
B3Z,CA,NS,YHZ,D
B4G,CA,NS,YHZ,D
B4E,CA,NS,YHZ,D
B3T,CA,NS,YHZ,D
B3Z,CA,NS,YHZ,D
B2Z,CA,NS,YHZ,D
B3E,CA,NS,YHZ,D
B3E,CA,NS,YHZ,D
B4G,CA,NS,YHZ,D
B2Z,CA,NS,YHZ,D
B2Z,CA,NS,YHZ,D
B3V,CA,NS,YHZ,D
B3Z,CA,NS,YHZ,D
B3G,CA,NS,YHZ,D
B2Z,CA,NS,YHZ,D
B2T,CA,NS,YHZ,D
B3Z,CA,NS,YHZ,D
B3V,CA,NS,YHZ,D
B3Z,CA,NS,YHZ,D
B3T,CA,NS,YHZ,D
B3T,CA,NS,YHZ,D
B3Z,CA,NS,YHZ,D
B3V,CA,NS,YHZ,D
B3Z,CA,NS,YHZ,D
B3Z,CA,NS,YHZ,D
B3Z,CA,NS,YHZ,D
B3V,CA,NS,YHZ,D
B4E,CA,NS,YHZ,D
B3T,CA,NS,YHZ,D
B3A,CA,NS,YHZ,A
B3R,CA,NS,YHZ,B
B3Z,CA,NS,YHZ,D
B3V,CA,NS,YHZ,D
B3V,CA,NS,YHZ,D
B3V,CA,NS,YHZ,D
B3T,CA,NS,YHZ,D
B2T,CA,NS,YHZ,D
B3Z,CA,NS,YHZ,D
B3V,CA,NS,YHZ,D
B2T,CA,NS,YHZ,D
B2Z,CA,NS,YHZ,D
B3T,CA,NS,YHZ,D
B3T,CA,NS,YHZ,D
B3T,CA,NS,YHZ,D
B2T,CA,NS,YHZ,D
B2V,CA,NS,YHZ,C
B3T,CA,NS,YHZ,D
B3Z,CA,NS,YHZ,D
B3T,CA,NS,YHZ,D
B3E,CA,NS,YHZ,D
B2T,CA,NS,YHZ,D
B3Z,CA,NS,YHZ,D
B2T,CA,NS,YHZ,D
B3Z,CA,NS,YHZ,D
B3Z,CA,NS,YHZ,D
B4B,CA,NS,YHZ,C
B2T,CA,NS,YHZ,D
B2V,CA,NS,YHZ,C
B4C,CA,NS,YHZ,C
B4B,CA,NS,YHZ,C
B4B,CA,NS,YHZ,C
B4C,CA,NS,YHZ,C
B4B,CA,NS,YHZ,C
B3N,CA,NS,YHZ,B
B3S,CA,NS,YHZ,B
B4A,CA,NS,YHZ,C
B2T,CA,NS,YHZ,D
B4G,CA,NS,YHZ,D
B3Z,CA,NS,YHZ,D
B3V,CA,NS,YHZ,D
B3V,CA,NS,YHZ,D
B3Z,CA,NS,YHZ,D
B4E,CA,NS,YHZ,D
B3V,CA,NS,YHZ,D
B3Z,CA,NS,YHZ,D
B3T,CA,NS,YHZ,D
B3V,CA,NS,YHZ,D
B3T,CA,NS,YHZ,D
B3T,CA,NS,YHZ,D
B3G,CA,NS,YHZ,D
89441,US,NV,RNO,A
89449,US,NV,RNO,E
89448,US,NV,RNO,E
89413,US,NV,RNO,E
89118,US,NV,LAS,A
89124,US,NV,LAS,E
89109,US,NV,LAS,A
89123,US,NV,LAS,B
89122,US,NV,LAS,B
89121,US,NV,LAS,A
89120,US,NV,LAS,A
89117,US,NV,LAS,B
89110,US,NV,LAS,B
89114,US,NV,LAS,A
89111,US,NV,LAS,A
89125,US,NV,LAS,A
89112,US,NV,LAS,A
89113,US,NV,LAS,B
89116,US,NV,LAS,A
89115,US,NV,LAS,B
89119,US,NV,LAS,A
89150,US,NV,LAS,A
89142,US,NV,LAS,B
89019,US,NV,LAS,D
89134,US,NV,LAS,B
89108,US,NV,LAS,B
89148,US,NV,LAS,B
89132,US,NV,LAS,B
89128,US,NV,LAS,B
89135,US,NV,LAS,B
89126,US,NV,LAS,A
89141,US,NV,LAS,B
89133,US,NV,LAS,B
89130,US,NV,LAS,B
89129,US,NV,LAS,B
89146,US,NV,LAS,B
89151,US,NV,LAS,A
89127,US,NV,LAS,A
89131,US,NV,LAS,B
89152,US,NV,LAS,A
89009,US,NV,LAS,B
89011,US,NV,LAS,C
89824,US,NV,SLC,I
89410,US,NV,RNO,D
89408,US,NV,RNO,D
89003,US,NV,LAS,D
89014,US,NV,LAS,B
89801,US,NV,SLC,I
89015,US,NV,LAS,B
89570,US,NV,RNO,A
89005,US,NV,LAS,C
89315,US,NV,SLC,I
89403,US,NV,RNO,D
89402,US,NV,RNO,D
89822,US,NV,SLC,I
89701,US,NV,RNO,C
89301,US,NV,SLC,I
89119,US,NV,LAS,A
89106,US,NV,LAS,B
89104,US,NV,LAS,A
89103,US,NV,LAS,B
89102,US,NV,LAS,A
89101,US,NV,LAS,A
88905,US,NV,LAS,B
89012,US,NV,LAS,B
88901,US,NV,LAS,B
89107,US,NV,LAS,B
89801,US,NV,SLC,I
89026,US,NV,LAS,D
89019,US,NV,LAS,D
89191,US,NV,LAS,D
89450,US,NV,RNO,D
89074,US,NV,LAS,B
89016,US,NV,LAS,B
89311,US,NV,SLC,I
89319,US,NV,SLC,I
89504,US,NV,RNO,A
89505,US,NV,RNO,A
89506,US,NV,RNO,B
89507,US,NV,RNO,A
89509,US,NV,RNO,B
89510,US,NV,RNO,A
89511,US,NV,RNO,B
89153,US,NV,LAS,A
89513,US,NV,RNO,A
89523,US,NV,RNO,A
89520,US,NV,RNO,A
89557,US,NV,RNO,A
89503,US,NV,RNO,A
89599,US,NV,RNO,A
89512,US,NV,RNO,B
89019,US,NV,LAS,D
89431,US,NV,RNO,A
89432,US,NV,RNO,A
89434,US,NV,RNO,A
89436,US,NV,RNO,A
89433,US,NV,RNO,A
88901,US,NV,LAS,B
88905,US,NV,LAS,B
89163,US,NV,LAS,B
89439,US,NV,RNO,B
89440,US,NV,RNO,D
89442,US,NV,RNO,D
89835,US,NV,SLC,H
89595,US,NV,RNO,A
89185,US,NV,LAS,A
89154,US,NV,LAS,A
89155,US,NV,LAS,A
89160,US,NV,LAS,A
89163,US,NV,LAS,B
89164,US,NV,LAS,B
89170,US,NV,LAS,A
89515,US,NV,RNO,A
89180,US,NV,LAS,A
89502,US,NV,RNO,A
89191,US,NV,LAS,D
89193,US,NV,LAS,A
89195,US,NV,LAS,A
89199,US,NV,LAS,A
89029,US,NV,LAS,D
89835,US,NV,SLC,H
89177,US,NV,LAS,A
89801,US,NV,SLC,I
89502,US,NV,RNO,A
89048,US,NV,LAS,F
89501,US,NV,RNO,A
89032,US,NV,LAS,B
89031,US,NV,LAS,B
89030,US,NV,LAS,B
89318,US,NV,SLC,I
89030,US,NV,LAS,B
89423,US,NV,RNO,D
89191,US,NV,LAS,D
89133,US,NV,LAS,B
89060,US,NV,LAS,J
89041,US,NV,LAS,J
89070,US,NV,LAS,I
89002,US,NV,LAS,B
89149,US,NV,LAS,A
89156,US,NV,LAS,A
89067,US,NV,LAS,I
89161,US,NV,LAS,A
89165,US,NV,LAS,A
89166,US,NV,LAS,A
89169,US,NV,LAS,A
89178,US,NV,LAS,A
89147,US,NV,LAS,A
89183,US,NV,LAS,A
89159,US,NV,LAS,A
89087,US,NV,LAS,B
89086,US,NV,LAS,B
89085,US,NV,LAS,B
89084,US,NV,LAS,B
89081,US,NV,LAS,B
89033,US,NV,LAS,B
89052,US,NV,LAS,B
89044,US,NV,LAS,B
89179,US,NV,LAS,A
89037,US,NV,LAS,I
89054,US,NV,LAS,A
89044,US,NV,LAS,A
89018,US,NV,LAS,I
89021,US,NV,LAS,I
89139,US,NV,LAS,A
89040,US,NV,LAS,I
89143,US,NV,LAS,A
89061,US,NV,LAS,I
89144,US,NV,LAS,A
89145,US,NV,LAS,A
89138,US,NV,LAS,A
89496,US,NV,RNO,E
89436,US,NV,RNO,E
89419,US,NV,RNO,G
89406,US,NV,RNO,E
89407,US,NV,RNO,E
89449,US,NV,RNO,E
12205,US,NY,ALB,A
12983,US,NY,ALB,G
12414,US,NY,ALB,E
13901,US,NY,BGM,A
12455,US,NY,ALB,G
13783,US,NY,BGM,F
12953,US,NY,ALB,G
12122,US,NY,ALB,E
13459,US,NY,ALB,F
12404,US,NY,ALB,F
14837,US,NY,BGM,F
12526,US,NY,ALB,E
12043,US,NY,ALB,E
12839,US,NY,ALB,D
13803,US,NY,BGM,C
12402,US,NY,ALB,E
14812,US,NY,BGM,E
12986,US,NY,ALB,G
14850,US,NY,BGM,C
13365,US,NY,ALB,E
13365,US,NY,ALB,E
12992,US,NY,ALB,F
12910,US,NY,ALB,G
13795,US,NY,BGM,C
12534,US,NY,ALB,E
12928,US,NY,ALB,G
13862,US,NY,BGM,C
13326,US,NY,ALB,F
12484,US,NY,ALB,E
14856,US,NY,BGM,F
12182,US,NY,ALB,B
12065,US,NY,ALB,C
12972,US,NY,ALB,F
13736,US,NY,BGM,C
14809,US,NY,BGM,F
12440,US,NY,ALB,F
12571,US,NY,ALB,E
13739,US,NY,ALB,G
13452,US,NY,ALB,E
12878,US,NY,ALB,F
13796,US,NY,BGM,F
12935,US,NY,ALB,G
14850,US,NY,BGM,C
12583,US,NY,ALB,E
14812,US,NY,BGM,E
13848,US,NY,BGM,C
14861,US,NY,BGM,D
14819,US,NY,BGM,F
12809,US,NY,ALB,E
12054,US,NY,ALB,B
13901,US,NY,BGM,A
13365,US,NY,ALB,E
12110,US,NY,ALB,A
12173,US,NY,ALB,E
12159,US,NY,ALB,C
12946,US,NY,ALB,G
12125,US,NY,ALB,D
13746,US,NY,BGM,B
13802,US,NY,BGM,C
13856,US,NY,BGM,F
12156,US,NY,ALB,C
12969,US,NY,ALB,H
13809,US,NY,BGM,F
12546,US,NY,ALB,F
12457,US,NY,ALB,F
12866,US,NY,ALB,C
12986,US,NY,ALB,H
14830,US,NY,BGM,E
12074,US,NY,ALB,D
13820,US,NY,BGM,F
12186,US,NY,ALB,C
12138,US,NY,ALB,D
13329,US,NY,ALB,E
12848,US,NY,ALB,E
13337,US,NY,ALB,F
12066,US,NY,ALB,D
12871,US,NY,ALB,E
13856,US,NY,BGM,F
12085,US,NY,ALB,C
12095,US,NY,ALB,D
12168,US,NY,ALB,D
14883,US,NY,BGM,D
13754,US,NY,BGM,D
12834,US,NY,ALB,E
13844,US,NY,BGM,D
12986,US,NY,ALB,G
13814,US,NY,BGM,E
13750,US,NY,ALB,G
14843,US,NY,BGM,F
12529,US,NY,ALB,E
12832,US,NY,ALB,E
12093,US,NY,ALB,G
12834,US,NY,ALB,E
12833,US,NY,ALB,C
12198,US,NY,ALB,B
12090,US,NY,ALB,D
12074,US,NY,ALB,D
12815,US,NY,ALB,F
13124,US,NY,BGM,D
12076,US,NY,ALB,G
12828,US,NY,ALB,D
13317,US,NY,ALB,E
12137,US,NY,ALB,C
12401,US,NY,ALB,E
12406,US,NY,ALB,G
13808,US,NY,BGM,F
13804,US,NY,BGM,F
12076,US,NY,ALB,G
12020,US,NY,ALB,C
12020,US,NY,ALB,C
12453,US,NY,ALB,E
13804,US,NY,BGM,F
12504,US,NY,ALB,E
13754,US,NY,BGM,D
12166,US,NY,ALB,E
12846,US,NY,ALB,E
12064,US,NY,ALB,F
13812,US,NY,BGM,C
13783,US,NY,BGM,F
12760,US,NY,BGM,F
12401,US,NY,ALB,E
14818,US,NY,BGM,E
12857,US,NY,ALB,G
12122,US,NY,ALB,E
12201,US,NY,ALB,A
12526,US,NY,ALB,E
12453,US,NY,ALB,E
13803,US,NY,BGM,C
14812,US,NY,BGM,E
12981,US,NY,ALB,G
13339,US,NY,ALB,E
12010,US,NY,ALB,C
12020,US,NY,ALB,C
13835,US,NY,BGM,C
12010,US,NY,ALB,C
13807,US,NY,ALB,G
12572,US,NY,ALB,E
13326,US,NY,ALB,F
13326,US,NY,ALB,F
12521,US,NY,ALB,E
12404,US,NY,ALB,F
12414,US,NY,ALB,E
13839,US,NY,BGM,F
13806,US,NY,BGM,F
12204,US,NY,ALB,A
12042,US,NY,ALB,E
12078,US,NY,ALB,D
12009,US,NY,ALB,C
12970,US,NY,ALB,H
12203,US,NY,ALB,A
13428,US,NY,ALB,E
13101,US,NY,BGM,D
13801,US,NY,BGM,F
12970,US,NY,ALB,H
12122,US,NY,ALB,E
13749,US,NY,BGM,D
13745,US,NY,BGM,B
13903,US,NY,BGM,B
12835,US,NY,ALB,E
12916,US,NY,ALB,H
12469,US,NY,ALB,F
12076,US,NY,ALB,G
13755,US,NY,BGM,F
12212,US,NY,ALB,A
12986,US,NY,ALB,G
13778,US,NY,BGM,E
13733,US,NY,BGM,F
12117,US,NY,ALB,D
12010,US,NY,ALB,C
12936,US,NY,ALB,F
12919,US,NY,ALB,F
12901,US,NY,ALB,F
12847,US,NY,ALB,G
12883,US,NY,ALB,F
12521,US,NY,ALB,E
13040,US,NY,BGM,F
12834,US,NY,ALB,E
12986,US,NY,ALB,G
12526,US,NY,ALB,E
12928,US,NY,ALB,G
12901,US,NY,ALB,F
12924,US,NY,ALB,F
12571,US,NY,ALB,E
13856,US,NY,BGM,F
12461,US,NY,ALB,F
12546,US,NY,ALB,F
12981,US,NY,ALB,G
12901,US,NY,ALB,F
13331,US,NY,ALB,H
12401,US,NY,ALB,E
12020,US,NY,ALB,C
12912,US,NY,ALB,G
12078,US,NY,ALB,D
12411,US,NY,ALB,E
12870,US,NY,ALB,F
13813,US,NY,BGM,C
12824,US,NY,ALB,E
14801,US,NY,BGM,F
12546,US,NY,ALB,F
12936,US,NY,ALB,F
13740,US,NY,BGM,F
12966,US,NY,ALB,G
12477,US,NY,ALB,E
12996,US,NY,ALB,G
14825,US,NY,BGM,D
12901,US,NY,ALB,F
14821,US,NY,BGM,E
13865,US,NY,BGM,C
14850,US,NY,BGM,C
12835,US,NY,ALB,E
12567,US,NY,ALB,F
12197,US,NY,ALB,G
12043,US,NY,ALB,F
12847,US,NY,ALB,G
12144,US,NY,ALB,A
13752,US,NY,BGM,F
12986,US,NY,ALB,G
12930,US,NY,ALB,H
12188,US,NY,ALB,B
13124,US,NY,BGM,D
14818,US,NY,BGM,E
12526,US,NY,ALB,E
12496,US,NY,ALB,E
14817,US,NY,BGM,D
12076,US,NY,ALB,G
13697,US,NY,ALB,H
13830,US,NY,BGM,D
14823,US,NY,BGM,F
12134,US,NY,ALB,G
13756,US,NY,BGM,F
12066,US,NY,ALB,D
12480,US,NY,ALB,F
12028,US,NY,ALB,E
12723,US,NY,BGM,F
12724,US,NY,BGM,F
13317,US,NY,ALB,E
13787,US,NY,BGM,C
13754,US,NY,BGM,D
13832,US,NY,BGM,D
14812,US,NY,BGM,E
12158,US,NY,ALB,C
12901,US,NY,ALB,F
12494,US,NY,ALB,F
12865,US,NY,ALB,E
13743,US,NY,BGM,F
12920,US,NY,ALB,G
12170,US,NY,ALB,D
12134,US,NY,ALB,G
14823,US,NY,BGM,F
14818,US,NY,BGM,E
13733,US,NY,BGM,F
13856,US,NY,BGM,F
12166,US,NY,ALB,E
12180,US,NY,ALB,A
12816,US,NY,ALB,E
12834,US,NY,ALB,E
13797,US,NY,BGM,C
13787,US,NY,BGM,C
13760,US,NY,BGM,B
14812,US,NY,BGM,E
14805,US,NY,BGM,E
12116,US,NY,ALB,G
12953,US,NY,ALB,G
12920,US,NY,ALB,G
12184,US,NY,ALB,E
12935,US,NY,ALB,G
12921,US,NY,ALB,F
12035,US,NY,ALB,E
12033,US,NY,ALB,C
13613,US,NY,ALB,H
13754,US,NY,BGM,D
12031,US,NY,ALB,E
12035,US,NY,ALB,E
12303,US,NY,ALB,A
12032,US,NY,ALB,F
12022,US,NY,ALB,C
14817,US,NY,BGM,D
12158,US,NY,ALB,C
12033,US,NY,ALB,C
13827,US,NY,BGM,C
14812,US,NY,BGM,E
14830,US,NY,BGM,E
14850,US,NY,BGM,C
12032,US,NY,ALB,F
14817,US,NY,BGM,D
12042,US,NY,ALB,E
13339,US,NY,ALB,E
12302,US,NY,ALB,B
12305,US,NY,ALB,B
12325,US,NY,ALB,B
13045,US,NY,BGM,C
12534,US,NY,ALB,E
13754,US,NY,BGM,D
14892,US,NY,BGM,D
12836,US,NY,ALB,F
12529,US,NY,ALB,E
12534,US,NY,ALB,E
12833,US,NY,ALB,C
12833,US,NY,ALB,C
12083,US,NY,ALB,E
12871,US,NY,ALB,E
14830,US,NY,BGM,E
14815,US,NY,BGM,F
12973,US,NY,ALB,H
13814,US,NY,BGM,E
12095,US,NY,ALB,D
12451,US,NY,ALB,E
12801,US,NY,ALB,D
13040,US,NY,BGM,F
13780,US,NY,BGM,F
13776,US,NY,BGM,F
12018,US,NY,ALB,C
12072,US,NY,ALB,D
13901,US,NY,BGM,A
12801,US,NY,ALB,D
12861,US,NY,ALB,G
13040,US,NY,BGM,F
12108,US,NY,ALB,H
12912,US,NY,ALB,G
13856,US,NY,BGM,F
13903,US,NY,BGM,B
12180,US,NY,ALB,A
12865,US,NY,ALB,E
12083,US,NY,ALB,E
14859,US,NY,BGM,D
12878,US,NY,ALB,F
12477,US,NY,ALB,E
12062,US,NY,ALB,D
12305,US,NY,ALB,B
12922,US,NY,ALB,H
13843,US,NY,BGM,F
13760,US,NY,BGM,B
14801,US,NY,BGM,F
14883,US,NY,BGM,D
13783,US,NY,BGM,F
13780,US,NY,BGM,F
13865,US,NY,BGM,C
12074,US,NY,ALB,D
13783,US,NY,BGM,F
12188,US,NY,ALB,B
13756,US,NY,BGM,F
13339,US,NY,ALB,E
12801,US,NY,ALB,D
12741,US,NY,BGM,F
13835,US,NY,BGM,C
12972,US,NY,ALB,F
12075,US,NY,ALB,E
12983,US,NY,ALB,G
13755,US,NY,BGM,F
12065,US,NY,ALB,C
13839,US,NY,BGM,F
12009,US,NY,ALB,C
12930,US,NY,ALB,H
14901,US,NY,BGM,D
12850,US,NY,ALB,D
12865,US,NY,ALB,E
14830,US,NY,BGM,E
12401,US,NY,ALB,E
12157,US,NY,ALB,E
13758,US,NY,BGM,D
12018,US,NY,ALB,C
12873,US,NY,ALB,E
13775,US,NY,BGM,F
14892,US,NY,BGM,D
13865,US,NY,BGM,C
13733,US,NY,BGM,F
12009,US,NY,ALB,C
13613,US,NY,ALB,H
12122,US,NY,ALB,E
12887,US,NY,ALB,F
12953,US,NY,ALB,G
12953,US,NY,ALB,H
13365,US,NY,ALB,E
12018,US,NY,ALB,C
12834,US,NY,ALB,E
12455,US,NY,BGM,F
12047,US,NY,ALB,B
12180,US,NY,ALB,A
12901,US,NY,ALB,F
13736,US,NY,BGM,C
14870,US,NY,BGM,E
12018,US,NY,ALB,C
13827,US,NY,BGM,C
12155,US,NY,ALB,G
12166,US,NY,ALB,E
12029,US,NY,ALB,E
13827,US,NY,BGM,C
12935,US,NY,ALB,G
12020,US,NY,ALB,C
12883,US,NY,ALB,F
12986,US,NY,ALB,G
13775,US,NY,BGM,F
12122,US,NY,ALB,E
13753,US,NY,BGM,F
14801,US,NY,BGM,F
13803,US,NY,BGM,C
12845,US,NY,ALB,E
12828,US,NY,ALB,D
13452,US,NY,ALB,E
12134,US,NY,ALB,G
12450,US,NY,ALB,F
13865,US,NY,BGM,C
12155,US,NY,ALB,G
14925,US,NY,BGM,D
12065,US,NY,ALB,C
14830,US,NY,BGM,E
12175,US,NY,ALB,G
12477,US,NY,ALB,E
14850,US,NY,BGM,C
14850,US,NY,BGM,C
13339,US,NY,ALB,E
14870,US,NY,BGM,E
12836,US,NY,ALB,F
12154,US,NY,ALB,D
12054,US,NY,ALB,B
12854,US,NY,ALB,F
14840,US,NY,BGM,F
12571,US,NY,ALB,E
13862,US,NY,BGM,C
12912,US,NY,ALB,G
14867,US,NY,BGM,E
12054,US,NY,ALB,B
13760,US,NY,BGM,B
13760,US,NY,BGM,B
12964,US,NY,ALB,F
14865,US,NY,BGM,E
14891,US,NY,BGM,E
14864,US,NY,BGM,F
12972,US,NY,ALB,F
12983,US,NY,ALB,G
14904,US,NY,BGM,D
12926,US,NY,ALB,H
12824,US,NY,ALB,E
12834,US,NY,ALB,E
14903,US,NY,BGM,D
14903,US,NY,BGM,D
14901,US,NY,BGM,D
14891,US,NY,BGM,E
13778,US,NY,BGM,E
14871,US,NY,BGM,D
13830,US,NY,BGM,D
12477,US,NY,ALB,E
14902,US,NY,BGM,D
13077,US,NY,BGM,C
14830,US,NY,BGM,E
14871,US,NY,BGM,D
14881,US,NY,BGM,C
14879,US,NY,BGM,F
13695,US,NY,ALB,H
14872,US,NY,BGM,D
12090,US,NY,ALB,D
14809,US,NY,BGM,F
14827,US,NY,BGM,E
12151,US,NY,ALB,C
13045,US,NY,BGM,C
12025,US,NY,ALB,D
13850,US,NY,BGM,B
12110,US,NY,ALB,A
12421,US,NY,ALB,G
14883,US,NY,BGM,D
14850,US,NY,BGM,D
14870,US,NY,BGM,E
12143,US,NY,ALB,C
14889,US,NY,BGM,F
13813,US,NY,BGM,C
14869,US,NY,BGM,F
14859,US,NY,BGM,D
12148,US,NY,ALB,C
14801,US,NY,BGM,F
14845,US,NY,BGM,D
14810,US,NY,BGM,F
13339,US,NY,ALB,E
14802,US,NY,BGM,F
14803,US,NY,BGM,F
13783,US,NY,BGM,F
12534,US,NY,ALB,E
13754,US,NY,BGM,D
14814,US,NY,BGM,E
12168,US,NY,ALB,D
13846,US,NY,BGM,F
14816,US,NY,BGM,D
14861,US,NY,BGM,D
14819,US,NY,BGM,F
13339,US,NY,ALB,E
14837,US,NY,BGM,F
12952,US,NY,ALB,H
12741,US,NY,BGM,F
12492,US,NY,ALB,F
13317,US,NY,ALB,E
13468,US,NY,ALB,F
13736,US,NY,BGM,C
13077,US,NY,BGM,C
13845,US,NY,BGM,C
14843,US,NY,BGM,F
12776,US,NY,BGM,F
12185,US,NY,ALB,E
13326,US,NY,ALB,F
14892,US,NY,BGM,D
14840,US,NY,BGM,F
14821,US,NY,BGM,E
12885,US,NY,ALB,E
12009,US,NY,ALB,C
14838,US,NY,BGM,D
12484,US,NY,ALB,E
12885,US,NY,ALB,E
12917,US,NY,ALB,G
12401,US,NY,ALB,E
14843,US,NY,BGM,F
13827,US,NY,BGM,C
13040,US,NY,BGM,F
12879,US,NY,ALB,G
12502,US,NY,ALB,E
12153,US,NY,ALB,C
14837,US,NY,BGM,F
12985,US,NY,ALB,G
14889,US,NY,BGM,F
14858,US,NY,BGM,E
14850,US,NY,BGM,C
14845,US,NY,BGM,D
14891,US,NY,BGM,E
13803,US,NY,BGM,C
13815,US,NY,BGM,E
13778,US,NY,BGM,E
13774,US,NY,BGM,F
13777,US,NY,BGM,C
13803,US,NY,BGM,C
13802,US,NY,BGM,C
13812,US,NY,BGM,C
12498,US,NY,ALB,E
13820,US,NY,BGM,F
13849,US,NY,BGM,F
12068,US,NY,ALB,D
12946,US,NY,ALB,G
12464,US,NY,ALB,F
13783,US,NY,BGM,F
12910,US,NY,ALB,G
12953,US,NY,ALB,H
13811,US,NY,BGM,C
12409,US,NY,ALB,E
12866,US,NY,ALB,C
12996,US,NY,ALB,G
13850,US,NY,BGM,B
13808,US,NY,BGM,F
13778,US,NY,BGM,E
13813,US,NY,BGM,C
12170,US,NY,ALB,D
12861,US,NY,ALB,G
13784,US,NY,BGM,C
13856,US,NY,BGM,F
13849,US,NY,BGM,F
13848,US,NY,BGM,C
13826,US,NY,BGM,C
13833,US,NY,BGM,B
13840,US,NY,BGM,C
13838,US,NY,BGM,F
13835,US,NY,BGM,C
13833,US,NY,BGM,B
13865,US,NY,BGM,C
14905,US,NY,BGM,D
13782,US,NY,BGM,F
13862,US,NY,BGM,C
13754,US,NY,BGM,D
13787,US,NY,BGM,C
13783,US,NY,BGM,F
13753,US,NY,BGM,F
13753,US,NY,BGM,F
13797,US,NY,BGM,C
13744,US,NY,BGM,B
13746,US,NY,BGM,B
13794,US,NY,BGM,C
13756,US,NY,BGM,F
13755,US,NY,BGM,F
13843,US,NY,BGM,F
13863,US,NY,BGM,C
14819,US,NY,BGM,F
14824,US,NY,BGM,F
12010,US,NY,ALB,C
14823,US,NY,BGM,F
12801,US,NY,ALB,D
14821,US,NY,BGM,E
12010,US,NY,ALB,C
12194,US,NY,ALB,F
12827,US,NY,ALB,E
12926,US,NY,ALB,H
12076,US,NY,ALB,G
12401,US,NY,ALB,E
14830,US,NY,BGM,E
12028,US,NY,ALB,E
13056,US,NY,BGM,C
12023,US,NY,ALB,D
12992,US,NY,ALB,F
12015,US,NY,ALB,E
13053,US,NY,BGM,C
12201,US,NY,ALB,A
13040,US,NY,BGM,C
13811,US,NY,BGM,C
13045,US,NY,BGM,C
14894,US,NY,BGM,D
13859,US,NY,BGM,F
14820,US,NY,BGM,F
12169,US,NY,ALB,E
14817,US,NY,BGM,D
13733,US,NY,BGM,F
12926,US,NY,ALB,H
12155,US,NY,ALB,G
13731,US,NY,BGM,F
14837,US,NY,BGM,F
12055,US,NY,ALB,D
13865,US,NY,BGM,C
12188,US,NY,ALB,B
13734,US,NY,BGM,D
12009,US,NY,ALB,C
12832,US,NY,ALB,E
13736,US,NY,BGM,C
12865,US,NY,ALB,E
12477,US,NY,ALB,E
12149,US,NY,ALB,F
13738,US,NY,BGM,C
12962,US,NY,ALB,F
12010,US,NY,ALB,C
14825,US,NY,BGM,D
13861,US,NY,BGM,F
13811,US,NY,BGM,C
12020,US,NY,ALB,C
13796,US,NY,BGM,F
12197,US,NY,ALB,G
12502,US,NY,ALB,E
13365,US,NY,ALB,E
12983,US,NY,ALB,H
12980,US,NY,ALB,H
13830,US,NY,BGM,D
13754,US,NY,BGM,D
12461,US,NY,ALB,F
12068,US,NY,ALB,D
12134,US,NY,ALB,G
12901,US,NY,ALB,F
12033,US,NY,ALB,C
12075,US,NY,ALB,E
12910,US,NY,ALB,G
12865,US,NY,ALB,E
12083,US,NY,ALB,D
12861,US,NY,ALB,G
12567,US,NY,ALB,F
13320,US,NY,ALB,F
12406,US,NY,ALB,G
13839,US,NY,BGM,F
12469,US,NY,ALB,F
14871,US,NY,BGM,D
13459,US,NY,ALB,F
14818,US,NY,BGM,E
13459,US,NY,ALB,F
12866,US,NY,ALB,C
14871,US,NY,BGM,D
12325,US,NY,ALB,A
14858,US,NY,BGM,E
13077,US,NY,BGM,C
12010,US,NY,ALB,C
12992,US,NY,ALB,F
12572,US,NY,ALB,E
12855,US,NY,ALB,F
12874,US,NY,ALB,F
12043,US,NY,ALB,F
12862,US,NY,ALB,F
13843,US,NY,BGM,F
13856,US,NY,BGM,F
12776,US,NY,BGM,F
12060,US,NY,ALB,E
13809,US,NY,BGM,F
13754,US,NY,BGM,D
12871,US,NY,ALB,E
12981,US,NY,ALB,G
12996,US,NY,ALB,G
14830,US,NY,BGM,E
13795,US,NY,BGM,C
14820,US,NY,BGM,F
12186,US,NY,ALB,C
12966,US,NY,ALB,G
14840,US,NY,BGM,F
12571,US,NY,ALB,E
12180,US,NY,ALB,A
12847,US,NY,ALB,G
12305,US,NY,ALB,B
12477,US,NY,ALB,E
5764,US,NY,ALB,G
12166,US,NY,ALB,E
13650,US,NY,ALB,G
12468,US,NY,ALB,F
14801,US,NY,BGM,F
12095,US,NY,ALB,D
12303,US,NY,ALB,A
12306,US,NY,ALB,A
12303,US,NY,ALB,A
12776,US,NY,BGM,F
14876,US,NY,BGM,E
12401,US,NY,ALB,E
12567,US,NY,ALB,F
12166,US,NY,ALB,E
13365,US,NY,ALB,E
13045,US,NY,BGM,C
12033,US,NY,ALB,C
12094,US,NY,ALB,D
12405,US,NY,ALB,E
13339,US,NY,ALB,E
14825,US,NY,BGM,D
13136,US,NY,BGM,F
12966,US,NY,ALB,G
13830,US,NY,BGM,D
13746,US,NY,BGM,B
12822,US,NY,ALB,E
13326,US,NY,ALB,F
13758,US,NY,BGM,D
12167,US,NY,ALB,G
12901,US,NY,ALB,F
12870,US,NY,ALB,F
12303,US,NY,ALB,A
14840,US,NY,BGM,F
13756,US,NY,BGM,F
12985,US,NY,ALB,G
12838,US,NY,ALB,E
13844,US,NY,BGM,D
12815,US,NY,ALB,F
12776,US,NY,BGM,F
12919,US,NY,ALB,F
12801,US,NY,ALB,D
13843,US,NY,BGM,F
12010,US,NY,ALB,C
12822,US,NY,ALB,E
12760,US,NY,BGM,F
13834,US,NY,ALB,G
13838,US,NY,BGM,F
12901,US,NY,ALB,F
13901,US,NY,BGM,A
13040,US,NY,BGM,C
12853,US,NY,ALB,G
13832,US,NY,BGM,D
12944,US,NY,ALB,F
14879,US,NY,BGM,F
12305,US,NY,ALB,B
13841,US,NY,BGM,F
12827,US,NY,ALB,E
12883,US,NY,ALB,F
14812,US,NY,BGM,E
12090,US,NY,ALB,D
12180,US,NY,ALB,A
12809,US,NY,ALB,E
12028,US,NY,ALB,E
13320,US,NY,ALB,F
13825,US,NY,BGM,F
14892,US,NY,BGM,D
12957,US,NY,ALB,H
12023,US,NY,ALB,D
14823,US,NY,BGM,F
13732,US,NY,BGM,C
13320,US,NY,ALB,F
12953,US,NY,ALB,G
12010,US,NY,ALB,C
13825,US,NY,BGM,F
12886,US,NY,BTV,O
13672,US,NY,BTV,O
12917,US,NY,BTV,O
13625,US,NY,BTV,O
13630,US,NY,BTV,O
12926,US,NY,BTV,O
13680,US,NY,BTV,O
13617,US,NY,BTV,O
12860,US,NY,BTV,O
12874,US,NY,BTV,O
12832,US,NY,BTV,O
12828,US,NY,BTV,O
12804,US,NY,BTV,O
12804,US,NY,BTV,O
12803,US,NY,BTV,O
12803,US,NY,BTV,O
12801,US,NY,BTV,O
12801,US,NY,BTV,O
12837,US,NY,BTV,O
12986,US,NY,BTV,O
12986,US,NY,BTV,O
13694,US,NY,BTV,O
12803,US,NY,BTV,O
12935,US,NY,BTV,M
12964,US,NY,BTV,L
12993,US,NY,BTV,L
12978,US,NY,BTV,L
12981,US,NY,BTV,L
12932,US,NY,BTV,L
12936,US,NY,BTV,L
12985,US,NY,BTV,M
12985,US,NY,BTV,M
12821,US,NY,BTV,M
12827,US,NY,BTV,M
12836,US,NY,BTV,M
12974,US,NY,BTV,M
12935,US,NY,BTV,M
12936,US,NY,BTV,L
12934,US,NY,BTV,M
12934,US,NY,BTV,M
12928,US,NY,BTV,M
12923,US,NY,BTV,M
12956,US,NY,BTV,M
12943,US,NY,BTV,M
12943,US,NY,BTV,M
12960,US,NY,BTV,M
12961,US,NY,BTV,M
12997,US,NY,BTV,M
12997,US,NY,BTV,M
12854,US,NY,BTV,O
12819,US,NY,BTV,M
12944,US,NY,BTV,J
12901,US,NY,BTV,H
12903,US,NY,BTV,H
12910,US,NY,BTV,I
12992,US,NY,BTV,I
12979,US,NY,BTV,I
12962,US,NY,BTV,I
12918,US,NY,BTV,I
12919,US,NY,BTV,I
12921,US,NY,BTV,I
12924,US,NY,BTV,J
12912,US,NY,BTV,J
12987,US,NY,BTV,J
12959,US,NY,BTV,L
12972,US,NY,BTV,J
12958,US,NY,BTV,L
12941,US,NY,BTV,J
12911,US,NY,BTV,J
12911,US,NY,BTV,J
12912,US,NY,BTV,J
12911,US,NY,BTV,J
12996,US,NY,BTV,K
12950,US,NY,BTV,K
12980,US,NY,BTV,K
12980,US,NY,BTV,K
12942,US,NY,BTV,K
12993,US,NY,BTV,L
12946,US,NY,BTV,M
12924,US,NY,BTV,J
12914,US,NY,BTV,O
12966,US,NY,BTV,O
12966,US,NY,BTV,O
12857,US,NY,BTV,O
12945,US,NY,BTV,O
12945,US,NY,BTV,O
12945,US,NY,BTV,O
12953,US,NY,BTV,O
12955,US,NY,BTV,O
12955,US,NY,BTV,O
12957,US,NY,BTV,O
12998,US,NY,BTV,O
12997,US,NY,BTV,M
12887,US,NY,BTV,O
12970,US,NY,BTV,O
13669,US,NY,BTV,O
13662,US,NY,BTV,O
13660,US,NY,BTV,O
13658,US,NY,BTV,O
13655,US,NY,BTV,O
12916,US,NY,BTV,O
13655,US,NY,BTV,O
13654,US,NY,BTV,O
13630,US,NY,BTV,O
12854,US,NY,BTV,O
13613,US,NY,BTV,O
13676,US,NY,BTV,O
12937,US,NY,BTV,O
12814,US,NY,BTV,N
12861,US,NY,BTV,M
12913,US,NY,BTV,M
12883,US,NY,BTV,M
12861,US,NY,BTV,M
12989,US,NY,BTV,N
12989,US,NY,BTV,N
12989,US,NY,BTV,N
12845,US,NY,BTV,N
12855,US,NY,BTV,N
12983,US,NY,BTV,N
12870,US,NY,BTV,N
12858,US,NY,BTV,N
12966,US,NY,BTV,O
12814,US,NY,BTV,N
12937,US,NY,BTV,O
12815,US,NY,BTV,N
12817,US,NY,BTV,N
12824,US,NY,BTV,N
12969,US,NY,BTV,N
12858,US,NY,BTV,N
12920,US,NY,BTV,N
12852,US,NY,BTV,O
12849,US,NY,BTV,O
12849,US,NY,BTV,O
12839,US,NY,BTV,O
12838,US,NY,BTV,O
13680,US,NY,BTV,O
12808,US,NY,BTV,N
13621,US,NY,BTV,O
12789,US,NY,JFK,Y
10577,US,NY,EWR,Y
12789,US,NY,LGA,Y
10578,US,NY,EWR,Y
10579,US,NY,EWR,Y
11959,US,NY,JFK,Y
11959,US,NY,LGA,Y
12571,US,NY,EWR,Y
12571,US,NY,LGA,Y
12570,US,NY,JFK,Y
12144,US,NY,EWR,Y
12572,US,NY,EWR,Y
12572,US,NY,JFK,Y
12572,US,NY,LGA,Y
13835,US,NY,JFK,Y
12471,US,NY,EWR,Y
12471,US,NY,JFK,Y
12471,US,NY,LGA,Y
12571,US,NY,JFK,Y
12771,US,NY,LGA,Y
10970,US,NY,JFK,Y
10970,US,NY,LGA,Y
10573,US,NY,EWR,Y
13833,US,NY,JFK,Y
12466,US,NY,EWR,Y
12466,US,NY,JFK,Y
12466,US,NY,LGA,Y
10576,US,NY,EWR,Y
12771,US,NY,JFK,Y
12570,US,NY,LGA,Y
12785,US,NY,EWR,Y
12785,US,NY,JFK,Y
12785,US,NY,LGA,Y
12601,US,NY,EWR,Y
12602,US,NY,EWR,Y
12603,US,NY,EWR,Y
12570,US,NY,EWR,Y
12575,US,NY,EWR,Y
12771,US,NY,EWR,Y
10940,US,NY,JFK,Y
11901,US,NY,JFK,Y
12477,US,NY,JFK,Y
12477,US,NY,LGA,Y
10510,US,NY,EWR,Y
12301,US,NY,EWR,Y
12302,US,NY,EWR,Y
12303,US,NY,EWR,Y
12304,US,NY,EWR,Y
13833,US,NY,JFK,Y
10940,US,NY,EWR,Y
12578,US,NY,LGA,Y
10940,US,NY,LGA,Y
12302,US,NY,EWR,Y
12409,US,NY,EWR,Y
12409,US,NY,JFK,Y
12409,US,NY,LGA,Y
11964,US,NY,JFK,Y
11964,US,NY,LGA,Y
11965,US,NY,JFK,Y
12309,US,NY,EWR,Y
11962,US,NY,LGA,Y
12569,US,NY,LGA,Y
12575,US,NY,JFK,Y
12575,US,NY,LGA,Y
12472,US,NY,EWR,Y
12472,US,NY,JFK,Y
12472,US,NY,LGA,Y
10573,US,NY,EWR,Y
11963,US,NY,JFK,Y
12477,US,NY,EWR,Y
11962,US,NY,JFK,Y
11901,US,NY,LGA,Y
12401,US,NY,EWR,Y
12401,US,NY,JFK,Y
12401,US,NY,LGA,Y
12577,US,NY,EWR,Y
12577,US,NY,JFK,Y
12577,US,NY,LGA,Y
12578,US,NY,EWR,Y
12578,US,NY,JFK,Y
11963,US,NY,LGA,Y
12553,US,NY,EWR,Y
10958,US,NY,EWR,Y
10958,US,NY,JFK,Y
10958,US,NY,LGA,Y
12561,US,NY,EWR,Y
12561,US,NY,JFK,Y
12561,US,NY,LGA,Y
10804,US,NY,EWR,Y
10504,US,NY,EWR,Y
11956,US,NY,LGA,Y
12590,US,NY,EWR,Y
13811,US,NY,JFK,Y
12550,US,NY,EWR,Y
12551,US,NY,EWR,Y
12552,US,NY,EWR,Y
12553,US,NY,EWR,Y
13812,US,NY,JFK,Y
13813,US,NY,JFK,Y
10970,US,NY,EWR,Y
11956,US,NY,JFK,Y
12458,US,NY,JFK,Y
10549,US,NY,EWR,Y
10550,US,NY,EWR,Y
10551,US,NY,EWR,Y
10552,US,NY,EWR,Y
10553,US,NY,EWR,Y
10953,US,NY,EWR,Y
10953,US,NY,JFK,Y
10953,US,NY,LGA,Y
12590,US,NY,LGA,Y
12458,US,NY,EWR,Y
12590,US,NY,JFK,Y
12458,US,NY,LGA,Y
12764,US,NY,EWR,Y
12764,US,NY,JFK,Y
12764,US,NY,LGA,Y
10956,US,NY,EWR,Y
10956,US,NY,JFK,Y
10956,US,NY,LGA,Y
10560,US,NY,EWR,Y
10954,US,NY,EWR,Y
10969,US,NY,JFK,Y
11958,US,NY,LGA,Y
10566,US,NY,EWR,Y
10968,US,NY,EWR,Y
12566,US,NY,EWR,Y
12566,US,NY,JFK,Y
11362,US,NY,ISP,A
12566,US,NY,LGA,Y
12309,US,NY,EWR,Y
10969,US,NY,EWR,Y
12564,US,NY,LGA,Y
10969,US,NY,LGA,Y
14872,US,NY,JFK,Y
12568,US,NY,EWR,Y
12568,US,NY,JFK,Y
12568,US,NY,LGA,Y
12569,US,NY,EWR,Y
12569,US,NY,JFK,Y
10587,US,NY,JFK,Y
14871,US,NY,JFK,Y
13827,US,NY,JFK,Y
10591,US,NY,EWR,Y
10960,US,NY,EWR,Y
10962,US,NY,EWR,Y
11957,US,NY,JFK,Y
11957,US,NY,LGA,Y
10562,US,NY,EWR,Y
10963,US,NY,EWR,Y
10963,US,NY,JFK,Y
11958,US,NY,JFK,Y
13826,US,NY,JFK,Y
10965,US,NY,EWR,Y
14870,US,NY,JFK,Y
10964,US,NY,EWR,Y
12563,US,NY,EWR,Y
12563,US,NY,JFK,Y
12563,US,NY,LGA,Y
12564,US,NY,EWR,Y
12564,US,NY,JFK,Y
10570,US,NY,EWR,Y
10963,US,NY,LGA,Y
10990,US,NY,JFK,Y
11976,US,NY,LGA,Y
12588,US,NY,JFK,Y
12588,US,NY,LGA,Y
12589,US,NY,EWR,Y
12589,US,NY,JFK,Y
12589,US,NY,LGA,Y
12590,US,NY,EWR,Y
12590,US,NY,JFK,Y
12586,US,NY,LGA,Y
10990,US,NY,EWR,Y
12586,US,NY,JFK,Y
10990,US,NY,LGA,Y
10992,US,NY,EWR,Y
10992,US,NY,JFK,Y
10992,US,NY,LGA,Y
12592,US,NY,EWR,Y
12592,US,NY,JFK,Y
12592,US,NY,LGA,Y
10988,US,NY,EWR,Y
12590,US,NY,LGA,Y
10989,US,NY,LGA,Y
11965,US,NY,LGA,Y
10988,US,NY,LGA,Y
11973,US,NY,JFK,Y
11973,US,NY,LGA,Y
12584,US,NY,EWR,Y
12584,US,NY,JFK,Y
12584,US,NY,LGA,Y
10595,US,NY,EWR,Y
12588,US,NY,EWR,Y
10989,US,NY,JFK,Y
12189,US,NY,EWR,Y
10596,US,NY,EWR,Y
13850,US,NY,JFK,Y
10597,US,NY,EWR,Y
10597,US,NY,JFK,Y
10597,US,NY,LGA,Y
11792,US,NY,JFK,Y
11792,US,NY,LGA,Y
12586,US,NY,EWR,Y
10989,US,NY,EWR,Y
12786,US,NY,EWR,Y
11976,US,NY,JFK,Y
12791,US,NY,JFK,Y
12791,US,NY,LGA,Y
12788,US,NY,LGA,Y
12788,US,NY,JFK,Y
12788,US,NY,EWR,Y
13865,US,NY,JFK,Y
13863,US,NY,JFK,Y
10598,US,NY,EWR,Y
13862,US,NY,JFK,Y
10930,US,NY,JFK,Y
10998,US,NY,LGA,Y
10998,US,NY,JFK,Y
10998,US,NY,EWR,Y
11978,US,NY,LGA,Y
11978,US,NY,JFK,Y
12785,US,NY,LGA,Y
12785,US,NY,JFK,Y
12785,US,NY,EWR,Y
12533,US,NY,EWR,Y
10996,US,NY,EWR,Y
14892,US,NY,JFK,Y
14883,US,NY,JFK,Y
10993,US,NY,EWR,Y
12491,US,NY,EWR,Y
12491,US,NY,JFK,Y
12491,US,NY,LGA,Y
10994,US,NY,EWR,Y
12493,US,NY,EWR,Y
12791,US,NY,EWR,Y
12493,US,NY,LGA,Y
10987,US,NY,JFK,Y
10997,US,NY,EWR,Y
12498,US,NY,EWR,Y
12498,US,NY,JFK,Y
12498,US,NY,LGA,Y
12790,US,NY,EWR,Y
12790,US,NY,JFK,Y
13808,US,NY,JFK,Y
12790,US,NY,LGA,Y
12493,US,NY,JFK,Y
11971,US,NY,LGA,Y
10979,US,NY,EWR,Y
10590,US,NY,EWR,Y
11968,US,NY,JFK,Y
11968,US,NY,LGA,Y
11969,US,NY,JFK,Y
11969,US,NY,LGA,Y
10975,US,NY,EWR,Y
10975,US,NY,JFK,Y
11970,US,NY,LGA,Y
11971,US,NY,JFK,Y
11970,US,NY,JFK,Y
10976,US,NY,EWR,Y
10976,US,NY,JFK,Y
10976,US,NY,LGA,Y
14883,US,NY,JFK,Y
10977,US,NY,EWR,Y
12580,US,NY,EWR,Y
12580,US,NY,JFK,Y
10988,US,NY,JFK,Y
10975,US,NY,LGA,Y
14881,US,NY,JFK,Y
10587,US,NY,LGA,Y
12481,US,NY,EWR,Y
12481,US,NY,JFK,Y
12481,US,NY,LGA,Y
11786,US,NY,JFK,Y
11786,US,NY,LGA,Y
10588,US,NY,EWR,Y
10973,US,NY,EWR,Y
12601,US,NY,EWR,Y
10973,US,NY,LGA,Y
10979,US,NY,JFK,Y
10974,US,NY,EWR,Y
10974,US,NY,JFK,Y
10974,US,NY,LGA,Y
13840,US,NY,JFK,Y
10589,US,NY,EWR,Y
12779,US,NY,EWR,Y
12779,US,NY,JFK,Y
12779,US,NY,LGA,Y
10973,US,NY,JFK,Y
10594,US,NY,EWR,Y
12580,US,NY,LGA,Y
10983,US,NY,EWR,Y
10591,US,NY,EWR,Y
10984,US,NY,EWR,Y
10984,US,NY,JFK,Y
10984,US,NY,LGA,Y
10985,US,NY,EWR,Y
10985,US,NY,JFK,Y
10982,US,NY,JFK,Y
10985,US,NY,LGA,Y
10982,US,NY,EWR,Y
13845,US,NY,JFK,Y
10986,US,NY,EWR,Y
12180,US,NY,EWR,Y
12181,US,NY,EWR,Y
12182,US,NY,EWR,Y
12183,US,NY,EWR,Y
13848,US,NY,JFK,Y
10987,US,NY,EWR,Y
13290,US,NY,SYR,A
12582,US,NY,LGA,Y
10979,US,NY,LGA,Y
10974,US,NY,EWR,Y
10974,US,NY,JFK,Y
10974,US,NY,LGA,Y
12484,US,NY,EWR,Y
12484,US,NY,JFK,Y
12484,US,NY,LGA,Y
10980,US,NY,EWR,Y
10982,US,NY,LGA,Y
12582,US,NY,JFK,Y
10587,US,NY,EWR,Y
10901,US,NY,EWR,Y
10981,US,NY,EWR,Y
10981,US,NY,JFK,Y
10981,US,NY,LGA,Y
12781,US,NY,EWR,Y
12781,US,NY,JFK,Y
12781,US,NY,LGA,Y
12533,US,NY,EWR,Y
12582,US,NY,EWR,Y
10517,US,NY,LGA,Y
12729,US,NY,LGA,Y
12518,US,NY,EWR,Y
10931,US,NY,EWR,Y
12520,US,NY,JFK,Y
10548,US,NY,EWR,Y
13045,US,NY,JFK,Y
10566,US,NY,EWR,Y
14827,US,NY,JFK,Y
10517,US,NY,JFK,Y
10566,US,NY,EWR,Y
10518,US,NY,EWR,Y
10519,US,NY,EWR,Y
10520,US,NY,EWR,Y
10521,US,NY,EWR,Y
10521,US,NY,EWR,Y
12729,US,NY,EWR,Y
12733,US,NY,LGA,Y
10517,US,NY,EWR,Y
12515,US,NY,JFK,Y
10918,US,NY,LGA,Y
10977,US,NY,EWR,Y
10919,US,NY,EWR,Y
10919,US,NY,JFK,Y
10919,US,NY,LGA,Y
12514,US,NY,EWR,Y
12514,US,NY,JFK,Y
14830,US,NY,JFK,Y
12515,US,NY,EWR,Y
11935,US,NY,JFK,Y
12515,US,NY,LGA,Y
12047,US,NY,EWR,Y
10516,US,NY,EWR,Y
10920,US,NY,EWR,Y
10920,US,NY,JFK,Y
10920,US,NY,LGA,Y
13748,US,NY,JFK,Y
12514,US,NY,LGA,Y
14904,US,NY,JFK,Y
12729,US,NY,JFK,Y
12401,US,NY,JFK,Y
12401,US,NY,LGA,Y
12428,US,NY,EWR,Y
12428,US,NY,JFK,Y
12428,US,NY,LGA,Y
14901,US,NY,JFK,Y
11941,US,NY,LGA,Y
14903,US,NY,JFK,Y
11941,US,NY,JFK,Y
14905,US,NY,JFK,Y
14903,US,NY,JFK,Y
13760,US,NY,JFK,Y
13760,US,NY,JFK,Y
14838,US,NY,JFK,Y
12733,US,NY,EWR,Y
12733,US,NY,JFK,Y
14902,US,NY,JFK,Y
12061,US,NY,EWR,Y
11935,US,NY,LGA,Y
12054,US,NY,EWR,Y
13754,US,NY,JFK,Y
12522,US,NY,EWR,Y
12522,US,NY,JFK,Y
12522,US,NY,LGA,Y
13053,US,NY,JFK,Y
12401,US,NY,EWR,Y
13040,US,NY,JFK,Y
13746,US,NY,JFK,Y
11937,US,NY,JFK,Y
11937,US,NY,LGA,Y
13056,US,NY,JFK,Y
11939,US,NY,JFK,Y
11939,US,NY,LGA,Y
11942,US,NY,JFK,Y
11942,US,NY,LGA,Y
12533,US,NY,EWR,Y
10549,US,NY,EWR,Y
10918,US,NY,JFK,Y
10954,US,NY,EWR,Y
13734,US,NY,JFK,Y
12508,US,NY,EWR,Y
12409,US,NY,EWR,Y
12409,US,NY,JFK,Y
12409,US,NY,LGA,Y
10505,US,NY,JFK,Y
10506,US,NY,EWR,Y
10505,US,NY,EWR,Y
10507,US,NY,EWR,Y
13736,US,NY,JFK,Y
14814,US,NY,JFK,Y
12510,US,NY,EWR,Y
12510,US,NY,JFK,Y
12510,US,NY,LGA,Y
13901,US,NY,JFK,Y
14812,US,NY,JFK,Y
12501,US,NY,EWR,Y
12789,US,NY,EWR,Y
12404,US,NY,EWR,Y
12404,US,NY,JFK,Y
12404,US,NY,LGA,Y
12204,US,NY,EWR,Y
12212,US,NY,EWR,Y
11930,US,NY,JFK,Y
10505,US,NY,LGA,Y
10501,US,NY,EWR,Y
13904,US,NY,JFK,Y
12501,US,NY,JFK,Y
12501,US,NY,LGA,Y
13732,US,NY,JFK,Y
11931,US,NY,JFK,Y
11931,US,NY,LGA,Y
12603,US,NY,EWR,Y
10504,US,NY,EWR,Y
11930,US,NY,LGA,Y
13744,US,NY,JFK,Y
12722,US,NY,JFK,Y
12722,US,NY,LGA,Y
14821,US,NY,JFK,Y
10916,US,NY,EWR,Y
10916,US,NY,JFK,Y
10916,US,NY,LGA,Y
10512,US,NY,EWR,Y
13902,US,NY,JFK,Y
10512,US,NY,LGA,Y
10915,US,NY,JFK,Y
12511,US,NY,EWR,Y
12511,US,NY,JFK,Y
12511,US,NY,LGA,Y
10917,US,NY,EWR,Y
10514,US,NY,EWR,Y
14825,US,NY,JFK,Y
12520,US,NY,LGA,Y
10512,US,NY,JFK,Y
12721,US,NY,LGA,Y
10918,US,NY,EWR,Y
13905,US,NY,JFK,Y
10913,US,NY,EWR,Y
13738,US,NY,JFK,Y
10914,US,NY,EWR,Y
10914,US,NY,JFK,Y
10914,US,NY,LGA,Y
12722,US,NY,EWR,Y
12721,US,NY,JFK,Y
10915,US,NY,LGA,Y
14816,US,NY,JFK,Y
10509,US,NY,EWR,Y
10510,US,NY,EWR,Y
11932,US,NY,JFK,Y
11932,US,NY,LGA,Y
10511,US,NY,EWR,Y
10915,US,NY,EWR,Y
13903,US,NY,JFK,Y
12721,US,NY,EWR,Y
10541,US,NY,LGA,Y
12751,US,NY,JFK,Y
10540,US,NY,LGA,Y
14858,US,NY,JFK,Y
13797,US,NY,JFK,Y
12758,US,NY,EWR,Y
14859,US,NY,JFK,Y
14861,US,NY,JFK,Y
10540,US,NY,EWR,Y
10541,US,NY,JFK,Y
12754,US,NY,LGA,Y
10542,US,NY,EWR,Y
10542,US,NY,JFK,Y
10542,US,NY,LGA,Y
13802,US,NY,JFK,Y
13803,US,NY,JFK,Y
12542,US,NY,EWR,Y
12542,US,NY,JFK,Y
10541,US,NY,EWR,Y
12449,US,NY,EWR,Y
12751,US,NY,LGA,Y
13794,US,NY,JFK,Y
12401,US,NY,EWR,Y
12401,US,NY,JFK,Y
12401,US,NY,LGA,Y
13795,US,NY,JFK,Y
12540,US,NY,EWR,Y
10540,US,NY,JFK,Y
12540,US,NY,LGA,Y
10545,US,NY,JFK,Y
12449,US,NY,JFK,Y
12449,US,NY,LGA,Y
12110,US,NY,EWR,Y
11948,US,NY,JFK,Y
11948,US,NY,LGA,Y
12754,US,NY,EWR,Y
12754,US,NY,JFK,Y
12540,US,NY,JFK,Y
11954,US,NY,LGA,Y
10547,US,NY,EWR,Y
12561,US,NY,EWR,Y
12561,US,NY,JFK,Y
12561,US,NY,LGA,Y
10950,US,NY,EWR,Y
10950,US,NY,JFK,Y
10950,US,NY,LGA,Y
12542,US,NY,LGA,Y
11954,US,NY,JFK,Y
12548,US,NY,EWR,Y
10901,US,NY,EWR,Y
12549,US,NY,EWR,Y
12549,US,NY,JFK,Y
12549,US,NY,LGA,Y
12701,US,NY,EWR,Y
12701,US,NY,JFK,Y
12701,US,NY,LGA,Y
10952,US,NY,EWR,Y
10940,US,NY,EWR,Y
12545,US,NY,JFK,Y
10545,US,NY,LGA,Y
11952,US,NY,JFK,Y
11952,US,NY,LGA,Y
12543,US,NY,EWR,Y
12543,US,NY,JFK,Y
12543,US,NY,LGA,Y
12548,US,NY,LGA,Y
12550,US,NY,EWR,Y
12548,US,NY,JFK,Y
10940,US,NY,JFK,Y
10940,US,NY,LGA,Y
12545,US,NY,EWR,Y
12524,US,NY,EWR,Y
12545,US,NY,LGA,Y
12520,US,NY,EWR,Y
12547,US,NY,EWR,Y
10545,US,NY,EWR,Y
12302,US,NY,EWR,Y
10925,US,NY,EWR,Y
13826,US,NY,JFK,Y
10924,US,NY,EWR,Y
10924,US,NY,JFK,Y
10924,US,NY,LGA,Y
10527,US,NY,EWR,Y
12183,US,NY,EWR,Y
13778,US,NY,JFK,Y
12527,US,NY,LGA,Y
11944,US,NY,LGA,Y
12527,US,NY,EWR,Y
10925,US,NY,JFK,Y
10925,US,NY,LGA,Y
12084,US,NY,EWR,Y
11946,US,NY,JFK,Y
11946,US,NY,LGA,Y
13784,US,NY,JFK,Y
13787,US,NY,JFK,Y
11944,US,NY,JFK,Y
10921,US,NY,EWR,Y
10546,US,NY,EWR,Y
12751,US,NY,EWR,Y
10921,US,NY,JFK,Y
10921,US,NY,LGA,Y
10922,US,NY,EWR,Y
10922,US,NY,JFK,Y
10922,US,NY,LGA,Y
10526,US,NY,EWR,Y
12525,US,NY,JFK,Y
12527,US,NY,JFK,Y
12525,US,NY,LGA,Y
10923,US,NY,EWR,Y
10923,US,NY,JFK,Y
10923,US,NY,LGA,Y
10524,US,NY,EWR,Y
10524,US,NY,JFK,Y
10524,US,NY,LGA,Y
12525,US,NY,EWR,Y
10512,US,NY,EWR,Y
12538,US,NY,EWR,Y
12538,US,NY,JFK,Y
12538,US,NY,LGA,Y
11947,US,NY,JFK,Y
11947,US,NY,LGA,Y
10933,US,NY,EWR,Y
10933,US,NY,LGA,Y
10932,US,NY,LGA,Y
10536,US,NY,EWR,Y
10535,US,NY,EWR,Y
10512,US,NY,JFK,Y
10512,US,NY,LGA,Y
12446,US,NY,EWR,Y
10926,US,NY,EWR,Y
13777,US,NY,JFK,Y
12446,US,NY,JFK,Y
12446,US,NY,LGA,Y
13790,US,NY,JFK,Y
10931,US,NY,LGA,Y
10926,US,NY,LGA,Y
10927,US,NY,EWR,Y
10933,US,NY,JFK,Y
10932,US,NY,JFK,Y
12528,US,NY,EWR,Y
10928,US,NY,EWR,Y
10930,US,NY,EWR,Y
10931,US,NY,JFK,Y
10532,US,NY,EWR,Y
12531,US,NY,EWR,Y
12533,US,NY,EWR,Y
10932,US,NY,EWR,Y
10930,US,NY,LGA,Y
14845,US,NY,JFK,Y
10926,US,NY,JFK,Y
12533,US,NY,EWR,Y
13077,US,NY,JFK,Y
12531,US,NY,LGA,Y
12531,US,NY,JFK,Y
12143,US,NY,ALB,C
12916,US,NY,ALB,H
13783,US,NY,BGM,F
12504,US,NY,ALB,E
12916,US,NY,ALB,H
14837,US,NY,BGM,F
12009,US,NY,ALB,C
12018,US,NY,ALB,C
14805,US,NY,BGM,E
12440,US,NY,ALB,F
12480,US,NY,ALB,F
14226,US,NY,ALB,E
12139,US,NY,ALB,H
13459,US,NY,ALB,F
12455,US,NY,BGM,F
12834,US,NY,ALB,E
14809,US,NY,BGM,F
12912,US,NY,ALB,G
12481,US,NY,ALB,E
12484,US,NY,ALB,E
12751,US,NY,SWF,E
12594,US,NY,SWF,F
12765,US,NY,SWF,G
12745,US,NY,SWF,G
12737,US,NY,SWF,G
12751,US,NY,SWF,E
12752,US,NY,SWF,G
12764,US,NY,SWF,G
12746,US,NY,SWF,G
12750,US,NY,SWF,G
12764,US,NY,SWF,G
12701,US,NY,SWF,E
12747,US,NY,SWF,E
12720,US,NY,SWF,G
12740,US,NY,SWF,G
12758,US,NY,SWF,G
12758,US,NY,SWF,G
12758,US,NY,SWF,G
12594,US,NY,SWF,F
12758,US,NY,SWF,G
12743,US,NY,SWF,G
12764,US,NY,SWF,G
12739,US,NY,SWF,G
12740,US,NY,SWF,G
12754,US,NY,SWF,E
12594,US,NY,SWF,F
12754,US,NY,SWF,E
12742,US,NY,SWF,G
12765,US,NY,SWF,G
12764,US,NY,SWF,G
12726,US,NY,SWF,G
12763,US,NY,SWF,G
12729,US,NY,SWF,E
12701,US,NY,SWF,E
12729,US,NY,SWF,E
12701,US,NY,SWF,E
12733,US,NY,SWF,E
12726,US,NY,SWF,G
12701,US,NY,SWF,E
12725,US,NY,SWF,G
12701,US,NY,SWF,E
12748,US,NY,SWF,G
12719,US,NY,SWF,G
12720,US,NY,SWF,E
12724,US,NY,SWF,E
12727,US,NY,SWF,G
12736,US,NY,SWF,G
12760,US,NY,SWF,E
12758,US,NY,SWF,G
12738,US,NY,SWF,G
12758,US,NY,SWF,G
12758,US,NY,SWF,G
12732,US,NY,SWF,G
12762,US,NY,SWF,G
12749,US,NY,SWF,G
12759,US,NY,SWF,G
12759,US,NY,SWF,G
12734,US,NY,SWF,G
12747,US,NY,SWF,E
12701,US,NY,SWF,E
12701,US,NY,SWF,E
12134,US,NY,ALB,G
12920,US,NY,ALB,G
12850,US,NY,ALB,D
12020,US,NY,ALB,C
12092,US,NY,ALB,E
13775,US,NY,BGM,F
12469,US,NY,ALB,F
12834,US,NY,ALB,E
12970,US,NY,ALB,H
14837,US,NY,BGM,F
12817,US,NY,ALB,E
13218,US,NY,SYR,A
13290,US,NY,SYR,A
13235,US,NY,SYR,A
13235,US,NY,SYR,A
13218,US,NY,SYR,A
12883,US,NY,ALB,F
12834,US,NY,ALB,E
13065,US,NY,SYR,F
11737,US,NY,EWR,I
14061,US,NY,BUF,F
14425,US,NY,ROC,C
11738,US,NY,JFK,E
11738,US,NY,EWR,J
11749,US,NY,EWR,J
11731,US,NY,JFK,D
13063,US,NY,SYR,D
11690,US,NY,JFK,A
11691,US,NY,EWR,G
11690,US,NY,EWR,G
14452,US,NY,ROC,F
11691,US,NY,JFK,A
12733,US,NY,SWF,D
11692,US,NY,EWR,G
11692,US,NY,JFK,A
14733,US,NY,BUF,F
11693,US,NY,EWR,G
11693,US,NY,JFK,A
11694,US,NY,EWR,G
11697,US,NY,EWR,G
11706,US,NY,JFK,E
11736,US,NY,EWR,I
11694,US,NY,JFK,A
13637,US,NY,SYR,H
11695,US,NY,EWR,G
12936,US,NY,ALB,F
11695,US,NY,JFK,A
12066,US,NY,ALB,D
14838,US,NY,ELM,C
13061,US,NY,SYR,D
11735,US,NY,EWR,I
13760,US,NY,BGM,B
13760,US,NY,BGM,B
11735,US,NY,JFK,D
14450,US,NY,ROC,A
11367,US,NY,EWR,G
11004,US,NY,JFK,B
11371,US,NY,EWR,G
11370,US,NY,JFK,A
11370,US,NY,EWR,G
11369,US,NY,JFK,A
11369,US,NY,EWR,G
11368,US,NY,JFK,A
11372,US,NY,EWR,G
11367,US,NY,JFK,A
11372,US,NY,JFK,A
11366,US,NY,JFK,A
11366,US,NY,EWR,G
11365,US,NY,JFK,A
11365,US,NY,EWR,G
11364,US,NY,JFK,A
11364,US,NY,EWR,G
11363,US,NY,JFK,A
11363,US,NY,EWR,G
11368,US,NY,EWR,G
11378,US,NY,EWR,G
11385,US,NY,JFK,A
11385,US,NY,EWR,G
11381,US,NY,JFK,A
11381,US,NY,EWR,G
11380,US,NY,JFK,A
11380,US,NY,EWR,G
11379,US,NY,JFK,A
11371,US,NY,JFK,A
11378,US,NY,JFK,A
11361,US,NY,JFK,A
11377,US,NY,JFK,A
11377,US,NY,EWR,G
11375,US,NY,JFK,A
11375,US,NY,EWR,G
11374,US,NY,JFK,A
11374,US,NY,EWR,G
11373,US,NY,JFK,A
11373,US,NY,EWR,G
11379,US,NY,EWR,G
12430,US,NY,ALB,G
11005,US,NY,EWR,H
11731,US,NY,EWR,I
11004,US,NY,EWR,H
11003,US,NY,JFK,B
11003,US,NY,EWR,H
11002,US,NY,JFK,B
11002,US,NY,EWR,H
11362,US,NY,JFK,A
11001,US,NY,EWR,H
11351,US,NY,JFK,A
13774,US,NY,ALB,H
12524,US,NY,SWF,A
12524,US,NY,JFK,G
14453,US,NY,ROC,B
11782,US,NY,JFK,E
13640,US,NY,SYR,I
12067,US,NY,ALB,C
13638,US,NY,SYR,H
11001,US,NY,JFK,B
11356,US,NY,JFK,A
13066,US,NY,SYR,B
11361,US,NY,EWR,G
11360,US,NY,JFK,A
11360,US,NY,EWR,G
11359,US,NY,JFK,A
11359,US,NY,EWR,G
11358,US,NY,JFK,A
11358,US,NY,EWR,G
10921,US,NY,SWF,B
11357,US,NY,EWR,G
11351,US,NY,EWR,G
11356,US,NY,EWR,G
11355,US,NY,JFK,A
11355,US,NY,EWR,G
11354,US,NY,JFK,A
11354,US,NY,EWR,G
11352,US,NY,JFK,A
11352,US,NY,EWR,G
11362,US,NY,EWR,G
11357,US,NY,JFK,A
12522,US,NY,SWF,C
12930,US,NY,ALB,H
11561,US,NY,EWR,H
13054,US,NY,SYR,E
12422,US,NY,ALB,E
14166,US,NY,BUF,F
14048,US,NY,BUF,F
14837,US,NY,ELM,D
12056,US,NY,ALB,C
11596,US,NY,EWR,H
13755,US,NY,ALB,H
11596,US,NY,JFK,B
12055,US,NY,ALB,D
13329,US,NY,SYR,H
13329,US,NY,ALB,E
10522,US,NY,SWF,D
10522,US,NY,JFK,C
10522,US,NY,EWR,K
11746,US,NY,JFK,D
12533,US,NY,SWF,A
13053,US,NY,SYR,F
12059,US,NY,ALB,D
14059,US,NY,BUF,C
11370,US,NY,JFK,A
11370,US,NY,EWR,G
11369,US,NY,JFK,A
11369,US,NY,EWR,G
12423,US,NY,ALB,E
12060,US,NY,ALB,E
13756,US,NY,ALB,H
11561,US,NY,JFK,B
14054,US,NY,ROC,G
12824,US,NY,ALB,E
14052,US,NY,BUF,C
11561,US,NY,JFK,B
11561,US,NY,EWR,H
14051,US,NY,BUF,B
13332,US,NY,SYR,G
12058,US,NY,ALB,E
12057,US,NY,ALB,E
13331,US,NY,ALB,H
14443,US,NY,ROC,C
10521,US,NY,JFK,F
11746,US,NY,EWR,I
11772,US,NY,JFK,E
13751,US,NY,ALB,G
13750,US,NY,ALB,G
14040,US,NY,BUF,E
14437,US,NY,ROC,F
12929,US,NY,PLB,A
12929,US,NY,ALB,G
13630,US,NY,SYR,I
14727,US,NY,BUF,G
13214,US,NY,SYR,A
12928,US,NY,ALB,G
10521,US,NY,JFK,F
10520,US,NY,SWF,C
10520,US,NY,JFK,F
10519,US,NY,JFK,F
10518,US,NY,SWF,D
10518,US,NY,JFK,F
12052,US,NY,ALB,B
14039,US,NY,BUF,G
13753,US,NY,ALB,G
13634,US,NY,SYR,G
14728,US,NY,BUF,H
14047,US,NY,BUF,G
14043,US,NY,BUF,A
13632,US,NY,SYR,H
12421,US,NY,ALB,G
13631,US,NY,SYR,I
13619,US,NY,SYR,H
14041,US,NY,BUF,G
12054,US,NY,ALB,B
12061,US,NY,ALB,B
14042,US,NY,BUF,G
12053,US,NY,ALB,D
13628,US,NY,SYR,G
13502,US,NY,SYR,D
13627,US,NY,SYR,I
11729,US,NY,JFK,D
11729,US,NY,EWR,I
13328,US,NY,SYR,D
13051,US,NY,SYR,E
12427,US,NY,ALB,E
11717,US,NY,EWR,J
14732,US,NY,BUF,G
14731,US,NY,BUF,F
12428,US,NY,SWF,C
12935,US,NY,PLB,B
12935,US,NY,ALB,G
12934,US,NY,PLB,B
12934,US,NY,ALB,G
11373,US,NY,EWR,G
12933,US,NY,ALB,G
11373,US,NY,JFK,A
12523,US,NY,ALB,E
12932,US,NY,ALB,F
13060,US,NY,SYR,C
14058,US,NY,BUF,D
14226,US,NY,BUF,A
13335,US,NY,SYR,G
12134,US,NY,ALB,G
12533,US,NY,JFK,G
12933,US,NY,PLB,B
14903,US,NY,ROC,Q
10523,US,NY,JFK,C
10523,US,NY,EWR,K
11003,US,NY,JFK,B
11003,US,NY,EWR,H
14903,US,NY,ROC,Q
14903,US,NY,ELM,A
14905,US,NY,ROC,Q
14905,US,NY,ELM,A
11386,US,NY,EWR,G
14904,US,NY,ELM,A
11690,US,NY,JFK,A
14903,US,NY,ELM,A
14902,US,NY,ROC,Q
14902,US,NY,ELM,A
14901,US,NY,ROC,Q
14901,US,NY,ELM,A
14845,US,NY,ELM,A
11380,US,NY,JFK,A
11380,US,NY,EWR,G
14904,US,NY,ROC,Q
11731,US,NY,EWR,I
11717,US,NY,JFK,E
11518,US,NY,JFK,B
11518,US,NY,EWR,H
14445,US,NY,ROC,A
14730,US,NY,BUF,G
14056,US,NY,BUF,F
11772,US,NY,JFK,E
11732,US,NY,JFK,B
11733,US,NY,EWR,J
11731,US,NY,JFK,D
11733,US,NY,JFK,E
12062,US,NY,ALB,D
11940,US,NY,JFK,E
13757,US,NY,ALB,G
11554,US,NY,JFK,B
11554,US,NY,EWR,H
12424,US,NY,ALB,E
11730,US,NY,JFK,E
11730,US,NY,EWR,J
11732,US,NY,EWR,H
12064,US,NY,ALB,F
11690,US,NY,EWR,G
14057,US,NY,BUF,E
12401,US,NY,SWF,C
12401,US,NY,ALB,E
10709,US,NY,SWF,D
10709,US,NY,JFK,C
10709,US,NY,EWR,K
10707,US,NY,SWF,D
12063,US,NY,ALB,C
10707,US,NY,EWR,K
10523,US,NY,SWF,C
12439,US,NY,ALB,E
11596,US,NY,JFK,B
11596,US,NY,EWR,H
10604,US,NY,SWF,D
10604,US,NY,JFK,C
10604,US,NY,EWR,K
13057,US,NY,SYR,A
13333,US,NY,ALB,F
10707,US,NY,JFK,C
12528,US,NY,SWF,B
11819,US,NY,EWR,H
14468,US,NY,ROC,C
12529,US,NY,ALB,E
10931,US,NY,SWF,C
13327,US,NY,SYR,H
12441,US,NY,ALB,G
10930,US,NY,SWF,A
13788,US,NY,ALB,G
10928,US,NY,JFK,G
13353,US,NY,ALB,H
12528,US,NY,JFK,G
12440,US,NY,ALB,F
11855,US,NY,JFK,B
11855,US,NY,EWR,H
11854,US,NY,JFK,B
11854,US,NY,EWR,H
11718,US,NY,JFK,E
12533,US,NY,JFK,G
10928,US,NY,SWF,A
11423,US,NY,JFK,A
10706,US,NY,SWF,D
12089,US,NY,ALB,D
14472,US,NY,ROC,B
14471,US,NY,ROC,D
13077,US,NY,SYR,D
11742,US,NY,JFK,E
11742,US,NY,EWR,J
14743,US,NY,BUF,G
12530,US,NY,ALB,E
11815,US,NY,JFK,B
11423,US,NY,EWR,G
14470,US,NY,ROC,E
13354,US,NY,SYR,D
14080,US,NY,BUF,F
14469,US,NY,ROC,D
11741,US,NY,JFK,E
11741,US,NY,EWR,J
13655,US,NY,ALB,H
12531,US,NY,SWF,C
10583,US,NY,SWF,D
11819,US,NY,JFK,B
11553,US,NY,EWR,H
11552,US,NY,JFK,B
11552,US,NY,EWR,H
11551,US,NY,JFK,B
11551,US,NY,EWR,H
11550,US,NY,JFK,B
11554,US,NY,EWR,H
14466,US,NY,ROC,F
11554,US,NY,JFK,B
10583,US,NY,JFK,C
10583,US,NY,EWR,K
10532,US,NY,SWF,C
10532,US,NY,JFK,F
10927,US,NY,SWF,C
10927,US,NY,JFK,F
11788,US,NY,JFK,E
14738,US,NY,BUF,F
11550,US,NY,EWR,H
11557,US,NY,JFK,B
11815,US,NY,EWR,H
11804,US,NY,JFK,B
11804,US,NY,EWR,H
11803,US,NY,JFK,B
11803,US,NY,EWR,H
11802,US,NY,JFK,B
11802,US,NY,EWR,H
11553,US,NY,JFK,B
11801,US,NY,EWR,H
12533,US,NY,SWF,A
11557,US,NY,EWR,H
13654,US,NY,SYR,I
13652,US,NY,SYR,I
13350,US,NY,SYR,E
12439,US,NY,ALB,E
14467,US,NY,ROC,A
13651,US,NY,SYR,H
13650,US,NY,SYR,H
11801,US,NY,JFK,B
14852,US,NY,SYR,F
11751,US,NY,EWR,J
11372,US,NY,JFK,A
11372,US,NY,EWR,G
11372,US,NY,JFK,A
11372,US,NY,EWR,G
14850,US,NY,SYR,F
14850,US,NY,ELM,D
11405,US,NY,JFK,A
14853,US,NY,ELM,D
11411,US,NY,EWR,G
14852,US,NY,ELM,D
14851,US,NY,SYR,F
14851,US,NY,ELM,D
14850,US,NY,SYR,F
14850,US,NY,ELM,D
11752,US,NY,JFK,E
11752,US,NY,EWR,J
12090,US,NY,ALB,D
14853,US,NY,SYR,F
11415,US,NY,JFK,A
11420,US,NY,EWR,G
11419,US,NY,JFK,A
11419,US,NY,EWR,G
11418,US,NY,JFK,A
11418,US,NY,EWR,G
11417,US,NY,JFK,A
11417,US,NY,EWR,G
11405,US,NY,EWR,G
11416,US,NY,EWR,G
11558,US,NY,JFK,B
11415,US,NY,EWR,G
11414,US,NY,JFK,A
11414,US,NY,EWR,G
11413,US,NY,JFK,A
11413,US,NY,EWR,G
11412,US,NY,JFK,A
11412,US,NY,EWR,G
11411,US,NY,JFK,A
11416,US,NY,JFK,A
11414,US,NY,JFK,A
11751,US,NY,JFK,E
11743,US,NY,JFK,D
11743,US,NY,EWR,I
12442,US,NY,ALB,E
12841,US,NY,ALB,G
14470,US,NY,ROC,E
12839,US,NY,ALB,D
11746,US,NY,JFK,D
12092,US,NY,ALB,E
11747,US,NY,EWR,I
11414,US,NY,EWR,G
14845,US,NY,ROC,R
14845,US,NY,ELM,A
14843,US,NY,ROC,R
14843,US,NY,ELM,D
12965,US,NY,ALB,H
12533,US,NY,SWF,A
12533,US,NY,JFK,G
12534,US,NY,ALB,E
11096,US,NY,JFK,B
11558,US,NY,EWR,H
10044,US,NY,JFK,A
10044,US,NY,EWR,G
14743,US,NY,BUF,G
10533,US,NY,SWF,D
10533,US,NY,JFK,C
10533,US,NY,EWR,K
11746,US,NY,EWR,I
14475,US,NY,ROC,D
10706,US,NY,JFK,C
11096,US,NY,EWR,H
13360,US,NY,ALB,H
12842,US,NY,ALB,G
13357,US,NY,SYR,E
12538,US,NY,SWF,B
12443,US,NY,ALB,E
11750,US,NY,EWR,I
11747,US,NY,JFK,D
14081,US,NY,BUF,F
11599,US,NY,EWR,H
12072,US,NY,ALB,D
14740,US,NY,BUF,F
12526,US,NY,ALB,E
14456,US,NY,SYR,G
14454,US,NY,ROC,E
14067,US,NY,BUF,E
10524,US,NY,SWF,B
12075,US,NY,ALB,E
12525,US,NY,SWF,A
12076,US,NY,ALB,G
11536,US,NY,EWR,H
11535,US,NY,EWR,H
11530,US,NY,JFK,B
11530,US,NY,EWR,H
12831,US,NY,ALB,E
12074,US,NY,ALB,D
12073,US,NY,ALB,D
14069,US,NY,BUF,F
10923,US,NY,SWF,C
11004,US,NY,JFK,B
11788,US,NY,EWR,J
12804,US,NY,ALB,D
12803,US,NY,ALB,D
12077,US,NY,ALB,B
12527,US,NY,SWF,A
12433,US,NY,ALB,E
13343,US,NY,SYR,H
14068,US,NY,BUF,A
11385,US,NY,EWR,G
12016,US,NY,ALB,D
11004,US,NY,EWR,H
11545,US,NY,JFK,B
11545,US,NY,EWR,H
11542,US,NY,JFK,B
11542,US,NY,EWR,H
12432,US,NY,ALB,E
11702,US,NY,JFK,D
11702,US,NY,EWR,I
11385,US,NY,JFK,A
12827,US,NY,ALB,E
12939,US,NY,ALB,H
13339,US,NY,SYR,H
13339,US,NY,ALB,E
12070,US,NY,ALB,D
12965,US,NY,ALB,H
12069,US,NY,ALB,D
12828,US,NY,ALB,D
11359,US,NY,JFK,A
12937,US,NY,ALB,H
13340,US,NY,SYR,D
14062,US,NY,BUF,G
13338,US,NY,SYR,H
11375,US,NY,JFK,A
11375,US,NY,EWR,G
12068,US,NY,ALB,D
13337,US,NY,ALB,F
11390,US,NY,JFK,A
11390,US,NY,EWR,G
13602,US,NY,SYR,G
11520,US,NY,JFK,B
12071,US,NY,ALB,E
13069,US,NY,SYR,C
13624,US,NY,SYR,H
14739,US,NY,BUF,G
11366,US,NY,JFK,A
11366,US,NY,EWR,G
11365,US,NY,JFK,A
11359,US,NY,EWR,G
13068,US,NY,SYR,I
11547,US,NY,EWR,H
11520,US,NY,EWR,H
12431,US,NY,ALB,E
14065,US,NY,BUF,G
14063,US,NY,BUF,F
14737,US,NY,BUF,G
11010,US,NY,JFK,B
11010,US,NY,EWR,H
13341,US,NY,SYR,E
11365,US,NY,EWR,G
13645,US,NY,SYR,I
12834,US,NY,ALB,E
13346,US,NY,SYR,G
13782,US,NY,ALB,H
14075,US,NY,BUF,C
11743,US,NY,JFK,D
11743,US,NY,EWR,I
12438,US,NY,ALB,G
13646,US,NY,SYR,I
12436,US,NY,ALB,E
14840,US,NY,ELM,C
12836,US,NY,ALB,F
12086,US,NY,ALB,C
12835,US,NY,ALB,E
12085,US,NY,ALB,B
12084,US,NY,ALB,B
13073,US,NY,SYR,F
13624,US,NY,SYR,H
12801,US,NY,ALB,D
12430,US,NY,ALB,G
10528,US,NY,JFK,C
10706,US,NY,EWR,K
13076,US,NY,SYR,F
13326,US,NY,SYR,H
13326,US,NY,ALB,F
10530,US,NY,SWF,D
10530,US,NY,JFK,C
10530,US,NY,EWR,K
14464,US,NY,ROC,D
10528,US,NY,SWF,D
11548,US,NY,JFK,B
10528,US,NY,EWR,K
10926,US,NY,SWF,B
13786,US,NY,ALB,G
13074,US,NY,SYR,D
12087,US,NY,ALB,C
13783,US,NY,ALB,H
12837,US,NY,ALB,G
14840,US,NY,ROC,G
12838,US,NY,ALB,E
10017,US,NY,JFK,A
10925,US,NY,SWF,C
11020,US,NY,JFK,B
11020,US,NY,EWR,H
13643,US,NY,SYR,H
12832,US,NY,ALB,E
10527,US,NY,SWF,D
10527,US,NY,JFK,F
11021,US,NY,JFK,B
12434,US,NY,ALB,G
11022,US,NY,EWR,H
10017,US,NY,EWR,G
12082,US,NY,ALB,C
14070,US,NY,BUF,F
13642,US,NY,SYR,I
10924,US,NY,SWF,A
10526,US,NY,JFK,F
12078,US,NY,ALB,D
11547,US,NY,JFK,B
14072,US,NY,BUF,B
11027,US,NY,JFK,B
11548,US,NY,EWR,H
11740,US,NY,JFK,D
11740,US,NY,EWR,I
13778,US,NY,SYR,H
12183,US,NY,ALB,A
14616,US,NY,ROC,A
14741,US,NY,BUF,G
11021,US,NY,EWR,H
11739,US,NY,EWR,J
11386,US,NY,JFK,A
11027,US,NY,EWR,H
11025,US,NY,JFK,B
11025,US,NY,EWR,H
11024,US,NY,JFK,B
11024,US,NY,EWR,H
11023,US,NY,JFK,B
11023,US,NY,EWR,H
11022,US,NY,JFK,B
11739,US,NY,JFK,E
13903,US,NY,BGM,A
12721,US,NY,SWF,A
10914,US,NY,SWF,A
14469,US,NY,ROC,D
10913,US,NY,SWF,C
10913,US,NY,JFK,F
14219,US,NY,BUF,C
13612,US,NY,SYR,G
12023,US,NY,ALB,D
13904,US,NY,BGM,A
12812,US,NY,ALB,G
13901,US,NY,BGM,A
13790,US,NY,BGM,A
12510,US,NY,SWF,B
12410,US,NY,ALB,G
14814,US,NY,ELM,A
11714,US,NY,JFK,B
11714,US,NY,EWR,H
12507,US,NY,SWF,C
13905,US,NY,BGM,A
12914,US,NY,ALB,H
12815,US,NY,ALB,F
14027,US,NY,BUF,F
12915,US,NY,ALB,G
12024,US,NY,ALB,C
14026,US,NY,BUF,B
10004,US,NY,JFK,A
10004,US,NY,EWR,G
13310,US,NY,SYR,F
12913,US,NY,ALB,G
13309,US,NY,SYR,H
12411,US,NY,ALB,E
12814,US,NY,ALB,E
14715,US,NY,BUF,G
12412,US,NY,ALB,E
11716,US,NY,JFK,E
11716,US,NY,EWR,J
11715,US,NY,JFK,E
11715,US,NY,EWR,J
12022,US,NY,ALB,C
14025,US,NY,BUF,F
11360,US,NY,EWR,G
12409,US,NY,SWF,D
12409,US,NY,ALB,E
12508,US,NY,SWF,A
12508,US,NY,JFK,G
11709,US,NY,JFK,B
11709,US,NY,EWR,H
11361,US,NY,JFK,A
13028,US,NY,SYR,D
11360,US,NY,JFK,A
13305,US,NY,SYR,H
11705,US,NY,JFK,E
11705,US,NY,EWR,J
13090,US,NY,SYR,A
11706,US,NY,JFK,E
14810,US,NY,ROC,G
14810,US,NY,ELM,C
14021,US,NY,BUF,D
11204,US,NY,JFK,A
11361,US,NY,EWR,G
11357,US,NY,EWR,G
14416,US,NY,ROC,B
14712,US,NY,BUF,F
14813,US,NY,BUF,G
11713,US,NY,JFK,E
11710,US,NY,JFK,B
11710,US,NY,EWR,H
11426,US,NY,JFK,A
11426,US,NY,EWR,G
14812,US,NY,ELM,D
11357,US,NY,JFK,A
13305,US,NY,SYR,H
10507,US,NY,SWF,C
10507,US,NY,JFK,F
10549,US,NY,SWF,C
10549,US,NY,JFK,F
10506,US,NY,SWF,C
10506,US,NY,JFK,F
13367,US,NY,SYR,H
11697,US,NY,EWR,G
14711,US,NY,BUF,F
10467,US,NY,EWR,G
10471,US,NY,JFK,A
10471,US,NY,EWR,G
10470,US,NY,JFK,A
10470,US,NY,EWR,G
10469,US,NY,JFK,A
10469,US,NY,EWR,G
10468,US,NY,JFK,A
13613,US,NY,ALB,H
10467,US,NY,JFK,A
10473,US,NY,EWR,G
10466,US,NY,JFK,A
10466,US,NY,EWR,G
10465,US,NY,JFK,A
10465,US,NY,EWR,G
10464,US,NY,JFK,A
10464,US,NY,EWR,G
10463,US,NY,JFK,A
10463,US,NY,EWR,G
10468,US,NY,EWR,G
10708,US,NY,SWF,D
14420,US,NY,ROC,C
11203,US,NY,JFK,A
11203,US,NY,EWR,G
11202,US,NY,JFK,A
11202,US,NY,EWR,G
11201,US,NY,JFK,A
11201,US,NY,EWR,G
11719,US,NY,JFK,E
10472,US,NY,EWR,G
13314,US,NY,SYR,E
10472,US,NY,JFK,A
10708,US,NY,JFK,C
10708,US,NY,EWR,K
10475,US,NY,JFK,A
10475,US,NY,EWR,G
10474,US,NY,JFK,A
10474,US,NY,EWR,G
10473,US,NY,JFK,A
10461,US,NY,JFK,A
11719,US,NY,EWR,J
11435,US,NY,EWR,G
10462,US,NY,JFK,A
14716,US,NY,BUF,G
11420,US,NY,JFK,A
12025,US,NY,ALB,D
11763,US,NY,JFK,E
11718,US,NY,EWR,J
13614,US,NY,SYR,I
13313,US,NY,SYR,F
10451,US,NY,JFK,A
11435,US,NY,JFK,A
10452,US,NY,EWR,G
10510,US,NY,SWF,C
10510,US,NY,JFK,F
10509,US,NY,SWF,B
10509,US,NY,JFK,G
13029,US,NY,SYR,B
11717,US,NY,JFK,E
11717,US,NY,EWR,J
12507,US,NY,ALB,E
13030,US,NY,SYR,C
10456,US,NY,JFK,A
14816,US,NY,ELM,B
10461,US,NY,EWR,G
10460,US,NY,JFK,A
10460,US,NY,EWR,G
10459,US,NY,JFK,A
10459,US,NY,EWR,G
10458,US,NY,JFK,A
10458,US,NY,EWR,G
10451,US,NY,EWR,G
10457,US,NY,EWR,G
10462,US,NY,EWR,G
10456,US,NY,EWR,G
10455,US,NY,JFK,A
10455,US,NY,EWR,G
10454,US,NY,JFK,A
10454,US,NY,EWR,G
10453,US,NY,JFK,A
10453,US,NY,EWR,G
10452,US,NY,JFK,A
10457,US,NY,JFK,A
12247,US,NY,ALB,A
12288,US,NY,ALB,A
12260,US,NY,ALB,A
12257,US,NY,ALB,A
12256,US,NY,ALB,A
12255,US,NY,ALB,A
12252,US,NY,ALB,A
12250,US,NY,ALB,A
12238,US,NY,ALB,A
12248,US,NY,ALB,A
14411,US,NY,ROC,F
12246,US,NY,ALB,A
12245,US,NY,ALB,A
12244,US,NY,ALB,A
12243,US,NY,ALB,A
12242,US,NY,ALB,A
12241,US,NY,ALB,A
12240,US,NY,ALB,A
14020,US,NY,BUF,D
12249,US,NY,ALB,A
14802,US,NY,ELM,D
12501,US,NY,SWF,D
10501,US,NY,SWF,D
10501,US,NY,JFK,F
12910,US,NY,PLB,B
12910,US,NY,ALB,G
12009,US,NY,ALB,C
12008,US,NY,ALB,C
14707,US,NY,BUF,G
11507,US,NY,EWR,H
14803,US,NY,ELM,D
11507,US,NY,JFK,B
13607,US,NY,SYR,H
14005,US,NY,BUF,G
13301,US,NY,SYR,G
11003,US,NY,JFK,B
11003,US,NY,EWR,H
14004,US,NY,BUF,C
12007,US,NY,ALB,E
12237,US,NY,ALB,A
14706,US,NY,BUF,F
14001,US,NY,BUF,D
12208,US,NY,ALB,A
12207,US,NY,ALB,A
12206,US,NY,ALB,A
12205,US,NY,ALB,A
12204,US,NY,ALB,A
12203,US,NY,ALB,A
12202,US,NY,ALB,A
12239,US,NY,ALB,A
12211,US,NY,ALB,A
12211,US,NY,ALB,A
12808,US,NY,ALB,F
14801,US,NY,ELM,B
13606,US,NY,SYR,G
14410,US,NY,ROC,B
13605,US,NY,SYR,G
12405,US,NY,ALB,E
12404,US,NY,SWF,D
12404,US,NY,ALB,F
12201,US,NY,ALB,A
12226,US,NY,ALB,A
12236,US,NY,ALB,A
12235,US,NY,ALB,A
12234,US,NY,ALB,A
12233,US,NY,ALB,A
12232,US,NY,ALB,A
12231,US,NY,ALB,A
12230,US,NY,ALB,A
12229,US,NY,ALB,A
12209,US,NY,ALB,A
12227,US,NY,ALB,A
12210,US,NY,ALB,A
12225,US,NY,ALB,A
12224,US,NY,ALB,A
12223,US,NY,ALB,A
12222,US,NY,ALB,A
12220,US,NY,ALB,A
12214,US,NY,ALB,A
12212,US,NY,ALB,A
14225,US,NY,BUF,A
12228,US,NY,ALB,A
12911,US,NY,ALB,F
12017,US,NY,ALB,E
12911,US,NY,PLB,B
12911,US,NY,ALB,F
12016,US,NY,ALB,D
13022,US,NY,SYR,C
13021,US,NY,SYR,C
12912,US,NY,PLB,B
13317,US,NY,ALB,E
12911,US,NY,PLB,B
11702,US,NY,EWR,I
14011,US,NY,BUF,F
11509,US,NY,JFK,B
11509,US,NY,EWR,H
14010,US,NY,BUF,C
12810,US,NY,ALB,F
12015,US,NY,ALB,E
11106,US,NY,JFK,A
11106,US,NY,EWR,G
12912,US,NY,ALB,G
12811,US,NY,ALB,F
13304,US,NY,SYR,E
14012,US,NY,BUF,E
10954,US,NY,SWF,C
10954,US,NY,JFK,F
12966,US,NY,ALB,G
12020,US,NY,ALB,C
12019,US,NY,ALB,C
13027,US,NY,SYR,C
12018,US,NY,ALB,C
11510,US,NY,EWR,H
14414,US,NY,ROC,B
13733,US,NY,SYR,H
11707,US,NY,EWR,I
11704,US,NY,JFK,D
11704,US,NY,EWR,I
11703,US,NY,JFK,D
11703,US,NY,EWR,I
11702,US,NY,JFK,D
11104,US,NY,JFK,A
11510,US,NY,JFK,B
12502,US,NY,ALB,E
11105,US,NY,JFK,A
14008,US,NY,BUF,E
13732,US,NY,BGM,C
13608,US,NY,SYR,H
12504,US,NY,ALB,E
12504,US,NY,ALB,E
14006,US,NY,BUF,F
14709,US,NY,BUF,G
14009,US,NY,BUF,F
12503,US,NY,ALB,F
10502,US,NY,EWR,K
12010,US,NY,ALB,C
11701,US,NY,JFK,D
11701,US,NY,EWR,I
11701,US,NY,JFK,D
11701,US,NY,EWR,I
14228,US,NY,BUF,A
14226,US,NY,BUF,A
11205,US,NY,EWR,G
13731,US,NY,ALB,G
10504,US,NY,JFK,F
14221,US,NY,BUF,A
11104,US,NY,EWR,G
11103,US,NY,JFK,A
11103,US,NY,EWR,G
11102,US,NY,JFK,A
11102,US,NY,EWR,G
11101,US,NY,JFK,A
11101,US,NY,EWR,G
13020,US,NY,SYR,D
10504,US,NY,SWF,D
11105,US,NY,EWR,G
12603,US,NY,SWF,B
12603,US,NY,JFK,G
12406,US,NY,ALB,G
12809,US,NY,ALB,E
10503,US,NY,JFK,C
10503,US,NY,EWR,K
10502,US,NY,SWF,D
10502,US,NY,JFK,C
12407,US,NY,ALB,F
10514,US,NY,JFK,F
12921,US,NY,PLB,A
12921,US,NY,ALB,F
14722,US,NY,BUF,F
13622,US,NY,SYR,H
12037,US,NY,ALB,E
12920,US,NY,ALB,G
12019,US,NY,ALB,C
11722,US,NY,JFK,E
10514,US,NY,SWF,C
14723,US,NY,BUF,F
12919,US,NY,PLB,B
12919,US,NY,ALB,F
14030,US,NY,BUF,F
13319,US,NY,SYR,D
14721,US,NY,BUF,F
10917,US,NY,SWF,A
10917,US,NY,JFK,G
10013,US,NY,EWR,G
12036,US,NY,ALB,G
12416,US,NY,ALB,F
13039,US,NY,SYR,B
12923,US,NY,PLB,B
12923,US,NY,ALB,G
14428,US,NY,ROC,B
10007,US,NY,JFK,A
10007,US,NY,EWR,G
13037,US,NY,SYR,C
10013,US,NY,JFK,A
14225,US,NY,BUF,A
12922,US,NY,ALB,H
14227,US,NY,BUF,A
10977,US,NY,SWF,C
10977,US,NY,JFK,F
12817,US,NY,ALB,F
10918,US,NY,SWF,A
13320,US,NY,ALB,F
12040,US,NY,ALB,C
11782,US,NY,JFK,E
11722,US,NY,EWR,J
10013,US,NY,EWR,G
14823,US,NY,ELM,D
13619,US,NY,SYR,H
10512,US,NY,SWF,B
12031,US,NY,ALB,E
11514,US,NY,JFK,B
11514,US,NY,EWR,H
11702,US,NY,JFK,D
11702,US,NY,EWR,I
13036,US,NY,SYR,E
13617,US,NY,SYR,I
12511,US,NY,SWF,A
14717,US,NY,BUF,F
13032,US,NY,SYR,C
14822,US,NY,ELM,D
14425,US,NY,ROC,C
14424,US,NY,ROC,C
10213,US,NY,JFK,A
10213,US,NY,EWR,G
11204,US,NY,EWR,G
13618,US,NY,SYR,H
13035,US,NY,SYR,C
12035,US,NY,ALB,E
11721,US,NY,JFK,D
11721,US,NY,EWR,I
11720,US,NY,JFK,E
11720,US,NY,EWR,J
11934,US,NY,JFK,E
12414,US,NY,ALB,E
14720,US,NY,BUF,F
13631,US,NY,SYR,I
11516,US,NY,EWR,H
14718,US,NY,BUF,F
14824,US,NY,ELM,C
13034,US,NY,SYR,F
14719,US,NY,BUF,F
12414,US,NY,ALB,E
13033,US,NY,SYR,E
13620,US,NY,SYR,H
12033,US,NY,ALB,C
14429,US,NY,ROC,D
11516,US,NY,JFK,B
13326,US,NY,ALB,F
14036,US,NY,BUF,E
11727,US,NY,JFK,E
11726,US,NY,JFK,D
11726,US,NY,EWR,I
13626,US,NY,SYR,I
12517,US,NY,ALB,F
12593,US,NY,ALB,F
14031,US,NY,BUF,C
13326,US,NY,SYR,H
14830,US,NY,ROC,Q
14827,US,NY,ELM,C
10566,US,NY,SWF,B
10566,US,NY,JFK,G
13044,US,NY,SYR,E
12926,US,NY,ALB,H
12417,US,NY,ALB,E
13748,US,NY,BGM,B
10920,US,NY,SWF,C
12516,US,NY,ALB,F
13045,US,NY,ELM,D
12521,US,NY,ALB,E
12927,US,NY,ALB,H
12192,US,NY,ALB,E
12051,US,NY,ALB,E
14037,US,NY,BUF,F
12419,US,NY,ALB,E
12823,US,NY,ALB,E
10566,US,NY,SWF,B
12822,US,NY,ALB,E
13045,US,NY,SYR,D
14830,US,NY,ELM,A
11368,US,NY,JFK,A
11368,US,NY,EWR,G
12418,US,NY,ALB,F
12520,US,NY,SWF,A
12518,US,NY,SWF,A
12518,US,NY,JFK,G
14831,US,NY,ELM,A
11725,US,NY,JFK,D
10566,US,NY,JFK,G
13322,US,NY,SYR,D
14435,US,NY,ROC,E
12514,US,NY,SWF,B
13323,US,NY,SYR,D
12042,US,NY,ALB,E
14432,US,NY,ROC,D
12065,US,NY,ALB,C
14428,US,NY,ROC,B
12820,US,NY,ALB,F
13043,US,NY,SYR,E
12819,US,NY,ALB,F
14433,US,NY,SYR,F
13624,US,NY,SYR,H
13041,US,NY,SYR,B
13039,US,NY,SYR,B
12513,US,NY,ALB,E
12041,US,NY,ALB,C
14430,US,NY,ROC,D
13321,US,NY,SYR,D
13317,US,NY,ALB,E
13042,US,NY,SYR,D
11724,US,NY,JFK,D
14032,US,NY,BUF,C
11725,US,NY,EWR,I
12050,US,NY,ALB,E
12205,US,NY,ALB,A
14035,US,NY,BUF,F
14034,US,NY,BUF,F
13747,US,NY,ALB,G
11356,US,NY,JFK,A
12515,US,NY,SWF,C
14033,US,NY,BUF,F
12821,US,NY,ALB,F
11724,US,NY,EWR,I
10516,US,NY,SWF,B
10516,US,NY,JFK,G
13324,US,NY,SYR,G
12047,US,NY,ALB,B
12046,US,NY,ALB,C
12045,US,NY,ALB,C
12043,US,NY,ALB,E
11356,US,NY,EWR,G
11231,US,NY,EWR,G
11235,US,NY,JFK,A
11235,US,NY,EWR,G
11234,US,NY,JFK,A
11234,US,NY,EWR,G
11233,US,NY,JFK,A
11233,US,NY,EWR,G
11232,US,NY,JFK,A
11225,US,NY,JFK,A
11231,US,NY,JFK,A
11237,US,NY,EWR,G
11230,US,NY,JFK,A
11230,US,NY,EWR,G
11229,US,NY,JFK,A
11229,US,NY,EWR,G
11228,US,NY,JFK,A
11228,US,NY,EWR,G
11226,US,NY,JFK,A
10013,US,NY,JFK,A
11232,US,NY,EWR,G
11241,US,NY,EWR,G
11248,US,NY,EWR,G
11247,US,NY,JFK,A
11247,US,NY,EWR,G
11244,US,NY,JFK,A
11244,US,NY,EWR,G
11243,US,NY,JFK,A
11243,US,NY,EWR,G
11242,US,NY,JFK,A
11236,US,NY,EWR,G
11241,US,NY,JFK,A
11236,US,NY,JFK,A
11240,US,NY,JFK,A
11240,US,NY,EWR,G
11239,US,NY,JFK,A
11239,US,NY,EWR,G
11238,US,NY,JFK,A
11238,US,NY,EWR,G
11237,US,NY,JFK,A
11225,US,NY,EWR,G
11242,US,NY,EWR,G
11209,US,NY,JFK,A
11214,US,NY,EWR,G
11213,US,NY,JFK,A
11213,US,NY,EWR,G
11212,US,NY,JFK,A
11212,US,NY,EWR,G
11211,US,NY,JFK,A
11211,US,NY,EWR,G
11226,US,NY,EWR,G
11210,US,NY,EWR,G
11215,US,NY,JFK,A
11209,US,NY,EWR,G
11208,US,NY,JFK,A
11208,US,NY,EWR,G
11207,US,NY,JFK,A
11207,US,NY,EWR,G
11206,US,NY,JFK,A
11206,US,NY,EWR,G
11205,US,NY,JFK,A
11210,US,NY,JFK,A
11219,US,NY,JFK,A
11224,US,NY,JFK,A
11224,US,NY,EWR,G
11223,US,NY,JFK,A
11223,US,NY,EWR,G
11222,US,NY,JFK,A
11222,US,NY,EWR,G
11221,US,NY,JFK,A
11221,US,NY,EWR,G
11214,US,NY,JFK,A
11220,US,NY,EWR,G
11215,US,NY,EWR,G
11219,US,NY,EWR,G
11218,US,NY,JFK,A
11218,US,NY,EWR,G
11217,US,NY,JFK,A
11217,US,NY,EWR,G
11216,US,NY,JFK,A
11216,US,NY,EWR,G
11249,US,NY,JFK,A
11220,US,NY,JFK,A
14263,US,NY,BUF,A
14280,US,NY,BUF,A
14276,US,NY,BUF,A
14273,US,NY,BUF,A
14272,US,NY,BUF,A
14270,US,NY,BUF,A
14269,US,NY,BUF,A
14267,US,NY,BUF,A
11248,US,NY,JFK,A
14264,US,NY,BUF,A
13315,US,NY,SYR,H
14261,US,NY,BUF,A
14260,US,NY,BUF,A
14240,US,NY,BUF,A
14233,US,NY,BUF,A
14231,US,NY,BUF,A
14228,US,NY,BUF,A
14227,US,NY,BUF,A
14226,US,NY,BUF,A
14265,US,NY,BUF,A
12918,US,NY,PLB,A
12029,US,NY,ALB,E
10916,US,NY,SWF,A
14821,US,NY,ELM,B
13031,US,NY,SYR,B
14820,US,NY,ELM,D
14819,US,NY,ELM,D
13316,US,NY,SYR,E
12816,US,NY,ALB,E
12917,US,NY,ALB,G
12413,US,NY,ALB,E
12722,US,NY,SWF,D
12918,US,NY,ALB,F
13783,US,NY,ALB,H
14422,US,NY,ROC,C
12028,US,NY,ALB,E
14028,US,NY,BUF,F
12027,US,NY,ALB,C
12019,US,NY,ALB,C
14223,US,NY,BUF,A
14423,US,NY,ROC,B
11255,US,NY,JFK,A
14225,US,NY,BUF,A
14201,US,NY,BUF,A
14225,US,NY,BUF,A
10511,US,NY,SWF,B
10511,US,NY,JFK,F
12916,US,NY,ALB,H
13615,US,NY,SYR,G
12033,US,NY,ALB,B
14203,US,NY,BUF,A
11256,US,NY,EWR,G
14204,US,NY,BUF,A
11255,US,NY,EWR,G
11254,US,NY,JFK,A
11254,US,NY,EWR,G
11252,US,NY,JFK,A
11252,US,NY,EWR,G
11251,US,NY,JFK,A
11251,US,NY,EWR,G
14038,US,NY,BUF,D
11256,US,NY,JFK,A
14213,US,NY,BUF,A
11249,US,NY,EWR,G
14222,US,NY,BUF,A
14221,US,NY,BUF,A
14220,US,NY,BUF,A
14219,US,NY,BUF,C
14218,US,NY,BUF,B
14217,US,NY,BUF,A
14216,US,NY,BUF,A
14202,US,NY,BUF,A
14214,US,NY,BUF,A
14224,US,NY,BUF,A
14212,US,NY,BUF,A
14211,US,NY,BUF,A
14210,US,NY,BUF,A
14209,US,NY,BUF,A
14208,US,NY,BUF,A
14207,US,NY,BUF,A
14206,US,NY,BUF,A
14205,US,NY,BUF,A
14215,US,NY,BUF,A
11779,US,NY,JFK,E
11570,US,NY,EWR,H
11576,US,NY,JFK,B
11576,US,NY,EWR,H
12472,US,NY,SWF,C
12472,US,NY,ALB,F
11422,US,NY,JFK,A
11422,US,NY,EWR,G
13450,US,NY,ALB,F
13683,US,NY,SYR,I
13683,US,NY,ALB,H
11577,US,NY,JFK,B
11575,US,NY,EWR,H
12150,US,NY,ALB,B
11779,US,NY,EWR,J
13441,US,NY,SYR,D
13440,US,NY,SYR,D
12205,US,NY,ALB,A
11778,US,NY,JFK,E
11592,US,NY,EWR,H
11572,US,NY,JFK,B
11572,US,NY,EWR,H
11571,US,NY,EWR,H
12862,US,NY,ALB,F
11575,US,NY,JFK,B
10573,US,NY,JFK,F
11780,US,NY,JFK,E
11780,US,NY,EWR,J
12943,US,NY,ALB,G
14778,US,NY,BUF,G
11412,US,NY,JFK,A
11412,US,NY,EWR,G
12864,US,NY,ALB,G
11720,US,NY,JFK,E
11720,US,NY,EWR,J
11420,US,NY,JFK,A
11577,US,NY,EWR,H
10573,US,NY,SWF,D
11694,US,NY,JFK,A
10580,US,NY,SWF,D
10580,US,NY,JFK,C
14777,US,NY,BUF,G
14543,US,NY,ROC,B
12475,US,NY,ALB,E
12474,US,NY,ALB,G
12979,US,NY,PLB,B
12979,US,NY,ALB,F
12473,US,NY,ALB,E
12151,US,NY,ALB,C
11420,US,NY,EWR,G
14611,US,NY,ROC,A
11570,US,NY,JFK,B
14622,US,NY,ROC,A
14621,US,NY,ROC,A
14620,US,NY,ROC,A
14619,US,NY,ROC,A
14618,US,NY,ROC,A
14617,US,NY,ROC,A
14616,US,NY,ROC,A
14615,US,NY,ROC,A
14614,US,NY,ROC,A
14624,US,NY,ROC,A
14612,US,NY,ROC,A
14625,US,NY,ROC,A
14610,US,NY,ROC,A
14609,US,NY,ROC,A
14608,US,NY,ROC,A
14607,US,NY,ROC,A
14606,US,NY,ROC,A
14605,US,NY,ROC,A
14604,US,NY,ROC,A
14603,US,NY,ROC,A
14602,US,NY,ROC,A
14557,US,NY,ROC,D
14613,US,NY,ROC,A
14649,US,NY,ROC,A
11694,US,NY,EWR,G
12575,US,NY,SWF,A
12863,US,NY,ALB,C
14694,US,NY,ROC,A
14692,US,NY,ROC,A
14683,US,NY,ROC,A
14673,US,NY,ROC,A
14664,US,NY,ROC,A
14653,US,NY,ROC,A
14652,US,NY,ROC,A
14623,US,NY,ROC,A
14650,US,NY,ROC,A
12980,US,NY,ALB,H
14647,US,NY,ROC,A
14646,US,NY,ROC,A
14645,US,NY,ROC,A
14644,US,NY,ROC,A
14643,US,NY,ROC,A
14642,US,NY,ROC,A
14639,US,NY,ROC,A
14638,US,NY,ROC,A
14627,US,NY,ROC,A
14626,US,NY,ROC,A
14651,US,NY,ROC,A
11733,US,NY,JFK,E
13452,US,NY,ALB,E
12481,US,NY,ALB,E
11967,US,NY,JFK,E
13837,US,NY,ALB,H
13461,US,NY,SYR,C
14135,US,NY,BUF,F
13460,US,NY,SYR,G
13459,US,NY,ALB,F
12480,US,NY,ALB,F
12409,US,NY,SWF,D
14548,US,NY,ROC,B
12872,US,NY,ALB,F
10588,US,NY,JFK,F
11733,US,NY,EWR,J
13148,US,NY,SYR,E
12158,US,NY,ALB,C
11784,US,NY,JFK,E
11784,US,NY,EWR,J
11783,US,NY,JFK,B
11783,US,NY,EWR,H
11579,US,NY,JFK,B
11579,US,NY,EWR,H
14546,US,NY,ROC,B
12409,US,NY,ALB,E
12159,US,NY,ALB,B
11421,US,NY,EWR,G
10589,US,NY,SWF,C
10589,US,NY,JFK,F
13209,US,NY,SYR,A
14226,US,NY,BUF,A
13605,US,NY,SYR,G
11788,US,NY,JFK,E
11788,US,NY,EWR,J
11787,US,NY,JFK,E
11787,US,NY,EWR,J
12481,US,NY,SWF,D
12160,US,NY,ALB,E
14880,US,NY,BUF,G
10973,US,NY,SWF,A
13153,US,NY,SYR,C
13152,US,NY,SYR,C
14782,US,NY,BUF,F
14136,US,NY,BUF,F
12874,US,NY,ALB,F
12211,US,NY,ALB,A
13838,US,NY,SYR,G
12873,US,NY,ALB,E
10588,US,NY,SWF,C
10974,US,NY,SWF,C
11050,US,NY,EWR,H
14879,US,NY,ELM,B
12477,US,NY,SWF,D
12477,US,NY,ALB,E
12866,US,NY,ALB,C
12983,US,NY,ALB,G
12981,US,NY,PLB,B
12981,US,NY,ALB,G
13455,US,NY,SYR,D
13145,US,NY,SYR,F
14133,US,NY,BUF,F
12302,US,NY,ALB,B
11050,US,NY,JFK,B
10510,US,NY,SWF,C
12153,US,NY,ALB,C
14132,US,NY,BUF,C
11706,US,NY,JFK,E
12578,US,NY,SWF,B
12577,US,NY,SWF,A
13454,US,NY,ALB,E
14779,US,NY,BUF,G
12401,US,NY,SWF,C
12401,US,NY,ALB,E
12471,US,NY,SWF,C
14065,US,NY,BUF,G
12306,US,NY,ALB,A
13452,US,NY,SYR,G
12871,US,NY,ALB,E
12985,US,NY,PLB,A
12985,US,NY,ALB,G
12870,US,NY,ALB,F
12157,US,NY,ALB,E
12156,US,NY,ALB,C
12155,US,NY,ALB,G
12345,US,NY,ALB,A
12309,US,NY,ALB,A
11782,US,NY,JFK,E
12307,US,NY,ALB,A
10510,US,NY,JFK,F
12305,US,NY,ALB,B
12304,US,NY,ALB,A
12303,US,NY,ALB,A
12302,US,NY,ALB,B
12301,US,NY,ALB,A
12008,US,NY,ALB,C
12154,US,NY,ALB,D
10583,US,NY,SWF,D
10583,US,NY,JFK,C
10583,US,NY,EWR,K
10940,US,NY,SWF,A
12308,US,NY,ALB,A
12972,US,NY,ALB,F
10566,US,NY,JFK,G
13674,US,NY,SYR,G
10968,US,NY,SWF,C
10968,US,NY,JFK,F
12973,US,NY,ALB,H
13135,US,NY,SYR,C
12464,US,NY,ALB,F
12565,US,NY,ALB,E
13673,US,NY,SYR,H
12138,US,NY,ALB,D
12844,US,NY,ALB,F
12972,US,NY,PLB,A
12566,US,NY,SWF,A
13032,US,NY,SYR,C
14129,US,NY,BUF,F
14530,US,NY,ROC,G
13132,US,NY,SYR,D
14527,US,NY,ROC,G
14526,US,NY,ROC,A
10803,US,NY,SWF,D
10803,US,NY,JFK,C
10803,US,NY,EWR,K
14624,US,NY,ROC,A
12138,US,NY,ALB,D
11030,US,NY,EWR,H
10570,US,NY,SWF,C
10570,US,NY,JFK,F
12569,US,NY,SWF,B
12903,US,NY,PLB,A
12903,US,NY,ALB,F
12903,US,NY,PLB,A
12903,US,NY,ALB,F
12901,US,NY,PLB,A
12901,US,NY,ALB,F
12901,US,NY,PLB,A
14533,US,NY,ROC,E
11030,US,NY,JFK,B
10038,US,NY,JFK,A
13137,US,NY,SYR,E
11803,US,NY,JFK,B
11803,US,NY,EWR,H
14534,US,NY,ROC,A
12139,US,NY,ALB,H
14872,US,NY,ELM,C
12567,US,NY,ALB,F
10969,US,NY,SWF,C
12465,US,NY,ALB,G
14871,US,NY,ELM,B
12568,US,NY,SWF,A
10962,US,NY,JFK,F
10566,US,NY,SWF,B
12969,US,NY,ALB,H
13827,US,NY,BGM,C
14766,US,NY,BUF,F
10963,US,NY,SWF,B
13126,US,NY,SYR,E
10562,US,NY,SWF,C
10562,US,NY,JFK,F
13425,US,NY,SYR,D
13424,US,NY,SYR,D
11771,US,NY,JFK,B
10962,US,NY,SWF,C
11416,US,NY,EWR,G
13104,US,NY,SYR,B
14520,US,NY,ROC,C
14519,US,NY,ROC,C
13215,US,NY,SYR,A
13820,US,NY,SYR,H
13421,US,NY,SYR,C
12989,US,NY,ALB,G
12857,US,NY,ALB,G
11003,US,NY,JFK,B
12461,US,NY,ALB,F
14127,US,NY,BUF,C
14522,US,NY,ROC,C
10038,US,NY,EWR,G
10965,US,NY,SWF,C
10965,US,NY,JFK,G
12564,US,NY,SWF,D
14525,US,NY,ROC,F
12970,US,NY,ALB,H
12137,US,NY,ALB,C
12563,US,NY,SWF,C
11772,US,NY,JFK,E
13131,US,NY,SYR,E
11771,US,NY,EWR,H
14625,US,NY,ROC,A
13431,US,NY,SYR,D
10964,US,NY,SWF,C
10964,US,NY,JFK,F
12463,US,NY,ALB,E
13428,US,NY,SYR,G
13428,US,NY,ALB,E
14870,US,NY,ROC,Q
14870,US,NY,ELM,B
11417,US,NY,JFK,A
11417,US,NY,EWR,G
11416,US,NY,JFK,A
12858,US,NY,ALB,F
12804,US,NY,ALB,D
12140,US,NY,ALB,C
12507,US,NY,SWF,C
12507,US,NY,ALB,E
12504,US,NY,ALB,E
13143,US,NY,SYR,F
13678,US,NY,SYR,I
12977,US,NY,ALB,G
12143,US,NY,ALB,C
13436,US,NY,ALB,H
14131,US,NY,BUF,E
12978,US,NY,ALB,G
12976,US,NY,ALB,H
12978,US,NY,PLB,B
12801,US,NY,ALB,D
11429,US,NY,JFK,A
11429,US,NY,EWR,G
11428,US,NY,JFK,A
11428,US,NY,EWR,G
11427,US,NY,JFK,A
11427,US,NY,EWR,G
12141,US,NY,ALB,D
10579,US,NY,SWF,C
10579,US,NY,JFK,F
14772,US,NY,BUF,F
12572,US,NY,SWF,C
11386,US,NY,JFK,A
11386,US,NY,EWR,G
11385,US,NY,JFK,A
11385,US,NY,EWR,G
14626,US,NY,ROC,A
11961,US,NY,JFK,E
13681,US,NY,SYR,I
12149,US,NY,ALB,F
11418,US,NY,JFK,A
11418,US,NY,EWR,G
12571,US,NY,ALB,E
12574,US,NY,ALB,E
10578,US,NY,SWF,D
12572,US,NY,ALB,E
12148,US,NY,ALB,C
14539,US,NY,ROC,D
12147,US,NY,ALB,D
13680,US,NY,SYR,I
12144,US,NY,ALB,A
13438,US,NY,SYR,G
11374,US,NY,JFK,A
11374,US,NY,EWR,G
13679,US,NY,SYR,H
13439,US,NY,SYR,G
12974,US,NY,ALB,G
11051,US,NY,EWR,H
11050,US,NY,JFK,B
11050,US,NY,EWR,H
13433,US,NY,SYR,H
12975,US,NY,ALB,F
12771,US,NY,SWF,C
11777,US,NY,JFK,E
11777,US,NY,EWR,J
11776,US,NY,JFK,E
11776,US,NY,EWR,J
12861,US,NY,ALB,G
11777,US,NY,EWR,J
12859,US,NY,ALB,C
14537,US,NY,ROC,D
12466,US,NY,SWF,C
12466,US,NY,ALB,E
10573,US,NY,SWF,D
10573,US,NY,JFK,F
13140,US,NY,SYR,C
13332,US,NY,SYR,G
13138,US,NY,SYR,D
10970,US,NY,SWF,C
12482,US,NY,ALB,E
11777,US,NY,JFK,E
10576,US,NY,JFK,F
13607,US,NY,SYR,H
10578,US,NY,JFK,F
10577,US,NY,SWF,D
10577,US,NY,JFK,F
13142,US,NY,SYR,E
10012,US,NY,JFK,A
10012,US,NY,EWR,G
12469,US,NY,ALB,F
13141,US,NY,SYR,D
12468,US,NY,ALB,F
11052,US,NY,EWR,H
10576,US,NY,SWF,D
11055,US,NY,EWR,H
12570,US,NY,SWF,C
12603,US,NY,SWF,B
12603,US,NY,JFK,G
12602,US,NY,JFK,G
12601,US,NY,SWF,B
12601,US,NY,JFK,G
12860,US,NY,ALB,F
13676,US,NY,SYR,I
14770,US,NY,BUF,G
14769,US,NY,BUF,F
12470,US,NY,ALB,E
14873,US,NY,ELM,D
12491,US,NY,ALB,E
13491,US,NY,SYR,G
10997,US,NY,JFK,G
10996,US,NY,SWF,A
10996,US,NY,JFK,G
12493,US,NY,SWF,C
10994,US,NY,JFK,F
13167,US,NY,SYR,D
12195,US,NY,ALB,D
12492,US,NY,ALB,F
11795,US,NY,JFK,E
12196,US,NY,ALB,C
12491,US,NY,SWF,C
11796,US,NY,EWR,J
14586,US,NY,ROC,A
11552,US,NY,JFK,B
11552,US,NY,EWR,H
10993,US,NY,SWF,C
10993,US,NY,JFK,F
10604,US,NY,SWF,D
10604,US,NY,JFK,C
10604,US,NY,EWR,K
11702,US,NY,JFK,D
12586,US,NY,SWF,A
11795,US,NY,EWR,J
11590,US,NY,JFK,B
11798,US,NY,EWR,I
12936,US,NY,ALB,F
12886,US,NY,ALB,F
10998,US,NY,SWF,B
12993,US,NY,ALB,G
14788,US,NY,BUF,G
13490,US,NY,SYR,D
14624,US,NY,ROC,A
13488,US,NY,ALB,F
14787,US,NY,BUF,F
14543,US,NY,ROC,B
11595,US,NY,EWR,H
13860,US,NY,ALB,G
11590,US,NY,EWR,H
11568,US,NY,JFK,B
11568,US,NY,EWR,H
13491,US,NY,SYR,G
14171,US,NY,BUF,F
12494,US,NY,ALB,F
14224,US,NY,BUF,A
14218,US,NY,BUF,B
14210,US,NY,BUF,A
11796,US,NY,JFK,E
12193,US,NY,ALB,D
12590,US,NY,ALB,F
11702,US,NY,EWR,I
13601,US,NY,SYR,G
13165,US,NY,SYR,F
12188,US,NY,ALB,B
12592,US,NY,SWF,D
10992,US,NY,SWF,A
10990,US,NY,SWF,B
14569,US,NY,ROC,G
12885,US,NY,ALB,E
12187,US,NY,ALB,E
13480,US,NY,SYR,D
12590,US,NY,SWF,B
12189,US,NY,ALB,A
11793,US,NY,JFK,B
11793,US,NY,EWR,H
13163,US,NY,SYR,C
14568,US,NY,ROC,C
13856,US,NY,ALB,H
12589,US,NY,SWF,A
10005,US,NY,JFK,A
10005,US,NY,EWR,G
12588,US,NY,SWF,C
12161,US,NY,ALB,B
13164,US,NY,SYR,C
11704,US,NY,JFK,D
14883,US,NY,ELM,D
12192,US,NY,ALB,E
12593,US,NY,ALB,F
12992,US,NY,PLB,A
12992,US,NY,ALB,F
12010,US,NY,ALB,C
12490,US,NY,ALB,E
11717,US,NY,JFK,E
11717,US,NY,EWR,J
14585,US,NY,ROC,C
13602,US,NY,SYR,G
11707,US,NY,EWR,I
12057,US,NY,ALB,E
11704,US,NY,EWR,I
14895,US,NY,BUF,G
12190,US,NY,ALB,G
13640,US,NY,SYR,I
13166,US,NY,SYR,C
14580,US,NY,ROC,A
14892,US,NY,ELM,C
11690,US,NY,JFK,A
11690,US,NY,EWR,G
14891,US,NY,ELM,C
12966,US,NY,ALB,G
12198,US,NY,ALB,B
11798,US,NY,JFK,D
10704,US,NY,EWR,K
10703,US,NY,SWF,D
10703,US,NY,JFK,C
10703,US,NY,EWR,K
10702,US,NY,JFK,C
10702,US,NY,EWR,K
10701,US,NY,SWF,D
10701,US,NY,JFK,C
10701,US,NY,EWR,K
10704,US,NY,SWF,D
14591,US,NY,ROC,G
10705,US,NY,EWR,K
11798,US,NY,JFK,D
11798,US,NY,EWR,I
12790,US,NY,SWF,D
12197,US,NY,ALB,G
13650,US,NY,ALB,G
12498,US,NY,SWF,D
12498,US,NY,ALB,E
11377,US,NY,JFK,A
11377,US,NY,EWR,G
12789,US,NY,SWF,D
11980,US,NY,JFK,E
10708,US,NY,SWF,D
12791,US,NY,SWF,D
14174,US,NY,BUF,F
13495,US,NY,SYR,D
10598,US,NY,SWF,B
10598,US,NY,JFK,F
14592,US,NY,ROC,F
10710,US,NY,SWF,D
10710,US,NY,JFK,C
10710,US,NY,EWR,K
10709,US,NY,SWF,D
10704,US,NY,JFK,C
10709,US,NY,EWR,K
11421,US,NY,JFK,A
10708,US,NY,JFK,C
10708,US,NY,EWR,K
10707,US,NY,SWF,D
10707,US,NY,JFK,C
10707,US,NY,EWR,K
10706,US,NY,SWF,D
10706,US,NY,JFK,C
10706,US,NY,EWR,K
10705,US,NY,SWF,D
10705,US,NY,JFK,C
10709,US,NY,JFK,C
10604,US,NY,EWR,K
12997,US,NY,ALB,G
10607,US,NY,SWF,D
10607,US,NY,JFK,C
10607,US,NY,EWR,K
10606,US,NY,SWF,D
10606,US,NY,JFK,C
10606,US,NY,EWR,K
10605,US,NY,SWF,D
10605,US,NY,JFK,C
10605,US,NY,EWR,K
11598,US,NY,JFK,B
10604,US,NY,JFK,C
11357,US,NY,EWR,G
10603,US,NY,SWF,D
10603,US,NY,JFK,C
10603,US,NY,EWR,K
10602,US,NY,JFK,C
10602,US,NY,EWR,K
10601,US,NY,SWF,D
10601,US,NY,JFK,C
10601,US,NY,EWR,K
12786,US,NY,JFK,G
14533,US,NY,ROC,E
10604,US,NY,SWF,D
12996,US,NY,ALB,G
12995,US,NY,ALB,G
11421,US,NY,EWR,G
13494,US,NY,SYR,H
11797,US,NY,JFK,B
11797,US,NY,EWR,H
12788,US,NY,SWF,D
12998,US,NY,ALB,G
13697,US,NY,ALB,H
12496,US,NY,ALB,E
12831,US,NY,ALB,E
12887,US,NY,ALB,F
12997,US,NY,ALB,G
13492,US,NY,SYR,D
12495,US,NY,ALB,F
11596,US,NY,JFK,B
11596,US,NY,EWR,H
14231,US,NY,BUF,A
14221,US,NY,BUF,A
13493,US,NY,SYR,F
14589,US,NY,ROC,C
12533,US,NY,SWF,A
12533,US,NY,JFK,G
11357,US,NY,JFK,A
11598,US,NY,EWR,H
14172,US,NY,BUF,F
11790,US,NY,JFK,E
10313,US,NY,EWR,D
10901,US,NY,SWF,B
10901,US,NY,JFK,F
12174,US,NY,ALB,E
12173,US,NY,ALB,E
13470,US,NY,ALB,F
12172,US,NY,ALB,E
12582,US,NY,SWF,C
10980,US,NY,SWF,B
10980,US,NY,JFK,F
12986,US,NY,ALB,G
11794,US,NY,EWR,J
11104,US,NY,EWR,G
11790,US,NY,EWR,J
12484,US,NY,SWF,C
12484,US,NY,ALB,E
14784,US,NY,BUF,F
12170,US,NY,ALB,D
10974,US,NY,SWF,C
12169,US,NY,ALB,E
12168,US,NY,ALB,D
14144,US,NY,BUF,E
14169,US,NY,BUF,F
12878,US,NY,ALB,F
13202,US,NY,SYR,A
13215,US,NY,SYR,A
13214,US,NY,SYR,A
13212,US,NY,SYR,A
13211,US,NY,SYR,A
13210,US,NY,SYR,B
13209,US,NY,SYR,A
13208,US,NY,SYR,A
13207,US,NY,SYR,A
13206,US,NY,SYR,A
13205,US,NY,SYR,A
12175,US,NY,ALB,G
13203,US,NY,SYR,A
10312,US,NY,EWR,D
13201,US,NY,SYR,A
13212,US,NY,SYR,A
11791,US,NY,JFK,B
11791,US,NY,EWR,H
12533,US,NY,SWF,A
12533,US,NY,JFK,G
13157,US,NY,SYR,C
14051,US,NY,BUF,B
12176,US,NY,ALB,E
11104,US,NY,JFK,A
13204,US,NY,SYR,A
14558,US,NY,ROC,E
10314,US,NY,EWR,D
10975,US,NY,SWF,C
14139,US,NY,BUF,F
11720,US,NY,JFK,E
11720,US,NY,EWR,J
12133,US,NY,ALB,C
10590,US,NY,SWF,D
10590,US,NY,JFK,F
12601,US,NY,SWF,B
12601,US,NY,JFK,G
12164,US,NY,ALB,G
11419,US,NY,EWR,G
14883,US,NY,ELM,D
13842,US,NY,ALB,G
11550,US,NY,JFK,B
11550,US,NY,EWR,H
12803,US,NY,ALB,D
11735,US,NY,JFK,D
11735,US,NY,EWR,I
12779,US,NY,SWF,D
13411,US,NY,SYR,G
14138,US,NY,BUF,F
14227,US,NY,BUF,A
11419,US,NY,JFK,A
14143,US,NY,ROC,G
10311,US,NY,EWR,D
10310,US,NY,EWR,D
10309,US,NY,EWR,D
10308,US,NY,EWR,D
10307,US,NY,EWR,D
10306,US,NY,EWR,D
10305,US,NY,EWR,D
10304,US,NY,EWR,D
10303,US,NY,EWR,D
10302,US,NY,EWR,D
10976,US,NY,SWF,C
12167,US,NY,ALB,G
13220,US,NY,SYR,A
12580,US,NY,SWF,B
14141,US,NY,BUF,F
11413,US,NY,JFK,A
11413,US,NY,EWR,G
13468,US,NY,ALB,F
10977,US,NY,SWF,C
10977,US,NY,JFK,F
12166,US,NY,ALB,E
12165,US,NY,ALB,E
14559,US,NY,ROC,B
10301,US,NY,EWR,D
13505,US,NY,SYR,D
13217,US,NY,SYR,A
11581,US,NY,JFK,B
11581,US,NY,EWR,H
11580,US,NY,JFK,B
11580,US,NY,EWR,H
12185,US,NY,ALB,E
10989,US,NY,SWF,C
10595,US,NY,SWF,C
10595,US,NY,JFK,F
12184,US,NY,ALB,E
11582,US,NY,JFK,B
13599,US,NY,SYR,D
14048,US,NY,BUF,F
13504,US,NY,SYR,D
13503,US,NY,SYR,D
13502,US,NY,SYR,D
13501,US,NY,SYR,D
12945,US,NY,ALB,H
12987,US,NY,ALB,G
11553,US,NY,JFK,B
11553,US,NY,EWR,H
13160,US,NY,SYR,E
14563,US,NY,ROC,B
12584,US,NY,SWF,A
14810,US,NY,ELM,C
12993,US,NY,ALB,G
13694,US,NY,SYR,I
10597,US,NY,SWF,D
10604,US,NY,SWF,D
10604,US,NY,JFK,C
10604,US,NY,EWR,K
12186,US,NY,ALB,C
10014,US,NY,JFK,A
10014,US,NY,EWR,G
12884,US,NY,ALB,E
11582,US,NY,EWR,H
14810,US,NY,ROC,G
14510,US,NY,ROC,F
13851,US,NY,BGM,B
13850,US,NY,BGM,B
10596,US,NY,SWF,C
10596,US,NY,JFK,F
13478,US,NY,SYR,C
13476,US,NY,SYR,C
12989,US,NY,ALB,G
14167,US,NY,BUF,G
13475,US,NY,ALB,E
14166,US,NY,BUF,F
14564,US,NY,ROC,B
12879,US,NY,ALB,G
12858,US,NY,ALB,F
10594,US,NY,SWF,C
10594,US,NY,JFK,F
12834,US,NY,ALB,E
10985,US,NY,SWF,C
10984,US,NY,SWF,C
13691,US,NY,SYR,H
10591,US,NY,SWF,C
10591,US,NY,JFK,F
10983,US,NY,JFK,F
13849,US,NY,SYR,G
12424,US,NY,ALB,E
12583,US,NY,ALB,E
12138,US,NY,ALB,D
13471,US,NY,SYR,D
13261,US,NY,SYR,A
13252,US,NY,SYR,A
13251,US,NY,SYR,A
13250,US,NY,SYR,A
13244,US,NY,SYR,A
13224,US,NY,SYR,A
13221,US,NY,SYR,A
14760,US,NY,BUF,G
12485,US,NY,ALB,E
12180,US,NY,ALB,A
13219,US,NY,SYR,A
13473,US,NY,SYR,E
12261,US,NY,ALB,A
12986,US,NY,ALB,G
13159,US,NY,SYR,D
10707,US,NY,SWF,D
10707,US,NY,JFK,C
10707,US,NY,EWR,K
14886,US,NY,SYR,G
12183,US,NY,ALB,A
12883,US,NY,ALB,F
12181,US,NY,ALB,A
12486,US,NY,ALB,F
13847,US,NY,ALB,G
10006,US,NY,JFK,A
10006,US,NY,EWR,G
12177,US,NY,ALB,D
14223,US,NY,BUF,A
14217,US,NY,BUF,A
14151,US,NY,BUF,A
14150,US,NY,BUF,A
10986,US,NY,SWF,C
10986,US,NY,JFK,F
10987,US,NY,SWF,C
12182,US,NY,ALB,B
12544,US,NY,ALB,E
12543,US,NY,SWF,A
11566,US,NY,JFK,B
11566,US,NY,EWR,H
13113,US,NY,SYR,E
13753,US,NY,ALB,G
14506,US,NY,ROC,B
13112,US,NY,SYR,D
11775,US,NY,EWR,H
11750,US,NY,EWR,I
11747,US,NY,JFK,D
12955,US,NY,PLB,B
12121,US,NY,ALB,C
13114,US,NY,SYR,F
12120,US,NY,ALB,E
14103,US,NY,BUF,G
12118,US,NY,ALB,C
11003,US,NY,EWR,H
12203,US,NY,ALB,A
13101,US,NY,SYR,F
13401,US,NY,SYR,D
14757,US,NY,BUF,F
12117,US,NY,ALB,D
12952,US,NY,PLB,B
11747,US,NY,EWR,I
12122,US,NY,ALB,E
12547,US,NY,JFK,G
10546,US,NY,SWF,C
10546,US,NY,JFK,F
14864,US,NY,ELM,C
12546,US,NY,ALB,F
12545,US,NY,SWF,C
11765,US,NY,JFK,B
11765,US,NY,EWR,H
13807,US,NY,ALB,G
13406,US,NY,SYR,G
12955,US,NY,ALB,H
14105,US,NY,BUF,F
13211,US,NY,SYR,A
11379,US,NY,JFK,A
11379,US,NY,EWR,G
11379,US,NY,JFK,A
11379,US,NY,EWR,G
11953,US,NY,JFK,E
12550,US,NY,SWF,A
12550,US,NY,JFK,G
12850,US,NY,ALB,D
12849,US,NY,ALB,F
12848,US,NY,ALB,E
10940,US,NY,SWF,A
12115,US,NY,ALB,C
12302,US,NY,ALB,B
11030,US,NY,JFK,B
11030,US,NY,EWR,H
14504,US,NY,ROC,B
10543,US,NY,SWF,D
10543,US,NY,JFK,C
10543,US,NY,EWR,K
11565,US,NY,JFK,B
11565,US,NY,EWR,H
12953,US,NY,ALB,G
11949,US,NY,JFK,E
12453,US,NY,ALB,E
14756,US,NY,BUF,G
11357,US,NY,JFK,A
11357,US,NY,EWR,G
10541,US,NY,SWF,C
13660,US,NY,SYR,I
13402,US,NY,SYR,F
14101,US,NY,BUF,F
14502,US,NY,ROC,B
13368,US,NY,SYR,G
12955,US,NY,PLB,B
11568,US,NY,JFK,B
13103,US,NY,SYR,E
10545,US,NY,SWF,C
11951,US,NY,JFK,E
11951,US,NY,EWR,J
11950,US,NY,JFK,E
13662,US,NY,SYR,I
12986,US,NY,ALB,G
11762,US,NY,JFK,B
11762,US,NY,EWR,H
11758,US,NY,JFK,B
11758,US,NY,EWR,H
11378,US,NY,JFK,A
13104,US,NY,SYR,B
12116,US,NY,ALB,G
11501,US,NY,JFK,B
13111,US,NY,SYR,D
12542,US,NY,SWF,A
14505,US,NY,ROC,C
14102,US,NY,BUF,E
13110,US,NY,SYR,E
12455,US,NY,ALB,G
13403,US,NY,SYR,D
13108,US,NY,SYR,C
12454,US,NY,ALB,E
13107,US,NY,SYR,E
11378,US,NY,EWR,G
13410,US,NY,ALB,E
12547,US,NY,SWF,A
10958,US,NY,SWF,A
12590,US,NY,SWF,B
12590,US,NY,ALB,F
10956,US,NY,SWF,C
13411,US,NY,SYR,G
12124,US,NY,ALB,C
11767,US,NY,JFK,E
11767,US,NY,EWR,J
11694,US,NY,JFK,A
11040,US,NY,EWR,H
13410,US,NY,SYR,G
11040,US,NY,JFK,B
13120,US,NY,SYR,B
13665,US,NY,SYR,I
12123,US,NY,ALB,D
12764,US,NY,SWF,D
12458,US,NY,SWF,D
10954,US,NY,SWF,C
10954,US,NY,JFK,F
14120,US,NY,BUF,B
11510,US,NY,JFK,B
11510,US,NY,EWR,H
11694,US,NY,EWR,G
10801,US,NY,SWF,D
12553,US,NY,JFK,G
12410,US,NY,ALB,G
10805,US,NY,SWF,D
10805,US,NY,JFK,C
10805,US,NY,EWR,K
10804,US,NY,SWF,D
10804,US,NY,JFK,F
10803,US,NY,SWF,D
10803,US,NY,JFK,C
10803,US,NY,EWR,K
13413,US,NY,SYR,D
10802,US,NY,EWR,K
10553,US,NY,SWF,D
10801,US,NY,JFK,C
10801,US,NY,EWR,K
12561,US,NY,SWF,B
12125,US,NY,ALB,D
12459,US,NY,ALB,G
11099,US,NY,EWR,H
11043,US,NY,EWR,H
11042,US,NY,JFK,B
11042,US,NY,EWR,H
11041,US,NY,EWR,H
10802,US,NY,JFK,C
12561,US,NY,SWF,B
10548,US,NY,SWF,C
10548,US,NY,JFK,F
14865,US,NY,ELM,C
12701,US,NY,SWF,D
12549,US,NY,SWF,A
13117,US,NY,SYR,F
10901,US,NY,SWF,B
10901,US,NY,JFK,F
10952,US,NY,SWF,C
10952,US,NY,JFK,F
13624,US,NY,SYR,H
12957,US,NY,ALB,H
12959,US,NY,ALB,G
10547,US,NY,SWF,C
10547,US,NY,JFK,F
13407,US,NY,SYR,E
12548,US,NY,SWF,A
14107,US,NY,BUF,E
13116,US,NY,SYR,B
12956,US,NY,ALB,G
13115,US,NY,SYR,C
12851,US,NY,ALB,G
12952,US,NY,ALB,H
10950,US,NY,SWF,A
10549,US,NY,SWF,C
11501,US,NY,EWR,H
10553,US,NY,JFK,F
10552,US,NY,SWF,D
10552,US,NY,JFK,F
10551,US,NY,JFK,F
10550,US,NY,SWF,D
10550,US,NY,JFK,F
12457,US,NY,ALB,F
11766,US,NY,JFK,E
11766,US,NY,EWR,J
12958,US,NY,ALB,G
12456,US,NY,ALB,E
12958,US,NY,PLB,B
10549,US,NY,JFK,F
13119,US,NY,SYR,C
14508,US,NY,ROC,E
13408,US,NY,SYR,G
13664,US,NY,SYR,I
12962,US,NY,PLB,A
12962,US,NY,ALB,F
12961,US,NY,ALB,G
12960,US,NY,ALB,G
12959,US,NY,PLB,B
14511,US,NY,ROC,D
14510,US,NY,ROC,F
13361,US,NY,SYR,G
11753,US,NY,JFK,B
12944,US,NY,PLB,A
12944,US,NY,ALB,F
12924,US,NY,PLB,B
12924,US,NY,ALB,F
12911,US,NY,PLB,B
12911,US,NY,ALB,F
12943,US,NY,ALB,G
12942,US,NY,ALB,G
12844,US,NY,ALB,F
14217,US,NY,BUF,A
10536,US,NY,JFK,F
14223,US,NY,BUF,A
13080,US,NY,SYR,C
12095,US,NY,ALB,D
12094,US,NY,ALB,D
13790,US,NY,BGM,A
12843,US,NY,ALB,F
11430,US,NY,JFK,A
11430,US,NY,EWR,G
12444,US,NY,ALB,F
11853,US,NY,JFK,B
12955,US,NY,ALB,H
10536,US,NY,SWF,C
11754,US,NY,JFK,E
13656,US,NY,SYR,H
12461,US,NY,ALB,F
12107,US,NY,ALB,D
10002,US,NY,JFK,A
10002,US,NY,EWR,G
11706,US,NY,JFK,E
13795,US,NY,BGM,C
13082,US,NY,SYR,C
12401,US,NY,SWF,C
12401,US,NY,ALB,E
14476,US,NY,ROC,E
11024,US,NY,EWR,H
11753,US,NY,EWR,H
11754,US,NY,EWR,J
12106,US,NY,ALB,E
14748,US,NY,BUF,G
12751,US,NY,SWF,D
11415,US,NY,JFK,A
11415,US,NY,EWR,G
12446,US,NY,SWF,C
10512,US,NY,SWF,B
14477,US,NY,ROC,E
14747,US,NY,BUF,G
11024,US,NY,JFK,B
11426,US,NY,JFK,A
11853,US,NY,EWR,H
11432,US,NY,EWR,G
11431,US,NY,JFK,A
11431,US,NY,EWR,G
11430,US,NY,JFK,A
11430,US,NY,EWR,G
11429,US,NY,JFK,A
11429,US,NY,EWR,G
11428,US,NY,JFK,A
11428,US,NY,EWR,G
11433,US,NY,EWR,G
11427,US,NY,EWR,G
11433,US,NY,JFK,A
11426,US,NY,EWR,G
11425,US,NY,JFK,A
11425,US,NY,EWR,G
11424,US,NY,JFK,A
11424,US,NY,EWR,G
11423,US,NY,JFK,A
11423,US,NY,EWR,G
11422,US,NY,JFK,A
11422,US,NY,EWR,G
11421,US,NY,JFK,A
11427,US,NY,JFK,A
11499,US,NY,EWR,G
10535,US,NY,SWF,C
10535,US,NY,JFK,F
12093,US,NY,ALB,G
12941,US,NY,ALB,G
14083,US,NY,BUF,F
14082,US,NY,BUF,F
13078,US,NY,SYR,B
14702,US,NY,BUF,F
14701,US,NY,BUF,F
11432,US,NY,JFK,A
11432,US,NY,JFK,A
11499,US,NY,JFK,A
11371,US,NY,JFK,A
11451,US,NY,JFK,A
11451,US,NY,EWR,G
11439,US,NY,JFK,A
11439,US,NY,EWR,G
11436,US,NY,JFK,A
11436,US,NY,EWR,G
11435,US,NY,JFK,A
11435,US,NY,EWR,G
11434,US,NY,JFK,A
11434,US,NY,EWR,G
11432,US,NY,EWR,G
13088,US,NY,SYR,A
13084,US,NY,SYR,C
11560,US,NY,JFK,B
11560,US,NY,EWR,H
14094,US,NY,BUF,C
11743,US,NY,JFK,D
11743,US,NY,EWR,I
14488,US,NY,ROC,E
14487,US,NY,ROC,E
12758,US,NY,SWF,D
12541,US,NY,ALB,E
11561,US,NY,EWR,H
13089,US,NY,SYR,A
11561,US,NY,JFK,B
14755,US,NY,BUF,G
11363,US,NY,JFK,A
11363,US,NY,EWR,G
11362,US,NY,JFK,A
11362,US,NY,EWR,G
14754,US,NY,BUF,G
13365,US,NY,SYR,E
13365,US,NY,ALB,E
14525,US,NY,ROC,F
14858,US,NY,ELM,B
13090,US,NY,SYR,A
11106,US,NY,EWR,G
11563,US,NY,JFK,B
11563,US,NY,EWR,H
13093,US,NY,SYR,E
13367,US,NY,SYR,H
14861,US,NY,ELM,C
12211,US,NY,ALB,A
13659,US,NY,SYR,H
12989,US,NY,ALB,G
12847,US,NY,ALB,G
11120,US,NY,JFK,A
14618,US,NY,ROC,A
11106,US,NY,JFK,A
14753,US,NY,BUF,G
11105,US,NY,JFK,A
11105,US,NY,EWR,G
11104,US,NY,JFK,A
11104,US,NY,EWR,G
11103,US,NY,JFK,A
11103,US,NY,EWR,G
11102,US,NY,JFK,A
11102,US,NY,EWR,G
11101,US,NY,JFK,A
11101,US,NY,EWR,G
11120,US,NY,EWR,G
12449,US,NY,SWF,C
10538,US,NY,JFK,C
10538,US,NY,EWR,K
12450,US,NY,ALB,F
14086,US,NY,BUF,A
14750,US,NY,BUF,F
14480,US,NY,ROC,E
14085,US,NY,BUF,F
11779,US,NY,JFK,E
11779,US,NY,EWR,J
12108,US,NY,ALB,H
11757,US,NY,JFK,D
12846,US,NY,ALB,E
12128,US,NY,ALB,A
12449,US,NY,ALB,E
12448,US,NY,ALB,E
11755,US,NY,JFK,E
11755,US,NY,EWR,J
12845,US,NY,ALB,E
12945,US,NY,ALB,H
12540,US,NY,SWF,B
13083,US,NY,SYR,F
14218,US,NY,BUF,B
13122,US,NY,SYR,E
12946,US,NY,ALB,G
14481,US,NY,ROC,E
11371,US,NY,EWR,G
14485,US,NY,ROC,B
11561,US,NY,JFK,B
11561,US,NY,EWR,H
12754,US,NY,SWF,D
12452,US,NY,ALB,F
14092,US,NY,BUF,D
12950,US,NY,ALB,F
11756,US,NY,JFK,B
11756,US,NY,EWR,H
10538,US,NY,SWF,D
14751,US,NY,BUF,G
12110,US,NY,ALB,A
12451,US,NY,ALB,E
12125,US,NY,ALB,D
13332,US,NY,SYR,G
14482,US,NY,ROC,C
12043,US,NY,ALB,F
12949,US,NY,ALB,H
11559,US,NY,JFK,B
11559,US,NY,EWR,H
11413,US,NY,JFK,A
11413,US,NY,EWR,G
11757,US,NY,EWR,I
12851,US,NY,ALB,G
10242,US,NY,EWR,G
10279,US,NY,EWR,G
10259,US,NY,JFK,A
10259,US,NY,EWR,G
10258,US,NY,JFK,A
10258,US,NY,EWR,G
10257,US,NY,JFK,A
10257,US,NY,EWR,G
10256,US,NY,JFK,A
10256,US,NY,EWR,G
10249,US,NY,JFK,A
10260,US,NY,JFK,A
10242,US,NY,JFK,A
10261,US,NY,EWR,G
10213,US,NY,JFK,A
10213,US,NY,EWR,G
10212,US,NY,JFK,A
10212,US,NY,EWR,G
10211,US,NY,JFK,A
10211,US,NY,EWR,G
10203,US,NY,JFK,A
10203,US,NY,EWR,G
10199,US,NY,JFK,A
10199,US,NY,EWR,G
10249,US,NY,EWR,G
10272,US,NY,JFK,A
10157,US,NY,EWR,G
10278,US,NY,EWR,G
10277,US,NY,JFK,A
10277,US,NY,EWR,G
10276,US,NY,JFK,A
10276,US,NY,EWR,G
10275,US,NY,JFK,A
10275,US,NY,EWR,G
10274,US,NY,JFK,A
10274,US,NY,EWR,G
10260,US,NY,EWR,G
10273,US,NY,EWR,G
10196,US,NY,JFK,A
10272,US,NY,EWR,G
10271,US,NY,JFK,A
10271,US,NY,EWR,G
10270,US,NY,JFK,A
10270,US,NY,EWR,G
10269,US,NY,JFK,A
10269,US,NY,EWR,G
10268,US,NY,JFK,A
10268,US,NY,EWR,G
10261,US,NY,JFK,A
10273,US,NY,JFK,A
10162,US,NY,JFK,A
10168,US,NY,JFK,A
10168,US,NY,EWR,G
10167,US,NY,JFK,A
10167,US,NY,EWR,G
10166,US,NY,JFK,A
10166,US,NY,EWR,G
10165,US,NY,JFK,A
10165,US,NY,EWR,G
10164,US,NY,JFK,A
10164,US,NY,EWR,G
10197,US,NY,JFK,A
10163,US,NY,EWR,G
10170,US,NY,EWR,G
10162,US,NY,EWR,G
10161,US,NY,JFK,A
10161,US,NY,EWR,G
10160,US,NY,JFK,A
10160,US,NY,EWR,G
10159,US,NY,JFK,A
10159,US,NY,EWR,G
10158,US,NY,JFK,A
10158,US,NY,EWR,G
12964,US,NY,ALB,F
10163,US,NY,JFK,A
10175,US,NY,JFK,A
10279,US,NY,JFK,A
10196,US,NY,EWR,G
10185,US,NY,JFK,A
10185,US,NY,EWR,G
10184,US,NY,JFK,A
10184,US,NY,EWR,G
10178,US,NY,JFK,A
10178,US,NY,EWR,G
10177,US,NY,JFK,A
10177,US,NY,EWR,G
10169,US,NY,EWR,G
10176,US,NY,EWR,G
10169,US,NY,JFK,A
10175,US,NY,EWR,G
10174,US,NY,JFK,A
10174,US,NY,EWR,G
10173,US,NY,JFK,A
10173,US,NY,EWR,G
10172,US,NY,JFK,A
10172,US,NY,EWR,G
10171,US,NY,JFK,A
10171,US,NY,EWR,G
10170,US,NY,JFK,A
10197,US,NY,EWR,G
10176,US,NY,JFK,A
11758,US,NY,JFK,B
10278,US,NY,JFK,A
11581,US,NY,EWR,H
14120,US,NY,BUF,B
10591,US,NY,SWF,C
10591,US,NY,JFK,F
13212,US,NY,SYR,A
10560,US,NY,SWF,D
10560,US,NY,JFK,F
12856,US,NY,ALB,G
12946,US,NY,ALB,G
11768,US,NY,EWR,I
11566,US,NY,EWR,H
11768,US,NY,JFK,D
11758,US,NY,EWR,H
12967,US,NY,ALB,H
12855,US,NY,ALB,F
12133,US,NY,ALB,D
14515,US,NY,ROC,B
12854,US,NY,ALB,F
14112,US,NY,BUF,F
12853,US,NY,ALB,G
14111,US,NY,BUF,F
14514,US,NY,ROC,B
11566,US,NY,JFK,B
11702,US,NY,JFK,D
11568,US,NY,EWR,H
13420,US,NY,SYR,I
12136,US,NY,ALB,E
11804,US,NY,JFK,B
11804,US,NY,EWR,H
13669,US,NY,SYR,I
14869,US,NY,ELM,C
11572,US,NY,JFK,B
11572,US,NY,EWR,H
14125,US,NY,BUF,F
11581,US,NY,JFK,B
11769,US,NY,EWR,J
10504,US,NY,JFK,F
11702,US,NY,EWR,I
12460,US,NY,ALB,E
11702,US,NY,JFK,D
11702,US,NY,EWR,I
10960,US,NY,SWF,C
10960,US,NY,JFK,F
13668,US,NY,SYR,I
13815,US,NY,SYR,G
12083,US,NY,ALB,F
12134,US,NY,ALB,G
11769,US,NY,JFK,E
10292,US,NY,EWR,G
14108,US,NY,BUF,F
12879,US,NY,ALB,G
12852,US,NY,ALB,G
12553,US,NY,JFK,G
12552,US,NY,JFK,G
12551,US,NY,JFK,G
12550,US,NY,SWF,A
12550,US,NY,JFK,G
12553,US,NY,SWF,A
14513,US,NY,ROC,D
12132,US,NY,ALB,E
10292,US,NY,JFK,A
13416,US,NY,SYR,G
10286,US,NY,JFK,A
10286,US,NY,EWR,G
10285,US,NY,JFK,A
10285,US,NY,EWR,G
10282,US,NY,JFK,A
10282,US,NY,EWR,G
10281,US,NY,JFK,A
10281,US,NY,EWR,G
10280,US,NY,JFK,A
10280,US,NY,EWR,G
13417,US,NY,SYR,D
12130,US,NY,ALB,E
10156,US,NY,JFK,A
13418,US,NY,SYR,E
14110,US,NY,BUF,F
12131,US,NY,ALB,G
11710,US,NY,JFK,B
11710,US,NY,EWR,H
12966,US,NY,ALB,G
11510,US,NY,JFK,B
11510,US,NY,EWR,H
11703,US,NY,JFK,D
14867,US,NY,ELM,D
13667,US,NY,SYR,I
14867,US,NY,SYR,H
12309,US,NY,ALB,A
12965,US,NY,ALB,H
14109,US,NY,BUF,D
14305,US,NY,BUF,B
14304,US,NY,BUF,B
14303,US,NY,BUF,B
14302,US,NY,BUF,B
14301,US,NY,BUF,B
12128,US,NY,ALB,A
13666,US,NY,SYR,I
10504,US,NY,SWF,D
11703,US,NY,EWR,I
10031,US,NY,JFK,A
10037,US,NY,JFK,A
10037,US,NY,EWR,G
10036,US,NY,JFK,A
10036,US,NY,EWR,G
10035,US,NY,JFK,A
10035,US,NY,EWR,G
10034,US,NY,JFK,A
10034,US,NY,EWR,G
10033,US,NY,JFK,A
10033,US,NY,EWR,G
10026,US,NY,EWR,G
10032,US,NY,EWR,G
10039,US,NY,EWR,G
10031,US,NY,EWR,G
10030,US,NY,JFK,A
10030,US,NY,EWR,G
10029,US,NY,JFK,A
10029,US,NY,EWR,G
10028,US,NY,JFK,A
10028,US,NY,EWR,G
10027,US,NY,JFK,A
10027,US,NY,EWR,G
10080,US,NY,EWR,G
10032,US,NY,JFK,A
10045,US,NY,JFK,A
10157,US,NY,JFK,A
10079,US,NY,EWR,G
10060,US,NY,JFK,A
10060,US,NY,EWR,G
10055,US,NY,JFK,A
10055,US,NY,EWR,G
10048,US,NY,JFK,A
10048,US,NY,EWR,G
10047,US,NY,JFK,A
10047,US,NY,EWR,G
10038,US,NY,EWR,G
10046,US,NY,EWR,G
10038,US,NY,JFK,A
10045,US,NY,EWR,G
10044,US,NY,JFK,A
10044,US,NY,EWR,G
10043,US,NY,JFK,A
10043,US,NY,EWR,G
10041,US,NY,JFK,A
10041,US,NY,EWR,G
10040,US,NY,JFK,A
10040,US,NY,EWR,G
10039,US,NY,JFK,A
10025,US,NY,JFK,A
10046,US,NY,JFK,A
10006,US,NY,EWR,G
10012,US,NY,EWR,G
10011,US,NY,JFK,A
10011,US,NY,EWR,G
10010,US,NY,JFK,A
10010,US,NY,EWR,G
10009,US,NY,JFK,A
10009,US,NY,EWR,G
10008,US,NY,JFK,A
10008,US,NY,EWR,G
10007,US,NY,JFK,A
10026,US,NY,JFK,A
10006,US,NY,JFK,A
10013,US,NY,JFK,A
10005,US,NY,JFK,A
10005,US,NY,EWR,G
10004,US,NY,JFK,A
10004,US,NY,EWR,G
10003,US,NY,JFK,A
10003,US,NY,EWR,G
10002,US,NY,JFK,A
10002,US,NY,EWR,G
10001,US,NY,JFK,A
10001,US,NY,EWR,G
10007,US,NY,EWR,G
10019,US,NY,EWR,G
10025,US,NY,EWR,G
10024,US,NY,JFK,A
10024,US,NY,EWR,G
10023,US,NY,JFK,A
10023,US,NY,EWR,G
10022,US,NY,JFK,A
10022,US,NY,EWR,G
10021,US,NY,JFK,A
10021,US,NY,EWR,G
10020,US,NY,JFK,A
10012,US,NY,JFK,A
10019,US,NY,JFK,A
10013,US,NY,EWR,G
10018,US,NY,JFK,A
10018,US,NY,EWR,G
10017,US,NY,JFK,A
10017,US,NY,EWR,G
10016,US,NY,JFK,A
10016,US,NY,EWR,G
10015,US,NY,JFK,A
10015,US,NY,EWR,G
10014,US,NY,JFK,A
10014,US,NY,EWR,G
10080,US,NY,JFK,A
10020,US,NY,EWR,G
10122,US,NY,EWR,G
10129,US,NY,EWR,G
10128,US,NY,JFK,A
10128,US,NY,EWR,G
10126,US,NY,JFK,A
10126,US,NY,EWR,G
10125,US,NY,JFK,A
10125,US,NY,EWR,G
10124,US,NY,JFK,A
10124,US,NY,EWR,G
10123,US,NY,JFK,A
10116,US,NY,JFK,A
10122,US,NY,JFK,A
10130,US,NY,JFK,A
10121,US,NY,JFK,A
10121,US,NY,EWR,G
10120,US,NY,JFK,A
10120,US,NY,EWR,G
10119,US,NY,JFK,A
10119,US,NY,EWR,G
10118,US,NY,JFK,A
10118,US,NY,EWR,G
10117,US,NY,JFK,A
10079,US,NY,JFK,A
10123,US,NY,EWR,G
10150,US,NY,EWR,G
10156,US,NY,EWR,G
10155,US,NY,JFK,A
10155,US,NY,EWR,G
10154,US,NY,JFK,A
10154,US,NY,EWR,G
10153,US,NY,JFK,A
10153,US,NY,EWR,G
10152,US,NY,JFK,A
10152,US,NY,EWR,G
10151,US,NY,JFK,A
10129,US,NY,JFK,A
10150,US,NY,JFK,A
10130,US,NY,EWR,G
10149,US,NY,JFK,A
10149,US,NY,EWR,G
10138,US,NY,JFK,A
10138,US,NY,EWR,G
10133,US,NY,JFK,A
10133,US,NY,EWR,G
10132,US,NY,JFK,A
10132,US,NY,EWR,G
10131,US,NY,JFK,A
10131,US,NY,EWR,G
10116,US,NY,EWR,G
10151,US,NY,EWR,G
10096,US,NY,EWR,G
10117,US,NY,EWR,G
10103,US,NY,JFK,A
10103,US,NY,EWR,G
10102,US,NY,JFK,A
10102,US,NY,EWR,G
10101,US,NY,JFK,A
10101,US,NY,EWR,G
10099,US,NY,JFK,A
10099,US,NY,EWR,G
10098,US,NY,JFK,A
10104,US,NY,JFK,A
10096,US,NY,JFK,A
10105,US,NY,EWR,G
10095,US,NY,JFK,A
10095,US,NY,EWR,G
10094,US,NY,JFK,A
10094,US,NY,EWR,G
10090,US,NY,JFK,A
10090,US,NY,EWR,G
10087,US,NY,JFK,A
10087,US,NY,EWR,G
10081,US,NY,JFK,A
10081,US,NY,EWR,G
10098,US,NY,EWR,G
10110,US,NY,EWR,G
10115,US,NY,JFK,A
10115,US,NY,EWR,G
10114,US,NY,JFK,A
10114,US,NY,EWR,G
10113,US,NY,JFK,A
10113,US,NY,EWR,G
10112,US,NY,JFK,A
10112,US,NY,EWR,G
10111,US,NY,JFK,A
10104,US,NY,EWR,G
10110,US,NY,JFK,A
11430,US,NY,JFK,A
10109,US,NY,JFK,A
10109,US,NY,EWR,G
10108,US,NY,JFK,A
10108,US,NY,EWR,G
10107,US,NY,JFK,A
10107,US,NY,EWR,G
10106,US,NY,JFK,A
10106,US,NY,EWR,G
10105,US,NY,JFK,A
10111,US,NY,EWR,G
10551,US,NY,SWF,E
12592,US,NY,SWF,E
12592,US,NY,SWF,E
12583,US,NY,SWF,E
10610,US,NY,SWF,E
12457,US,NY,SWF,E
10607,US,NY,SWF,E
10577,US,NY,SWF,E
10998,US,NY,SWF,E
12504,US,NY,SWF,E
10578,US,NY,SWF,E
10553,US,NY,SWF,E
10590,US,NY,SWF,E
12564,US,NY,SWF,E
10605,US,NY,SWF,E
12564,US,NY,SWF,E
12504,US,NY,SWF,E
10557,US,NY,SWF,E
10602,US,NY,SWF,E
10558,US,NY,SWF,E
12564,US,NY,SWF,E
12547,US,NY,SWF,E
12522,US,NY,SWF,E
10933,US,NY,SWF,E
10552,US,NY,SWF,E
10954,US,NY,SWF,E
10959,US,NY,SWF,E
10988,US,NY,SWF,E
10931,US,NY,SWF,E
10709,US,NY,SWF,E
10601,US,NY,SWF,E
12548,US,NY,SWF,E
12507,US,NY,SWF,E
10580,US,NY,SWF,E
10573,US,NY,SWF,E
10573,US,NY,SWF,E
12514,US,NY,SWF,E
12540,US,NY,SWF,E
10590,US,NY,SWF,E
12531,US,NY,SWF,E
10576,US,NY,SWF,E
10603,US,NY,SWF,E
12567,US,NY,SWF,E
12409,US,NY,SWF,E
12531,US,NY,SWF,E
12522,US,NY,SWF,E
10560,US,NY,SWF,E
12571,US,NY,SWF,E
10604,US,NY,SWF,E
12531,US,NY,SWF,E
10576,US,NY,SWF,E
10583,US,NY,SWF,E
12531,US,NY,SWF,E
12563,US,NY,SWF,E
12514,US,NY,SWF,E
10705,US,NY,SWF,E
12461,US,NY,SWF,E
10923,US,NY,SWF,G
10707,US,NY,SWF,E
12477,US,NY,SWF,E
10707,US,NY,SWF,E
12481,US,NY,SWF,E
10706,US,NY,SWF,E
12574,US,NY,SWF,E
10706,US,NY,SWF,E
12501,US,NY,SWF,E
12489,US,NY,SWF,E
10708,US,NY,SWF,E
12498,US,NY,SWF,E
10704,US,NY,SWF,E
12501,US,NY,SWF,E
10703,US,NY,SWF,E
10702,US,NY,SWF,E
10701,US,NY,SWF,E
12501,US,NY,SWF,E
12581,US,NY,SWF,E
10606,US,NY,SWF,E
12483,US,NY,SWF,E
10803,US,NY,SWF,E
10805,US,NY,SWF,E
12420,US,NY,SWF,E
10804,US,NY,SWF,E
12428,US,NY,SWF,E
12428,US,NY,SWF,E
12435,US,NY,SWF,E
10803,US,NY,SWF,E
10707,US,NY,SWF,E
12435,US,NY,SWF,E
10708,US,NY,SWF,E
10803,US,NY,SWF,E
12443,US,NY,SWF,E
10802,US,NY,SWF,E
12446,US,NY,SWF,E
10801,US,NY,SWF,E
12446,US,NY,SWF,E
12446,US,NY,SWF,E
10710,US,NY,SWF,E
12458,US,NY,SWF,E
10709,US,NY,SWF,E
12572,US,NY,SWF,E
12787,US,NY,SWF,G
12782,US,NY,SWF,E
12783,US,NY,SWF,G
12775,US,NY,SWF,G
12783,US,NY,SWF,G
12786,US,NY,SWF,G
12776,US,NY,SWF,G
12782,US,NY,SWF,G
13655,US,NY,SYR,J
12776,US,NY,SWF,G
12781,US,NY,SWF,G
12784,US,NY,SWF,G
12776,US,NY,SWF,E
12780,US,NY,SWF,G
12777,US,NY,SWF,E
14801,US,NY,BGM,F
12780,US,NY,SWF,G
12779,US,NY,SWF,E
12778,US,NY,SWF,G
12777,US,NY,SWF,G
12777,US,NY,SWF,E
12780,US,NY,SWF,G
12790,US,NY,SWF,E
12760,US,NY,BGM,F
12792,US,NY,SWF,G
12771,US,NY,SWF,E
12771,US,NY,SWF,E
12766,US,NY,SWF,G
12770,US,NY,SWF,G
12789,US,NY,SWF,E
12788,US,NY,SWF,E
12790,US,NY,SWF,E
12767,US,NY,SWF,G
13420,US,NY,SYR,J
13648,US,NY,SYR,J
13639,US,NY,SYR,J
13697,US,NY,SYR,J
13613,US,NY,SYR,J
12768,US,NY,SWF,G
12791,US,NY,SWF,E
12790,US,NY,SWF,E
12790,US,NY,SWF,E
12790,US,NY,SWF,E
13730,US,NY,BGM,D
11419,US,NY,ISP,A
11375,US,NY,ISP,A
11374,US,NY,ISP,A
11373,US,NY,ISP,A
11372,US,NY,ISP,A
11050,US,NY,ISP,A
11370,US,NY,ISP,A
11694,US,NY,ISP,A
11429,US,NY,ISP,A
11379,US,NY,ISP,A
11369,US,NY,ISP,A
11771,US,NY,ISP,A
11371,US,NY,ISP,A
11561,US,NY,ISP,A
11580,US,NY,ISP,A
11518,US,NY,ISP,A
11566,US,NY,ISP,A
11548,US,NY,ISP,A
11596,US,NY,ISP,A
11690,US,NY,ISP,A
11714,US,NY,ISP,A
11762,US,NY,ISP,A
11693,US,NY,ISP,A
11803,US,NY,ISP,A
11050,US,NY,ISP,A
11030,US,NY,ISP,A
11001,US,NY,ISP,A
11563,US,NY,ISP,A
11378,US,NY,ISP,A
11030,US,NY,ISP,A
11501,US,NY,ISP,A
11003,US,NY,ISP,A
11377,US,NY,ISP,A
11416,US,NY,ISP,A
11415,US,NY,ISP,A
11414,US,NY,ISP,A
11413,US,NY,ISP,A
11412,US,NY,ISP,A
11411,US,NY,ISP,A
11385,US,NY,ISP,A
11040,US,NY,ISP,A
11565,US,NY,ISP,A
11768,US,NY,ISP,C
11717,US,NY,ISP,C
11769,US,NY,ISP,C
11787,US,NY,ISP,C
11779,US,NY,ISP,C
11763,US,NY,ISP,C
11767,US,NY,ISP,C
11766,US,NY,ISP,C
11776,US,NY,ISP,C
11791,US,NY,ISP,C
11733,US,NY,ISP,C
11784,US,NY,ISP,C
11743,US,NY,ISP,C
11772,US,NY,ISP,C
11754,US,NY,ISP,C
11755,US,NY,ISP,C
11779,US,NY,ISP,C
11776,US,NY,ISP,C
11764,US,NY,ISP,C
11768,US,NY,ISP,C
11796,US,NY,ISP,C
11751,US,NY,ISP,C
11779,US,NY,ISP,A
11360,US,NY,ISP,A
11758,US,NY,ISP,A
11787,US,NY,ISP,C
11733,US,NY,ISP,C
11768,US,NY,ISP,B
11542,US,NY,ISP,B
11746,US,NY,ISP,B
11735,US,NY,ISP,B
11731,US,NY,ISP,B
11731,US,NY,ISP,B
11717,US,NY,ISP,B
11729,US,NY,ISP,B
11747,US,NY,ISP,B
11715,US,NY,ISP,C
11782,US,NY,ISP,C
11738,US,NY,ISP,C
11692,US,NY,ISP,A
11742,US,NY,ISP,C
11705,US,NY,ISP,C
11720,US,NY,ISP,C
11741,US,NY,ISP,C
11716,US,NY,ISP,C
11772,US,NY,ISP,C
11721,US,NY,ISP,C
11730,US,NY,ISP,C
11739,US,NY,ISP,C
11727,US,NY,ISP,C
11713,US,NY,ISP,C
11768,US,NY,ISP,C
11005,US,NY,ISP,A
11105,US,NY,ISP,A
11697,US,NY,ISP,A
11103,US,NY,ISP,A
11598,US,NY,ISP,A
11596,US,NY,ISP,A
11096,US,NY,ISP,A
11364,US,NY,ISP,A
11004,US,NY,ISP,A
11363,US,NY,ISP,A
11101,US,NY,ISP,A
11354,US,NY,ISP,A
11102,US,NY,ISP,A
11351,US,NY,ISP,A
11509,US,NY,ISP,A
11590,US,NY,ISP,A
11365,US,NY,ISP,A
11753,US,NY,ISP,A
11356,US,NY,ISP,A
11561,US,NY,ISP,B
11740,US,NY,ISP,B
11724,US,NY,ISP,B
11743,US,NY,ISP,B
11746,US,NY,ISP,B
11361,US,NY,ISP,A
11366,US,NY,ISP,A
11510,US,NY,ISP,A
11106,US,NY,ISP,A
11357,US,NY,ISP,A
11358,US,NY,ISP,A
11359,US,NY,ISP,A
11104,US,NY,ISP,A
11024,US,NY,ISP,A
11109,US,NY,ISP,A
11552,US,NY,ISP,A
11355,US,NY,ISP,A
10530,US,NY,SWF,E
11367,US,NY,ISP,A
10502,US,NY,SWF,E
10504,US,NY,SWF,E
10506,US,NY,SWF,E
10507,US,NY,SWF,E
10518,US,NY,SWF,E
11436,US,NY,ISP,A
10528,US,NY,SWF,E
11435,US,NY,ISP,A
10533,US,NY,SWF,E
10536,US,NY,SWF,E
10538,US,NY,SWF,E
10543,US,NY,SWF,E
10545,US,NY,SWF,E
10547,US,NY,SWF,E
10550,US,NY,SWF,E
10522,US,NY,SWF,E
11426,US,NY,ISP,A
11797,US,NY,ISP,A
11021,US,NY,ISP,A
11432,US,NY,ISP,A
11368,US,NY,ISP,A
11420,US,NY,ISP,A
11421,US,NY,ISP,A
11691,US,NY,ISP,A
11423,US,NY,ISP,A
11804,US,NY,ISP,B
11427,US,NY,ISP,A
11428,US,NY,ISP,A
11418,US,NY,ISP,A
11430,US,NY,ISP,A
11417,US,NY,ISP,A
11433,US,NY,ISP,A
11434,US,NY,ISP,A
11422,US,NY,ISP,A
11801,US,NY,ISP,A
11771,US,NY,ISP,B
11545,US,NY,ISP,A
11756,US,NY,ISP,A
11559,US,NY,ISP,A
11431,US,NY,ISP,A
11530,US,NY,ISP,A
11516,US,NY,ISP,A
11714,US,NY,ISP,A
11560,US,NY,ISP,A
11021,US,NY,ISP,A
11553,US,NY,ISP,A
11050,US,NY,ISP,A
11710,US,NY,ISP,A
11572,US,NY,ISP,A
11426,US,NY,ISP,A
11570,US,NY,ISP,A
11732,US,NY,ISP,A
11577,US,NY,ISP,A
11020,US,NY,ISP,A
11547,US,NY,ISP,A
11545,US,NY,ISP,A
11570,US,NY,ISP,A
11542,US,NY,ISP,A
11040,US,NY,ISP,A
11514,US,NY,ISP,A
11690,US,NY,ISP,A
11542,US,NY,ISP,A
11554,US,NY,ISP,A
11520,US,NY,ISP,A
11507,US,NY,ISP,A
11010,US,NY,ISP,A
11579,US,NY,ISP,A
11507,US,NY,ISP,A
11576,US,NY,ISP,A
11575,US,NY,ISP,A
11798,US,NY,ISP,B
11722,US,NY,ISP,B
11725,US,NY,ISP,B
11718,US,NY,ISP,B
11706,US,NY,ISP,B
11704,US,NY,ISP,B
11795,US,NY,ISP,B
11791,US,NY,ISP,A
11798,US,NY,ISP,B
11550,US,NY,ISP,A
11701,US,NY,ISP,B
11724,US,NY,ISP,B
11569,US,NY,ISP,B
11788,US,NY,ISP,B
11729,US,NY,ISP,B
11743,US,NY,ISP,B
11530,US,NY,ISP,A
11702,US,NY,ISP,B
11576,US,NY,ISP,A
11757,US,NY,ISP,B
11030,US,NY,ISP,A
11791,US,NY,ISP,A
11363,US,NY,ISP,A
11590,US,NY,ISP,A
11040,US,NY,ISP,A
11568,US,NY,ISP,A
11726,US,NY,ISP,B
11050,US,NY,ISP,A
11771,US,NY,ISP,B
11566,US,NY,ISP,A
11560,US,NY,ISP,A
11791,US,NY,ISP,A
11557,US,NY,ISP,A
11558,US,NY,ISP,A
11793,US,NY,ISP,A
11545,US,NY,ISP,A
11710,US,NY,ISP,A
11783,US,NY,ISP,A
45815,US,OH,FWA,X
45815,US,OH,FWA,X
45808,US,OH,FWA,X
45831,US,OH,FWA,X
45809,US,OH,FWA,X
45819,US,OH,FWA,X
45807,US,OH,FWA,X
45808,US,OH,FWA,X
45806,US,OH,FWA,X
45806,US,OH,FWA,X
45805,US,OH,FWA,X
45810,US,OH,FWA,X
45836,US,OH,FWA,X
45833,US,OH,FWA,X
45809,US,OH,FWA,X
45807,US,OH,FWA,X
45812,US,OH,FWA,X
45822,US,OH,FWA,X
45835,US,OH,FWA,X
45814,US,OH,FWA,X
45804,US,OH,FWA,X
45856,US,OH,FWA,X
43543,US,OH,FWA,X
45874,US,OH,FWA,D
45875,US,OH,FWA,X
45876,US,OH,FWA,E
45885,US,OH,FWA,X
45881,US,OH,FWA,X
45873,US,OH,FWA,D
45883,US,OH,FWA,E
45871,US,OH,FWA,X
45863,US,OH,FWA,X
45856,US,OH,FWA,X
45883,US,OH,FWA,E
45868,US,OH,FWA,X
45875,US,OH,FWA,X
45802,US,OH,FWA,X
45882,US,OH,FWA,D
45885,US,OH,FWA,X
45890,US,OH,FWA,X
45844,US,OH,FWA,X
45893,US,OH,FWA,X
45895,US,OH,FWA,X
45887,US,OH,FWA,X
45843,US,OH,FWA,X
45873,US,OH,FWA,D
45897,US,OH,FWA,X
43543,US,OH,FWA,X
45854,US,OH,FWA,X
45837,US,OH,FWA,X
45837,US,OH,FWA,X
45896,US,OH,FWA,X
45877,US,OH,FWA,E
45869,US,OH,FWA,X
45894,US,OH,FWA,X
45820,US,OH,FWA,X
45801,US,OH,FWA,X
43501,US,OH,FWA,X
43502,US,OH,FWA,X
43330,US,OH,FWA,X
45828,US,OH,FWA,E
45336,US,OH,FWA,X
45888,US,OH,FWA,X
45819,US,OH,FWA,X
43351,US,OH,FWA,X
45822,US,OH,FWA,X
45817,US,OH,FWA,X
45827,US,OH,FWA,X
45816,US,OH,FWA,X
45830,US,OH,FWA,X
45830,US,OH,FWA,X
45819,US,OH,FWA,X
45334,US,OH,FWA,X
43548,US,OH,FWA,X
43554,US,OH,FWA,X
43555,US,OH,FWA,X
43521,US,OH,FWA,X
43557,US,OH,FWA,E
43557,US,OH,FWA,E
43359,US,OH,FWA,X
45306,US,OH,FWA,X
45830,US,OH,FWA,X
45334,US,OH,FWA,X
43555,US,OH,FWA,X
43351,US,OH,FWA,X
43316,US,OH,FWA,X
43316,US,OH,FWA,X
43330,US,OH,FWA,X
43570,US,OH,FWA,X
45862,US,OH,FWA,X
45839,US,OH,FWA,X
45850,US,OH,FWA,X
45854,US,OH,FWA,X
45844,US,OH,FWA,X
45846,US,OH,FWA,E
45841,US,OH,FWA,X
45868,US,OH,FWA,X
45895,US,OH,FWA,X
45841,US,OH,FWA,X
45864,US,OH,FWA,E
45846,US,OH,FWA,E
45838,US,OH,FWA,X
45864,US,OH,FWA,E
45854,US,OH,FWA,X
45866,US,OH,FWA,X
45863,US,OH,FWA,X
45867,US,OH,FWA,X
45867,US,OH,FWA,X
45861,US,OH,FWA,X
45859,US,OH,FWA,X
45856,US,OH,FWA,X
45859,US,OH,FWA,X
45840,US,OH,FWA,X
45849,US,OH,FWA,X
43659,US,OH,DTW,F
43403,US,OH,DTW,F
43654,US,OH,DTW,F
43656,US,OH,DTW,F
43657,US,OH,DTW,F
43652,US,OH,DTW,F
43660,US,OH,DTW,F
43661,US,OH,DTW,F
43666,US,OH,DTW,F
43667,US,OH,DTW,F
43681,US,OH,DTW,F
43682,US,OH,DTW,F
45770,US,OH,PIT,Y
45768,US,OH,PIT,Y
44445,US,OH,PIT,Y
45767,US,OH,PIT,Y
44865,US,OH,CLE,Y
44514,US,OH,PIT,Y
45769,US,OH,PIT,Y
44446,US,OH,PIT,Y
45771,US,OH,PIT,Y
45772,US,OH,PIT,Y
45775,US,OH,PIT,Y
43950,US,OH,PIT,Y
45776,US,OH,PIT,Y
43947,US,OH,PIT,Y
44875,US,OH,CLE,Y
45766,US,OH,PIT,Y
43917,US,OH,PIT,Y
43713,US,OH,PIT,Y
45778,US,OH,PIT,Y
45777,US,OH,PIT,Y
44903,US,OH,CLE,Y
43504,US,OH,DTW,F
43961,US,OH,PIT,Y
44827,US,OH,CLE,Y
45767,US,OH,PIT,Y
44420,US,OH,PIT,Y
44838,US,OH,CLE,Y
44425,US,OH,PIT,Y
44904,US,OH,CLE,Y
44833,US,OH,CLE,Y
44902,US,OH,CLE,Y
45764,US,OH,PIT,Y
44904,US,OH,CLE,Y
44905,US,OH,CLE,Y
43935,US,OH,PIT,Y
44438,US,OH,PIT,Y
45760,US,OH,PIT,Y
45761,US,OH,PIT,Y
43907,US,OH,PIT,Y
43338,US,OH,CLE,Y
44901,US,OH,CLE,Y
45701,US,OH,PIT,Y
43713,US,OH,PIT,Y
44514,US,OH,PIT,Y
44515,US,OH,PIT,Y
44555,US,OH,PIT,Y
44805,US,OH,CLE,Y
43907,US,OH,PIT,Y
44820,US,OH,CLE,Y
44512,US,OH,PIT,Y
44513,US,OH,PIT,Y
44511,US,OH,PIT,Y
44512,US,OH,PIT,Y
45715,US,OH,PIT,Y
44813,US,OH,CLE,Y
43412,US,OH,DTW,F
44408,US,OH,PIT,Y
44515,US,OH,PIT,Y
43445,US,OH,DTW,F
43402,US,OH,DTW,I
43912,US,OH,PIT,Y
44501,US,OH,PIT,Y
45780,US,OH,PIT,Y
45782,US,OH,PIT,Y
45783,US,OH,PIT,Y
43351,US,OH,CLE,Y
45784,US,OH,PIT,Y
45786,US,OH,PIT,Y
45787,US,OH,PIT,Y
44513,US,OH,PIT,Y
44890,US,OH,CLE,Y
45779,US,OH,PIT,Y
44502,US,OH,PIT,Y
44503,US,OH,PIT,Y
44504,US,OH,PIT,Y
44505,US,OH,PIT,Y
44506,US,OH,PIT,Y
44507,US,OH,PIT,Y
44509,US,OH,PIT,Y
44510,US,OH,PIT,Y
45788,US,OH,PIT,Y
43552,US,OH,TOL,D
43553,US,OH,TOL,E
44514,US,OH,CLE,J
43452,US,OH,TOL,D
43451,US,OH,TOL,D
45669,US,OH,HTS,A
44124,US,OH,CLE,B
44004,US,OH,ERI,D
44266,US,OH,CLE,N
45881,US,OH,TOL,E
44202,US,OH,CLE,D
45773,US,OH,PIT,L
44004,US,OH,CLE,F
44286,US,OH,CLE,M
45662,US,OH,HTS,C
44134,US,OH,CLE,A
43618,US,OH,TOL,B
44667,US,OH,CLE,N
45875,US,OH,TOL,E
44077,US,OH,CLE,D
45877,US,OH,TOL,E
44080,US,OH,CLE,F
44129,US,OH,CLE,A
43551,US,OH,TOL,B
44131,US,OH,CLE,A
44081,US,OH,CLE,E
44130,US,OH,CLE,A
45879,US,OH,FWA,C
45880,US,OH,FWA,B
45659,US,OH,HTS,C
43450,US,OH,TOL,E
44264,US,OH,CLE,M
43457,US,OH,TOL,E
44130,US,OH,CLE,A
44139,US,OH,CLE,B
44143,US,OH,CLE,B
44120,US,OH,CLE,A
44122,US,OH,CLE,B
44054,US,OH,CLE,L
43556,US,OH,FWA,D
44839,US,OH,CLE,O
44273,US,OH,CLE,N
43502,US,OH,TOL,D
44131,US,OH,CLE,A
44001,US,OH,CLE,L
44118,US,OH,CLE,A
44121,US,OH,CLE,A
44804,US,OH,TOL,E
45680,US,OH,HTS,A
43463,US,OH,TOL,D
44224,US,OH,CLE,M
43462,US,OH,TOL,D
43605,US,OH,TOL,A
44270,US,OH,CLE,N
44084,US,OH,CLE,F
44084,US,OH,CLE,F
43458,US,OH,TOL,E
44116,US,OH,CLE,A
44118,US,OH,CLE,A
43460,US,OH,TOL,B
43555,US,OH,TOL,E
44072,US,OH,CLE,E
44067,US,OH,CLE,L
44870,US,OH,CLE,P
44870,US,OH,TOL,E
44871,US,OH,CLE,P
45886,US,OH,FWA,E
44272,US,OH,CLE,N
43547,US,OH,TOL,D
45872,US,OH,TOL,D
44440,US,OH,CLE,J
44260,US,OH,CLE,N
43542,US,OH,TOL,B
44847,US,OH,TOL,E
44022,US,OH,CLE,C
43435,US,OH,TOL,E
43545,US,OH,TOL,E
45864,US,OH,TOL,E
45662,US,OH,HTS,C
44047,US,OH,CLE,F
44105,US,OH,CLE,B
44127,US,OH,CLE,A
44065,US,OH,CLE,E
44202,US,OH,CLE,D
45872,US,OH,TOL,D
44809,US,OH,TOL,E
45858,US,OH,TOL,D
44844,US,OH,TOL,E
44437,US,OH,CLE,J
44256,US,OH,CLE,D
44258,US,OH,CLE,D
44060,US,OH,CLE,C
43541,US,OH,TOL,E
44060,US,OH,CLE,C
43549,US,OH,FWA,D
44203,US,OH,CLE,M
43540,US,OH,TOL,D
44130,US,OH,CLE,A
44062,US,OH,CLE,E
44846,US,OH,CLE,P
43447,US,OH,TOL,D
44061,US,OH,CLE,C
44146,US,OH,CLE,B
44444,US,OH,CLE,I
43619,US,OH,TOL,B
44203,US,OH,CLE,M
44702,US,OH,CLE,N
44072,US,OH,CLE,E
44041,US,OH,CLE,E
44067,US,OH,CLE,L
43449,US,OH,TOL,D
44056,US,OH,CLE,L
44074,US,OH,CLE,L
45874,US,OH,FWA,D
43545,US,OH,TOL,E
44861,US,OH,TOL,E
44138,US,OH,CLE,A
44136,US,OH,CLE,A
44073,US,OH,CLE,E
44012,US,OH,CLE,L
44446,US,OH,CLE,I
45872,US,OH,TOL,D
44709,US,OH,CLE,N
44720,US,OH,CLE,N
44799,US,OH,CLE,N
44707,US,OH,CLE,N
43605,US,OH,TOL,A
44068,US,OH,ERI,D
43616,US,OH,TOL,B
44011,US,OH,CLE,L
44070,US,OH,CLE,A
44128,US,OH,CLE,B
44035,US,OH,CLE,L
44039,US,OH,CLE,L
44133,US,OH,CLE,A
44068,US,OH,CLE,F
44502,US,OH,CLE,J
44509,US,OH,CLE,J
45898,US,OH,FWA,C
44288,US,OH,CLE,J
43469,US,OH,TOL,D
44691,US,OH,CLE,N
44393,US,OH,CLE,M
44095,US,OH,CLE,C
44501,US,OH,CLE,J
44094,US,OH,CLE,C
44503,US,OH,CLE,J
44504,US,OH,CLE,J
44505,US,OH,CLE,J
44506,US,OH,CLE,J
44372,US,OH,CLE,M
44483,US,OH,CLE,I
45899,US,OH,FWA,E
43467,US,OH,TOL,D
44224,US,OH,CLE,M
44485,US,OH,CLE,H
44486,US,OH,CLE,H
44122,US,OH,CLE,B
44128,US,OH,CLE,B
43566,US,OH,TOL,B
44095,US,OH,CLE,C
43466,US,OH,TOL,E
44510,US,OH,CLE,J
43570,US,OH,TOL,E
44145,US,OH,CLE,B
43569,US,OH,TOL,D
45694,US,OH,HTS,C
43571,US,OH,TOL,C
44092,US,OH,CLE,C
43567,US,OH,TOL,D
44307,US,OH,CLE,M
44507,US,OH,CLE,J
44314,US,OH,CLE,M
44313,US,OH,CLE,M
44312,US,OH,CLE,M
44311,US,OH,CLE,M
44310,US,OH,CLE,M
44316,US,OH,CLE,M
44308,US,OH,CLE,M
44317,US,OH,CLE,M
44306,US,OH,CLE,M
44305,US,OH,CLE,M
44304,US,OH,CLE,M
44303,US,OH,CLE,M
44302,US,OH,CLE,M
44301,US,OH,CLE,M
44309,US,OH,CLE,M
44328,US,OH,CLE,M
44511,US,OH,CLE,J
44512,US,OH,CLE,J
44513,US,OH,CLE,J
44514,US,OH,CLE,J
44515,US,OH,CLE,J
44555,US,OH,CLE,J
44315,US,OH,CLE,M
44333,US,OH,CLE,M
44482,US,OH,CLE,H
44326,US,OH,CLE,M
44325,US,OH,CLE,M
44322,US,OH,CLE,M
44321,US,OH,CLE,M
44320,US,OH,CLE,M
44319,US,OH,CLE,M
44334,US,OH,CLE,M
43614,US,OH,TOL,A
43652,US,OH,TOL,A
43607,US,OH,TOL,A
43608,US,OH,TOL,A
43609,US,OH,TOL,A
43610,US,OH,TOL,A
43611,US,OH,TOL,A
43605,US,OH,TOL,A
43613,US,OH,TOL,A
43604,US,OH,TOL,A
43615,US,OH,TOL,A
43617,US,OH,TOL,A
43620,US,OH,TOL,A
43623,US,OH,TOL,A
43624,US,OH,TOL,A
44484,US,OH,CLE,I
43612,US,OH,TOL,A
44883,US,OH,TOL,E
44857,US,OH,CLE,P
44471,US,OH,CLE,J
43557,US,OH,TOL,E
45813,US,OH,FWA,C
43558,US,OH,TOL,C
43560,US,OH,TOL,B
43606,US,OH,TOL,A
44086,US,OH,CLE,E
43654,US,OH,TOL,A
44001,US,OH,CLE,L
44095,US,OH,CLE,C
43558,US,OH,TOL,A
43601,US,OH,TOL,A
43602,US,OH,TOL,A
43603,US,OH,TOL,A
44278,US,OH,CLE,M
44396,US,OH,CLE,M
43635,US,OH,TOL,A
44125,US,OH,CLE,B
45889,US,OH,TOL,D
45891,US,OH,FWA,E
44089,US,OH,CLE,O
43464,US,OH,TOL,E
44122,US,OH,CLE,B
44398,US,OH,CLE,M
44118,US,OH,CLE,A
43467,US,OH,TOL,D
44281,US,OH,CLE,N
44094,US,OH,CLE,C
43465,US,OH,TOL,C
44146,US,OH,CLE,B
44481,US,OH,CLE,H
44473,US,OH,CLE,I
43681,US,OH,TOL,A
43656,US,OH,TOL,A
43657,US,OH,TOL,A
43659,US,OH,TOL,A
43660,US,OH,TOL,A
43661,US,OH,TOL,A
44399,US,OH,CLE,M
44280,US,OH,CLE,C
43667,US,OH,TOL,A
44241,US,OH,CLE,M
43682,US,OH,TOL,A
43697,US,OH,TOL,A
43699,US,OH,TOL,A
43565,US,OH,TOL,E
44087,US,OH,CLE,C
44685,US,OH,CLE,M
43666,US,OH,TOL,A
44135,US,OH,CLE,A
44111,US,OH,CLE,A
44128,US,OH,CLE,B
44129,US,OH,CLE,A
44130,US,OH,CLE,A
44131,US,OH,CLE,A
44132,US,OH,CLE,B
44126,US,OH,CLE,A
44134,US,OH,CLE,A
44125,US,OH,CLE,B
43506,US,OH,FWA,E
44136,US,OH,CLE,A
44137,US,OH,CLE,A
44138,US,OH,CLE,A
44139,US,OH,CLE,B
44140,US,OH,CLE,B
44133,US,OH,CLE,A
44021,US,OH,CLE,E
43518,US,OH,FWA,E
44113,US,OH,CLE,A
44114,US,OH,CLE,A
44115,US,OH,CLE,A
44116,US,OH,CLE,A
44117,US,OH,CLE,B
44127,US,OH,CLE,A
44119,US,OH,CLE,B
44143,US,OH,CLE,B
43407,US,OH,TOL,E
44515,US,OH,CLE,J
44121,US,OH,CLE,A
43534,US,OH,TOL,E
44123,US,OH,CLE,B
44124,US,OH,CLE,B
44118,US,OH,CLE,A
44110,US,OH,CLE,A
45377,US,OH,DAY,A
43512,US,OH,FWA,E
43512,US,OH,TOL,D
43515,US,OH,TOL,D
43516,US,OH,TOL,E
43414,US,OH,TOL,D
44141,US,OH,CLE,B
44730,US,OH,CLE,N
44127,US,OH,CLE,A
44112,US,OH,CLE,A
44118,US,OH,CLE,A
44095,US,OH,CLE,C
43517,US,OH,FWA,E
44402,US,OH,CLE,J
44107,US,OH,CLE,A
44147,US,OH,CLE,B
44131,US,OH,CLE,A
44110,US,OH,CLE,A
44212,US,OH,CLE,C
44144,US,OH,CLE,A
44142,US,OH,CLE,A
44077,US,OH,CLE,D
44030,US,OH,ERI,C
43413,US,OH,TOL,E
44321,US,OH,CLE,M
44144,US,OH,CLE,A
44410,US,OH,CLE,I
43412,US,OH,TOL,D
44221,US,OH,CLE,M
44222,US,OH,CLE,M
44223,US,OH,CLE,M
44224,US,OH,CLE,M
44142,US,OH,CLE,A
45832,US,OH,FWA,C
44215,US,OH,CLE,E
44112,US,OH,CLE,A
44799,US,OH,CLE,N
44824,US,OH,TOL,E
45821,US,OH,FWA,D
44022,US,OH,CLE,C
44024,US,OH,CLE,D
44750,US,OH,CLE,N
44026,US,OH,CLE,D
44735,US,OH,CLE,N
44145,US,OH,CLE,B
44146,US,OH,CLE,B
44147,US,OH,CLE,B
44178,US,OH,CLE,A
44181,US,OH,CLE,A
44185,US,OH,CLE,A
45619,US,OH,HTS,A
44711,US,OH,CLE,N
44703,US,OH,CLE,N
44704,US,OH,CLE,N
44705,US,OH,CLE,N
44706,US,OH,CLE,N
44707,US,OH,CLE,N
44708,US,OH,CLE,N
44767,US,OH,CLE,N
44710,US,OH,CLE,N
44191,US,OH,CLE,A
44712,US,OH,CLE,N
44714,US,OH,CLE,N
44718,US,OH,CLE,N
44720,US,OH,CLE,N
44721,US,OH,CLE,N
44730,US,OH,CLE,N
44709,US,OH,CLE,N
44103,US,OH,CLE,A
41048,US,OH,CVG,A
44406,US,OH,CLE,J
44614,US,OH,CLE,N
44405,US,OH,CLE,J
43408,US,OH,TOL,D
44135,US,OH,CLE,A
44188,US,OH,CLE,A
44102,US,OH,CLE,A
45638,US,OH,HTS,B
44104,US,OH,CLE,A
44105,US,OH,CLE,B
44106,US,OH,CLE,A
44107,US,OH,CLE,A
44108,US,OH,CLE,A
44109,US,OH,CLE,A
44101,US,OH,CLE,A
44199,US,OH,CLE,A
44122,US,OH,CLE,B
44701,US,OH,CLE,N
44192,US,OH,CLE,A
44193,US,OH,CLE,A
44194,US,OH,CLE,A
44195,US,OH,CLE,A
43219,US,OH,CMH,A
44198,US,OH,CLE,A
44028,US,OH,CLE,C
44106,US,OH,CLE,A
44112,US,OH,CLE,A
44118,US,OH,CLE,A
44121,US,OH,CLE,A
44216,US,OH,CLE,G
43410,US,OH,TOL,E
44190,US,OH,CLE,A
44197,US,OH,CLE,A
45855,US,OH,FWA,X
44839,US,OH,CLE,O
43439,US,OH,TOL,E
44022,US,OH,CLE,C
44050,US,OH,CLE,L
44095,US,OH,CLE,C
43440,US,OH,TOL,E
44094,US,OH,CLE,C
44107,US,OH,CLE,A
44048,US,OH,ERI,D
44430,US,OH,CLE,I
45815,US,OH,TOL,E
45714,US,OH,PIT,J
45815,US,OH,TOL,E
44811,US,OH,TOL,E
45856,US,OH,TOL,E
43440,US,OH,TOL,E
43530,US,OH,TOL,E
44131,US,OH,CLE,A
45638,US,OH,HTS,B
43505,US,OH,FWA,D
44718,US,OH,CLE,N
44047,US,OH,CLE,F
43437,US,OH,TOL,E
43531,US,OH,TOL,E
43504,US,OH,TOL,D
43532,US,OH,TOL,E
45853,US,OH,FWA,E
44017,US,OH,CLE,A
44841,US,OH,TOL,E
44240,US,OH,CLE,M
44242,US,OH,CLE,M
45816,US,OH,TOL,E
44815,US,OH,TOL,E
44210,US,OH,CLE,M
44137,US,OH,CLE,A
43440,US,OH,TOL,E
43432,US,OH,TOL,E
43536,US,OH,FWA,D
44120,US,OH,CLE,A
43445,US,OH,TOL,D
44811,US,OH,CLE,P
44140,US,OH,CLE,B
44146,US,OH,CLE,B
44648,US,OH,CLE,N
43537,US,OH,TOL,A
44143,US,OH,CLE,B
44124,US,OH,CLE,B
44143,US,OH,CLE,B
43523,US,OH,TOL,E
44646,US,OH,CLE,N
44641,US,OH,CLE,N
45750,US,OH,PIT,J
43442,US,OH,TOL,E
44254,US,OH,CLE,D
44052,US,OH,CLE,L
44146,US,OH,CLE,B
44053,US,OH,CLE,L
44255,US,OH,CLE,D
44055,US,OH,CLE,L
43535,US,OH,TOL,E
43443,US,OH,TOL,D
44124,US,OH,CLE,B
43533,US,OH,TOL,E
44056,US,OH,CLE,L
44057,US,OH,CLE,E
44128,US,OH,CLE,B
43441,US,OH,TOL,E
44054,US,OH,CLE,L
44105,US,OH,CLE,B
44211,US,OH,CLE,M
45839,US,OH,TOL,D
45840,US,OH,TOL,D
44883,US,OH,TOL,E
44830,US,OH,TOL,D
43430,US,OH,TOL,D
43420,US,OH,TOL,D
44077,US,OH,CLE,D
44125,US,OH,CLE,B
44128,US,OH,CLE,B
44231,US,OH,CLE,J
44040,US,OH,CLE,C
43403,US,OH,TOL,C
43403,US,OH,TOL,C
43406,US,OH,TOL,E
44123,US,OH,CLE,B
44122,US,OH,CLE,B
44237,US,OH,CLE,D
44141,US,OH,CLE,B
44035,US,OH,CLE,L
44108,US,OH,CLE,A
44039,US,OH,CLE,L
43520,US,OH,FWA,D
44119,US,OH,CLE,B
44126,US,OH,CLE,A
44132,US,OH,CLE,B
44143,US,OH,CLE,B
43519,US,OH,TOL,E
44333,US,OH,CLE,M
44398,US,OH,CLE,M
44117,US,OH,CLE,B
43416,US,OH,TOL,D
44233,US,OH,CLE,C
44512,US,OH,CLE,J
45636,US,OH,HTS,B
44235,US,OH,CLE,D
43435,US,OH,TOL,E
43431,US,OH,TOL,E
44143,US,OH,CLE,B
43525,US,OH,TOL,E
44128,US,OH,CLE,B
45851,US,OH,FWA,D
44234,US,OH,CLE,E
43528,US,OH,TOL,A
44817,US,OH,TOL,D
44425,US,OH,CLE,J
43529,US,OH,TOL,E
44036,US,OH,CLE,L
44122,US,OH,CLE,B
44513,US,OH,CLE,J
44420,US,OH,CLE,I
43526,US,OH,FWA,C
45875,US,OH,TOL,E
44632,US,OH,CLE,N
44044,US,OH,CLE,L
43402,US,OH,TOL,C
44236,US,OH,CLE,D
44045,US,OH,CLE,C
43432,US,OH,TOL,E
44836,US,OH,TOL,E
43523,US,OH,TOL,E
43433,US,OH,TOL,E
43524,US,OH,TOL,E
45638,US,OH,HTS,B
43434,US,OH,TOL,D
43522,US,OH,TOL,E
43623,US,OH,DTW,F
43447,US,OH,DTW,F
43416,US,OH,DTW,F
43615,US,OH,DTW,F
43617,US,OH,DTW,F
43465,US,OH,DTW,F
43430,US,OH,DTW,F
43615,US,OH,DTW,F
43617,US,OH,DTW,F
43560,US,OH,DTW,F
43528,US,OH,DTW,F
43618,US,OH,DTW,F
43616,US,OH,DTW,F
43605,US,OH,DTW,F
43540,US,OH,DTW,F
43602,US,OH,DTW,F
43607,US,OH,DTW,F
43624,US,OH,DTW,F
43620,US,OH,DTW,F
43613,US,OH,DTW,F
43606,US,OH,DTW,F
43612,US,OH,DTW,F
43608,US,OH,DTW,F
43615,US,OH,DTW,F
43623,US,OH,DTW,F
43432,US,OH,DTW,F
43614,US,OH,DTW,F
43566,US,OH,DTW,F
43604,US,OH,DTW,F
43610,US,OH,DTW,F
43609,US,OH,DTW,F
43617,US,OH,DTW,F
43542,US,OH,DTW,F
43465,US,OH,DTW,F
43605,US,OH,DTW,F
43615,US,OH,DTW,F
43606,US,OH,DTW,F
43623,US,OH,DTW,F
43605,US,OH,DTW,F
43558,US,OH,DTW,I
43450,US,OH,DTW,F
43460,US,OH,DTW,F
43412,US,OH,DTW,F
43443,US,OH,DTW,F
44906,US,OH,DTW,I
43537,US,OH,DTW,F
43432,US,OH,DTW,F
43445,US,OH,DTW,F
43551,US,OH,DTW,F
43619,US,OH,DTW,F
43469,US,OH,DTW,F
45846,US,OH,DAY,I
45348,US,OH,DAY,I
45854,US,OH,DAY,H
45822,US,OH,DAY,J
45862,US,OH,DAY,H
45887,US,OH,DAY,I
45863,US,OH,DAY,H
43318,US,OH,DAY,J
45871,US,OH,DAY,H
45363,US,OH,DAY,H
45845,US,OH,DAY,I
45350,US,OH,DAY,H
45874,US,OH,DAY,H
45833,US,OH,DAY,I
45840,US,OH,DAY,J
45362,US,OH,DAY,H
45883,US,OH,DAY,H
45828,US,OH,DAY,I
45885,US,OH,DAY,H
45875,US,OH,DAY,J
45044,US,OH,DAY,C
45307,US,OH,DAY,K
43232,US,OH,CMH,A
45354,US,OH,DAY,C
43231,US,OH,CMH,A
43227,US,OH,CMH,A
43224,US,OH,CMH,A
43222,US,OH,CMH,A
43218,US,OH,CMH,A
43216,US,OH,CMH,A
43326,US,OH,DAY,K
43340,US,OH,DAY,K
43251,US,OH,CMH,A
45043,US,OH,DAY,C
45342,US,OH,DAY,C
43209,US,OH,CMH,A
43109,US,OH,CMH,A
43201,US,OH,CMH,A
43202,US,OH,CMH,A
43203,US,OH,CMH,A
43206,US,OH,CMH,A
43207,US,OH,CMH,A
43209,US,OH,CMH,A
43211,US,OH,CMH,A
43212,US,OH,CMH,A
43215,US,OH,CMH,A
43348,US,OH,DAY,K
45325,US,OH,DAY,C
45809,US,OH,DAY,J
45854,US,OH,DAY,J
45860,US,OH,DAY,J
45351,US,OH,DAY,J
45875,US,OH,DAY,J
43343,US,OH,DAY,J
43347,US,OH,DAY,J
45368,US,OH,DAY,J
45369,US,OH,DAY,J
45891,US,OH,DAY,J
45345,US,OH,DAY,C
43236,US,OH,CMH,A
43311,US,OH,DAY,K
45856,US,OH,DAY,J
45327,US,OH,DAY,C
45328,US,OH,DAY,C
45042,US,OH,DAY,C
45331,US,OH,DAY,C
45310,US,OH,DAY,K
45338,US,OH,DAY,C
45339,US,OH,DAY,C
43270,US,OH,CMH,A
45314,US,OH,DAY,K
43268,US,OH,CMH,A
43260,US,OH,CMH,A
43310,US,OH,DAY,K
45340,US,OH,DAY,D
45341,US,OH,DAY,B
45353,US,OH,DAY,G
45352,US,OH,DAY,G
45102,US,OH,DAY,D
43272,US,OH,CMH,A
45316,US,OH,DAY,D
45433,US,OH ,DAY,D
45159,US,OH,DAY,G
45385,US,OH,DAY,C
45337,US,OH,DAY,D
45177,US,OH,DAY,C
45869,US,OH,DAY,G
45359,US,OH,DAY,D
45865,US,OH,DAY,G
45142,US,OH,DAY,G
45805,US,OH,DAY,G
45804,US,OH,DAY,G
45802,US,OH,DAY,G
45433,US,OH,DAY,D
45106,US,OH,DAY,E
45330,US,OH,DAY,D
45501,US,OH,DAY,C
45169,US,OH,DAY,G
45882,US,OH,DAY,G
45166,US,OH,DAY,G
45401,US,OH,DAY,A
45430,US,OH,DAY,A
45356,US,OH,DAY,C
45358,US,OH,DAY,C
45360,US,OH,DAY,C
45387,US,OH,DAY,C
45365,US,OH,DAY,C
45389,US,OH,DAY,E
45502,US,OH,DAY,C
45503,US,OH,DAY,C
45504,US,OH,DAY,C
45505,US,OH,DAY,C
45506,US,OH,DAY,C
45381,US,OH,DAY,C
45449,US,OH,DAY,C
45382,US,OH,DAY,C
45384,US,OH,DAY,C
45361,US,OH,DAY,C
450369,US,OH,DAY,E
45146,US,OH,DAY,F
45326,US,OH,DAY,E
45138,US,OH,DAY,F
45113,US,OH,DAY,F
45107,US,OH,DAY,F
45380,US,OH,DAY,E
45378,US,OH,DAY,E
45005,US,OH,DAY,E
45801,US,OH,DAY,G
45335,US,OH,DAY,E
45050,US,OH,DAY,F
45346,US,OH,DAY,E
45347,US,OH,DAY,E
45349,US,OH,DAY,E
45370,US,OH,DAY,E
45066,US,OH,DAY,E
43072,US,OH,DAY,E
45372,US,OH,DAY,E
45390,US,OH,DAY,E
43078,US,OH,DAY,E
45332,US,OH,DAY,E
45306,US,OH,DAY,G
45404,US,OH,DAY,A
45317,US,OH,DAY,E
45114,US,OH,DAY,E
45135,US,OH,DAY,G
45853,US,OH,DAY,G
45334,US,OH,DAY,G
45333,US,OH,DAY,G
45133,US,OH,DAY,G
45132,US,OH,DAY,G
43771,US,OH,CMH,O
45806,US,OH,DAY,G
45148,US,OH,DAY,F
45302,US,OH,DAY,G
45068,US,OH,DAY,F
45067,US,OH,DAY,F
45064,US,OH,DAY,F
45877,US,OH,DAY,F
45056,US,OH,DAY,F
45876,US,OH,DAY,F
45054,US,OH,DAY,F
45312,US,OH,DAY,E
45807,US,OH,DAY,G
45301,US,OH,DAY,C
45440,US,OH,DAY,C
45437,US,OH,DAY,C
45408,US,OH,DAY,C
45318,US,OH,DAY,C
45459,US,OH,DAY,C
45458,US,OH,DAY,C
45304,US,OH,DAY,C
45311,US,OH,DAY,C
45323,US,OH,DAY,B
45303,US,OH,DAY,C
45459,US,OH,DAY,C
45435,US,OH,DAY,B
45383,US,OH,DAY,B
45322,US,OH,DAY,B
45373,US,OH,DAY,B
45426,US,OH,DAY,B
45371,US,OH,DAY,B
45374,US,OH,DAY,B
45344,US,OH,DAY,B
45402,US,OH,DAY,A
45304,US,OH,DAY,C
45812,US,OH,DAY,H
45850,US,OH,DAY,H
45809,US,OH,DAY,H
45843,US,OH,DAY,H
43319,US,OH,DAY,H
45830,US,OH,DAY,H
45826,US,OH,DAY,H
45822,US,OH,DAY,H
45820,US,OH,DAY,H
45819,US,OH,DAY,H
45449,US,OH,DAY,C
45808,US,OH,DAY,H
45458,US,OH,DAY,C
45810,US,OH,DAY,H
45388,US,OH,DAY,G
43357,US,OH,DAY,G
45895,US,OH,DAY,G
45321,US,OH,DAY,C
45320,US,OH,DAY,C
45319,US,OH,DAY,C
45065,US,OH,DAY,G
45322,US,OH,DAY,B
45817,US,OH,DAY,H
45417,US,OH,DAY,A
45441,US,OH,DAY,A
45439,US,OH,DAY,A
45430,US,OH,DAY,A
45428,US,OH,DAY,A
45427,US,OH,DAY,A
45423,US,OH,DAY,A
45422,US,OH,DAY,A
45420,US,OH,DAY,A
45324,US,OH,DAY,B
45418,US,OH,DAY,A
45469,US,OH,DAY,A
45416,US,OH,DAY,A
45415,US,OH,DAY,A
45414,US,OH,DAY,A
45413,US,OH,DAY,A
45410,US,OH,DAY,A
45409,US,OH,DAY,A
45406,US,OH,DAY,A
45405,US,OH,DAY,A
45336,US,OH,DAY,H
45419,US,OH,DAY,A
45448,US,OH,DAY,A
45463,US,OH,DAY,B
45435,US,OH,DAY,B
45434,US,OH,DAY,B
45432,US,OH,DAY,B
45431,US,OH,DAY,B
45426,US,OH,DAY,B
45309,US,OH,DAY,B
45305,US,OH,DAY,B
45377,US,OH,DAY,A
45448,US,OH,DAY,A
45470,US,OH,DAY,A
45454,US,OH,DAY,A
45463,US,OH,DAY,A
45429,US,OH,DAY,A
45424,US,OH,DAY,A
45481,US,OH,DAY,A
45482,US,OH,DAY,A
45490,US,OH,DAY,A
45479,US,OH,DAY,A
45475,US,OH,DAY,A
45403,US,OH,DAY,A
45439,US,OH,DAY,A
45216,US,OH,CVG,B
45103,US,OH,CVG,D
45241,US,OH,CVG,C
45255,US,OH,CVG,C
45236,US,OH,CVG,B
45215,US,OH,CVG,B
45238,US,OH,CVG,B
45252,US,OH,CVG,C
45236,US,OH,CVG,B
45254,US,OH,CVG,C
45233,US,OH,CVG,B
45230,US,OH,CVG,B
45215,US,OH,CVG,B
43071,US,OH,CMH,N
43154,US,OH,CMH,N
45218,US,OH,CVG,B
45224,US,OH,CVG,B
45221,US,OH,CVG,B
45242,US,OH,CVG,C
43027,US,OH,CMH,M
45248,US,OH,CVG,C
45174,US,OH,CVG,C
45246,US,OH,CVG,C
45241,US,OH,CVG,C
45240,US,OH,CVG,C
45251,US,OH,CVG,C
45231,US,OH,CVG,C
45235,US,OH,CVG,B
45243,US,OH,CVG,C
45247,US,OH,CVG,C
45239,US,OH,CVG,C
45246,US,OH,CVG,C
45002,US,OH,CVG,C
45262,US,OH,CVG,C
45258,US,OH,CVG,C
45244,US,OH,CVG,C
43287,US,OH,CMH,A
45205,US,OH,CVG,A
45209,US,OH,CVG,A
45212,US,OH,CVG,A
43727,US,OH,CMH,O
43727,US,OH,CMH,O
43731,US,OH,CMH,O
43155,US,OH,CMH,N
43014,US,OH,CMH,O
45206,US,OH,CVG,A
43324,US,OH,DAY,K
43734,US,OH,CMH,O
43735,US,OH,CMH,O
43735,US,OH,CMH,O
43320,US,OH,CMH,O
45628,US,OH,CMH,O
43822,US,OH,CMH,O
45208,US,OH,CVG,A
43157,US,OH,CMH,N
45245,US,OH,CVG,D
45234,US,OH,CVG,B
45232,US,OH,CVG,B
45228,US,OH,CVG,B
45226,US,OH,CVG,B
45211,US,OH,CVG,B
45229,US,OH,CVG,B
45217,US,OH,CVG,A
43076,US,OH,CMH,N
43315,US,OH,CMH,O
43158,US,OH,CMH,N
43163,US,OH,CMH,N
43163,US,OH,CMH,N
43164,US,OH,CMH,N
45214,US,OH,CVG,A
43111,US,OH,CMH,O
45237,US,OH,CVG,B
43156,US,OH,CMH,N
43760,US,OH,CMH,N
45231,US,OH,CVG,C
43128,US,OH,CMH,N
43031,US,OH,CMH,N
43748,US,OH,CMH,N
45644,US,OH,CMH,N
43135,US,OH,CMH,N
43030,US,OH,CMH,N
43046,US,OH,CMH,N
44681,US,OH,CLE,K
43830,US,OH,CMH,N
43145,US,OH,CMH,N
43764,US,OH,CMH,N
43146,US,OH,CMH,N
43146,US,OH,CMH,N
43146,US,OH,CMH,N
43148,US,OH,CMH,N
43156,US,OH,CMH,N
43107,US,OH,CMH,N
43301,US,OH,CMH,M
43302,US,OH,CMH,M
43306,US,OH,CMH,M
43160,US,OH,CMH,M
43160,US,OH,CMH,M
43101,US,OH,CMH,N
43128,US,OH,CMH,N
43106,US,OH,CMH,N
43163,US,OH,CMH,N
43721,US,OH,CMH,N
43008,US,OH,CMH,N
43115,US,OH,CMH,N
43739,US,OH,CMH,N
43740,US,OH,CMH,N
43127,US,OH,CMH,N
43107,US,OH,CMH,N
43102,US,OH,CMH,N
45026,US,OH,CVG,D
45140,US,OH,CVG,D
45011,US,OH,CVG,D
45034,US,OH,CVG,D
45015,US,OH,CVG,D
45013,US,OH,CVG,D
45011,US,OH,CVG,D
43149,US,OH,CMH,N
45030,US,OH,CVG,D
45041,US,OH,CVG,D
45025,US,OH,CVG,D
45015,US,OH,CVG,D
45013,US,OH,CVG,D
45012,US,OH,CVG,D
45011,US,OH,CVG,D
45014,US,OH,CVG,D
45011,US,OH,CVG,D
45033,US,OH,CVG,D
43153,US,OH,CMH,N
45633,US,OH,CMH,O
43071,US,OH,CMH,N
43071,US,OH,CMH,N
43151,US,OH,CMH,N
43783,US,OH,CMH,N
45213,US,OH,CVG,J
45227,US,OH,CVG,J
45039,US,OH,CVG,D
45223,US,OH,CVG,I
45040,US,OH,CVG,D
45152,US,OH,CVG,F
45032,US,OH,CVG,F
45069,US,OH,CVG,D
45249,US,OH,CVG,D
45061,US,OH,CVG,D
45150,US,OH,CVG,D
43150,US,OH,CMH,N
45219,US,OH,CVG,J
45651,US,OH,CMH,Q
44833,US,OH,CMH,O
43732,US,OH,CMH,Q
43812,US,OH,CMH,Q
45621,US,OH,CMH,Q
43750,US,OH,CMH,Q
43723,US,OH,CMH,Q
45634,US,OH,CMH,Q
45613,US,OH,CMH,Q
45661,US,OH,CMH,Q
45690,US,OH,CMH,P
43844,US,OH,CMH,P
43843,US,OH,CMH,P
45782,US,OH,CMH,P
45780,US,OH,CMH,P
45681,US,OH,CMH,P
43777,US,OH,CMH,P
43805,US,OH,CMH,Q
45761,US,OH,CMH,Q
43722,US,OH,CMH,R
43711,US,OH,CMH,R
45711,US,OH,CMH,R
45698,US,OH,CMH,Q
43787,US,OH,CMH,Q
43836,US,OH,CMH,Q
45732,US,OH,CMH,Q
43787,US,OH,CMH,Q
45766,US,OH,CMH,P
45651,US,OH,CMH,Q
45648,US,OH,CMH,Q
45646,US,OH,CMH,Q
43332,US,OH,CMH,Q
43750,US,OH,CMH,Q
43828,US,OH,CMH,Q
45640,US,OH,CMH,Q
45661,US,OH,CMH,Q
43791,US,OH,CMH,O
44822,US,OH,CMH,P
43006,US,OH,CMH,P
45617,US,OH,CMH,P
43720,US,OH,CMH,P
44813,US,OH,CMH,P
45612,US,OH,CMH,P
45672,US,OH,CMH,P
43821,US,OH,CMH,P
43811,US,OH,CMH,P
43842,US,OH,CMH,O
43152,US,OH,CMH,O
43782,US,OH,CMH,O
43152,US,OH,CMH,O
43152,US,OH,CMH,O
43344,US,OH,CMH,O
43066,US,OH,CMH,O
43802,US,OH,CMH,P
43758,US,OH,CMH,P
43824,US,OH,CMH,R
43762,US,OH,CMH,P
43341,US,OH,CMH,P
43341,US,OH,CMH,P
43144,US,OH,CMH,P
43756,US,OH,CMH,P
43756,US,OH,CMH,P
43314,US,OH,CMH,P
44904,US,OH,CMH,P
45719,US,OH,CMH,P
44904,US,OH,CMH,P
43325,US,OH,CMH,P
43730,US,OH,CMH,P
43821,US,OH,CMH,P
45622,US,OH,CMH,P
43730,US,OH,CMH,P
45766,US,OH,CMH,P
43335,US,OH,CMH,P
45750,US,OH,CMH,T
43767,US,OH,CMH,O
45789,US,OH,CMH,T
45788,US,OH,CMH,T
45787,US,OH,CMH,T
45786,US,OH,CMH,T
45784,US,OH,CMH,T
45715,US,OH,CMH,T
45775,US,OH,CMH,T
45201,US,OH,CVG,A
45744,US,OH,CMH,T
45742,US,OH,CMH,T
45741,US,OH,CMH,T
45729,US,OH,CMH,T
45741,US,OH,CMH,T
45717,US,OH,CMH,T
43728,US,OH,CMH,R
43840,US,OH,CMH,T
45250,US,OH,CVG,A
45001,US,OH,CVG,C
43028,US,OH,CMH,O
43152,US,OH,CMH,O
45647,US,OH,CMH,O
43142,US,OH,CMH,O
43761,US,OH,CMH,O
45764,US,OH,CMH,O
43766,US,OH,CMH,O
43766,US,OH,CMH,O
45220,US,OH,CVG,A
45225,US,OH,CVG,A
45210,US,OH,CVG,A
45207,US,OH,CVG,A
45204,US,OH,CVG,A
45203,US,OH,CVG,A
45202,US,OH,CVG,A
45714,US,OH,CMH,T
45654,US,OH,CMH,O
43772,US,OH,CMH,R
43804,US,OH,CMH,S
43845,US,OH,CMH,R
45692,US,OH,CMH,R
43845,US,OH,CMH,R
45685,US,OH,CMH,R
45778,US,OH,CMH,R
45614,US,OH,CMH,T
45671,US,OH,CMH,R
43724,US,OH,CMH,S
43824,US,OH,CMH,R
45653,US,OH,CMH,R
45652,US,OH,CMH,R
43749,US,OH,CMH,R
45735,US,OH,CMH,R
43749,US,OH,CMH,R
43022,US,OH,CMH,O
45776,US,OH,CMH,R
45657,US,OH,CMH,S
45712,US,OH,CMH,T
43803,US,OH,CMH,T
45695,US,OH,CMH,S
45686,US,OH,CMH,S
45723,US,OH,CMH,S
45695,US,OH,CMH,S
43837,US,OH,CMH,S
43717,US,OH,CMH,S
45660,US,OH,CMH,S
43804,US,OH,CMH,S
45656,US,OH,CMH,S
43832,US,OH,CMH,S
43804,US,OH,CMH,S
43804,US,OH,CMH,S
45724,US,OH,CMH,S
45723,US,OH,CMH,S
43733,US,OH,CMH,R
45769,US,OH,CMH,S
43230,US,OH,CMH,C
43221,US,OH,CMH,C
43137,US,OH,CMH,C
43026,US,OH,CMH,C
43126,US,OH,CMH,C
43230,US,OH,CMH,C
43018,US,OH,CMH,C
43017,US,OH,CMH,C
43016,US,OH,CMH,C
43240,US,OH,CMH,C
43342,US,OH,CMH,O
43234,US,OH,CMH,C
43112,US,OH,CMH,D
43738,US,OH,CMH,M
45215,US,OH,CVG,B
43316,US,OH,TOL,F
43501,US,OH,TOL,F
43505,US,OH,TOL,F
43548,US,OH,TOL,F
44802,US,OH,TOL,F
44845,US,OH,TOL,F
43229,US,OH,CMH,C
43041,US,OH,CMH,E
43235,US,OH,CMH,C
43086,US,OH,CMH,D
43040,US,OH,CMH,E
43136,US,OH,CMH,E
43130,US,OH,CMH,E
43033,US,OH,CMH,E
43025,US,OH,CMH,E
43015,US,OH,CMH,E
43013,US,OH,CMH,E
43116,US,OH,CMH,E
43113,US,OH,CMH,E
43105,US,OH,CMH,E
43221,US,OH,CMH,C
43001,US,OH,CMH,E
43103,US,OH,CMH,D
43082,US,OH,CMH,D
43081,US,OH,CMH,D
43103,US,OH,CMH,D
43103,US,OH,CMH,D
43062,US,OH,CMH,D
43054,US,OH,CMH,D
43035,US,OH,CMH,D
43021,US,OH,CMH,D
43226,US,OH,CMH,D
43220,US,OH,CMH,C
43003,US,OH,CMH,E
43110,US,OH,CMH,B
45893,US,OH,TOL,X
43271,US,OH,CMH,B
43228,US,OH,CMH,B
43223,US,OH,CMH,B
43217,US,OH,CMH,B
43213,US,OH,CMH,B
43205,US,OH,CMH,B
43204,US,OH,CMH,B
43085,US,OH,CMH,B
43221,US,OH,CMH,C
43110,US,OH,CMH,B
45897,US,OH,TOL,F
43004,US,OH,CMH,B
43212,US,OH,CMH,A
43212,US,OH,CMH,A
43068,US,OH,CMH,A
43207,US,OH,CMH,A
43212,US,OH,CMH,A
43199,US,OH,CMH,A
43125,US,OH,CMH,A
43212,US,OH,CMH,A
43212,US,OH,CMH,A
43110,US,OH,CMH,B
43123,US,OH,CMH,B
43214,US,OH,CMH,C
43210,US,OH,CMH,C
43002,US,OH,CMH,C
44853,US,OH,TOL,F
44867,US,OH,TOL,F
44882,US,OH,TOL,F
45814,US,OH,TOL,F
45817,US,OH,TOL,F
45831,US,OH,TOL,F
45841,US,OH,TOL,F
45867,US,OH,TOL,X
43213,US,OH,CMH,B
45830,US,OH,TOL,X
43228,US,OH,CMH,B
45848,US,OH,TOL,F
45849,US,OH,TOL,F
43123,US,OH,CMH,B
45861,US,OH,TOL,F
43123,US,OH,CMH,B
43291,US,OH,CMH,B
43279,US,OH,CMH,B
45890,US,OH,TOL,F
43220,US,OH,CMH,C
43085,US,OH,CMH,B
43093,US,OH,CMH,E
43725,US,OH,CMH,M
43023,US,OH,CMH,F
43019,US,OH,CMH,H
43321,US,OH,CMH,H
43007,US,OH,CMH,F
43065,US,OH,CMH,G
43147,US,OH,CMH,E
43065,US,OH,CMH,G
43045,US,OH,CMH,E
43045,US,OH,CMH,E
43306,US,OH,CMH,M
43725,US,OH,CMH,M
45601,US,OH,CMH,M
43011,US,OH,CMH,M
43064,US,OH,CMH,E
43162,US,OH,CMH,F
43061,US,OH,CMH,F
43073,US,OH,CMH,F
43073,US,OH,CMH,F
43074,US,OH,CMH,F
43077,US,OH,CMH,F
43117,US,OH,CMH,H
43080,US,OH,CMH,F
43119,US,OH,CMH,F
43162,US,OH,CMH,F
43036,US,OH,CMH,G
43036,US,OH,CMH,G
43036,US,OH,CMH,G
43055,US,OH,CMH,G
43058,US,OH,CMH,G
43077,US,OH,CMH,F
43143,US,OH,CMH,H
43702,US,OH,CMH,I
43317,US,OH,CMH,J
43029,US,OH,CMH,J
43701,US,OH,CMH,I
43032,US,OH,CMH,F
43702,US,OH,CMH,I
43701,US,OH,CMH,I
43138,US,OH,CMH,I
43322,US,OH,CMH,I
43356,US,OH,CMH,H
43056,US,OH,CMH,H
43701,US,OH,CMH,I
43056,US,OH,CMH,H
43701,US,OH,CMH,I
43048,US,OH,CMH,J
45710,US,OH,CMH,M
43350,US,OH,CMH,L
43746,US,OH,CMH,H
43338,US,OH,CMH,K
43334,US,OH,CMH,K
43702,US,OH,CMH,I
43140,US,OH,CMH,J
43050,US,OH,CMH,H
43047,US,OH,CMH,J
43037,US,OH,CMH,J
43220,US,OH,CMH,C
43140,US,OH,CMH,J
45701,US,OH,CMH,M
43143,US,OH,CMH,H
43005,US,OH,CMH,K
74902,US,OK,FSM,C
74941,US,OK,FSM,H
74953,US,OK,FSM,H
74955,US,OK,FSM,G
74951,US,OK,FSM,F
74948,US,OK,FSM,D
74944,US,OK,FSM,I
74954,US,OK,FSM,C
74901,US,OK,FSM,B
74946,US,OK,FSM,B
74956,US,OK,FSM,G
74962,US,OK,FSM,I
74966,US,OK,FSM,I
74462,US,OK,FSM,J
74470,US,OK,FSM,J
74937,US,OK,FSM,J
74960,US,OK,FSM,K
74435,US,OK,FSM,K
74939,US,OK,FSM,K
74935,US,OK,FSM,K
74965,US,OK,FSM,L
74563,US,OK,FSM,M
74932,US,OK,FSM,E
74930,US,OK,FSM,H
73137,US,OK,OKC,A
73148,US,OK,OKC,A
73147,US,OK,OKC,A
73146,US,OK,OKC,A
73145,US,OK,OKC,B
73144,US,OK,OKC,A
73143,US,OK,OKC,A
73142,US,OK,OKC,A
73141,US,OK,OKC,A
73139,US,OK,OKC,A
73140,US,OK,OKC,A
73156,US,OK,OKC,A
73165,US,OK,OKC,A
73164,US,OK,OKC,A
73119,US,OK,OKC,A
73163,US,OK,OKC,A
73136,US,OK,OKC,A
73160,US,OK,OKC,A
73162,US,OK,OKC,A
73157,US,OK,OKC,A
73149,US,OK,OKC,A
73155,US,OK,OKC,A
73154,US,OK,OKC,A
73153,US,OK,OKC,A
73152,US,OK,OKC,A
73151,US,OK,OKC,A
73150,US,OK,OKC,A
73159,US,OK,OKC,A
73120,US,OK,OKC,A
73106,US,OK,OKC,A
73107,US,OK,OKC,A
73167,US,OK,OKC,A
73108,US,OK,OKC,A
73109,US,OK,OKC,A
73110,US,OK,OKC,A
73111,US,OK,OKC,A
73112,US,OK,OKC,A
73113,US,OK,OKC,A
73114,US,OK,OKC,A
73115,US,OK,OKC,A
73116,US,OK,OKC,A
73121,US,OK,OKC,A
73118,US,OK,OKC,A
73135,US,OK,OKC,A
73122,US,OK,OKC,A
73123,US,OK,OKC,A
73124,US,OK,OKC,A
73125,US,OK,OKC,A
73126,US,OK,OKC,A
73127,US,OK,OKC,A
73128,US,OK,OKC,A
73129,US,OK,OKC,A
73130,US,OK,OKC,B
73131,US,OK,OKC,A
73132,US,OK,OKC,A
73134,US,OK,OKC,A
73117,US,OK,OKC,A
74070,US,OK,TUL,D
74361,US,OK,TUL,C
74362,US,OK,TUL,C
73080,US,OK,OKC,E
74363,US,OK,TUL,D
74061,US,OK,TUL,C
74651,US,OK,OKC,E
73082,US,OK,OKC,E
74072,US,OK,TUL,D
74063,US,OK,TUL,B
74066,US,OK,TUL,B
74067,US,OK,TUL,B
74565,US,OK,TUL,F
74604,US,OK,OKC,E
74801,US,OK,OKC,D
74602,US,OK,OKC,E
74073,US,OK,TUL,D
74074,US,OK,OKC,E
74075,US,OK,OKC,E
74076,US,OK,OKC,E
74077,US,OK,OKC,E
74078,US,OK,OKC,E
74080,US,OK,TUL,C
74873,US,OK,OKC,E
73949,US,OK,AMA,D
73145,US,OK,OKC,B
74501,US,OK,TUL,D
73105,US,OK,OKC,A
74868,US,OK,OKC,F
73199,US,OK,OKC,A
73170,US,OK,OKC,A
73172,US,OK,OKC,A
73173,US,OK,OKC,A
73178,US,OK,OKC,A
73179,US,OK,OKC,A
73184,US,OK,OKC,A
73185,US,OK,OKC,A
73189,US,OK,OKC,A
73190,US,OK,OKC,A
73193,US,OK,OKC,A
73194,US,OK,OKC,A
73196,US,OK,OKC,A
74456,US,OK,TUL,C
73198,US,OK,OKC,A
73169,US,OK,OKC,A
74447,US,OK,TUL,C
74053,US,OK,TUL,C
74055,US,OK,TUL,B
73074,US,OK,OKC,F
73075,US,OK,OKC,F
74056,US,OK,TUL,F
74301,US,OK,TUL,D
74363,US,OK,TUL,D
74059,US,OK,OKC,E
73077,US,OK,OKC,E
74360,US,OK,TUL,E
74601,US,OK,OKC,E
73197,US,OK,OKC,A
74029,US,OK,TUL,C
73701,US,OK,OKC,F
73036,US,OK,OKC,C
73034,US,OK,OKC,B
73013,US,OK,OKC,B
74839,US,OK,TUL,D
73536,US,OK,OKC,E
74429,US,OK,TUL,E
73734,US,OK,OKC,F
73705,US,OK,OKC,F
74431,US,OK,TUL,E
74027,US,OK,TUL,D
73115,US,OK,OKC,A
73030,US,OK,OKC,F
74851,US,OK,OKC,E
74547,US,OK,TUL,D
73533,US,OK,OKC,E
74031,US,OK,TUL,C
73045,US,OK,OKC,D
74845,US,OK,TUL,E
74546,US,OK,TUL,F
73942,US,OK,AMA,D
73044,US,OK,OKC,E
74344,US,OK,TUL,F
73702,US,OK,OKC,F
74033,US,OK,TUL,C
73703,US,OK,OKC,F
73503,US,OK,OKC,E
74434,US,OK,TUL,C
74343,US,OK,TUL,E
74432,US,OK,TUL,D
73645,US,OK,AMA,D
73706,US,OK,OKC,F
74022,US,OK,TUL,D
73939,US,OK,AMA,D
74004,US,OK,TUL,C
74335,US,OK,TUL,F
74331,US,OK,TUL,D
74333,US,OK,TUL,F
74006,US,OK,TUL,C
74501,US,OK,TUL,D
74005,US,OK,TUL,C
74430,US,OK,TUL,E
74425,US,OK,TUL,E
74301,US,OK,TUL,D
74003,US,OK,TUL,C
74014,US,OK,TUL,B
74002,US,OK,TUL,F
74013,US,OK,TUL,B
74011,US,OK,TUL,B
74012,US,OK,TUL,B
74533,US,OK,TUL,E
74016,US,OK,TUL,D
74339,US,OK,TUL,D
74021,US,OK,TUL,C
74331,US,OK,TUL,D
74018,US,OK,TUL,C
74017,US,OK,TUL,C
74337,US,OK,TUL,C
74015,US,OK,TUL,B
73018,US,OK,OKC,E
74001,US,OK,TUL,F
73008,US,OK,OKC,A
74332,US,OK,TUL,D
74630,US,OK,OKC,E
73720,US,OK,OKC,F
74008,US,OK,TUL,B
73104,US,OK,OKC,A
74354,US,OK,TUL,D
73020,US,OK,OKC,C
73071,US,OK,OKC,B
73165,US,OK,OKC,A
73170,US,OK,OKC,A
74445,US,OK,TUL,C
74047,US,OK,TUL,E
74401,US,OK,TUL,C
74402,US,OK,TUL,C
74403,US,OK,TUL,C
73116,US,OK,OKC,A
73120,US,OK,OKC,A
73066,US,OK,OKC,C
73019,US,OK,OKC,B
73160,US,OK,OKC,A
73070,US,OK,OKC,B
73762,US,OK,OKC,E
73072,US,OK,OKC,B
74358,US,OK,TUL,D
74048,US,OK,TUL,C
74050,US,OK,TUL,B
73102,US,OK,OKC,A
74051,US,OK,TUL,D
73101,US,OK,OKC,A
73159,US,OK,OKC,A
74522,US,OK,TUL,F
74501,US,OK,TUL,D
74331,US,OK,TUL,D
73069,US,OK,OKC,B
73503,US,OK,OKC,E
73153,US,OK,OKC,A
74347,US,OK,TUL,E
74041,US,OK,TUL,C
73750,US,OK,OKC,E
74036,US,OK,TUL,C
73742,US,OK,OKC,F
74442,US,OK,TUL,F
73502,US,OK,OKC,E
73050,US,OK,OKC,E
73505,US,OK,OKC,E
73506,US,OK,OKC,E
74502,US,OK,TUL,D
74042,US,OK,TUL,D
74352,US,OK,TUL,D
73055,US,OK,OKC,E
73057,US,OK,OKC,F
73140,US,OK,OKC,A
74851,US,OK,OKC,E
74037,US,OK,TUL,B
73507,US,OK,OKC,E
73501,US,OK,OKC,E
73130,US,OK,OKC,B
73110,US,OK,OKC,A
73103,US,OK,OKC,A
74571,US,OK,FSM,O
74472,US,OK,FSM,J
74940,US,OK,FSM,I
74472,US,OK,FSM,J
74959,US,OK,FSM,D
74578,US,OK,FSM,N
74472,US,OK,FSM,J
74936,US,OK,FSM,F
74578,US,OK,FSM,N
73073,US,OK,OKC,E
73052,US,OK,OKC,E
73004,US,OK,OKC,E
73764,US,OK,OKC,E
73051,US,OK,OKC,E
73059,US,OK,OKC,D
73443,US,OK,OKC,E
73538,US,OK,OKC,E
74857,US,OK,OKC,E
73029,US,OK,OKC,E
73529,US,OK,OKC,E
73010,US,OK,OKC,E
74631,US,OK,OKC,E
73401,US,OK,OKC,E
73005,US,OK,OKC,E
73086,US,OK,OKC,E
74653,US,OK,OKC,E
73054,US,OK,OKC,E
73012,US,OK,OKC,B
74647,US,OK,OKC,G
73095,US,OK,OKC,E
73067,US,OK,OKC,E
73068,US,OK,OKC,E
73064,US,OK,OKC,B
74820,US,OK,OKC,G
73026,US,OK,OKC,B
73195,US,OK,OKC,A
73003,US,OK,OKC,B
73090,US,OK,OKC,C
73078,US,OK,OKC,C
73089,US,OK,OKC,D
73093,US,OK,OKC,D
74804,US,OK,OKC,D
73093,US,OK,OKC,D
73541,US,OK,OKC,E
74019,US,OK,TUL,C
73007,US,OK,OKC,C
73025,US,OK,OKC,B
74145,US,OK,TUL,A
74132,US,OK,TUL,A
74133,US,OK,TUL,A
74134,US,OK,TUL,A
74135,US,OK,TUL,A
74136,US,OK,TUL,A
74108,US,OK,TUL,A
74141,US,OK,TUL,A
74129,US,OK,TUL,A
74146,US,OK,TUL,A
74147,US,OK,TUL,A
74148,US,OK,TUL,A
74149,US,OK,TUL,A
74150,US,OK,TUL,A
74137,US,OK,TUL,A
74130,US,OK,TUL,A
74155,US,OK,TUL,A
74128,US,OK,TUL,A
74127,US,OK,TUL,A
74126,US,OK,TUL,A
74121,US,OK,TUL,A
74120,US,OK,TUL,A
74119,US,OK,TUL,A
74117,US,OK,TUL,A
74116,US,OK,TUL,A
74115,US,OK,TUL,A
74114,US,OK,TUL,A
74112,US,OK,TUL,A
74110,US,OK,TUL,A
74131,US,OK,TUL,A
74187,US,OK,TUL,A
73099,US,OK,OKC,B
73098,US,OK,OKC,F
74301,US,OK,TUL,D
74369,US,OK,TUL,F
73773,US,OK,OKC,F
73132,US,OK,OKC,A
73123,US,OK,OKC,A
73122,US,OK,OKC,A
74467,US,OK,TUL,C
74301,US,OK,TUL,D
74845,US,OK,TUL,E
73705,US,OK,OKC,F
73705,US,OK,OKC,F
74152,US,OK,TUL,A
74171,US,OK,TUL,A
74189,US,OK,TUL,A
74156,US,OK,TUL,B
74157,US,OK,TUL,A
74158,US,OK,TUL,A
74159,US,OK,TUL,A
74194,US,OK,TUL,A
74170,US,OK,TUL,A
74192,US,OK,TUL,A
74172,US,OK,TUL,A
74182,US,OK,TUL,A
74183,US,OK,TUL,A
74184,US,OK,TUL,A
74186,US,OK,TUL,A
74153,US,OK,TUL,A
74169,US,OK,TUL,A
74107,US,OK,TUL,A
74105,US,OK,TUL,A
74104,US,OK,TUL,A
74103,US,OK,TUL,A
74102,US,OK,TUL,A
74101,US,OK,TUL,A
74115,US,OK,TUL,A
74106,US,OK,TUL,A
74193,US,OK,TUL,A
M4N,CA,ON,YYZ,A
M5A,CA,ON,YYZ,A
L4L,CA,ON,YYZ,A
M4Y,CA,ON,YYZ,A
M4W,CA,ON,YYZ,A
L1P,CA,ON,YYZ,A
M5H,CA,ON,YYZ,A
M4C,CA,ON,YYZ,A
L1M,CA,ON,YYZ,A
M4J,CA,ON,YYZ,A
M4P,CA,ON,YYZ,A
M4X,CA,ON,YYZ,A
M4M,CA,ON,YYZ,A
M4B,CA,ON,YYZ,A
M5L,CA,ON,YYZ,A
M4K,CA,ON,YYZ,A
M4G,CA,ON,YYZ,A
M4H,CA,ON,YYZ,A
M4V,CA,ON,YYZ,A
L3R,CA,ON,YYZ,A
M4E,CA,ON,YYZ,A
M3H,CA,ON,YYZ,A
L1N,CA,ON,YYZ,A
M5B,CA,ON,YYZ,A
M6G,CA,ON,YYZ,A
M4L,CA,ON,YYZ,A
M5K,CA,ON,YYZ,A
M9M,CA,ON,YYZ,A
M4S,CA,ON,YYZ,A
M4T,CA,ON,YYZ,A
M5C,CA,ON,YYZ,A
M5E,CA,ON,YYZ,A
L1R,CA,ON,YYZ,A
M3M,CA,ON,YYZ,A
M5M,CA,ON,YYZ,A
M5G,CA,ON,YYZ,A
M4R,CA,ON,YYZ,A
M5J,CA,ON,YYZ,A
L6A,CA,ON,YYZ,A
N2K,CA,ON,BUF,S
N2C,CA,ON,BUF,S
N2J,CA,ON,BUF,S
N2J,CA,ON,BUF,S
N2H,CA,ON,BUF,S
N2G,CA,ON,BUF,S
N2L,CA,ON,BUF,S
N2M,CA,ON,BUF,S
N2E,CA,ON,BUF,S
N2K,CA,ON,BUF,S
N2B,CA,ON,BUF,S
N2A,CA,ON,BUF,S
N1T,CA,ON,BUF,S
N2N,CA,ON,BUF,S
N1T,CA,ON,BUF,S
N3E,CA,ON,BUF,S
N1S,CA,ON,BUF,S
N1S,CA,ON,BUF,S
N1S,CA,ON,BUF,S
N1R,CA,ON,BUF,S
N1R,CA,ON,BUF,S
N1T,CA,ON,BUF,S
N3H,CA,ON,BUF,S
L5J,CA,ON,BUF,P
L5K,CA,ON,BUF,P
L5L,CA,ON,BUF,P
L5M,CA,ON,BUF,P
N3V,CA,ON,BUF,S
N3T,CA,ON,BUF,S
N3S,CA,ON,BUF,S
N3R,CA,ON,BUF,S
N3P,CA,ON,BUF,S
N3C,CA,ON,BUF,S
N3H,CA,ON,BUF,S
N2P,CA,ON,BUF,S
N3E,CA,ON,BUF,S
N3E,CA,ON,BUF,S
N1H,CA,ON,BUF,S
N3C,CA,ON,BUF,S
N1R,CA,ON,BUF,S
N3C,CA,ON,BUF,S
N2V,CA,ON,BUF,S
N2T,CA,ON,BUF,S
N2R,CA,ON,BUF,S
N3H,CA,ON,BUF,S
M8V,CA,ON,BUF,P
N1K,CA,ON,BUF,S
M9M,CA,ON,BUF,Q
M9M,CA,ON,BUF,Q
M9L,CA,ON,BUF,Q
M9C,CA,ON,BUF,P
M9B,CA,ON,BUF,P
M9A,CA,ON,BUF,P
M8Z,CA,ON,BUF,P
M8Y,CA,ON,BUF,P
M9N,CA,ON,BUF,Q
M8W,CA,ON,BUF,P
M9N,CA,ON,BUF,Q
M7Y,CA,ON,BUF,Q
M7A,CA,ON,BUF,Q
M6S,CA,ON,BUF,Q
M6S,CA,ON,BUF,Q
M6R,CA,ON,BUF,Q
M6P,CA,ON,BUF,Q
M6N,CA,ON,BUF,Q
M6N,CA,ON,BUF,Q
M6M,CA,ON,BUF,Q
M8X,CA,ON,BUF,P
N1E,CA,ON,BUF,S
N1P,CA,ON,BUF,S
N1P,CA,ON,BUF,S
N1L,CA,ON,BUF,S
N1L,CA,ON,BUF,S
L5H,CA,ON,BUF,P
N1K,CA,ON,BUF,S
L4X,CA,ON,BUF,P
N1H,CA,ON,BUF,S
N1G,CA,ON,BUF,S
M9N,CA,ON,BUF,Q
N1E,CA,ON,BUF,S
N1P,CA,ON,BUF,S
N1C,CA,ON,BUF,S
N1C,CA,ON,BUF,S
N0E,CA,ON,BUF,S
N0B,CA,ON,BUF,S
N0A,CA,ON,BUF,Q
M9W,CA,ON,BUF,P
M9V,CA,ON,BUF,P
M9R,CA,ON,BUF,P
M9P,CA,ON,BUF,P
N1G,CA,ON,BUF,S
L1T,CA,ON,BUF,S
L2A,CA,ON,BUF,L
L1G,CA,ON,BUF,S
L1H,CA,ON,BUF,S
L1J,CA,ON,BUF,S
L1K,CA,ON,BUF,S
L1L,CA,ON,BUF,S
L1N,CA,ON,BUF,S
L1N,CA,ON,BUF,S
L1P,CA,ON,BUF,S
L1C,CA,ON,BUF,S
L1S,CA,ON,BUF,S
L1B,CA,ON,BUF,S
L1V,CA,ON,BUF,S
L1V,CA,ON,BUF,S
L1W,CA,ON,BUF,S
L1W,CA,ON,BUF,S
L1X,CA,ON,BUF,S
L1X,CA,ON,BUF,S
L1Y,CA,ON,BUF,S
L1Y,CA,ON,BUF,S
L4Z,CA,ON,BUF,P
L1R,CA,ON,BUF,S
L0N,CA,ON,BUF,S
L5N,CA,ON,BUF,P
L4H,CA,ON,YYZ,A
L0G,CA,ON,BUF,S
L0G,CA,ON,BUF,S
L0G,CA,ON,BUF,S
L0G,CA,ON,BUF,S
L0H,CA,ON,BUF,S
L0H,CA,ON,BUF,R
L0J,CA,ON,BUF,R
L1E,CA,ON,BUF,S
L0N,CA,ON,BUF,Q
L2E,CA,ON,BUF,M
L0N,CA,ON,BUF,Q
L0P,CA,ON,BUF,Q
L0P,CA,ON,BUF,P
L0R,CA,ON,BUF,N
L0R,CA,ON,BUF,S
L0R,CA,ON,BUF,N
L0S,CA,ON,BUF,M
L0S,CA,ON,BUF,N
L0S,CA,ON,BUF,M
L0L,CA,ON,BUF,S
L4T,CA,ON,BUF,P
L1Z,CA,ON,BUF,S
L3Y,CA,ON,BUF,S
L3Z,CA,ON,BUF,S
L4B,CA,ON,BUF,R
L4C,CA,ON,BUF,R
L4E,CA,ON,BUF,R
L4G,CA,ON,BUF,S
L4H,CA,ON,BUF,R
L4J,CA,ON,BUF,R
L3T,CA,ON,BUF,R
L4S,CA,ON,BUF,R
L3S,CA,ON,BUF,R
L4V,CA,ON,BUF,P
L4W,CA,ON,BUF,P
L4L,CA,ON,BUF,R
L4Y,CA,ON,BUF,P
M6M,CA,ON,BUF,Q
L5A,CA,ON,BUF,P
L5B,CA,ON,BUF,P
L5C,CA,ON,BUF,P
L5E,CA,ON,BUF,P
L4K,CA,ON,BUF,R
L2W,CA,ON,BUF,N
L2G,CA,ON,BUF,M
L2H,CA,ON,BUF,M
L2J,CA,ON,BUF,M
L2M,CA,ON,BUF,N
L2N,CA,ON,BUF,N
L2P,CA,ON,BUF,N
L2R,CA,ON,BUF,N
L2S,CA,ON,BUF,N
L2T,CA,ON,BUF,N
L3X,CA,ON,BUF,S
L2V,CA,ON,BUF,M
L5G,CA,ON,BUF,P
L3B,CA,ON,BUF,N
L3C,CA,ON,BUF,N
L3K,CA,ON,BUF,N
L3M,CA,ON,BUF,N
L3P,CA,ON,BUF,R
L3P,CA,ON,BUF,R
L3R,CA,ON,BUF,R
L3R,CA,ON,BUF,R
L3S,CA,ON,BUF,R
L2V,CA,ON,BUF,N
L8N,CA,ON,BUF,S
L8V,CA,ON,BUF,S
L8T,CA,ON,BUF,O
L8T,CA,ON,BUF,S
L8S,CA,ON,BUF,O
L8S,CA,ON,BUF,S
L8S,CA,ON,BUF,S
L8S,CA,ON,BUF,S
L8R,CA,ON,BUF,O
L8R,CA,ON,BUF,S
M1L,CA,ON,BUF,R
L8P,CA,ON,BUF,S
L8W,CA,ON,BUF,O
L8M,CA,ON,BUF,O
L8M,CA,ON,BUF,S
L8L,CA,ON,BUF,O
L8L,CA,ON,BUF,S
L8K,CA,ON,BUF,O
L8K,CA,ON,BUF,S
L8J,CA,ON,BUF,O
L8J,CA,ON,BUF,O
L8J,CA,ON,BUF,S
L8H,CA,ON,BUF,S
L8P,CA,ON,BUF,O
L9H,CA,ON,BUF,O
M1L,CA,ON,BUF,Q
M1K,CA,ON,BUF,R
M1J,CA,ON,BUF,R
M1H,CA,ON,BUF,R
M1G,CA,ON,BUF,R
M1E,CA,ON,BUF,R
M1C,CA,ON,BUF,R
M1B,CA,ON,BUF,R
L9W,CA,ON,BUF,S
L9V,CA,ON,BUF,S
L8V,CA,ON,BUF,O
L9K,CA,ON,BUF,S
L8W,CA,ON,BUF,S
L9H,CA,ON,BUF,S
L9H,CA,ON,BUF,S
L9G,CA,ON,BUF,S
L9C,CA,ON,BUF,O
L9C,CA,ON,BUF,S
L9B,CA,ON,BUF,O
L9B,CA,ON,BUF,S
L9A,CA,ON,BUF,O
L9A,CA,ON,BUF,S
L8G,CA,ON,BUF,O
L9T,CA,ON,BUF,Q
L6E,CA,ON,BUF,R
L8G,CA,ON,BUF,O
L6V,CA,ON,BUF,P
L6T,CA,ON,BUF,P
L6S,CA,ON,BUF,P
L6R,CA,ON,BUF,P
L6M,CA,ON,BUF,P
L6L,CA,ON,BUF,P
L6K,CA,ON,BUF,P
L6J,CA,ON,BUF,P
L6H,CA,ON,BUF,P
L6W,CA,ON,BUF,P
L6G,CA,ON,BUF,R
M6M,CA,ON,BUF,Q
L6E,CA,ON,BUF,R
L6C,CA,ON,BUF,R
L6C,CA,ON,BUF,R
L6B,CA,ON,BUF,R
L6B,CA,ON,BUF,R
L6A,CA,ON,BUF,R
L5W,CA,ON,BUF,P
L5V,CA,ON,BUF,P
L5T,CA,ON,BUF,P
L5S,CA,ON,BUF,P
L6G,CA,ON,BUF,R
L7J,CA,ON,BUF,S
L8J,CA,ON,BUF,O
L8G,CA,ON,BUF,S
L8E,CA,ON,BUF,O
L8E,CA,ON,BUF,O
L8E,CA,ON,BUF,O
L8E,CA,ON,BUF,S
L7T,CA,ON,BUF,O
L7S,CA,ON,BUF,O
L7R,CA,ON,BUF,O
L7P,CA,ON,BUF,O
L5R,CA,ON,BUF,P
L7L,CA,ON,BUF,O
L8G,CA,ON,BUF,O
L7G,CA,ON,BUF,Q
L7G,CA,ON,BUF,Q
L7E,CA,ON,BUF,Q
L7C,CA,ON,BUF,S
L7B,CA,ON,BUF,R
L7A,CA,ON,BUF,P
L6Z,CA,ON,BUF,P
L6Y,CA,ON,BUF,P
L6X,CA,ON,BUF,P
L5P,CA,ON,BUF,P
L7M,CA,ON,BUF,O
M4T,CA,ON,BUF,Q
M5J,CA,ON,BUF,Q
M5H,CA,ON,BUF,Q
M6G,CA,ON,BUF,Q
M5G,CA,ON,BUF,Q
M5E,CA,ON,BUF,Q
M5C,CA,ON,BUF,Q
M5B,CA,ON,BUF,Q
M5A,CA,ON,BUF,Q
M4Y,CA,ON,BUF,Q
M4X,CA,ON,BUF,Q
M6K,CA,ON,BUF,Q
M4W,CA,ON,BUF,R
M5M,CA,ON,BUF,Q
M4S,CA,ON,BUF,Q
M4R,CA,ON,BUF,Q
M4R,CA,ON,BUF,Q
M4P,CA,ON,BUF,Q
M6H,CA,ON,BUF,Q
M6J,CA,ON,BUF,Q
M4P,CA,ON,BUF,Q
M4N,CA,ON,BUF,Q
M4N,CA,ON,BUF,Q
M4M,CA,ON,BUF,Q
M4W,CA,ON,BUF,Q
M6B,CA,ON,BUF,Q
M5P,CA,ON,BUF,Q
M5P,CA,ON,BUF,Q
M5R,CA,ON,BUF,Q
M5S,CA,ON,BUF,Q
M5T,CA,ON,BUF,Q
M5V,CA,ON,BUF,Q
M5W,CA,ON,BUF,Q
M5X,CA,ON,BUF,Q
M6A,CA,ON,BUF,Q
M6A,CA,ON,BUF,Q
M5K,CA,ON,BUF,Q
M6B,CA,ON,BUF,Q
M5L,CA,ON,BUF,Q
M6C,CA,ON,BUF,Q
M5N,CA,ON,BUF,Q
M6C,CA,ON,BUF,Q
L8H,CA,ON,BUF,O
M1M,CA,ON,BUF,R
M6E,CA,ON,BUF,Q
M6E,CA,ON,BUF,Q
M6E,CA,ON,BUF,Q
M5N,CA,ON,BUF,Q
M5M,CA,ON,BUF,Q
M4V,CA,ON,BUF,Q
M6B,CA,ON,BUF,Q
M1S,CA,ON,BUF,R
M3K,CA,ON,BUF,Q
M2R,CA,ON,BUF,Q
M3H,CA,ON,BUF,Q
M1X,CA,ON,BUF,R
M1P,CA,ON,BUF,R
M3C,CA,ON,BUF,R
M3B,CA,ON,BUF,Q
M3A,CA,ON,BUF,Q
M4L,CA,ON,BUF,Q
M1R,CA,ON,BUF,Q
M3L,CA,ON,BUF,Q
M2P,CA,ON,BUF,Q
M3J,CA,ON,BUF,Q
M2N,CA,ON,BUF,Q
M2M,CA,ON,BUF,Q
M2L,CA,ON,BUF,Q
M1T,CA,ON,BUF,R
M2K,CA,ON,BUF,Q
M2J,CA,ON,BUF,Q
M6L,CA,ON,BUF,Q
M2H,CA,ON,BUF,Q
M1V,CA,ON,BUF,R
M6L,CA,ON,BUF,Q
M1W,CA,ON,BUF,R
M1R,CA,ON,BUF,R
M4J,CA,ON,BUF,Q
M4C,CA,ON,BUF,R
M3C,CA,ON,BUF,Q
M4E,CA,ON,BUF,R
M3M,CA,ON,BUF,Q
M4E,CA,ON,BUF,Q
M4C,CA,ON,BUF,R
M4G,CA,ON,BUF,R
M4B,CA,ON,BUF,Q
M4C,CA,ON,BUF,Q
M4J,CA,ON,BUF,R
M1N,CA,ON,BUF,R
M4K,CA,ON,BUF,R
M4K,CA,ON,BUF,Q
M4B,CA,ON,BUF,R
M4B,CA,ON,BUF,R
M4A,CA,ON,BUF,Q
M3N,CA,ON,BUF,Q
M4G,CA,ON,BUF,Q
M6J,CA,ON,YYZ,A
M5P,CA,ON,YYZ,A
L4J,CA,ON,YYZ,A
L3T,CA,ON,YYZ,A
M5V,CA,ON,YYZ,A
M6C,CA,ON,YYZ,A
M9N,CA,ON,YYZ,A
M6B,CA,ON,YYZ,A
M6A,CA,ON,YYZ,A
M5W,CA,ON,YYZ,A
M5S,CA,ON,YYZ,A
M5R,CA,ON,YYZ,A
M7Y,CA,ON,YYZ,A
M6N,CA,ON,YYZ,A
M7A,CA,ON,YYZ,A
M6S,CA,ON,YYZ,A
M5T,CA,ON,YYZ,A
M6P,CA,ON,YYZ,A
M5N,CA,ON,YYZ,A
M6M,CA,ON,YYZ,A
M6L,CA,ON,YYZ,A
M6K,CA,ON,YYZ,A
M6H,CA,ON,YYZ,A
M6E,CA,ON,YYZ,A
M5X,CA,ON,YYZ,A
M6R,CA,ON,YYZ,A
L9C,CA,ON,YYZ,E
L8T,CA,ON,YYZ,E
L8V,CA,ON,YYZ,E
L8W,CA,ON,YYZ,E
L9A,CA,ON,YYZ,E
L9W,CA,ON,YYZ,E
L9V,CA,ON,YYZ,E
L9K,CA,ON,YYZ,E
L9G,CA,ON,YYZ,E
L9H,CA,ON,YYZ,E
L9B,CA,ON,YYZ,E
L8S,CA,ON,YYZ,E
L8R,CA,ON,YYZ,E
L8P,CA,ON,YYZ,E
L8N,CA,ON,YYZ,E
M9V,CA,ON,YYZ,B
L4A,CA,ON,YYZ,E
L8E,CA,ON,YYZ,E
L8G,CA,ON,YYZ,E
L8H,CA,ON,YYZ,E
L8J,CA,ON,YYZ,E
L8K,CA,ON,YYZ,E
L8L,CA,ON,YYZ,E
L8M,CA,ON,YYZ,E
L3Y,CA,ON,YYZ,E
M1P,CA,ON,YYZ,B
M2N,CA,ON,YYZ,B
M2M,CA,ON,YYZ,B
M2L,CA,ON,YYZ,B
M2K,CA,ON,YYZ,B
M2J,CA,ON,YYZ,B
M2H,CA,ON,YYZ,B
M1X,CA,ON,YYZ,B
M1W,CA,ON,YYZ,B
M1V,CA,ON,YYZ,B
M1T,CA,ON,YYZ,B
M2P,CA,ON,YYZ,B
M1R,CA,ON,YYZ,B
M1N,CA,ON,YYZ,B
M1M,CA,ON,YYZ,B
M1K,CA,ON,YYZ,B
M1J,CA,ON,YYZ,B
M1H,CA,ON,YYZ,B
M1G,CA,ON,YYZ,B
M1E,CA,ON,YYZ,B
M1C,CA,ON,YYZ,B
M1B,CA,ON,YYZ,B
L3X,CA,ON,YYZ,E
L1J,CA,ON,YYZ,D
M1S,CA,ON,YYZ,B
M9C,CA,ON,YYZ,B
L7E,CA,ON,YYZ,D
M1L,CA,ON,YYZ,B
M2R,CA,ON,YYZ,B
M9W,CA,ON,YYZ,B
M9R,CA,ON,YYZ,B
M9L,CA,ON,YYZ,B
M9B,CA,ON,YYZ,B
M9A,CA,ON,YYZ,B
M8Z,CA,ON,YYZ,B
M8Y,CA,ON,YYZ,B
M3L,CA,ON,YYZ,B
M3B,CA,ON,YYZ,B
M9P,CA,ON,YYZ,B
M3A,CA,ON,YYZ,B
M8X,CA,ON,YYZ,B
M3J,CA,ON,YYZ,B
M3K,CA,ON,YYZ,B
M3C,CA,ON,YYZ,B
M3N,CA,ON,YYZ,B
M4A,CA,ON,YYZ,B
M8V,CA,ON,YYZ,B
M8W,CA,ON,YYZ,B
L6W,CA,ON,YYZ,A
L5S,CA,ON,YYZ,A
L5W,CA,ON,YYZ,A
L7J,CA,ON,YYZ,A
L1Z,CA,ON,YYZ,A
L1S,CA,ON,YYZ,A
L6H,CA,ON,YYZ,A
L4G,CA,ON,YYZ,A
L1V,CA,ON,YYZ,A
L6Y,CA,ON,YYZ,A
L1T,CA,ON,YYZ,A
L6J,CA,ON,YYZ,A
L6K,CA,ON,YYZ,A
L6L,CA,ON,YYZ,A
L6X,CA,ON,YYZ,A
L1W,CA,ON,YYZ,A
L1X,CA,ON,YYZ,A
L1Y,CA,ON,YYZ,A
L4S,CA,ON,YYZ,A
L4E,CA,ON,YYZ,A
L3T,CA,ON,YYZ,A
L4B,CA,ON,YYZ,A
L6M,CA,ON,YYZ,A
L6E,CA,ON,YYZ,A
L6S,CA,ON,YYZ,A
L6G,CA,ON,YYZ,A
L3R,CA,ON,YYZ,A
L6B,CA,ON,YYZ,A
L3S,CA,ON,YYZ,A
L7G,CA,ON,YYZ,A
L6C,CA,ON,YYZ,A
L4K,CA,ON,YYZ,A
L9T,CA,ON,YYZ,A
L5H,CA,ON,YYZ,A
L5J,CA,ON,YYZ,A
L5G,CA,ON,YYZ,A
L5L,CA,ON,YYZ,A
L4C,CA,ON,YYZ,A
N9A 6J3,CA,ON,YQG,A
L7P,CA,ON,YYZ,A
L6V,CA,ON,YYZ,A
L6T,CA,ON,YYZ,A
L6R,CA,ON,YYZ,A
L6P,CA,ON,YYZ,A
L7A,CA,ON,YYZ,A
L3P,CA,ON,YYZ,A
L5V,CA,ON,YYZ,A
L6Z,CA,ON,YYZ,A
L7R,CA,ON,YYZ,A
L7S,CA,ON,YYZ,A
L7T,CA,ON,YYZ,A
L7M,CA,ON,YYZ,A
K1V 9B4,CA,ON,YOW,A
L5P 1B2,CA,ON,YYZ,A
L7L,CA,ON,YYZ,A
L7N,CA,ON,YYZ,A
L5R,CA,ON,YYZ,A
L4Z,CA,ON,YYZ,A
L5M,CA,ON,YYZ,A
L5N,CA,ON,YYZ,A
L5P,CA,ON,YYZ,A
L5K,CA,ON,YYZ,A
L5E,CA,ON,YYZ,A
L5C,CA,ON,YYZ,A
L5A,CA,ON,YYZ,A
L4Y,CA,ON,YYZ,A
L4X,CA,ON,YYZ,A
L4W,CA,ON,YYZ,A
L4V,CA,ON,YYZ,A
L4T,CA,ON,YYZ,A
L5T,CA,ON,YYZ,A
L5B,CA,ON,YYZ,A
97325,US,OR,PDX,E
97456,US,OR,PDX,E
97456,US,OR,EUG,E
97361,US,OR,PDX,F
97038,US,OR,PDX,E
97269,US,OR,PDX,A
97222,US,OR,PDX,B
97040,US,OR,PDX,G
97016,US,OR,PDX,H
97461,US,OR,EUG,D
97128,US,OR,PDX,E
97036,US,OR,PDX,C
97454,US,OR,EUG,C
97452,US,OR,EUG,D
97070,US,OR,PDX,C
97362,US,OR,PDX,F
97042,US,OR,PDX,D
97267,US,OR,PDX,B
97133,US,OR,PDX,D
97913,US,OR,BOI,D
97222,US,OR,PDX,B
97355,US,OR,PDX,F
97352,US,OR,PDX,F
97268,US,OR,PDX,A
97914,US,OR,BOI,D
97218,US,OR,PDX,A
97045,US,OR,PDX,C
97455,US,OR,EUG,D
97370,US,OR,PDX,F
97132,US,OR,PDX,D
97119,US,OR,PDX,E
97348,US,OR,PDX,F
97030,US,OR,PDX,B
97116,US,OR,PDX,D
97027,US,OR,PDX,D
97026,US,OR,PDX,E
97448,US,OR,PDX,E
97146,US,OR,PDX,H
97446,US,OR,EUG,C
97053,US,OR,PDX,D
97345,US,OR,PDX,F
97116,US,OR,PDX,D
97438,US,OR,EUG,D
97024,US,OR,PDX,B
97455,US,OR,EUG,D
97138,US,OR,PDX,H
97351,US,OR,PDX,F
97035,US,OR,PDX,B
97034,US,OR,PDX,B
97127,US,OR,PDX,D
97307,US,OR,PDX,D
97303,US,OR,PDX,D
97201,US,OR,PDX,A
97121,US,OR,PDX,H
97253,US,OR,PDX,A
97068,US,OR,PDX,C
97255,US,OR,PDX,A
97031,US,OR,PDX,G
97124,US,OR,PDX,C
97123,US,OR,PDX,C
97446,US,OR,PDX,E
97489,US,OR,EUG,D
97448,US,OR,EUG,B
97221,US,OR,PDX,A
97268,US,OR,PDX,A
97269,US,OR,PDX,A
97271,US,OR,PDX,A
97272,US,OR,PDX,A
97224,US,OR,PDX,B
97223,US,OR,PDX,B
97256,US,OR,PDX,A
97222,US,OR,PDX,B
97280,US,OR,PDX,A
97281,US,OR,PDX,A
97282,US,OR,PDX,A
97283,US,OR,PDX,A
97286,US,OR,PDX,A
97207,US,OR,PDX,A
97296,US,OR,PDX,A
97216,US,OR,PDX,A
97032,US,OR,PDX,D
97440,US,OR,EUG,A
97299,US,OR,PDX,A
97298,US,OR,PDX,A
97290,US,OR,PDX,A
97218,US,OR,PDX,A
97291,US,OR,PDX,A
97294,US,OR,PDX,A
97219,US,OR,PDX,A
97220,US,OR,PDX,A
97293,US,OR,PDX,A
97292,US,OR,PDX,A
97259,US,OR,PDX,A
97217,US,OR,PDX,A
97254,US,OR,PDX,A
97267,US,OR,PDX,B
97208,US,OR,PDX,A
97236,US,OR,PDX,A
97238,US,OR,PDX,A
97240,US,OR,PDX,A
97210,US,OR,PDX,A
97251,US,OR,PDX,A
97211,US,OR,PDX,A
97206,US,OR,PDX,A
97205,US,OR,PDX,A
97204,US,OR,PDX,A
97203,US,OR,PDX,A
97202,US,OR,PDX,A
97148,US,OR,PDX,D
97242,US,OR,PDX,A
97231,US,OR,PDX,A
97071,US,OR,PDX,D
97258,US,OR,PDX,A
97225,US,OR,PDX,B
97227,US,OR,PDX,A
97228,US,OR,PDX,A
97209,US,OR,PDX,A
97230,US,OR,PDX,A
97266,US,OR,PDX,A
97232,US,OR,PDX,A
97233,US,OR,PDX,A
97215,US,OR,PDX,A
97214,US,OR,PDX,A
97213,US,OR,PDX,A
97212,US,OR,PDX,A
97229,US,OR,PDX,B
97009,US,OR,PDX,C
97013,US,OR,PDX,D
97101,US,OR,PDX,F
97325,US,OR,PDX,E
97002,US,OR,PDX,F
97004,US,OR,PDX,D
97005,US,OR,PDX,B
97006,US,OR,PDX,C
97007,US,OR,PDX,B
97008,US,OR,PDX,B
97075,US,OR,PDX,B
97007,US,OR,PDX,B
97138,US,OR,PDX,H
97006,US,OR,PDX,C
97305,US,OR,PDX,F
97377,US,OR,PDX,F
97140,US,OR,PDX,C
97381,US,OR,PDX,E
97477,US,OR,EUG,B
97477,US,OR,PDX,E
97478,US,OR,EUG,B
97478,US,OR,PDX,E
97482,US,OR,EUG,B
97327,US,OR,PDX,F
97383,US,OR,PDX,E
97016,US,OR,PDX,H
97306,US,OR,PDX,D
97438,US,OR,EUG,D
97489,US,OR,EUG,D
97048,US,OR,PDX,F
97371,US,OR,PDX,F
97472,US,OR,EUG,D
97051,US,OR,PDX,E
97137,US,OR,PDX,F
97301,US,OR,PDX,D
97302,US,OR,PDX,D
97303,US,OR,PDX,D
97409,US,OR,EUG,C
97305,US,OR,PDX,F
97321,US,OR,PDX,E
97307,US,OR,PDX,D
97308,US,OR,PDX,D
97309,US,OR,PDX,D
97310,US,OR,PDX,D
97311,US,OR,PDX,D
97312,US,OR,PDX,D
97313,US,OR,PDX,D
97314,US,OR,PDX,D
97055,US,OR,PDX,F
97056,US,OR,PDX,E
97375,US,OR,PDX,F
97304,US,OR,PDX,D
97402,US,OR,EUG,A
97426,US,OR,PDX,E
97405,US,OR,PDX,E
97487,US,OR,EUG,C
97338,US,OR,PDX,F
97114,US,OR,PDX,F
97054,US,OR,PDX,G
97431,US,OR,EUG,D
97115,US,OR,PDX,E
97022,US,OR,PDX,D
97437,US,OR,EUG,C
97426,US,OR,EUG,D
97062,US,OR,PDX,C
97392,US,OR,PDX,F
97401,US,OR,PDX,E
97402,US,OR,EUG,A
97402,US,OR,PDX,E
97403,US,OR,EUG,A
97403,US,OR,PDX,E
97918,US,OR,BOI,F
97404,US,OR,EUG,A
97404,US,OR,PDX,E
97405,US,OR,EUG,A
97385,US,OR,PDX,F
97374,US,OR,PDX,F
97023,US,OR,PDX,F
97389,US,OR,PDX,E
97401,US,OR,EUG,A
97386,US,OR,PDX,F
97336,US,OR,PDX,F
97058,US,OR,PDX,G
97482,US,OR,EUG,B
97223,US,OR,PDX,B
97224,US,OR,PDX,B
97111,US,OR,PDX,D
97281,US,OR,PDX,A
97419,US,OR,EUG,C
97015,US,OR,PDX,C
97016,US,OR,PDX,H
97424,US,OR,PDX,F
97017,US,OR,PDX,D
97335,US,OR,PDX,F
97472,US,OR,EUG,D
97424,US,OR,EUG,D
97060,US,OR,PDX,C
97333,US,OR,PDX,E
97331,US,OR,PDX,E
97113,US,OR,PDX,D
97018,US,OR,PDX,E
97330,US,OR,PDX,F
18848,US,PA,BGM,F
18827,US,PA,BGM,D
18439,US,PA,BGM,F
17268,US,PA,IAD,Y
17267,US,PA,IAD,Y
18853,US,PA,BGM,F
18446,US,PA,BGM,F
18847,US,PA,BGM,F
16946,US,PA,BGM,F
18801,US,PA,BGM,E
18828,US,PA,BGM,F
18443,US,PA,BGM,E
18465,US,PA,BGM,F
18826,US,PA,BGM,F
18853,US,PA,BGM,F
18814,US,PA,BGM,E
18462,US,PA,BGM,F
18657,US,PA,BGM,F
18454,US,PA,BGM,F
17225,US,PA,IAD,Y
18848,US,PA,BGM,F
17771,US,PA,BGM,F
17345,US,PA,BGM,F
18853,US,PA,BGM,F
18417,US,PA,BGM,F
18472,US,PA,BGM,F
18854,US,PA,BGM,F
16936,US,PA,BGM,F
18629,US,PA,BGM,F
18825,US,PA,BGM,F
18825,US,PA,BGM,F
18927,US,PA,BGM,F
18854,US,PA,BGM,F
18837,US,PA,BGM,F
18443,US,PA,BGM,F
18657,US,PA,BGM,F
18623,US,PA,BGM,F
18815,US,PA,BGM,F
18831,US,PA,BGM,F
16945,US,PA,BGM,F
18844,US,PA,BGM,F
17233,US,PA,IAD,Y
18446,US,PA,BGM,F
16933,US,PA,BGM,F
18414,US,PA,BGM,F
18456,US,PA,BGM,F
18621,US,PA,BGM,F
18437,US,PA,BGM,F
18472,US,PA,BGM,F
18847,US,PA,BGM,F
16936,US,PA,BGM,F
18848,US,PA,BGM,F
18443,US,PA,BGM,F
18831,US,PA,BGM,F
17237,US,PA,IAD,Y
18818,US,PA,BGM,F
18853,US,PA,BGM,F
17238,US,PA,IAD,Y
18046,US,PA,ABE,A
18854,US,PA,BGM,F
18847,US,PA,BGM,F
18447,US,PA,BGM,F
16925,US,PA,BGM,F
18042,US,PA,ABE,A
18956,US,PA,BGM,F
18850,US,PA,BGM,F
18831,US,PA,BGM,F
17247,US,PA,IAD,Y
16914,US,PA,BGM,F
16932,US,PA,BGM,F
16929,US,PA,BGM,F
18848,US,PA,BGM,F
18844,US,PA,BGM,F
18067,US,PA,ABE,A
18848,US,PA,BGM,F
18417,US,PA,BGM,F
17256,US,PA,IAD,Y
18103,US,PA,ABE,A
18854,US,PA,BGM,F
16914,US,PA,BGM,F
18813,US,PA,BGM,F
18822,US,PA,BGM,C
18801,US,PA,BGM,E
18853,US,PA,BGM,F
18842,US,PA,BGM,F
18810,US,PA,BGM,E
18431,US,PA,BGM,F
18846,US,PA,BGM,F
18834,US,PA,BGM,D
18660,US,PA,BGM,F
18829,US,PA,BGM,F
18469,US,PA,BGM,F
18420,US,PA,BGM,F
18049,US,PA,ABE,A
16914,US,PA,BGM,F
18472,US,PA,BGM,F
18850,US,PA,BGM,F
17236,US,PA,IAD,Y
18042,US,PA,ABE,A
18850,US,PA,BGM,F
16925,US,PA,BGM,F
16933,US,PA,BGM,F
18446,US,PA,BGM,F
18853,US,PA,BGM,F
16946,US,PA,BGM,F
18801,US,PA,BGM,E
18846,US,PA,BGM,F
17224,US,PA,IAD,Y
18470,US,PA,BGM,F
18801,US,PA,BGM,E
18629,US,PA,BGM,F
16914,US,PA,BGM,F
18403,US,PA,BGM,E
18630,US,PA,BGM,F
18414,US,PA,BGM,F
18452,US,PA,BGM,F
18413,US,PA,BGM,F
18407,US,PA,BGM,F
18816,US,PA,BGM,F
18417,US,PA,BGM,F
18810,US,PA,BGM,E
18801,US,PA,BGM,E
18434,US,PA,BGM,F
18446,US,PA,BGM,F
18431,US,PA,BGM,F
18854,US,PA,BGM,F
18415,US,PA,BGM,F
17201,US,PA,IAD,Y
16936,US,PA,BGM,F
16947,US,PA,BGM,F
18414,US,PA,BGM,F
18801,US,PA,BGM,E
18801,US,PA,BGM,E
18840,US,PA,BGM,D
18411,US,PA,BGM,F
18812,US,PA,BGM,F
16929,US,PA,BGM,F
18853,US,PA,BGM,F
18414,US,PA,BGM,F
18470,US,PA,BGM,F
18810,US,PA,BGM,E
18431,US,PA,BGM,F
18407,US,PA,BGM,F
18801,US,PA,BGM,E
18449,US,PA,BGM,F
18847,US,PA,BGM,F
18837,US,PA,BGM,F
18403,US,PA,BGM,F
18847,US,PA,BGM,F
18848,US,PA,BGM,F
18848,US,PA,BGM,F
18443,US,PA,BGM,F
17214,US,PA,IAD,Y
18847,US,PA,BGM,F
18817,US,PA,BGM,F
17815,US,PA,BGM,F
18419,US,PA,BGM,F
18421,US,PA,BGM,F
18433,US,PA,BGM,E
18623,US,PA,BGM,F
18433,US,PA,BGM,F
18420,US,PA,BGM,F
18417,US,PA,BGM,F
18822,US,PA,BGM,C
18472,US,PA,BGM,F
18840,US,PA,BGM,F
18821,US,PA,BGM,C
16925,US,PA,BGM,E
18847,US,PA,BGM,F
18407,US,PA,BGM,F
18851,US,PA,BGM,F
18851,US,PA,BGM,F
18431,US,PA,BGM,F
18407,US,PA,BGM,F
18657,US,PA,BGM,F
18461,US,PA,BGM,F
16925,US,PA,BGM,F
18818,US,PA,BGM,F
18823,US,PA,BGM,E
18470,US,PA,BGM,F
18850,US,PA,BGM,F
16936,US,PA,BGM,F
18430,US,PA,BGM,F
18430,US,PA,BGM,F
18853,US,PA,BGM,F
18847,US,PA,BGM,F
18473,US,PA,BGM,F
18837,US,PA,BGM,F
16404,US,PA,BGM,E
18810,US,PA,BGM,E
18431,US,PA,BGM,F
18801,US,PA,BGM,E
18824,US,PA,BGM,F
18851,US,PA,BGM,F
18818,US,PA,BGM,F
18801,US,PA,BGM,E
18415,US,PA,BGM,F
16920,US,PA,BGM,F
16901,US,PA,BGM,F
18453,US,PA,BGM,F
16914,US,PA,BGM,F
18850,US,PA,BGM,F
16914,US,PA,BGM,F
18446,US,PA,BGM,F
18411,US,PA,BGM,F
16933,US,PA,BGM,F
16946,US,PA,BGM,F
18623,US,PA,BGM,F
18421,US,PA,BGM,F
18472,US,PA,BGM,F
16917,US,PA,BGM,F
18419,US,PA,BGM,F
18820,US,PA,BGM,F
18405,US,PA,BGM,F
16947,US,PA,BGM,F
18414,US,PA,BGM,F
16925,US,PA,BGM,F
18925,US,PA,ABE,C
18421,US,PA,ABE,C
18969,US,PA,ABE,C
18624,US,PA,ABE,C
18325,US,PA,ABE,C
18235,US,PA,ABE,C
18974,US,PA,ABE,C
17951,US,PA,ABE,C
18059,US,PA,ABE,C
19505,US,PA,ABE,C
18088,US,PA,ABE,C
19446,US,PA,ABE,C
18701,US,PA,ABE,B
18232,US,PA,ABE,C
18971,US,PA,ABE,C
19040,US,PA,ABE,C
18344,US,PA,ABE,C
19530,US,PA,ABE,A
18915,US,PA,ABE,C
18053,US,PA,ABE,C
19519,US,PA,ABE,C
19501,US,PA,RDG,C
18333,US,PA,ABE,C
18434,US,PA,ABE,C
18334,US,PA,ABE,C
18064,US,PA,ABE,A
18235,US,PA,ABE,C
19605,US,PA,ABE,C
19044,US,PA,ABE,C
19438,US,PA,ABE,C
18225,US,PA,ABE,C
18069,US,PA,ABE,A
17982,US,PA,ABE,C
18254,US,PA,ABE,C
19536,US,PA,ABE,C
19001,US,PA,ABE,C
18403,US,PA,ABE,C
19468,US,PA,ABE,C
18330,US,PA,ABE,C
19540,US,PA,ABE,A
18428,US,PA,ABE,C
19002,US,PA,RDG,C
18353,US,PA,ABE,C
17878,US,PA,ABE,C
18349,US,PA,ABE,C
17865,US,PA,ABE,C
18073,US,PA,ABE,C
18947,US,PA,RDG,C
17961,US,PA,RDG,C
19559,US,PA,RDG,C
19510,US,PA,ABE,A
18071,US,PA,RDG,C
19555,US,PA,RDG,C
18458,US,PA,RDG,C
18322,US,PA,RDG,C
18323,US,PA,RDG,C
18356,US,PA,RDG,C
18012,US,PA,ABE,B
18458,US,PA,ABE,C
18322,US,PA,ABE,C
19555,US,PA,ABE,C
18651,US,PA,ABE,C
18071,US,PA,ABE,C
18074,US,PA,ABE,C
19501,US,PA,ABE,C
17740,US,PA,ABE,C
18469,US,PA,ABE,C
19474,US,PA,ABE,C
18347,US,PA,ABE,C
19454,US,PA,ABE,C
18210,US,PA,RDG,C
18348,US,PA,ABE,C
18323,US,PA,ABE,C
18661,US,PA,ABE,C
18078,US,PA,ABE,A
18104,US,PA,ABE,A
19601,US,PA,ABE,A
18951,US,PA,ABE,A
18083,US,PA,ABE,A
19474,US,PA,RDG,C
18104,US,PA,ABE,A
18610,US,PA,RDG,C
18444,US,PA,ABE,C
18327,US,PA,ABE,C
19518,US,PA,ABE,C
17517,US,PA,ABE,C
18644,US,PA,ABE,B
18079,US,PA,ABE,B
18231,US,PA,ABE,C
18350,US,PA,ABE,C
18970,US,PA,ABE,B
18247,US,PA,ABE,C
18074,US,PA,RDG,C
17878,US,PA,RDG,C
17921,US,PA,ABE,C
18073,US,PA,RDG,C
18960,US,PA,ABE,A
17877,US,PA,RDG,C
18080,US,PA,RDG,C
18911,US,PA,RDG,C
18091,US,PA,RDG,C
17747,US,PA,ABE,C
18030,US,PA,RDG,C
18211,US,PA,RDG,C
19454,US,PA,RDG,C
18320,US,PA,RDG,C
18042,US,PA,ABE,A
18068,US,PA,ABE,B
19508,US,PA,ABE,B
18252,US,PA,ABE,B
18066,US,PA,ABE,B
19606,US,PA,ABE,B
18501,US,PA,ABE,B
18634,US,PA,ABE,B
18065,US,PA,ABE,B
18519,US,PA,ABE,B
18013,US,PA,ABE,B
18518,US,PA,ABE,B
19551,US,PA,ABE,B
18104,US,PA,ABE,A
19512,US,PA,ABE,B
18101,US,PA,ABE,A
18106,US,PA,ABE,A
18104,US,PA,ABE,A
18705,US,PA,ABE,B
18407,US,PA,ABE,B
18011,US,PA,ABE,A
19533,US,PA,ABE,B
18104,US,PA,ABE,A
18037,US,PA,ABE,A
19611,US,PA,ABE,A
18036,US,PA,ABE,A
18704,US,PA,ABE,B
18070,US,PA,ABE,B
19440,US,PA,ABE,B
19526,US,PA,ABE,B
18424,US,PA,ABE,B
18603,US,PA,ABE,C
18324,US,PA,RDG,C
18704,US,PA,ABE,B
18643,US,PA,ABE,B
18704,US,PA,ABE,B
18917,US,PA,ABE,B
18512,US,PA,ABE,B
18301,US,PA,ABE,B
18944,US,PA,ABE,B
18056,US,PA,ABE,B
18016,US,PA,ABE,A
18013,US,PA,ABE,B
18705,US,PA,ABE,B
18640,US,PA,ABE,B
19503,US,PA,ABE,B
18076,US,PA,ABE,B
18063,US,PA,ABE,B
18507,US,PA,ABE,B
18072,US,PA,ABE,B
18244,US,PA,ABE,B
18237,US,PA,ABE,B
18332,US,PA,ABE,B
18641,US,PA,ABE,B
18219,US,PA,ABE,C
17851,US,PA,ABE,C
18343,US,PA,ABE,C
18411,US,PA,ABE,C
18342,US,PA,ABE,C
19562,US,PA,ABE,B
18372,US,PA,ABE,B
18643,US,PA,ABE,B
18320,US,PA,ABE,C
18038,US,PA,ABE,C
18936,US,PA,ABE,C
18252,US,PA,ABE,B
18014,US,PA,ABE,A
18964,US,PA,ABE,B
18466,US,PA,ABE,B
18104,US,PA,ABE,A
18360,US,PA,ABE,B
18370,US,PA,ABE,B
18627,US,PA,ABE,C
18326,US,PA,ABE,C
17929,US,PA,ABE,C
19021,US,PA,ABE,C
18103,US,PA,ABE,A
17881,US,PA,ABE,C
18923,US,PA,ABE,C
19006,US,PA,ABE,C
18916,US,PA,ABE,C
18086,US,PA,ABE,B
17931,US,PA,ABE,C
18032,US,PA,ABE,A
18060,US,PA,ABE,B
18052,US,PA,ABE,A
19602,US,PA,ABE,B
18968,US,PA,ABE,C
18025,US,PA,ABE,A
18642,US,PA,ABE,B
19538,US,PA,ABE,B
18201,US,PA,ABE,B
19539,US,PA,ABE,B
18707,US,PA,ABE,C
18914,US,PA,ABE,B
18085,US,PA,ABE,A
18704,US,PA,ABE,B
18017,US,PA,ABE,A
18104,US,PA,ABE,A
18031,US,PA,ABE,A
19565,US,PA,ABE,B
18104,US,PA,ABE,A
18043,US,PA,ABE,A
19560,US,PA,ABE,B
18202,US,PA,ABE,B
17921,US,PA,ABE,A
18517,US,PA,ABE,B
18034,US,PA,ABE,A
18341,US,PA,ABE,B
18078,US,PA,RDG,A
18017,US,PA,RDG,A
19605,US,PA,RDG,A
18051,US,PA,RDG,A
19522,US,PA,RDG,A
18103,US,PA,RDG,A
18049,US,PA,RDG,A
18042,US,PA,RDG,A
18046,US,PA,RDG,A
18042,US,PA,RDG,A
18067,US,PA,RDG,A
18960,US,PA,RDG,A
19540,US,PA,RDG,A
17036,US,PA,MDT,B
17337,US,PA,MDT,C
17831,US,PA,MDT,E
18104,US,PA,RDG,A
19601,US,PA,RDG,A
18951,US,PA,RDG,A
17737,US,PA,MDT,E
17533,US,PA,MDT,B
17532,US,PA,MDT,B
18083,US,PA,RDG,A
18104,US,PA,RDG,A
18069,US,PA,RDG,A
19530,US,PA,RDG,A
19535,US,PA,MDT,B
17037,US,PA,MDT,E
17602,US,PA,MDT,A
17570,US,PA,MDT,A
17339,US,PA,MDT,B
17540,US,PA,MDT,C
19534,US,PA,MDT,C
17231,US,PA,MDT,D
19533,US,PA,MDT,B
17046,US,PA,MDT,B
17042,US,PA,MDT,B
17041,US,PA,MDT,B
19506,US,PA,ABE,C
17942,US,PA,MDT,E
19002,US,PA,ABE,C
18041,US,PA,RDG,A
17603,US,PA,MDT,A
18062,US,PA,RDG,A
19530,US,PA,MDT,B
19529,US,PA,MDT,C
16844,US,PA,MDT,E
17038,US,PA,MDT,B
17407,US,PA,MDT,B
18015,US,PA,RDG,A
18037,US,PA,RDG,A
17534,US,PA,MDT,B
18087,US,PA,RDG,A
19607,US,PA,RDG,A
18055,US,PA,RDG,A
18103,US,PA,RDG,A
17604,US,PA,MDT,A
19606,US,PA,RDG,B
17110,US,PA,MDT,A
18042,US,PA,RDG,A
17109,US,PA,MDT,A
18104,US,PA,RDG,A
17105,US,PA,MDT,A
18518,US,PA,RDG,B
18013,US,PA,RDG,B
18068,US,PA,RDG,B
17104,US,PA,MDT,A
18065,US,PA,RDG,B
18012,US,PA,RDG,B
18064,US,PA,RDG,A
18501,US,PA,RDG,B
18101,US,PA,RDG,A
18066,US,PA,RDG,B
19508,US,PA,RDG,B
18944,US,PA,RDG,B
19551,US,PA,RDG,B
17103,US,PA,MDT,A
18244,US,PA,RDG,B
17102,US,PA,MDT,A
18072,US,PA,RDG,B
17101,US,PA,MDT,A
17331,US,PA,MDT,C
19526,US,PA,MDT,B
17032,US,PA,MDT,C
18634,US,PA,RDG,B
18016,US,PA,RDG,A
18104,US,PA,RDG,A
18085,US,PA,RDG,A
17921,US,PA,RDG,A
18043,US,PA,RDG,A
18104,US,PA,RDG,A
18031,US,PA,RDG,A
17034,US,PA,MDT,A
18104,US,PA,RDG,A
17033,US,PA,MDT,B
18017,US,PA,RDG,A
18025,US,PA,RDG,A
19510,US,PA,RDG,A
17111,US,PA,MDT,A
18032,US,PA,RDG,A
17112,US,PA,MDT,A
18034,US,PA,RDG,A
18014,US,PA,RDG,A
18036,US,PA,RDG,A
17830,US,PA,MDT,F
19611,US,PA,RDG,A
17406,US,PA,MDT,B
18037,US,PA,RDG,A
18104,US,PA,RDG,A
18011,US,PA,RDG,A
18104,US,PA,RDG,A
18106,US,PA,RDG,A
17543,US,PA,MDT,B
18052,US,PA,RDG,A
18030,US,PA,ABE,C
17585,US,PA,MDT,B
19567,US,PA,MDT,B
16882,US,PA,MDT,E
17368,US,PA,MDT,B
19610,US,PA,MDT,B
17985,US,PA,MDT,F
17272,US,PA,MDT,E
17085,US,PA,MDT,B
17568,US,PA,MDT,B
17084,US,PA,MDT,E
18080,US,PA,ABE,C
19464,US,PA,MDT,F
18211,US,PA,ABE,C
17271,US,PA,MDT,E
17356,US,PA,MDT,C
18351,US,PA,ABE,C
19609,US,PA,MDT,B
18091,US,PA,ABE,C
18911,US,PA,ABE,C
18706,US,PA,ABE,C
18321,US,PA,ABE,C
17877,US,PA,ABE,C
19608,US,PA,MDT,B
19607,US,PA,MDT,B
19606,US,PA,MDT,B
17044,US,PA,MDT,E
18610,US,PA,ABE,C
17578,US,PA,MDT,C
17087,US,PA,MDT,C
19551,US,PA,MDT,B
17572,US,PA,MDT,A
17358,US,PA,MDT,B
16677,US,PA,MDT,E
17974,US,PA,MDT,F
19555,US,PA,MDT,B
17576,US,PA,MDT,A
17978,US,PA,MDT,E
17362,US,PA,MDT,A
16875,US,PA,MDT,E
17262,US,PA,MDT,E
17889,US,PA,MDT,F
17113,US,PA,MDT,A
17584,US,PA,MDT,C
17363,US,PA,MDT,C
17579,US,PA,MDT,B
19559,US,PA,MDT,B
17979,US,PA,MDT,E
19560,US,PA,MDT,B
19562,US,PA,MDT,C
16686,US,PA,MDT,E
19564,US,PA,MDT,C
17266,US,PA,MDT,C
16877,US,PA,MDT,F
17270,US,PA,MDT,E
17865,US,PA,MDT,F
16801,US,PA,MDT,E
17050,US,PA,MDT,A
19540,US,PA,MDT,C
16856,US,PA,MDT,E
17847,US,PA,MDT,E
17063,US,PA,MDT,F
17551,US,PA,MDT,C
17062,US,PA,MDT,E
17061,US,PA,MDT,C
17060,US,PA,MDT,C
16853,US,PA,MDT,E
17057,US,PA,MDT,A
19539,US,PA,MDT,C
19605,US,PA,MDT,B
17055,US,PA,MDT,A
17237,US,PA,MDT,E
17344,US,PA,MDT,C
17343,US,PA,MDT,E
17749,US,PA,MDT,F
17233,US,PA,MDT,F
19538,US,PA,MDT,C
17054,US,PA,MDT,E
17345,US,PA,MDT,B
19536,US,PA,MDT,D
17232,US,PA,MDT,E
17946,US,PA,MDT,F
17342,US,PA,MDT,B
17045,US,PA,MDT,F
17236,US,PA,MDT,E
17352,US,PA,MDT,B
16870,US,PA,MDT,E
19549,US,PA,MDT,C
17965,US,PA,MDT,F
17081,US,PA,MDT,C
16868,US,PA,MDT,E
19548,US,PA,MDT,B
17080,US,PA,MDT,F
17565,US,PA,MDT,E
17563,US,PA,MDT,E
17562,US,PA,MDT,B
18241,US,PA,MDT,E
17241,US,PA,MDT,D
19541,US,PA,MDT,B
17074,US,PA,MDT,E
19542,US,PA,MDT,C
17350,US,PA,MDT,B
17072,US,PA,MDT,B
17557,US,PA,MDT,C
17071,US,PA,MDT,E
17349,US,PA,MDT,C
17070,US,PA,MDT,B
17856,US,PA,MDT,F
17068,US,PA,MDT,C
19545,US,PA,MDT,C
17855,US,PA,MDT,F
19543,US,PA,MDT,C
17029,US,PA,MDT,E
17075,US,PA,MDT,E
18421,US,PA,RDG,C
18235,US,PA,RDG,C
17866,US,PA,MDT,F
16829,US,PA,MDT,E
18059,US,PA,RDG,C
18088,US,PA,RDG,C
18232,US,PA,RDG,C
19446,US,PA,RDG,C
17509,US,PA,MDT,E
18974,US,PA,RDG,C
17201,US,PA,MDT,E
18971,US,PA,RDG,C
17921,US,PA,RDG,C
19516,US,PA,MDT,B
19468,US,PA,RDG,C
17013,US,PA,MDT,B
18333,US,PA,RDG,C
17010,US,PA,MDT,B
17011,US,PA,MDT,A
17009,US,PA,MDT,F
18444,US,PA,RDG,C
17566,US,PA,MDT,E
18231,US,PA,RDG,C
17508,US,PA,MDT,B
17747,US,PA,RDG,C
17309,US,PA,MDT,B
17030,US,PA,MDT,F
18624,US,PA,RDG,C
18428,US,PA,RDG,C
19006,US,PA,RDG,C
17931,US,PA,RDG,C
18469,US,PA,RDG,C
17019,US,PA,MDT,B
18925,US,PA,RDG,C
19044,US,PA,RDG,C
17517,US,PA,MDT,B
17314,US,PA,MDT,F
17018,US,PA,MDT,A
18053,US,PA,RDG,C
17313,US,PA,MDT,B
18254,US,PA,RDG,C
18330,US,PA,RDG,C
17930,US,PA,MDT,F
17311,US,PA,MDT,B
19605,US,PA,RDG,C
19040,US,PA,RDG,C
17929,US,PA,MDT,E
19438,US,PA,RDG,C
18225,US,PA,RDG,C
17982,US,PA,RDG,C
17016,US,PA,MDT,B
17516,US,PA,MDT,D
17512,US,PA,MDT,C
17536,US,PA,MDT,E
18403,US,PA,RDG,C
17923,US,PA,MDT,E
18434,US,PA,RDG,C
18321,US,PA,RDG,C
18077,US,PA,RDG,C
18947,US,PA,ABE,C
19559,US,PA,ABE,C
18077,US,PA,ABE,C
18955,US,PA,RDG,C
18210,US,PA,ABE,C
18954,US,PA,RDG,C
18644,US,PA,RDG,C
18641,US,PA,ABE,C
18403,US,PA,ABE,C
18352,US,PA,RDG,C
18350,US,PA,RDG,C
18324,US,PA,ABE,C
18356,US,PA,ABE,C
18706,US,PA,RDG,C
17922,US,PA,ABE,C
18351,US,PA,RDG,C
17813,US,PA,ABE,C
18968,US,PA,RDG,C
18216,US,PA,ABE,C
17972,US,PA,ABE,C
19507,US,PA,ABE,C
18216,US,PA,RDG,C
18949,US,PA,ABE,C
17813,US,PA,RDG,C
17922,US,PA,RDG,C
18081,US,PA,RDG,C
19510,US,PA,MDT,B
18081,US,PA,ABE,C
19512,US,PA,MDT,C
18247,US,PA,RDG,C
17507,US,PA,MDT,B
17740,US,PA,RDG,C
18352,US,PA,ABE,C
18353,US,PA,RDG,C
19506,US,PA,RDG,C
18603,US,PA,RDG,C
19511,US,PA,MDT,B
17007,US,PA,MDT,C
17506,US,PA,MDT,C
18641,US,PA,RDG,C
17865,US,PA,RDG,C
18403,US,PA,RDG,C
18349,US,PA,RDG,C
18348,US,PA,RDG,C
17961,US,PA,ABE,C
18347,US,PA,RDG,C
18651,US,PA,RDG,C
18949,US,PA,RDG,C
19507,US,PA,RDG,C
17972,US,PA,RDG,C
18954,US,PA,ABE,C
18955,US,PA,ABE,C
19505,US,PA,RDG,C
19518,US,PA,MDT,C
18644,US,PA,ABE,C
19525,US,PA,MDT,E
18407,US,PA,RDG,B
19533,US,PA,RDG,B
18060,US,PA,RDG,B
19602,US,PA,RDG,B
18642,US,PA,RDG,B
19538,US,PA,RDG,B
18201,US,PA,RDG,B
17528,US,PA,MDT,B
17329,US,PA,MDT,B
19539,US,PA,RDG,B
17327,US,PA,MDT,B
18517,US,PA,RDG,B
18914,US,PA,RDG,B
18704,US,PA,RDG,B
17324,US,PA,MDT,C
17527,US,PA,MDT,E
17827,US,PA,MDT,F
18086,US,PA,RDG,B
18704,US,PA,RDG,B
19565,US,PA,RDG,B
17323,US,PA,MDT,B
19522,US,PA,MDT,B
19560,US,PA,RDG,B
18202,US,PA,RDG,B
17322,US,PA,MDT,C
18923,US,PA,RDG,C
18341,US,PA,RDG,B
18643,US,PA,RDG,B
18063,US,PA,RDG,B
18076,US,PA,RDG,B
19503,US,PA,RDG,B
18640,US,PA,RDG,B
17028,US,PA,MDT,B
18705,US,PA,RDG,B
18013,US,PA,RDG,B
18070,US,PA,RDG,B
18056,US,PA,RDG,B
18641,US,PA,RDG,B
18301,US,PA,RDG,B
18512,US,PA,RDG,B
18705,US,PA,RDG,B
18704,US,PA,RDG,B
17936,US,PA,MDT,F
18704,US,PA,RDG,B
18519,US,PA,RDG,B
18424,US,PA,RDG,B
19526,US,PA,RDG,B
17027,US,PA,MDT,B
19440,US,PA,RDG,B
18237,US,PA,RDG,B
18332,US,PA,RDG,B
19512,US,PA,RDG,B
18252,US,PA,RDG,B
17529,US,PA,MDT,B
18466,US,PA,RDG,B
18917,US,PA,RDG,B
18038,US,PA,RDG,C
17321,US,PA,MDT,E
18334,US,PA,RDG,C
19519,US,PA,RDG,C
17520,US,PA,MDT,A
18915,US,PA,RDG,C
18344,US,PA,RDG,C
18707,US,PA,RDG,C
17851,US,PA,RDG,C
18343,US,PA,RDG,C
17519,US,PA,MDT,B
18411,US,PA,RDG,C
17022,US,PA,MDT,B
18342,US,PA,RDG,C
18235,US,PA,RDG,C
18936,US,PA,RDG,C
18916,US,PA,RDG,C
19519,US,PA,MDT,C
18219,US,PA,RDG,C
18627,US,PA,RDG,C
17020,US,PA,MDT,C
17518,US,PA,MDT,B
17315,US,PA,MDT,B
18326,US,PA,RDG,C
17929,US,PA,RDG,C
19021,US,PA,RDG,C
18507,US,PA,RDG,B
17316,US,PA,MDT,C
18661,US,PA,RDG,C
19562,US,PA,RDG,B
17221,US,PA,MDT,E
18372,US,PA,RDG,B
18643,US,PA,RDG,B
18252,US,PA,RDG,B
18964,US,PA,RDG,B
18360,US,PA,RDG,B
18370,US,PA,RDG,B
18701,US,PA,RDG,B
18970,US,PA,RDG,B
18079,US,PA,RDG,B
17317,US,PA,MDT,B
19518,US,PA,RDG,C
18325,US,PA,RDG,C
19536,US,PA,RDG,C
19001,US,PA,RDG,C
17023,US,PA,MDT,C
17951,US,PA,RDG,C
18644,US,PA,RDG,B
17521,US,PA,MDT,A
17881,US,PA,RDG,C
18969,US,PA,RDG,C
17318,US,PA,MDT,B
17517,US,PA,RDG,C
18327,US,PA,RDG,C
17522,US,PA,MDT,A
17319,US,PA,MDT,C
17024,US,PA,MDT,E
17250,US,PA,HGR,B
17257,US,PA,HGR,C
17267,US,PA,HGR,D
17268,US,PA,HGR,B
17270,US,PA,HGR,B
17256,US,PA,HGR,B
18360,US,PA,JFK,Y
17268,US,PA,BWI,Y
17099,US,PA,PIT,Y
16692,US,PA,PIT,Y
16134,US,PA,PIT,Y
18644,US,PA,JFK,Y
18644,US,PA,EWR,Y
16061,US,PA,PIT,Y
18643,US,PA,EWR,Y
16159,US,PA,PIT,Y
18201,US,PA,JFK,Y
18201,US,PA,EWR,Y
18701,US,PA,EWR,Y
18042,US,PA,EWR,Y
18701,US,PA,JFK,Y
18706,US,PA,JFK,Y
18706,US,PA,EWR,Y
17267,US,PA,BWI,Y
16159,US,PA,PIT,Y
18657,US,PA,JFK,Y
18657,US,PA,EWR,Y
18708,US,PA,JFK,Y
18708,US,PA,EWR,Y
18087,US,PA,JFK,Y
18087,US,PA,EWR,Y
16154,US,PA,PIT,Y
18042,US,PA,JFK,Y
18708,US,PA,JFK,Y
16433,US,PA,PIT,Y
18644,US,PA,JFK,Y
18644,US,PA,EWR,Y
18853,US,PA,JFK,Y
18853,US,PA,EWR,Y
16262,US,PA,PIT,Y
18042,US,PA,JFK,Y
18042,US,PA,EWR,Y
18702,US,PA,JFK,Y
18702,US,PA,EWR,Y
16161,US,PA,PIT,Y
18709,US,PA,EWR,Y
18466,US,PA,EWR,Y
18708,US,PA,EWR,Y
18707,US,PA,JFK,Y
18707,US,PA,EWR,Y
18706,US,PA,JFK,Y
18706,US,PA,EWR,Y
18704,US,PA,JFK,Y
18704,US,PA,EWR,Y
18703,US,PA,JFK,Y
18703,US,PA,EWR,Y
18702,US,PA,JFK,Y
18702,US,PA,EWR,Y
18709,US,PA,JFK,Y
18507,US,PA,EWR,Y
16146,US,PA,PIT,Y
17256,US,PA,BWI,Y
16346,US,PA,PIT,Y
18519,US,PA,JFK,Y
18519,US,PA,EWR,Y
18518,US,PA,JFK,Y
18518,US,PA,EWR,Y
18517,US,PA,JFK,Y
18517,US,PA,EWR,Y
18512,US,PA,JFK,Y
16360,US,PA,PIT,Y
18507,US,PA,JFK,Y
18708,US,PA,EWR,Y
18505,US,PA,JFK,Y
18505,US,PA,EWR,Y
18504,US,PA,JFK,Y
18504,US,PA,EWR,Y
18503,US,PA,JFK,Y
18503,US,PA,EWR,Y
18501,US,PA,JFK,Y
18501,US,PA,EWR,Y
18840,US,PA,JFK,Y
16678,US,PA,PIT,Y
16145,US,PA,PIT,Y
18512,US,PA,EWR,Y
18360,US,PA,EWR,Y
17301,US,PA,BWI,U
16354,US,PA,PIT,Y
16684,US,PA,PIT,Y
18512,US,PA,JFK,Y
18512,US,PA,EWR,Y
18424,US,PA,JFK,Y
18424,US,PA,EWR,Y
18517,US,PA,JFK,Y
18517,US,PA,EWR,Y
18704,US,PA,JFK,Y
18704,US,PA,EWR,Y
16148,US,PA,PIT,Y
18706,US,PA,EWR,Y
16150,US,PA,PIT,Y
18083,US,PA,JFK,Y
18083,US,PA,EWR,Y
16875,US,PA,PIT,Y
15956,US,PA,PIT,Y
16057,US,PA,PIT,Y
18407,US,PA,JFK,Y
18407,US,PA,EWR,Y
16125,US,PA,PIT,Y
16151,US,PA,PIT,Y
18708,US,PA,JFK,Y
18466,US,PA,JFK,Y
18706,US,PA,JFK,Y
17013,US,PA,BWI,X
16263,US,PA,PIT,Y
17304,US,PA,BWI,X
17112,US,PA,BWI,Z
17112,US,PA,BWI,Z
17112,US,PA,BWI,Z
17605,US,PA,BWI,T
17519,US,PA,BWI,V
17310,US,PA,BWI,Z
17032,US,PA,BWI,X
17320,US,PA,BWI,Z
17509,US,PA,BWI,Z
17013,US,PA,BWI,X
17522,US,PA,BWI,Z
17013,US,PA,BWI,X
17013,US,PA,BWI,X
17013,US,PA,BWI,X
17605,US,PA,BWI,T
17010,US,PA,BWI,Z
17001,US,PA,BWI,V
17011,US,PA,BWI,V
17042,US,PA,BWI,Z
17566,US,PA,BWI,Z
17307,US,PA,BWI,X
16110,US,PA,PIT,Y
17013,US,PA,BWI,X
17509,US,PA,BWI,Z
17055,US,PA,BWI,V
17050,US,PA,BWI,V
17315,US,PA,BWI,U
17018,US,PA,BWI,V
17313,US,PA,BWI,S
17013,US,PA,BWI,X
17322,US,PA,BWI,T
17312,US,PA,BWI,T
17013,US,PA,BWI,X
17016,US,PA,BWI,Z
17320,US,PA,BWI,Z
17083,US,PA,BWI,Z
17331,US,PA,BWI,V
17013,US,PA,BWI,X
17502,US,PA,BWI,V
17512,US,PA,BWI,U
17302,US,PA,BWI,V
17042,US,PA,BWI,Z
17078,US,PA,BWI,Z
17311,US,PA,BWI,U
17241,US,PA,BWI,X
17314,US,PA,BWI,Z
17042,US,PA,BWI,Z
17019,US,PA,BWI,X
17016,US,PA,BWI,Z
17042,US,PA,BWI,Z
17003,US,PA,BWI,Z
17022,US,PA,BWI,T
17307,US,PA,BWI,X
17504,US,PA,BWI,R
17509,US,PA,BWI,Z
17013,US,PA,BWI,X
17540,US,PA,BWI,Z
17331,US,PA,BWI,V
17538,US,PA,BWI,V
15006,US,PA,BWI,S
17314,US,PA,BWI,Z
17033,US,PA,BWI,Z
17019,US,PA,BWI,X
17042,US,PA,BWI,Z
17304,US,PA,BWI,X
17303,US,PA,BWI,X
17003,US,PA,BWI,Z
17509,US,PA,BWI,Z
17055,US,PA,BWI,V
17339,US,PA,BWI,V
17501,US,PA,BWI,T
17302,US,PA,BWI,V
17406,US,PA,BWI,S
17022,US,PA,BWI,T
17502,US,PA,BWI,V
17325,US,PA,BWI,X
16156,US,PA,PIT,Y
17543,US,PA,BWI,X
17036,US,PA,BWI,X
17322,US,PA,BWI,T
17309,US,PA,BWI,X
17329,US,PA,BWI,U
17352,US,PA,BWI,U
17543,US,PA,BWI,X
17055,US,PA,BWI,V
17507,US,PA,BWI,Z
17331,US,PA,BWI,V
17562,US,PA,BWI,X
17013,US,PA,BWI,X
17306,US,PA,BWI,Z
17007,US,PA,BWI,X
17506,US,PA,BWI,Z
17241,US,PA,BWI,X
17569,US,PA,BWI,Z
17366,US,PA,BWI,T
17505,US,PA,BWI,V
17315,US,PA,BWI,U
17307,US,PA,BWI,X
17042,US,PA,BWI,Z
17532,US,PA,BWI,Z
16153,US,PA,PIT,Y
17038,US,PA,BWI,Z
18327,US,PA,EWR,Y
18301,US,PA,EWR,Y
18013,US,PA,EWR,Y
16636,US,PA,PIT,Y
18642,US,PA,JFK,Y
18642,US,PA,EWR,Y
18641,US,PA,JFK,Y
18641,US,PA,EWR,Y
18512,US,PA,JFK,Y
18512,US,PA,EWR,Y
18519,US,PA,JFK,Y
16314,US,PA,PIT,Y
18327,US,PA,JFK,Y
18042,US,PA,JFK,Y
16319,US,PA,PIT,Y
16262,US,PA,PIT,Y
16218,US,PA,PIT,Y
18704,US,PA,JFK,Y
18704,US,PA,EWR,Y
18037,US,PA,JFK,Y
18037,US,PA,EWR,Y
16317,US,PA,PIT,Y
16406,US,PA,PIT,Y
16316,US,PA,PIT,Y
16127,US,PA,PIT,Y
18519,US,PA,EWR,Y
18403,US,PA,JFK,Y
16125,US,PA,PIT,Y
17225,US,PA,BWI,Y
18424,US,PA,JFK,Y
18424,US,PA,EWR,Y
15542,US,PA,PIT,Y
16323,US,PA,PIT,Y
18704,US,PA,JFK,Y
18704,US,PA,EWR,Y
17224,US,PA,BWI,Y
16034,US,PA,PIT,Y
16121,US,PA,PIT,Y
18301,US,PA,JFK,Y
18419,US,PA,EWR,Y
18042,US,PA,EWR,Y
18403,US,PA,EWR,Y
18643,US,PA,EWR,Y
15537,US,PA,PIT,Y
16424,US,PA,PIT,Y
18049,US,PA,JFK,Y
18049,US,PA,EWR,Y
16373,US,PA,PIT,Y
18704,US,PA,JFK,Y
18704,US,PA,EWR,Y
16030,US,PA,PIT,Y
16627,US,PA,PIT,Y
18419,US,PA,JFK,Y
18403,US,PA,JFK,Y
18603,US,PA,JFK,Y
18603,US,PA,EWR,Y
15530,US,PA,PIT,Y
18014,US,PA,JFK,Y
18014,US,PA,EWR,Y
16611,US,PA,PIT,Y
18013,US,PA,EWR,Y
18641,US,PA,JFK,Y
18641,US,PA,EWR,Y
18810,US,PA,JFK,Y
15424,US,PA,PIT,Y
18706,US,PA,EWR,Y
18016,US,PA,JFK,Y
18403,US,PA,EWR,Y
15521,US,PA,PIT,Y
18175,US,PA,JFK,Y
18175,US,PA,EWR,Y
18105,US,PA,JFK,Y
18105,US,PA,EWR,Y
18102,US,PA,JFK,Y
18102,US,PA,EWR,Y
18101,US,PA,JFK,Y
18101,US,PA,EWR,Y
16611,US,PA,PIT,Y
18706,US,PA,JFK,Y
15721,US,PA,PIT,Y
16114,US,PA,PIT,Y
16344,US,PA,PIT,Y
16025,US,PA,PIT,Y
16876,US,PA,PIT,Y
15926,US,PA,PIT,Y
18657,US,PA,JFK,Y
18657,US,PA,EWR,Y
18032,US,PA,JFK,Y
18032,US,PA,EWR,Y
18407,US,PA,JFK,Y
18407,US,PA,EWR,Y
18015,US,PA,EWR,Y
15924,US,PA,PIT,Y
18016,US,PA,EWR,Y
17009,US,PA,PIT,Y
16022,US,PA,PIT,Y
15533,US,PA,PIT,Y
16021,US,PA,PIT,Y
16020,US,PA,PIT,Y
16017,US,PA,PIT,Y
16016,US,PA,PIT,Y
17214,US,PA,BWI,Y
17815,US,PA,JFK,Y
17815,US,PA,EWR,Y
16113,US,PA,PIT,Y
16403,US,PA,PIT,Y
18707,US,PA,EWR,Y
16668,US,PA,PIT,Y
16049,US,PA,PIT,Y
17243,US,PA,PIT,Y
18518,US,PA,JFK,Y
18518,US,PA,EWR,Y
16301,US,PA,PIT,Y
18067,US,PA,JFK,Y
18067,US,PA,EWR,Y
16142,US,PA,PIT,Y
17238,US,PA,BWI,Y
18634,US,PA,JFK,Y
15552,US,PA,PIT,Y
18707,US,PA,JFK,Y
18640,US,PA,EWR,Y
17066,US,PA,PIT,Y
18344,US,PA,JFK,Y
18344,US,PA,EWR,Y
18444,US,PA,JFK,Y
18444,US,PA,EWR,Y
18507,US,PA,JFK,Y
18507,US,PA,EWR,Y
17237,US,PA,BWI,Y
17063,US,PA,PIT,Y
16854,US,PA,PIT,Y
16853,US,PA,PIT,Y
18634,US,PA,EWR,Y
16051,US,PA,PIT,Y
17201,US,PA,BWI,Y
16327,US,PA,PIT,Y
15557,US,PA,PIT,Y
15357,US,PA,PIT,Y
16343,US,PA,PIT,Y
16053,US,PA,PIT,Y
17084,US,PA,PIT,Y
16872,US,PA,PIT,Y
17247,US,PA,BWI,Y
15946,US,PA,PIT,Y
16052,US,PA,PIT,Y
18013,US,PA,EWR,Y
18704,US,PA,EWR,Y
18072,US,PA,JFK,Y
15946,US,PA,PIT,Y
18651,US,PA,EWR,Y
16341,US,PA,PIT,Y
18644,US,PA,JFK,Y
18644,US,PA,EWR,Y
18643,US,PA,EWR,Y
18642,US,PA,JFK,Y
18642,US,PA,EWR,Y
18641,US,PA,JFK,Y
18641,US,PA,EWR,Y
18640,US,PA,JFK,Y
18072,US,PA,EWR,Y
18704,US,PA,JFK,Y
18431,US,PA,EWR,Y
18434,US,PA,JFK,Y
18434,US,PA,EWR,Y
18433,US,PA,JFK,Y
18433,US,PA,EWR,Y
15547,US,PA,PIT,Y
16134,US,PA,PIT,Y
18640,US,PA,JFK,Y
18640,US,PA,EWR,Y
16651,US,PA,PIT,Y
18824,US,PA,JFK,Y
16041,US,PA,PIT,Y
18431,US,PA,JFK,Y
16646,US,PA,PIT,Y
16148,US,PA,PIT,Y
18055,US,PA,JFK,Y
18055,US,PA,EWR,Y
18201,US,PA,JFK,Y
18201,US,PA,EWR,Y
18428,US,PA,JFK,Y
18428,US,PA,EWR,Y
17236,US,PA,BWI,Y
18702,US,PA,JFK,Y
16050,US,PA,PIT,Y
16130,US,PA,PIT,Y
18824,US,PA,EWR,Y
17051,US,PA,PIT,Y
18702,US,PA,EWR,Y
16374,US,PA,PIT,Y
16137,US,PA,PIT,Y
18629,US,PA,JFK,Y
16335,US,PA,PIT,Y
15757,US,PA,PIT,Y
17233,US,PA,BWI,Y
18433,US,PA,JFK,Y
18433,US,PA,EWR,Y
15757,US,PA,PIT,Y
16661,US,PA,PIT,Y
18709,US,PA,JFK,Y
18709,US,PA,EWR,Y
16424,US,PA,PIT,Y
17044,US,PA,PIT,Y
18702,US,PA,JFK,Y
18702,US,PA,EWR,Y
15424,US,PA,PIT,Y
16201,US,PA,PIT,Y
18704,US,PA,EWR,Y
18704,US,PA,JFK,Y
18629,US,PA,EWR,Y
15064,US,PA,PIT,F
18507,US,PA,AVP,A
15108,US,PA,PIT,A
15108,US,PA,PIT,A
18936,US,PA,PHL,D
19453,US,PA,PHL,D
19067,US,PA,PHL,E
15244,US,PA,PIT,A
19070,US,PA,PHL,A
16740,US,PA,PIT,P
15228,US,PA,PIT,B
15349,US,PA,PIT,T
15210,US,PA,PIT,B
18344,US,PA,AVP,C
15901,US,PA,PIT,R
15211,US,PA,PIT,B
18707,US,PA,AVP,B
19065,US,PA,PHL,B
15228,US,PA,PIT,B
15666,US,PA,PIT,G
19066,US,PA,PHL,B
15317,US,PA,PIT,F
15237,US,PA,PIT,F
15317,US,PA,PIT,F
15347,US,PA,PIT,F
19046,US,PA,PHL,B
18934,US,PA,PHL,E
19037,US,PA,PHL,B
19063,US,PA,PHL,B
19065,US,PA,PHL,B
19103,US,PA,PHL,A
15761,US,PA,PIT,G
15146,US,PA,PIT,B
15225,US,PA,PIT,A
19102,US,PA,PHL,A
15210,US,PA,PIT,B
19102,US,PA,PHL,A
19103,US,PA,PHL,A
15209,US,PA,PIT,B
18239,US,PA,AVP,C
15845,US,PA,PIT,O
15140,US,PA,PIT,B
19175,US,PA,PHL,A
19405,US,PA,PHL,C
15065,US,PA,PIT,F
15069,US,PA,PIT,G
15672,US,PA,PIT,G
16665,US,PA,PIT,T
15448,US,PA,PIT,G
18940,US,PA,PHL,D
19073,US,PA,PHL,B
15071,US,PA,PIT,B
19401,US,PA,PHL,C
15905,US,PA,PIT,R
19404,US,PA,PHL,C
15237,US,PA,PIT,F
19406,US,PA,PHL,C
19407,US,PA,PHL,C
19408,US,PA,PHL,C
19409,US,PA,PHL,C
16428,US,PA,ERI,B
15137,US,PA,PIT,B
19454,US,PA,PHL,D
19477,US,PA,PHL,D
16365,US,PA,BUF,H
19403,US,PA,PHL,C
15670,US,PA,PIT,G
15120,US,PA,PIT,B
15668,US,PA,PIT,F
15350,US,PA,PIT,F
17502,US,PA,MDT,A
15137,US,PA,PIT,B
18634,US,PA,AVP,B
19072,US,PA,PHL,B
15065,US,PA,PIT,F
19505,US,PA,MDT,C
18929,US,PA,PHL,D
18635,US,PA,AVP,C
15211,US,PA,PIT,B
18434,US,PA,AVP,B
16242,US,PA,PIT,P
18433,US,PA,AVP,B
18901,US,PA,PHL,E
16822,US,PA,MDT,E
15671,US,PA,PIT,G
19046,US,PA,PHL,B
15944,US,PA,PIT,G
18938,US,PA,PHL,E
15068,US,PA,PIT,F
15915,US,PA,PIT,R
19355,US,PA,PHL,C
15945,US,PA,PIT,R
15025,US,PA,PIT,F
15655,US,PA,PIT,G
15055,US,PA,PIT,F
16929,US,PA,ELM,D
15473,US,PA,PIT,R
15656,US,PA,PIT,G
15056,US,PA,PIT,A
19446,US,PA,PHL,D
16371,US,PA,BUF,I
19053,US,PA,PHL,C
16365,US,PA,PIT,N
16851,US,PA,PIT,R
19052,US,PA,PHL,B
19029,US,PA,PHL,A
15085,US,PA,PIT,F
19054,US,PA,PHL,C
19055,US,PA,PHL,C
19056,US,PA,PHL,C
19057,US,PA,PHL,C
18627,US,PA,AVP,C
18704,US,PA,AVP,A
15750,US,PA,PIT,G
15646,US,PA,PIT,G
16735,US,PA,BUF,I
16735,US,PA,PIT,P
19503,US,PA,MDT,C
18231,US,PA,AVP,C
19348,US,PA,PHL,D
15752,US,PA,PIT,G
15846,US,PA,PIT,O
19050,US,PA,PHL,A
19406,US,PA,PHL,C
19059,US,PA,PHL,C
16232,US,PA,PIT,P
18702,US,PA,AVP,A
19443,US,PA,PHL,D
18440,US,PA,AVP,C
19444,US,PA,PHL,C
18931,US,PA,PHL,E
16423,US,PA,ERI,B
17503,US,PA,MDT,A
19047,US,PA,PHL,C
15233,US,PA,PIT,A
16023,US,PA,PIT,H
15904,US,PA,PIT,R
15664,US,PA,PIT,G
19083,US,PA,PHL,B
16933,US,PA,ELM,D
19002,US,PA,PHL,C
15758,US,PA,PIT,G
19061,US,PA,PHL,B
15759,US,PA,PIT,G
15902,US,PA,PIT,R
17504,US,PA,MDT,B
16662,US,PA,PIT,T
18709,US,PA,AVP,A
18433,US,PA,AVP,B
15057,US,PA,PIT,B
15756,US,PA,PIT,G
16426,US,PA,ERI,B
15136,US,PA,PIT,A
15131,US,PA,PIT,F
15132,US,PA,PIT,F
15133,US,PA,PIT,F
15134,US,PA,PIT,F
19008,US,PA,PHL,B
19061,US,PA,PHL,B
15135,US,PA,PIT,F
16738,US,PA,BUF,I
15129,US,PA,PIT,F
15658,US,PA,PIT,G
15909,US,PA,PIT,R
15938,US,PA,PIT,T
15907,US,PA,PIT,R
19468,US,PA,PHL,D
15906,US,PA,PIT,R
19504,US,PA,MDT,C
19468,US,PA,PHL,D
15663,US,PA,PIT,G
19353,US,PA,PHL,D
15940,US,PA,PIT,T
15068,US,PA,PIT,F
19061,US,PA,PHL,B
19002,US,PA,PHL,C
19067,US,PA,PHL,E
15661,US,PA,PIT,G
16401,US,PA,ERI,C
15662,US,PA,PIT,G
19058,US,PA,PHL,C
18932,US,PA,PHL,C
15210,US,PA,PIT,B
15140,US,PA,PIT,B
15231,US,PA,PIT,A
15201,US,PA,PIT,A
15202,US,PA,PIT,A
15203,US,PA,PIT,A
15204,US,PA,PIT,A
15205,US,PA,PIT,A
15206,US,PA,PIT,A
15207,US,PA,PIT,B
15221,US,PA,PIT,B
15209,US,PA,PIT,B
19453,US,PA,PHL,D
15211,US,PA,PIT,B
15212,US,PA,PIT,A
15213,US,PA,PIT,A
15214,US,PA,PIT,A
15215,US,PA,PIT,B
15216,US,PA,PIT,B
15217,US,PA,PIT,B
15218,US,PA,PIT,B
15219,US,PA,PIT,A
19050,US,PA,PHL,A
15208,US,PA,PIT,A
19184,US,PA,PHL,A
19162,US,PA,PHL,A
19170,US,PA,PHL,A
19171,US,PA,PHL,A
19172,US,PA,PHL,A
19173,US,PA,PHL,A
19175,US,PA,PHL,A
19177,US,PA,PHL,A
19178,US,PA,PHL,A
19179,US,PA,PHL,A
19181,US,PA,PHL,A
19026,US,PA,PHL,A
19183,US,PA,PHL,A
19460,US,PA,PHL,D
19185,US,PA,PHL,A
19187,US,PA,PHL,A
19188,US,PA,PHL,A
19191,US,PA,PHL,A
19192,US,PA,PHL,A
19196,US,PA,PHL,A
19197,US,PA,PHL,A
19112,US,PA,PHL,A
19112,US,PA,PHL,A
15222,US,PA,PIT,A
19182,US,PA,PHL,A
15268,US,PA,PIT,A
15253,US,PA,PIT,A
15254,US,PA,PIT,A
15255,US,PA,PIT,A
15257,US,PA,PIT,A
15258,US,PA,PIT,A
15259,US,PA,PIT,A
15260,US,PA,PIT,A
15262,US,PA,PIT,A
15264,US,PA,PIT,A
15220,US,PA,PIT,A
15267,US,PA,PIT,A
15250,US,PA,PIT,A
15270,US,PA,PIT,A
15272,US,PA,PIT,A
15274,US,PA,PIT,A
15275,US,PA,PIT,A
15276,US,PA,PIT,A
15278,US,PA,PIT,A
15279,US,PA,PIT,A
15281,US,PA,PIT,A
15282,US,PA,PIT,A
15283,US,PA,PIT,A
15265,US,PA,PIT,A
15235,US,PA,PIT,B
15223,US,PA,PIT,B
15224,US,PA,PIT,A
15225,US,PA,PIT,A
15226,US,PA,PIT,B
15227,US,PA,PIT,B
15228,US,PA,PIT,B
15229,US,PA,PIT,B
15230,US,PA,PIT,A
15231,US,PA,PIT,A
15232,US,PA,PIT,A
15252,US,PA,PIT,A
15234,US,PA,PIT,B
15251,US,PA,PIT,A
15236,US,PA,PIT,F
15237,US,PA,PIT,F
15238,US,PA,PIT,B
15239,US,PA,PIT,F
15240,US,PA,PIT,A
15241,US,PA,PIT,A
15242,US,PA,PIT,A
15243,US,PA,PIT,B
15244,US,PA,PIT,A
19155,US,PA,PHL,A
15233,US,PA,PIT,A
19104,US,PA,PHL,A
16802,US,PA,PIT,R
19047,US,PA,PHL,C
18943,US,PA,PHL,E
18944,US,PA,PHL,E
15473,US,PA,PIT,R
15231,US,PA,PIT,A
19178,US,PA,PHL,A
19153,US,PA,PHL,A
19101,US,PA,PHL,A
19161,US,PA,PHL,A
19103,US,PA,PHL,A
15235,US,PA,PIT,B
19105,US,PA,PHL,A
19106,US,PA,PHL,A
19107,US,PA,PHL,A
19094,US,PA,PHL,B
15695,US,PA,PIT,G
19095,US,PA,PHL,C
19096,US,PA,PHL,B
18644,US,PA,AVP,A
19067,US,PA,PHL,E
16329,US,PA,PIT,N
19102,US,PA,PHL,A
16666,US,PA,PIT,T
19074,US,PA,PHL,A
18636,US,PA,AVP,C
15071,US,PA,PIT,B
15213,US,PA,PIT,A
15139,US,PA,PIT,B
19456,US,PA,PHL,D
18051,US,PA,ABE,A
15214,US,PA,PIT,A
19001,US,PA,PHL,B
18518,US,PA,AVP,A
15765,US,PA,PIT,G
19075,US,PA,PHL,B
19172,US,PA,PHL,A
16915,US,PA,BUF,I
19151,US,PA,PHL,A
19301,US,PA,PHL,C
15690,US,PA,PIT,G
15945,US,PA,PIT,R
19015,US,PA,PHL,A
15068,US,PA,PIT,F
18452,US,PA,AVP,B
19422,US,PA,PHL,C
16371,US,PA,PIT,N
18447,US,PA,AVP,A
19145,US,PA,PHL,A
15696,US,PA,PIT,G
19134,US,PA,PHL,B
19135,US,PA,PHL,B
19136,US,PA,PHL,B
19137,US,PA,PHL,B
19138,US,PA,PHL,B
19139,US,PA,PHL,A
19140,US,PA,PHL,B
19141,US,PA,PHL,B
19142,US,PA,PHL,A
19132,US,PA,PHL,B
19144,US,PA,PHL,B
19131,US,PA,PHL,A
19146,US,PA,PHL,A
19147,US,PA,PHL,A
19148,US,PA,PHL,A
19149,US,PA,PHL,B
19150,US,PA,PHL,B
19151,US,PA,PHL,A
19152,US,PA,PHL,B
19153,US,PA,PHL,A
19154,US,PA,PHL,B
15674,US,PA,PIT,G
19143,US,PA,PHL,A
19120,US,PA,PHL,B
19160,US,PA,PHL,A
19108,US,PA,PHL,A
19109,US,PA,PHL,A
19110,US,PA,PHL,A
19111,US,PA,PHL,B
19112,US,PA,PHL,A
19113,US,PA,PHL,A
19114,US,PA,PHL,B
19115,US,PA,PHL,B
19116,US,PA,PHL,B
19133,US,PA,PHL,B
19119,US,PA,PHL,B
19039,US,PA,PHL,C
19121,US,PA,PHL,B
19122,US,PA,PHL,B
19123,US,PA,PHL,A
19124,US,PA,PHL,B
19125,US,PA,PHL,B
19126,US,PA,PHL,B
19127,US,PA,PHL,B
19128,US,PA,PHL,B
19129,US,PA,PHL,B
19130,US,PA,PHL,A
19118,US,PA,PHL,B
19192,US,PA,PHL,A
15095,US,PA,PIT,F
19015,US,PA,PHL,A
19016,US,PA,PHL,A
19022,US,PA,PHL,A
19017,US,PA,PHL,B
19013,US,PA,PHL,A
15024,US,PA,PIT,B
17233,US,PA,HGR,C
19319,US,PA,PHL,C
19013,US,PA,PHL,A
18966,US,PA,PHL,C
15724,US,PA,PIT,G
19170,US,PA,PHL,A
15025,US,PA,PIT,F
16313,US,PA,PIT,N
16214,US,PA,PIT,P
18411,US,PA,AVP,B
15725,US,PA,PIT,G
19196,US,PA,PHL,A
16625,US,PA,PIT,T
16830,US,PA,PIT,P
18413,US,PA,AVP,C
18410,US,PA,AVP,B
15722,US,PA,PIT,T
15047,US,PA,PIT,F
16023,US,PA,PIT,H
15419,US,PA,PIT,R
16024,US,PA,PIT,F
15621,US,PA,PIT,G
19605,US,PA,ABE,A
16403,US,PA,ERI,B
15317,US,PA,PIT,F
17724,US,PA,ELM,C
19014,US,PA,PHL,B
15106,US,PA,PIT,A
15727,US,PA,PIT,G
15203,US,PA,PIT,A
15236,US,PA,PIT,F
15234,US,PA,PIT,B
15321,US,PA,PIT,F
15243,US,PA,PIT,B
19422,US,PA,PHL,C
19317,US,PA,PHL,D
18914,US,PA,PHL,D
15723,US,PA,PIT,G
19012,US,PA,PHL,B
18407,US,PA,AVP,B
18690,US,PA,AVP,B
15205,US,PA,PIT,A
15732,US,PA,PIT,G
15030,US,PA,PIT,F
16630,US,PA,PIT,R
19021,US,PA,PHL,C
19022,US,PA,PHL,A
15031,US,PA,PIT,F
15032,US,PA,PIT,F
16833,US,PA,PIT,P
19018,US,PA,PHL,A
18612,US,PA,AVP,B
17003,US,PA,MDT,B
18414,US,PA,AVP,C
18916,US,PA,PHL,E
19023,US,PA,PHL,A
19036,US,PA,PHL,A
15625,US,PA,PIT,G
17720,US,PA,MDT,E
18222,US,PA,AVP,C
15801,US,PA,PIT,P
18917,US,PA,PHL,E
16635,US,PA,PIT,R
16725,US,PA,BUF,I
19428,US,PA,PHL,C
15018,US,PA,PIT,F
15728,US,PA,PIT,G
18612,US,PA,AVP,B
19426,US,PA,PHL,D
19473,US,PA,PHL,E
19023,US,PA,PHL,A
18915,US,PA,PHL,D
19183,US,PA,PHL,A
19181,US,PA,PHL,A
15729,US,PA,PIT,G
15624,US,PA,PIT,G
15425,US,PA,PIT,G
16917,US,PA,ELM,D
15731,US,PA,PIT,G
15108,US,PA,PIT,A
15204,US,PA,PIT,A
19020,US,PA,PHL,C
16407,US,PA,BUF,I
16407,US,PA,ERI,C
16915,US,PA,BUF,I
15028,US,PA,PIT,F
18704,US,PA,AVP,A
15026,US,PA,PIT,A
19331,US,PA,PHL,C
15713,US,PA,PIT,G
15020,US,PA,PIT,F
15068,US,PA,PIT,F
15201,US,PA,PIT,A
18706,US,PA,AVP,B
16613,US,PA,PIT,T
15215,US,PA,PIT,B
19014,US,PA,PHL,B
18810,US,PA,ELM,C
15004,US,PA,PIT,R
15920,US,PA,PIT,G
19407,US,PA,PHL,C
19003,US,PA,PHL,B
15202,US,PA,PIT,A
18641,US,PA,AVP,A
19311,US,PA,PHL,D
15618,US,PA,PIT,G
15006,US,PA,PIT,F
15007,US,PA,PIT,F
19004,US,PA,PHL,B
17210,US,PA,MDT,E
15068,US,PA,PIT,F
15714,US,PA,PIT,T
19403,US,PA,PHL,C
15734,US,PA,PIT,G
18221,US,PA,AVP,C
19026,US,PA,PHL,A
19025,US,PA,PHL,C
15034,US,PA,PIT,F
18901,US,PA,PHL,E
15222,US,PA,PIT,A
19372,US,PA,PHL,E
19335,US,PA,PHL,D
15033,US,PA,PIT,S
15616,US,PA,PIT,G
15628,US,PA,PIT,G
15522,US,PA,PIT,R
15929,US,PA,PIT,G
18519,US,PA,AVP,A
19333,US,PA,PHL,C
15627,US,PA,PIT,G
15626,US,PA,PIT,G
15349,US,PA,PIT,T
15285,US,PA,PIT,A
15263,US,PA,PIT,A
15712,US,PA,PIT,G
18403,US,PA,AVP,B
18103,US,PA,MDT,C
19007,US,PA,PHL,C
15619,US,PA,PIT,G
15014,US,PA,PIT,F
15104,US,PA,PIT,B
15620,US,PA,PIT,G
16701,US,PA,BUF,H
16701,US,PA,PIT,N
15015,US,PA,PIT,F
15227,US,PA,PIT,B
19405,US,PA,PHL,C
18602,US,PA,AVP,A
19014,US,PA,PHL,B
19061,US,PA,PHL,B
15824,US,PA,PIT,P
19015,US,PA,PHL,A
15226,US,PA,PIT,B
15825,US,PA,PIT,P
19008,US,PA,PHL,B
18421,US,PA,AVP,B
15417,US,PA,PIT,R
15720,US,PA,PIT,G
19009,US,PA,PHL,B
19010,US,PA,PHL,B
15017,US,PA,PIT,B
15716,US,PA,PIT,G
18512,US,PA,AVP,A
16823,US,PA,PIT,T
15202,US,PA,PIT,A
15202,US,PA,PIT,A
16617,US,PA,PIT,R
15202,US,PA,PIT,A
19020,US,PA,PHL,C
19021,US,PA,PHL,C
19312,US,PA,PHL,C
15102,US,PA,PIT,F
15531,US,PA,PIT,T
15715,US,PA,PIT,P
15135,US,PA,PIT,F
15717,US,PA,PIT,G
18447,US,PA,AVP,A
15238,US,PA,PIT,B
15224,US,PA,PIT,A
18911,US,PA,PHL,C
16912,US,PA,ELM,D
19422,US,PA,PHL,C
16827,US,PA,PIT,T
15923,US,PA,PIT,G
18216,US,PA,AVP,C
16211,US,PA,PIT,G
19035,US,PA,PHL,B
18509,US,PA,AVP,A
18224,US,PA,AVP,C
15541,US,PA,PIT,R
18925,US,PA,PHL,E
16922,US,PA,ELM,D
16641,US,PA,PIT,T
16693,US,PA,PIT,T
18940,US,PA,PHL,D
15044,US,PA,PIT,F
19063,US,PA,PHL,B
16417,US,PA,ERI,B
18924,US,PA,PHL,E
15045,US,PA,PIT,F
19342,US,PA,PHL,C
19063,US,PA,PHL,B
19037,US,PA,PHL,B
19036,US,PA,PHL,A
15116,US,PA,PIT,B
19038,US,PA,PHL,B
15046,US,PA,PIT,B
18424,US,PA,AVP,B
15748,US,PA,PIT,G
15741,US,PA,PIT,G
19162,US,PA,PHL,A
15632,US,PA,PIT,F
19341,US,PA,PHL,D
19353,US,PA,PHL,D
18403,US,PA,AVP,B
19030,US,PA,PHL,D
16415,US,PA,ERI,B
19409,US,PA,PHL,C
15840,US,PA,PIT,P
15438,US,PA,PIT,R
19355,US,PA,PHL,C
19161,US,PA,PHL,A
15242,US,PA,PIT,A
19177,US,PA,PHL,A
15025,US,PA,PIT,F
19031,US,PA,PHL,C
19032,US,PA,PHL,A
19033,US,PA,PHL,A
15633,US,PA,PIT,G
18421,US,PA,AVP,B
19034,US,PA,PHL,C
18704,US,PA,AVP,A
19046,US,PA,PHL,B
19053,US,PA,PHL,C
18640,US,PA,AVP,A
19043,US,PA,PHL,A
15747,US,PA,PIT,G
15748,US,PA,PIT,G
15120,US,PA,PIT,B
15208,US,PA,PIT,A
19044,US,PA,PHL,C
19188,US,PA,PHL,A
15638,US,PA,PIT,G
15342,US,PA,PIT,F
15634,US,PA,PIT,G
16248,US,PA,PIT,P
18966,US,PA,PHL,C
15639,US,PA,PIT,G
16652,US,PA,PIT,T
19006,US,PA,PHL,C
15640,US,PA,PIT,G
16843,US,PA,PIT,P
15641,US,PA,PIT,G
19345,US,PA,PHL,D
15126,US,PA,PIT,A
15701,US,PA,PIT,G
15051,US,PA,PIT,F
16823,US,PA,PIT,T
19083,US,PA,PHL,B
15223,US,PA,PIT,B
15635,US,PA,PIT,G
18702,US,PA,AVP,A
17922,US,PA,MDT,E
16421,US,PA,ERI,B
18225,US,PA,AVP,C
19438,US,PA,PHL,E
16038,US,PA,PIT,P
15049,US,PA,PIT,B
19040,US,PA,PHL,C
15935,US,PA,PIT,T
19041,US,PA,PHL,B
16648,US,PA,PIT,R
16230,US,PA,PIT,P
15207,US,PA,PIT,B
15825,US,PA,PIT,P
18201,US,PA,AVP,C
15745,US,PA,PIT,G
15637,US,PA,PIT,G
15746,US,PA,PIT,G
17721,US,PA,MDT,E
18927,US,PA,PHL,E
18426,US,PA,AVP,C
19440,US,PA,PHL,D
16501,US,PA,ERI,A
18704,US,PA,AVP,A
15330,US,PA,PIT,F
15037,US,PA,PIT,F
16920,US,PA,ELM,D
18416,US,PA,AVP,C
15038,US,PA,PIT,F
19063,US,PA,PHL,B
15202,US,PA,PIT,A
19310,US,PA,MDT,E
16507,US,PA,BUF,I
16501,US,PA,BUF,I
17304,US,PA,MDT,C
16502,US,PA,BUF,I
16502,US,PA,ERI,A
16503,US,PA,BUF,I
16503,US,PA,ERI,A
16504,US,PA,BUF,I
16504,US,PA,ERI,A
16505,US,PA,BUF,I
16505,US,PA,ERI,A
16506,US,PA,BUF,I
18643,US,PA,AVP,A
16505,US,PA,ERI,A
15035,US,PA,PIT,F
15127,US,PA,PIT,F
18641,US,PA,AVP,A
17303,US,PA,MDT,C
15110,US,PA,PIT,F
18642,US,PA,AVP,A
15035,US,PA,PIT,F
15112,US,PA,PIT,B
15629,US,PA,PIT,G
19403,US,PA,PHL,C
19408,US,PA,PHL,C
16116,US,PA,ERI,B
15206,US,PA,PIT,A
16444,US,PA,ERI,B
15112,US,PA,PIT,B
17921,US,PA,MDT,F
15629,US,PA,PIT,G
15931,US,PA,PIT,R
18223,US,PA,AVP,C
19022,US,PA,PHL,A
19028,US,PA,PHL,C
19067,US,PA,PHL,E
16412,US,PA,ERI,B
16507,US,PA,ERI,A
19050,US,PA,PHL,A
16553,US,PA,BUF,I
16534,US,PA,ERI,A
16538,US,PA,BUF,I
16538,US,PA,ERI,A
16541,US,PA,BUF,I
16541,US,PA,ERI,A
16544,US,PA,BUF,I
16544,US,PA,ERI,A
16546,US,PA,BUF,I
16546,US,PA,ERI,A
16506,US,PA,ERI,A
16550,US,PA,ERI,A
16533,US,PA,BUF,I
16553,US,PA,ERI,A
16554,US,PA,BUF,I
16554,US,PA,ERI,A
16563,US,PA,BUF,I
16563,US,PA,ERI,A
16565,US,PA,BUF,I
16565,US,PA,ERI,A
15739,US,PA,PIT,G
19029,US,PA,PHL,A
18510,US,PA,AVP,A
16550,US,PA,BUF,I
16515,US,PA,BUF,I
16508,US,PA,BUF,I
16508,US,PA,ERI,A
16509,US,PA,BUF,I
16509,US,PA,ERI,A
16510,US,PA,BUF,I
16510,US,PA,ERI,A
16511,US,PA,BUF,I
16511,US,PA,ERI,A
16512,US,PA,BUF,I
16512,US,PA,ERI,A
16534,US,PA,BUF,I
16514,US,PA,ERI,A
16533,US,PA,ERI,A
16515,US,PA,ERI,A
16522,US,PA,BUF,I
16522,US,PA,ERI,A
16530,US,PA,BUF,I
16530,US,PA,ERI,A
16531,US,PA,BUF,I
16531,US,PA,ERI,A
16532,US,PA,BUF,I
16532,US,PA,ERI,A
15631,US,PA,PIT,G
16514,US,PA,BUF,I
16365,US,PA,PIT,N
19197,US,PA,PHL,A
19481,US,PA,PHL,C
15486,US,PA,PIT,G
15690,US,PA,PIT,G
18421,US,PA,AVP,B
15367,US,PA,PIT,F
15147,US,PA,PIT,B
19179,US,PA,PHL,A
19085,US,PA,PHL,B
15088,US,PA,PIT,F
15122,US,PA,PIT,B
15148,US,PA,PIT,B
18660,US,PA,AVP,C
18251,US,PA,AVP,C
18706,US,PA,AVP,B
15370,US,PA,PIT,T
19087,US,PA,PHL,C
16442,US,PA,ERI,B
15748,US,PA,PIT,G
16441,US,PA,ERI,B
18974,US,PA,PHL,C
15301,US,PA,PIT,F
16365,US,PA,BUF,H
18976,US,PA,PHL,D
15095,US,PA,PIT,F
15086,US,PA,PIT,F
16367,US,PA,BUF,H
16366,US,PA,BUF,H
19082,US,PA,PHL,B
18977,US,PA,PHL,E
19372,US,PA,PHL,E
15241,US,PA,PIT,A
16352,US,PA,BUF,I
16946,US,PA,ELM,D
19029,US,PA,PHL,A
18512,US,PA,AVP,A
15779,US,PA,PIT,G
18424,US,PA,AVP,B
18848,US,PA,ELM,C
18969,US,PA,PHL,E
18517,US,PA,AVP,A
17505,US,PA,MDT,B
15688,US,PA,PIT,G
15084,US,PA,PIT,B
15865,US,PA,PIT,P
19373,US,PA,PHL,C
19007,US,PA,PHL,C
16510,US,PA,BUF,I
19061,US,PA,PHL,B
16802,US,PA,PIT,R
15689,US,PA,PIT,G
16438,US,PA,ERI,C
18466,US,PA,AVP,B
15145,US,PA,PIT,B
19063,US,PA,PHL,B
18708,US,PA,AVP,B
16947,US,PA,ELM,C
19053,US,PA,PHL,C
18254,US,PA,AVP,C
19312,US,PA,PHL,C
15085,US,PA,PIT,F
16686,US,PA,PIT,T
18710,US,PA,AVP,A
18703,US,PA,AVP,A
18769,US,PA,AVP,A
18766,US,PA,AVP,A
18765,US,PA,AVP,A
18764,US,PA,AVP,A
18702,US,PA,AVP,A
18711,US,PA,AVP,A
15221,US,PA,PIT,B
18709,US,PA,AVP,A
18708,US,PA,AVP,B
18707,US,PA,AVP,B
18706,US,PA,AVP,B
18705,US,PA,AVP,A
17236,US,PA,HGR,C
18762,US,PA,AVP,A
15963,US,PA,PIT,T
19522,US,PA,ABE,A
18837,US,PA,BGM,F
18830,US,PA,BGM,F
15261,US,PA,PIT,A
15290,US,PA,PIT,A
18773,US,PA,AVP,A
16823,US,PA,PIT,T
18702,US,PA,AVP,A
15658,US,PA,PIT,G
15148,US,PA,PIT,B
19090,US,PA,PHL,C
16693,US,PA,PIT,T
19107,US,PA,PHL,A
19106,US,PA,PHL,A
16881,US,PA,PIT,P
19382,US,PA,PHL,D
18704,US,PA,AVP,A
15122,US,PA,PIT,B
15783,US,PA,PIT,G
18201,US,PA,AVP,C
19390,US,PA,PHL,E
15236,US,PA,PIT,F
19428,US,PA,PHL,C
18643,US,PA,AVP,A
19381,US,PA,PHL,D
19380,US,PA,PHL,D
15417,US,PA,PIT,R
19007,US,PA,PHL,C
19508,US,PA,MDT,B
15691,US,PA,PIT,G
15088,US,PA,PIT,F
18661,US,PA,AVP,B
18701,US,PA,AVP,A
18602,US,PA,AVP,A
18507,US,PA,AVP,A
15091,US,PA,PIT,F
15473,US,PA,PIT,R
15123,US,PA,PIT,A
15131,US,PA,PIT,F
16901,US,PA,ELM,D
15120,US,PA,PIT,B
15090,US,PA,PIT,F
19018,US,PA,PHL,A
18644,US,PA,AVP,A
15229,US,PA,PIT,B
19486,US,PA,PHL,C
15693,US,PA,PIT,G
19079,US,PA,PHL,A
16870,US,PA,PIT,T
19474,US,PA,PHL,D
19506,US,PA,MDT,B
18407,US,PA,AVP,B
16254,US,PA,PIT,P
15774,US,PA,PIT,G
16347,US,PA,PIT,N
16873,US,PA,PIT,P
16255,US,PA,PIT,P
15215,US,PA,PIT,B
16749,US,PA,BUF,I
15232,US,PA,PIT,A
15143,US,PA,PIT,A
15954,US,PA,PIT,G
18960,US,PA,PHL,E
19185,US,PA,PHL,A
18577,US,PA,AVP,A
18540,US,PA,AVP,A
18522,US,PA,AVP,A
18519,US,PA,AVP,A
18708,US,PA,AVP,B
15685,US,PA,PIT,G
16505,US,PA,BUF,I
19605,US,PA,RDG,A
15142,US,PA,PIT,F
15072,US,PA,PIT,G
19018,US,PA,PHL,A
18704,US,PA,AVP,A
19076,US,PA,PHL,A
19182,US,PA,PHL,A
15684,US,PA,PIT,G
19087,US,PA,PHL,C
18515,US,PA,AVP,A
18966,US,PA,PHL,C
18954,US,PA,PHL,E
15216,US,PA,PIT,B
15081,US,PA,PIT,A
19507,US,PA,MDT,C
15425,US,PA,PIT,G
18964,US,PA,PHL,E
15501,US,PA,PIT,R
16256,US,PA,PIT,G
15767,US,PA,PIT,P
19001,US,PA,PHL,B
15857,US,PA,PIT,O
18247,US,PA,AVP,C
19087,US,PA,PHL,C
16433,US,PA,ERI,C
19046,US,PA,PHL,B
15076,US,PA,PIT,F
15075,US,PA,PIT,F
15679,US,PA,PIT,G
18518,US,PA,AVP,A
15772,US,PA,PIT,G
15681,US,PA,PIT,G
15771,US,PA,PIT,G
15949,US,PA,PIT,G
16673,US,PA,PIT,T
16248,US,PA,PIT,P
19078,US,PA,PHL,A
18421,US,PA,AVP,B
18954,US,PA,PHL,E
15851,US,PA,PIT,P
15677,US,PA,PIT,G
19468,US,PA,PHL,D
18503,US,PA,AVP,A
19464,US,PA,PHL,E
18514,US,PA,AVP,A
18512,US,PA,AVP,A
18510,US,PA,AVP,A
18509,US,PA,AVP,A
18508,US,PA,AVP,A
18507,US,PA,AVP,A
18505,US,PA,AVP,A
17306,US,PA,MDT,C
15951,US,PA,PIT,T
15104,US,PA,PIT,B
15680,US,PA,PIT,G
18653,US,PA,AVP,C
18501,US,PA,AVP,A
15683,US,PA,PIT,G
19473,US,PA,PHL,E
15682,US,PA,PIT,G
18840,US,PA,ELM,C
19464,US,PA,PHL,E
17004,US,PA,MDT,E
18517,US,PA,AVP,A
18504,US,PA,AVP,A
19477,US,PA,PHL,D
15082,US,PA,PIT,B
19464,US,PA,PHL,E
16805,US,PA,PIT,R
16804,US,PA,PIT,R
16802,US,PA,PIT,R
15777,US,PA,PIT,G
15687,US,PA,PIT,G
15217,US,PA,PIT,B
18706,US,PA,AVP,B
15144,US,PA,PIT,B
16803,US,PA,PIT,R
19475,US,PA,PHL,D
15775,US,PA,PIT,T
18640,US,PA,AVP,A
18465,US,PA,BGM,F
18641,US,PA,AVP,A
16505,US,PA,ERI,A
18642,US,PA,AVP,A
18643,US,PA,AVP,A
18644,US,PA,AVP,A
19064,US,PA,PHL,B
19081,US,PA,PHL,B
16801,US,PA,PIT,R
16246,US,PA,PIT,G
18651,US,PA,AVP,B
15676,US,PA,PIT,G
15236,US,PA,PIT,F
16823,US,PA,PIT,T
19462,US,PA,PHL,C
18949,US,PA,PHL,E
15474,US,PA,PIT,T
15239,US,PA,PIT,F
19184,US,PA,PHL,A
18704,US,PA,AVP,A
15218,US,PA,PIT,B
16743,US,PA,BUF,H
18249,US,PA,AVP,C
16510,US,PA,ERI,A
18848,US,PA,BGM,F
18630,US,PA,BGM,F
16914,US,PA,BGM,F
17022,US,PA,BWI,T
17557,US,PA,BWI,Z
17070,US,PA,BWI,V
17070,US,PA,BWI,V
17013,US,PA,BWI,X
17018,US,PA,BWI,V
17522,US,PA,BWI,Z
17543,US,PA,BWI,X
17241,US,PA,BWI,X
17013,US,PA,BWI,X
17072,US,PA,BWI,V
17601,US,PA,BWI,T
17070,US,PA,BWI,V
17070,US,PA,BWI,V
17603,US,PA,BWI,T
17070,US,PA,BWI,V
17319,US,PA,BWI,U
17013,US,PA,BWI,X
17022,US,PA,BWI,T
17554,US,PA,BWI,X
17402,US,PA,BWI,S
17322,US,PA,BWI,T
17302,US,PA,BWI,V
17331,US,PA,BWI,V
17070,US,PA,BWI,V
17241,US,PA,BWI,X
17521,US,PA,BWI,V
17320,US,PA,BWI,Z
19544,US,PA,BWI,Z
17065,US,PA,BWI,X
17563,US,PA,BWI,Z
17349,US,PA,BWI,T
17321,US,PA,BWI,X
17325,US,PA,BWI,X
17522,US,PA,BWI,Z
17601,US,PA,BWI,T
17362,US,PA,BWI,U
17050,US,PA,BWI,V
17563,US,PA,BWI,Z
17055,US,PA,BWI,V
17319,US,PA,BWI,U
19530,US,PA,BWI,Z
17602,US,PA,BWI,T
17552,US,PA,BWI,X
17025,US,PA,BWI,V
17509,US,PA,BWI,Z
17055,US,PA,BWI,V
17321,US,PA,BWI,X
17050,US,PA,BWI,V
17517,US,PA,BWI,Z
17522,US,PA,BWI,Z
17032,US,PA,BWI,X
17562,US,PA,BWI,X
17318,US,PA,BWI,R
17522,US,PA,BWI,Z
17575,US,PA,BWI,U
17042,US,PA,BWI,Z
17042,US,PA,BWI,Z
17070,US,PA,BWI,V
17331,US,PA,BWI,V
17042,US,PA,BWI,Z
17070,US,PA,BWI,V
17307,US,PA,BWI,X
17545,US,PA,BWI,X
17032,US,PA,BWI,X
17356,US,PA,BWI,S
17350,US,PA,BWI,V
17032,US,PA,BWI,X
17552,US,PA,BWI,X
17032,US,PA,BWI,X
17352,US,PA,BWI,U
17073,US,PA,BWI,Z
17502,US,PA,BWI,V
17545,US,PA,BWI,X
17057,US,PA,BWI,X
17241,US,PA,BWI,X
17104,US,PA,BWI,V
17543,US,PA,BWI,X
17106,US,PA,BWI,V
17543,US,PA,BWI,X
17339,US,PA,BWI,V
17103,US,PA,BWI,V
17108,US,PA,BWI,V
17540,US,PA,BWI,Z
17102,US,PA,BWI,V
17105,US,PA,BWI,V
17241,US,PA,BWI,X
17043,US,PA,BWI,V
17046,US,PA,BWI,Z
17042,US,PA,BWI,Z
17042,US,PA,BWI,Z
17562,US,PA,BWI,X
17603,US,PA,BWI,T
17540,US,PA,BWI,Z
17041,US,PA,BWI,X
17557,US,PA,BWI,Z
17331,US,PA,BWI,V
17101,US,PA,BWI,V
17129,US,PA,BWI,V
17038,US,PA,BWI,Z
17055,US,PA,BWI,V
17402,US,PA,BWI,S
17340,US,PA,BWI,V
17241,US,PA,BWI,X
17003,US,PA,BWI,Z
17110,US,PA,BWI,V
17106,US,PA,BWI,V
17108,US,PA,BWI,V
17129,US,PA,BWI,V
17109,US,PA,BWI,V
17325,US,PA,BWI,X
17113,US,PA,BWI,V
17104,US,PA,BWI,V
17105,US,PA,BWI,V
17112,US,PA,BWI,Z
17103,US,PA,BWI,V
17101,US,PA,BWI,V
17102,US,PA,BWI,V
17562,US,PA,BWI,X
17543,US,PA,BWI,X
17055,US,PA,BWI,V
17111,US,PA,BWI,Z
17512,US,PA,BWI,U
17327,US,PA,BWI,T
19567,US,PA,BWI,Z
17302,US,PA,BWI,V
19530,US,PA,BWI,Z
17406,US,PA,BWI,S
17039,US,PA,BWI,Z
17039,US,PA,BWI,Z
17543,US,PA,BWI,X
17036,US,PA,BWI,X
17532,US,PA,BWI,Z
17324,US,PA,BWI,X
17050,US,PA,BWI,V
17325,US,PA,BWI,X
17013,US,PA,BWI,X
17337,US,PA,BWI,X
17013,US,PA,BWI,X
17032,US,PA,BWI,X
17534,US,PA,BWI,Z
17042,US,PA,BWI,Z
17512,US,PA,BWI,U
17038,US,PA,BWI,Z
17562,US,PA,BWI,X
17340,US,PA,BWI,V
17606,US,PA,BWI,T
17042,US,PA,BWI,Z
17406,US,PA,BWI,S
17033,US,PA,BWI,Z
17331,US,PA,BWI,V
17013,US,PA,BWI,X
17034,US,PA,BWI,V
17562,US,PA,BWI,X
17538,US,PA,BWI,V
17545,US,PA,BWI,X
17533,US,PA,BWI,Z
17607,US,PA,BWI,T
17050,US,PA,BWI,V
17601,US,PA,BWI,T
17603,US,PA,BWI,T
17602,US,PA,BWI,T
17604,US,PA,BWI,T
17537,US,PA,BWI,U
17406,US,PA,BWI,S
17034,US,PA,BWI,V
17522,US,PA,BWI,Z
17331,US,PA,BWI,V
17036,US,PA,BWI,X
17608,US,PA,BWI,T
17055,US,PA,BWI,V
17550,US,PA,BWI,V
17003,US,PA,BWI,Z
17362,US,PA,BWI,U
17563,US,PA,BWI,Z
17563,US,PA,BWI,Z
17050,US,PA,BWI,V
17055,US,PA,BWI,V
17050,US,PA,BWI,V
17055,US,PA,BWI,V
17601,US,PA,BWI,T
17050,US,PA,BWI,V
17013,US,PA,BWI,X
17055,US,PA,BWI,V
17050,US,PA,BWI,V
17602,US,PA,BWI,T
17057,US,PA,BWI,X
17563,US,PA,BWI,Z
17344,US,PA,BWI,V
17241,US,PA,BWI,X
17113,US,PA,BWI,V
17237,US,PA,HGR,C
17342,US,PA,BWI,U
17566,US,PA,BWI,Z
17339,US,PA,BWI,V
17042,US,PA,BWI,Z
17324,US,PA,BWI,X
17315,US,PA,BWI,U
17552,US,PA,BWI,X
17545,US,PA,BWI,X
17065,US,PA,BWI,X
17055,US,PA,BWI,V
19544,US,PA,BWI,Z
17331,US,PA,BWI,V
17018,US,PA,BWI,V
17013,US,PA,BWI,X
17545,US,PA,BWI,X
17238,US,PA,HGR,D
17552,US,PA,BWI,X
17543,US,PA,BWI,X
17551,US,PA,BWI,T
17073,US,PA,BWI,Z
17073,US,PA,BWI,Z
17073,US,PA,BWI,Z
17356,US,PA,BWI,S
17070,US,PA,BWI,V
17057,US,PA,BWI,X
17013,US,PA,BWI,X
17557,US,PA,BWI,Z
17344,US,PA,BWI,V
17057,US,PA,BWI,X
17109,US,PA,BWI,V
17241,US,PA,BWI,X
17038,US,PA,BWI,Z
17331,US,PA,BWI,V
17557,US,PA,BWI,Z
17241,US,PA,BWI,X
17320,US,PA,BWI,Z
17322,US,PA,BWI,T
19530,US,PA,BWI,Z
17013,US,PA,BWI,X
17307,US,PA,BWI,X
17522,US,PA,BWI,Z
17543,US,PA,BWI,X
17032,US,PA,BWI,X
17402,US,PA,BWI,S
17057,US,PA,BWI,X
17406,US,PA,BWI,S
17327,US,PA,BWI,T
17050,US,PA,BWI,V
17050,US,PA,BWI,V
19530,US,PA,BWI,Z
17603,US,PA,BWI,T
17572,US,PA,BWI,V
17053,US,PA,BWI,X
17549,US,PA,BWI,Z
17324,US,PA,BWI,X
17352,US,PA,BWI,U
17325,US,PA,BWI,X
17070,US,PA,BWI,V
17547,US,PA,BWI,V
17331,US,PA,BWI,V
17013,US,PA,BWI,X
17327,US,PA,BWI,T
17402,US,PA,BWI,S
17545,US,PA,BWI,X
17329,US,PA,BWI,U
17345,US,PA,BWI,T
17331,US,PA,BWI,V
17319,US,PA,BWI,U
17050,US,PA,BWI,V
17528,US,PA,BWI,Z
17324,US,PA,BWI,X
17331,US,PA,BWI,V
17602,US,PA,BWI,T
17402,US,PA,BWI,S
17569,US,PA,BWI,Z
17070,US,PA,BWI,V
17517,US,PA,BWI,Z
17042,US,PA,BWI,Z
17363,US,PA,BWI,T
17569,US,PA,BWI,Z
17522,US,PA,BWI,Z
17570,US,PA,BWI,X
17042,US,PA,BWI,Z
17032,US,PA,BWI,X
17578,US,PA,BWI,Z
17356,US,PA,BWI,S
17569,US,PA,BWI,Z
17567,US,PA,BWI,Z
19567,US,PA,BWI,Z
17087,US,PA,BWI,Z
17358,US,PA,BWI,U
17331,US,PA,BWI,V
17241,US,PA,BWI,X
17078,US,PA,BWI,Z
17241,US,PA,BWI,X
17070,US,PA,BWI,V
17057,US,PA,BWI,X
17315,US,PA,BWI,U
17543,US,PA,BWI,X
17540,US,PA,BWI,Z
17601,US,PA,BWI,T
17572,US,PA,BWI,V
17603,US,PA,BWI,T
17324,US,PA,BWI,X
17603,US,PA,BWI,T
17532,US,PA,BWI,Z
17065,US,PA,BWI,X
17543,US,PA,BWI,X
17314,US,PA,BWI,Z
17022,US,PA,BWI,T
17102,US,PA,BWI,V
17025,US,PA,BWI,V
17025,US,PA,BWI,V
17562,US,PA,BWI,X
17603,US,PA,BWI,T
17365,US,PA,BWI,U
17241,US,PA,BWI,X
17241,US,PA,BWI,X
17331,US,PA,BWI,V
17404,US,PA,BWI,R
17070,US,PA,BWI,V
17356,US,PA,BWI,S
17013,US,PA,BWI,X
17519,US,PA,BWI,V
17036,US,PA,BWI,X
17043,US,PA,BWI,V
17355,US,PA,BWI,T
17018,US,PA,BWI,V
17083,US,PA,BWI,Z
17522,US,PA,BWI,Z
17003,US,PA,BWI,Z
17032,US,PA,BWI,X
17050,US,PA,BWI,V
17522,US,PA,BWI,Z
17032,US,PA,BWI,X
17316,US,PA,BWI,T
17354,US,PA,BWI,T
17354,US,PA,BWI,T
17033,US,PA,BWI,Z
17566,US,PA,BWI,Z
17552,US,PA,BWI,X
19567,US,PA,BWI,Z
17036,US,PA,BWI,X
17572,US,PA,BWI,V
17362,US,PA,BWI,U
17345,US,PA,BWI,T
17575,US,PA,BWI,U
17552,US,PA,BWI,X
17036,US,PA,BWI,X
17509,US,PA,BWI,Z
17013,US,PA,BWI,X
17314,US,PA,BWI,Z
17551,US,PA,BWI,T
17362,US,PA,BWI,U
17055,US,PA,BWI,V
17356,US,PA,BWI,S
17578,US,PA,BWI,Z
17502,US,PA,BWI,V
17324,US,PA,BWI,X
17402,US,PA,BWI,S
17356,US,PA,BWI,S
17003,US,PA,BWI,Z
17113,US,PA,BWI,V
17402,US,PA,BWI,S
17362,US,PA,BWI,U
17025,US,PA,BWI,V
17545,US,PA,BWI,X
17543,US,PA,BWI,X
17363,US,PA,BWI,T
17329,US,PA,BWI,U
17007,US,PA,BWI,X
17339,US,PA,BWI,V
17354,US,PA,BWI,T
17241,US,PA,BWI,X
17578,US,PA,BWI,Z
17088,US,PA,BWI,Z
17019,US,PA,BWI,X
17003,US,PA,BWI,Z
17307,US,PA,BWI,X
17018,US,PA,BWI,V
17033,US,PA,BWI,Z
17111,US,PA,BWI,Z
17364,US,PA,BWI,S
17324,US,PA,BWI,X
17349,US,PA,BWI,T
17050,US,PA,BWI,V
17538,US,PA,BWI,V
17033,US,PA,BWI,Z
17580,US,PA,BWI,V
17073,US,PA,BWI,Z
17019,US,PA,BWI,X
17361,US,PA,BWI,T
17241,US,PA,BWI,X
17331,US,PA,BWI,V
17057,US,PA,BWI,X
17547,US,PA,BWI,V
19530,US,PA,BWI,Z
17404,US,PA,BWI,R
17033,US,PA,BWI,Z
17055,US,PA,BWI,V
17309,US,PA,BWI,X
17360,US,PA,BWI,U
17302,US,PA,BWI,V
17569,US,PA,BWI,Z
17022,US,PA,BWI,T
17011,US,PA,BWI,V
17331,US,PA,BWI,V
19567,US,PA,BWI,Z
17247,US,PA,HGR,C
18850,US,PA,BGM,F
17563,US,PA,BWI,Z
18461,US,PA,BGM,F
17402,US,PA,BWI,S
17331,US,PA,BWI,V
17540,US,PA,BWI,Z
17366,US,PA,BWI,T
17055,US,PA,BWI,V
17353,US,PA,BWI,Z
17519,US,PA,BWI,V
17315,US,PA,BWI,U
17562,US,PA,BWI,X
17545,US,PA,BWI,X
17520,US,PA,BWI,S
17324,US,PA,BWI,X
17055,US,PA,BWI,V
17601,US,PA,BWI,T
17070,US,PA,BWI,V
17033,US,PA,BWI,Z
17563,US,PA,BWI,Z
17070,US,PA,BWI,V
17078,US,PA,BWI,Z
17070,US,PA,BWI,V
17402,US,PA,BWI,S
17602,US,PA,BWI,T
17003,US,PA,BWI,Z
17317,US,PA,BWI,R
17602,US,PA,BWI,T
17406,US,PA,BWI,S
18831,US,PA,BGM,F
17585,US,PA,BWI,U
16914,US,PA,BGM,F
17319,US,PA,BWI,U
17402,US,PA,BWI,S
17402,US,PA,BWI,S
17339,US,PA,BWI,V
17402,US,PA,BWI,S
17331,US,PA,BWI,V
17563,US,PA,BWI,Z
17043,US,PA,BWI,V
17043,US,PA,BWI,V
16929,US,PA,BGM,F
17402,US,PA,BWI,S
17314,US,PA,BWI,Z
17404,US,PA,BWI,R
17302,US,PA,BWI,V
17331,US,PA,BWI,V
17563,US,PA,BWI,Z
17313,US,PA,BWI,S
17331,US,PA,BWI,V
17103,US,PA,BWI,V
17340,US,PA,BWI,V
18017,US,PA,ABE,A
18041,US,PA,ABE,A
17224,US,PA,HGR,C
17214,US,PA,HGR,B
17201,US,PA,HGR,B
17212,US,PA,HGR,D
17223,US,PA,HGR,C
17201,US,PA,HGR,B
18055,US,PA,ABE,A
18062,US,PA,ABE,A
17225,US,PA,HGR,B
18087,US,PA,ABE,A
18037,US,PA,ABE,A
19607,US,PA,ABE,A
18015,US,PA,ABE,A
18471,US,PA,BGM,E
18109,US,PA,ABE,A
15412,US,PA,PIT,S
15212,US,PA,PIT,A
16401,US,PA,ERI,C
15610,US,PA,PIT,G
15101,US,PA,PIT,F
15612,US,PA,PIT,G
19001,US,PA,PHL,B
19002,US,PA,PHL,C
664,PUERTO RICO,PR,SJU,F
623,PUERTO RICO,PR,SJU,E
676,PUERTO RICO,PR,SJU,E
720,PUERTO RICO,PR,SJU,E
703,PUERTO RICO,PR,SJU,E
730,PUERTO RICO,PR,SJU,E
677,PUERTO RICO,PR,SJU,E
637,PUERTO RICO,PR,SJU,E
685,PUERTO RICO,PR,SJU,E
602,PUERTO RICO,PR,SJU,E
715,PUERTO RICO,PR,SJU,D
736,PUERTO RICO,PR,SJU,E
680,PUERTO RICO,PR,SJU,E
739,PUERTO RICO,PR,SJU,E
638,PUERTO RICO,PR,SJU,E
735,PUERTO RICO,PR,SJU,E
731,PUERTO RICO,PR,SJU,D
612,PUERTO RICO,PR,SJU,D
698,PUERTO RICO,PR,SJU,D
674,PUERTO RICO,PR,SJU,D
624,PUERTO RICO,PR,SJU,D
682,PUERTO RICO,PR,SJU,E
782,PUERTO RICO,PR,SJU,F
794,PUERTO RICO,PR,SJU,F
962,PUERTO RICO,PR,SJU,B
606,PUERTO RICO,PR,SJU,F
767,PUERTO RICO,PR,SJU,F
641,PUERTO RICO,PR,SJU,F
723,PUERTO RICO,PR,SJU,F
687,PUERTO RICO,PR,SJU,F
707,PUERTO RICO,PR,SJU,F
705,PUERTO RICO,PR,SJU,E
667,PUERTO RICO,PR,SJU,F
783,PUERTO RICO,PR,SJU,E
719,PUERTO RICO,PR,SJU,E
653,PUERTO RICO,PR,SJU,E
784,PUERTO RICO,PR,SJU,E
662,PUERTO RICO,PR,SJU,E
714,PUERTO RICO,PR,SJU,E
670,PUERTO RICO,PR,SJU,E
601,PUERTO RICO,PR,SJU,E
610,PUERTO RICO,PR,SJU,E
766,PUERTO RICO,PR,SJU,E
669,PUERTO RICO,PR,SJU,F
693,PUERTO RICO,PR,SJU,B
795,PUERTO RICO,PR,SJU,D
791,PUERTO RICO,PR,SJU,D
777,PUERTO RICO,PR,SJU,C
778,PUERTO RICO,PR,SJU,C
771,PUERTO RICO,PR,SJU,C
745,PUERTO RICO,PR,SJU,C
773,PUERTO RICO,PR,SJU,C
754,PUERTO RICO,PR,SJU,C
738,PUERTO RICO,PR,SJU,D
968,PUERTO RICO,PR,SJU,B
727,PUERTO RICO,PR,SJU,B
716,PUERTO RICO,PR,SJU,D
965,PUERTO RICO,PR,SJU,B
683,PUERTO RICO,PR,SJU,E
725,PUERTO RICO,PR,SJU,B
969,PUERTO RICO,PR,SJU,B
971,PUERTO RICO,PR,SJU,B
772,PUERTO RICO,PR,SJU,B
646,PUERTO RICO,PR,SJU,B
953,PUERTO RICO,PR,SJU,B
769,PUERTO RICO,PR,SJU,D
718,PUERTO RICO,PR,SJU,D
678,PUERTO RICO,PR,SJU,D
751,PUERTO RICO,PR,SJU,D
966,PUERTO RICO,PR,SJU,B
728,PUERTO RICO,PR,SJU,D
627,PUERTO RICO,PR,SJU,D
717,PUERTO RICO,PR,SJU,D
757,PUERTO RICO,PR,SJU,D
659,PUERTO RICO,PR,SJU,D
617,PUERTO RICO,PR,SJU,D
660,PUERTO RICO,PR,SJU,D
780,PUERTO RICO,PR,SJU,D
656,PUERTO RICO,PR,SJU,D
650,PUERTO RICO,PR,SJU,D
603,PUERTO RICO,PR,SJU,D
949,PUERTO RICO,PR,SJU,A
976,PUERTO RICO,PR,SJU,A
918,PUERTO RICO,PR,SJU,A
987,PUERTO RICO,PR,SJU,A
939,PUERTO RICO,PR,SJU,A
975,PUERTO RICO,PR,SJU,A
983,PUERTO RICO,PR,SJU,A
985,PUERTO RICO,PR,SJU,A
925,PUERTO RICO,PR,SJU,A
935,PUERTO RICO,PR,SJU,A
937,PUERTO RICO,PR,SJU,A
927,PUERTO RICO,PR,SJU,A
924,PUERTO RICO,PR,SJU,A
926,PUERTO RICO,PR,SJU,A
923,PUERTO RICO,PR,SJU,A
920,PUERTO RICO,PR,SJU,A
917,PUERTO RICO,PR,SJU,A
913,PUERTO RICO,PR,SJU,A
909,PUERTO RICO,PR,SJU,A
915,PUERTO RICO,PR,SJU,A
927,PUERTO RICO,PR,SJU,A
912,PUERTO RICO,PR,SJU,A
911,PUERTO RICO,PR,SJU,A
921,PUERTO RICO,PR,SJU,A
982,PUERTO RICO,PR,SJU,A
979,PUERTO RICO,PR,SJU,A
745,PUERTO RICO,PR,SJU,A
901,PUERTO RICO,PR,SJU,A
959,PUERTO RICO,PR,SJU,A
961,PUERTO RICO,PR,SJU,A
957,PUERTO RICO,PR,SJU,A
692,PUERTO RICO,PR,SJU,A
907,PUERTO RICO,PR,SJU,A
925,PUERTO RICO,PR,SJU,A
924,PUERTO RICO,PR,SJU,A
921,PUERTO RICO,PR,SJU,A
729,PUERTO RICO,PR,SJU,A
926,PUERTO RICO,PR,SJU,A
956,PUERTO RICO,PR,SJU,A
J3X,CA,QC,YUL,E
J0B,CA,QC,YUL,F
H4P,CA,QC,YUL,A
J3L,CA,QC,YUL,E
J3E,CA,QC,YUL,E
H4N,CA,QC,YUL,A
J7V,CA,QC,YUL,E
H4M,CA,QC,YUL,A
H4L,CA,QC,YUL,A
J0C,CA,QC,YUL,F
J0E,CA,QC,YUL,F
J2Y,CA,QC,YUL,E
J2S,CA,QC,YUL,D
H4J,CA,QC,YUL,A
H4H,CA,QC,YUL,A
H4K,CA,QC,YUL,A
H4T,CA,QC,YUL,A
J1M,CA,QC,YUL,H
H4G,CA,QC,YUL,A
H4S,CA,QC,YUL,A
H4R,CA,QC,YUL,A
J2J,CA,QC,YUL,D
J3A,CA,QC,YUL,D
J3B,CA,QC,YUL,D
J2X,CA,QC,YUL,E
J7L,CA,QC,YUL,D
J7T,CA,QC,YUL,D
J7W,CA,QC,YUL,D
J0P,CA,QC,YUL,E
J2R,CA,QC,YUL,E
J2W,CA,QC,YUL,E
J2T,CA,QC,YUL,D
J1R,CA,QC,YUL,H
J7X,CA,QC,YUL,F
J2N,CA,QC,YUL,F
J3M,CA,QC,YUL,F
J3P,CA,QC,YUL,F
J3R,CA,QC,YUL,F
J2K,CA,QC,YUL,F
J1N,CA,QC,YUL,H
J1Z,CA,QC,YUL,F
J2A,CA,QC,YUL,H
J3T,CA,QC,YUL,H
J2G,CA,QC,YUL,D
H4Y,CA,QC,YUL,A
J6Y,CA,QC,YUL,C
H4V,CA,QC,YUL,A
J1C,CA,QC,YUL,H
J0J,CA,QC,YUL,F
H4C,CA,QC,YUL,A
H4B,CA,QC,YUL,A
H4A,CA,QC,YUL,A
H3Z,CA,QC,YUL,A
H3Y,CA,QC,YUL,A
J2L,CA,QC,YUL,F
J0H,CA,QC,YUL,F
H4E,CA,QC,YUL,A
J0L,CA,QC,YUL,F
J0S,CA,QC,YUL,F
J1A,CA,QC,YUL,F
J1S,CA,QC,YUL,F
J1T,CA,QC,YUL,F
J1X,CA,QC,YUL,F
J0G,CA,QC,YUL,F
H9A,CA,QC,YUL,A
H9W,CA,QC,YUL,A
H9S,CA,QC,YUL,A
H9R,CA,QC,YUL,A
H9P,CA,QC,YUL,A
H9K,CA,QC,YUL,A
H9J,CA,QC,YUL,A
H9H,CA,QC,YUL,A
H5B,CA,QC,YUL,A
H9B,CA,QC,YUL,A
H1B,CA,QC,YUL,B
H8Z,CA,QC,YUL,A
H8Y,CA,QC,YUL,A
H8T,CA,QC,YUL,A
H8S,CA,QC,YUL,A
H8R,CA,QC,YUL,A
H8P,CA,QC,YUL,A
J7A,CA,QC,YUL,C
H9G,CA,QC,YUL,A
H7J,CA,QC,YUL,B
H7V,CA,QC,YUL,B
H7T,CA,QC,YUL,B
H7S,CA,QC,YUL,B
H7R,CA,QC,YUL,B
H7P,CA,QC,YUL,B
H7N,CA,QC,YUL,B
H7M,CA,QC,YUL,B
H9X,CA,QC,YUL,A
H7K,CA,QC,YUL,B
H1A,CA,QC,YUL,B
H7H,CA,QC,YUL,B
H7G,CA,QC,YUL,B
H7E,CA,QC,YUL,B
H7C,CA,QC,YUL,B
H7B,CA,QC,YUL,B
H7A,CA,QC,YUL,B
H1C,CA,QC,YUL,B
H3V,CA,QC,YUL,A
H7L,CA,QC,YUL,B
H2Y,CA,QC,YUL,A
H2M,CA,QC,YUL,A
H2N,CA,QC,YUL,A
H2P,CA,QC,YUL,A
H2R,CA,QC,YUL,A
H2S,CA,QC,YUL,A
H2T,CA,QC,YUL,A
H2V,CA,QC,YUL,A
H8N,CA,QC,YUL,A
H2X,CA,QC,YUL,A
H2J,CA,QC,YUL,A
H2Z,CA,QC,YUL,A
H3A,CA,QC,YUL,A
H3B,CA,QC,YUL,A
H3C,CA,QC,YUL,A
H3E,CA,QC,YUL,A
H3G,CA,QC,YUL,A
H3H,CA,QC,YUL,A
H2W,CA,QC,YUL,A
H2A,CA,QC,YUL,A
H3T,CA,QC,YUL,A
H3S,CA,QC,YUL,A
H3R,CA,QC,YUL,A
H3P,CA,QC,YUL,A
H3N,CA,QC,YUL,A
H3M,CA,QC,YUL,A
H3L,CA,QC,YUL,A
H2L,CA,QC,YUL,A
H1Z,CA,QC,YUL,A
H2K,CA,QC,YUL,A
H2B,CA,QC,YUL,A
H2C,CA,QC,YUL,A
H2E,CA,QC,YUL,A
H2G,CA,QC,YUL,A
J4S,CA,QC,YUL,B
H2H,CA,QC,YUL,A
J4V,CA,QC,YUL,B
H7Y,CA,QC,YUL,B
H3K,CA,QC,YUL,A
J6N,CA,QC,YUL,C
J7B,CA,QC,YUL,C
J6Z,CA,QC,YUL,C
H3J,CA,QC,YUL,A
J6X,CA,QC,YUL,C
J6W,CA,QC,YUL,C
J6V,CA,QC,YUL,C
J6T,CA,QC,YUL,C
H7W,CA,QC,YUL,B
J6R,CA,QC,YUL,C
J1G,CA,QC,YUL,D
H1M,CA,QC,YUL,A
H1N,CA,QC,YUL,A
H1P,CA,QC,YUL,A
H1R,CA,QC,YUL,A
J6K,CA,QC,YUL,C
J6J,CA,QC,YUL,C
J6A,CA,QC,YUL,C
J6S,CA,QC,YUL,C
J1J,CA,QC,YUL,D
H4X,CA,QC,YUL,A
H4Y,CA,QC,YUL,A
H4Z,CA,QC,YUL,A
H5A,CA,QC,YUL,A
J2E,CA,QC,YUL,D
J2C,CA,QC,YUL,D
J2B,CA,QC,YUL,D
J7G,CA,QC,YUL,C
J1K,CA,QC,YUL,D
J1E,CA,QC,YUL,D
J1H,CA,QC,YUL,D
H1E,CA,QC,YUL,A
H1G,CA,QC,YUL,A
H1H,CA,QC,YUL,A
H1J,CA,QC,YUL,A
H1K,CA,QC,YUL,A
H1L,CA,QC,YUL,A
H1S,CA,QC,YUL,A
J1L,CA,QC,YUL,D
J4H,CA,QC,YUL,B
J5Y,CA,QC,YUL,C
H3W,CA,QC,YUL,A
J4R,CA,QC,YUL,B
J4P,CA,QC,YUL,B
J4N,CA,QC,YUL,B
J4M,CA,QC,YUL,B
J4L,CA,QC,YUL,B
J4T,CA,QC,YUL,B
J4J,CA,QC,YUL,B
H3X,CA,QC,YUL,A
J4G,CA,QC,YUL,B
J4B,CA,QC,YUL,B
J3Z,CA,QC,YUL,B
J3Y,CA,QC,YUL,B
J3V,CA,QC,YUL,B
H9E,CA,QC,YUL,B
H9C,CA,QC,YUL,B
H4W,CA,QC,YUL,A
J4K,CA,QC,YUL,B
J3N,CA,QC,YUL,C
H7X,CA,QC,YUL,B
H1T,CA,QC,YUL,A
H1V,CA,QC,YUL,A
H1W,CA,QC,YUL,A
J5C,CA,QC,YUL,C
J5B,CA,QC,YUL,C
H1X,CA,QC,YUL,A
J5A,CA,QC,YUL,C
J5R,CA,QC,YUL,C
J3H,CA,QC,YUL,C
J3G,CA,QC,YUL,C
J0A,CA,QC,YUL,C
J4Z,CA,QC,YUL,B
J4Y,CA,QC,YUL,B
J4X,CA,QC,YUL,B
J4W,CA,QC,YUL,B
J2H,CA,QC,YUL,D
H1Y,CA,QC,YUL,A
2895,US,RI,PVD,B
2887,US,RI,BOS,L
2940,US,RI,BOS,L
2917,US,RI,BOS,L
2876,US,RI,PVD,B
2916,US,RI,PVD,A
2916,US,RI,BOS,L
2915,US,RI,PVD,A
2915,US,RI,BOS,L
2918,US,RI,PVD,A
2888,US,RI,BOS,L
2940,US,RI,PVD,B
2878,US,RI,PVD,C
2918,US,RI,PVD,A
2918,US,RI,BOS,L
2912,US,RI,PVD,A
2910,US,RI,PVD,A
2909,US,RI,PVD,A
2909,US,RI,BOS,L
2910,US,RI,BOS,L
2918,US,RI,BOS,L
2886,US,RI,BOS,L
2894,US,RI,PVD,C
2891,US,RI,PVD,D
2893,US,RI,PVD,B
2892,US,RI,PVD,C
2889,US,RI,PVD,A
2889,US,RI,BOS,L
2888,US,RI,PVD,A
2917,US,RI,PVD,B
2886,US,RI,PVD,A
2883,US,RI,PVD,C
2885,US,RI,PVD,B
2883,US,RI,PVD,C
2881,US,RI,PVD,C
2880,US,RI,PVD,C
2879,US,RI,PVD,C
2864,US,RI,PVD,B
2864,US,RI,BOS,L
2895,US,RI,BOS,L
2887,US,RI,PVD,A
2854,US,RI,PVD,B
2906,US,RI,BOS,L
2861,US,RI,BOS,L
2860,US,RI,BOS,L
2911,US,RI,PVD,B
2911,US,RI,BOS,L
2908,US,RI,PVD,A
2908,US,RI,BOS,L
2837,US,RI,PVD,C
2904,US,RI,BOS,L
2883,US,RI,PVD,C
2852,US,RI,PVD,B
2841,US,RI,PVD,C
2840,US,RI,PVD,C
2882,US,RI,PVD,C
2879,US,RI,PVD,C
2911,US,RI,PVD,B
2911,US,RI,BOS,L
2838,US,RI,PVD,B
2904,US,RI,PVD,A
2903,US,RI,PVD,A
2912,US,RI,BOS,L
2907,US,RI,PVD,A
2905,US,RI,PVD,A
2905,US,RI,BOS,L
2907,US,RI,BOS,L
2908,US,RI,BOS,L
2904,US,RI,PVD,A
2908,US,RI,PVD,A
2862,US,RI,BOS,L
2904,US,RI,BOS,L
2862,US,RI,PVD,A
2903,US,RI,BOS,L
2902,US,RI,PVD,A
2902,US,RI,BOS,L
2901,US,RI,PVD,A
2901,US,RI,BOS,L
2886,US,RI,PVD,A
2871,US,RI,PVD,C
2860,US,RI,PVD,A
2906,US,RI,PVD,A
2865,US,RI,PVD,A
2910,US,RI,BOS,L
2907,US,RI,PVD,A
2907,US,RI,BOS,L
2905,US,RI,PVD,A
2905,US,RI,BOS,L
2912,US,RI,PVD,A
2814,US,RI,PVD,B
2910,US,RI,PVD,A
2863,US,RI,BOS,L
2816,US,RI,PVD,B
2861,US,RI,PVD,A
2804,US,RI,PVD,D
2806,US,RI,PVD,B
2912,US,RI,BOS,L
2808,US,RI,PVD,D
2912,US,RI,PVD,A
2912,US,RI,BOS,L
2809,US,RI,PVD,B
2863,US,RI,PVD,A
2918,US,RI,BOS,L
2865,US,RI,BOS,L
2881,US,RI,PVD,C
2836,US,RI,PVD,C
2919,US,RI,PVD,B
2919,US,RI,BOS,L
2831,US,RI,PVD,B
2828,US,RI,PVD,B
2813,US,RI,PVD,D
2918,US,RI,PVD,A
2920,US,RI,BOS,L
2864,US,RI,PVD,B
2920,US,RI,PVD,A
2921,US,RI,BOS,L
2921,US,RI,PVD,A
2864,US,RI,BOS,L
2823,US,RI,PVD,B
2818,US,RI,PVD,B
2914,US,RI,BOS,L
2914,US,RI,PVD,A
29487,US,SC,CHS,C
29485,US,SC,CHS,B
29485,US,SC,CHS,B
29492,US,SC,CHS,B
29588,US,SC,MYR,A
29576,US,SC,MYR,B
29492,US,SC,CHS,B
29341,US,SC,GSP,C
29582,US,SC,MYR,B
29484,US,SC,CHS,B
29451,US,SC,CHS,C
29451,US,SC,CHS,C
29455,US,SC,CHS,C
29455,US,SC,CHS,C
29455,US,SC,CHS,C
29456,US,SC,CHS,B
29420,US,SC,CHS,A
29461,US,SC,CHS,C
29449,US,SC,CHS,C
29464,US,SC,CHS,B
29465,US,SC,CHS,B
29465,US,SC,CHS,B
29464,US,SC,CHS,B
29466,US,SC,CHS,B
29456,US,SC,CHS,B
29429,US,SC,CHS,C
29449,US,SC,CHS,C
29410,US,SC,CHS,A
29410,US,SC,CHS,A
29424,US,SC,CHS,A
29410,US,SC,CHS,A
29425,US,SC,CHS,A
29449,US,SC,CHS,C
29445,US,SC,CHS,B
29445,US,SC,CHS,B
29449,US,SC,CHS,C
29420,US,SC,CHS,A
29356,US,SC,AVL,D
29466,US,SC,CHS,B
29472,US,SC,CHS,C
29402,US,SC,CHS,A
29412,US,SC,CHS,C
29406,US,SC,CHS,A
29483,US,SC,CHS,B
29482,US,SC,CHS,C
29485,US,SC,CHS,B
29492,US,SC,CHS,B
29426,US,SC,CHS,C
29404,US,SC,CHS,A
29487,US,SC,CHS,C
29426,US,SC,CHS,C
29418,US,SC,CHS,A
29418,US,SC,CHS,A
29417,US,SC,CHS,A
29407,US,SC,CHS,A
29404,US,SC,CHS,A
29405,US,SC,CHS,A
29492,US,SC,CHS,B
29415,US,SC,CHS,A
29401,US,SC,CHS,A
29407,US,SC,CHS,A
29403,US,SC,CHS,A
29419,US,SC,CHS,A
29405,US,SC,CHS,A
29407,US,SC,CHS,A
29412,US,SC,CHS,C
29470,US,SC,CHS,C
29420,US,SC,CHS,A
29415,US,SC,CHS,A
29406,US,SC,CHS,A
29073,US,SC,CAE,A
29207,US,SC,CAE,A
29412,US,SC,CHS,C
29579,US,SC,MYR,A
29528,US,SC,MYR,B
29445,US,SC,CHS,B
29123,US,SC,CAE,B
29722,US,SC,CLT,E
29447,US,SC,CLT,E
29721,US,SC,CLT,E
29416,US,SC,CHS,A
29130,US,SC,CAE,B
29045,US,SC,CAE,B
29127,US,SC,CAE,C
29449,US,SC,CHS,C
29160,US,SC,CAE,B
29170,US,SC,CAE,A
29172,US,SC,CAE,A
29118,US,SC,CAE,C
29445,US,SC,CHS,B
29913,US,SC,SAV,D
29902,US,SC,SAV,C
29901,US,SC,SAV,C
29906,US,SC,SAV,C
29902,US,SC,SAV,C
29903,US,SC,SAV,C
29904,US,SC,SAV,C
29906,US,SC,SAV,C
29912,US,SC,SAV,D
29571,US,SC,CAE,C
29577,US,SC,CAE,D
29575,US,SC,MYR,A
29572,US,SC,MYR,A
29577,US,SC,MYR,A
29662,US,SC,GSP,A
29576,US,SC,MYR,B
29574,US,SC,CAE,C
29576,US,SC,CAE,D
29577,US,SC,MYR,A
29101,US,SC,CAE,C
29316,US,SC,CLT,D
29598,US,SC,MYR,B
29570,US,SC,CAE,D
29369,US,SC,GSP,C
29104,US,SC,CAE,C
29809,US,SC,CAE,C
29928,US,SC,SAV,C
29597,US,SC,MYR,B
29582,US,SC,MYR,B
29582,US,SC,CAE,D
29419,US,SC,CHS,A
29418,US,SC,CHS,A
29406,US,SC,CHS,A
29841,US,SC,CAE,C
29405,US,SC,CHS,A
29108,US,SC,CAE,B
29578,US,SC,MYR,A
29419,US,SC,CAE,D
29418,US,SC,CAE,D
29406,US,SC,CAE,D
29405,US,SC,CAE,D
29587,US,SC,MYR,B
29587,US,SC,CAE,D
29579,US,SC,MYR,A
29579,US,SC,CAE,D
29581,US,SC,CAE,D
29582,US,SC,CAE,D
29812,US,SC,CAE,C
29556,US,SC,CAE,C
29067,US,SC,CAE,C
29353,US,SC,GSP,C
29353,US,SC,GSP,C
29555,US,SC,CAE,D
29065,US,SC,CAE,C
29061,US,SC,CAE,A
29349,US,SC,GSP,B
29069,US,SC,CAE,C
29654,US,SC,GSP,C
29152,US,SC,CAE,B
29926,US,SC,SAV,C
29813,US,SC,CAE,C
29554,US,SC,CAE,D
29550,US,SC,CAE,C
29927,US,SC,SAV,C
29406,US,SC,CAE,D
29063,US,SC,CAE,A
29075,US,SC,CAE,B
29102,US,SC,CAE,B
29693,US,SC,GSP,D
29080,US,SC,CAE,C
29365,US,SC,GSP,A
29078,US,SC,CAE,B
29569,US,SC,CAE,D
29931,US,SC,SAV,C
29567,US,SC,CAE,D
29656,US,SC,GSP,C
29566,US,SC,CAE,D
29560,US,SC,CAE,C
29657,US,SC,GSP,C
29072,US,SC,CAE,A
29070,US,SC,CAE,B
29360,US,SC,GSP,D
29565,US,SC,CAE,C
29356,US,SC,GSP,C
29720,US,SC,CLT,D
29661,US,SC,GSP,C
29566,US,SC,MYR,B
29150,US,SC,CAE,C
29593,US,SC,CAE,C
29409,US,SC,CAE,D
29715,US,SC,CLT,B
29687,US,SC,GSP,A
29587,US,SC,MYR,B
29587,US,SC,CAE,D
29575,US,SC,MYR,A
29154,US,SC,CAE,C
29161,US,SC,CAE,C
29151,US,SC,CAE,C
29690,US,SC,GSP,B
29148,US,SC,CAE,B
29318,US,SC,GSP,A
29316,US,SC,GSP,A
29305,US,SC,GSP,A
29304,US,SC,GSP,A
29303,US,SC,GSP,C
29302,US,SC,GSP,A
29591,US,SC,CAE,C
29153,US,SC,CAE,C
29169,US,SC,CAE,A
29210,US,SC,CAE,A
29388,US,SC,GSP,C
29010,US,SC,CAE,C
29180,US,SC,CAE,B
29853,US,SC,CAE,C
29697,US,SC,GSP,C
29177,US,SC,CAE,B
29693,US,SC,GSP,D
29943,US,SC,SAV,C
29171,US,SC,CAE,A
29683,US,SC,GSP,C
29033,US,SC,CAE,A
29385,US,SC,GSP,A
29596,US,SC,CAE,D
29691,US,SC,GSP,D
29163,US,SC,CAE,D
29303,US,SC,GSP,A
29379,US,SC,GSP,C
29162,US,SC,CAE,C
29696,US,SC,GSP,D
29583,US,SC,CAE,C
29301,US,SC,GSP,A
29934,US,SC,SAV,C
29673,US,SC,GSP,B
29671,US,SC,GSP,C
29670,US,SC,GSP,C
29669,US,SC,GSP,C
29102,US,SC,CAE,B
29584,US,SC,CAE,C
29935,US,SC,SAV,C
29905,US,SC,SAV,C
29555,US,SC,CAE,D
29372,US,SC,GSP,C
29150,US,SC,CAE,B
29117,US,SC,CAE,B
29116,US,SC,CAE,B
29115,US,SC,CAE,B
29645,US,SC,GSP,D
29114,US,SC,CAE,C
29910,US,SC,SAV,C
29635,US,SC,CLT,D
29733,US,SC,CLT,B
29681,US,SC,GSP,A
29152,US,SC,CAE,B
29546,US,SC,CAE,D
29678,US,SC,GSP,D
29142,US,SC,CAE,D
29677,US,SC,GSP,C
29135,US,SC,CAE,B
29104,US,SC,CAE,C
29125,US,SC,CAE,B
29734,US,SC,CLT,B
29582,US,SC,MYR,B
29732,US,SC,CLT,B
29731,US,SC,CLT,B
29730,US,SC,CLT,B
29125,US,SC,CAE,B
29936,US,SC,SAV,C
29729,US,SC,CLT,D
29375,US,SC,GSP,B
29589,US,SC,CAE,D
29376,US,SC,GSP,B
29419,US,SC,CHS,A
29706,US,SC,CLT,D
29582,US,SC,MYR,B
29582,US,SC,CAE,D
29582,US,SC,MYR,B
29582,US,SC,CAE,D
29702,US,SC,GSP,D
29520,US,SC,CAE,C
29219,US,SC,CAE,A
29423,US,SC,CHS,A
29633,US,SC,GSP,C
29418,US,SC,CHS,A
29415,US,SC,CHS,A
29414,US,SC,CHS,A
29413,US,SC,CHS,A
29410,US,SC,CHS,A
29409,US,SC,CHS,A
29406,US,SC,CHS,A
29405,US,SC,CHS,A
29404,US,SC,CHS,A
29204,US,SC,CAE,A
29218,US,SC,CAE,A
29217,US,SC,CAE,A
29216,US,SC,CAE,A
29214,US,SC,CAE,A
29211,US,SC,CAE,A
29209,US,SC,CAE,A
29208,US,SC,CAE,A
29207,US,SC,CAE,A
29631,US,SC,GSP,C
29205,US,SC,CAE,A
29632,US,SC,GSP,D
29203,US,SC,CAE,A
29202,US,SC,CAE,A
29201,US,SC,CAE,A
29170,US,SC,CAE,A
29525,US,SC,CAE,D
29325,US,SC,GSP,D
29634,US,SC,GSP,C
29037,US,SC,CAE,D
29206,US,SC,CAE,A
29511,US,SC,MYR,B
29404,US,SC,CHS,A
29841,US,SC,CAE,C
29905,US,SC,SAV,C
29816,US,SC,CAE,C
29070,US,SC,CAE,B
29006,US,SC,CAE,B
29006,US,SC,CAE,B
29812,US,SC,CAE,C
29627,US,SC,GSP,C
29002,US,SC,CAE,A
29841,US,SC,CAE,C
29511,US,SC,CAE,D
29625,US,SC,GSP,C
29624,US,SC,GSP,C
29623,US,SC,GSP,C
29622,US,SC,GSP,C
29212,US,SC,CAE,A
29652,US,SC,GSP,A
29621,US,SC,GSP,C
29003,US,SC,CAE,B
29018,US,SC,CAE,B
29215,US,SC,CAE,A
29036,US,SC,CAE,B
29630,US,SC,GSP,C
29033,US,SC,CAE,A
29322,US,SC,GSP,C
29020,US,SC,CAE,B
29518,US,SC,CAE,C
29527,US,SC,MYR,B
29842,US,SC,CAE,C
29432,US,SC,CAE,B
29418,US,SC,CHS,A
29016,US,SC,CAE,B
29910,US,SC,SAV,C
29516,US,SC,CAE,D
29817,US,SC,CAE,C
29702,US,SC,GSP,D
29010,US,SC,CAE,C
29009,US,SC,CAE,C
29512,US,SC,CAE,C
29546,US,SC,CAE,D
29808,US,SC,CAE,C
29501,US,SC,CAE,C
29645,US,SC,GSP,D
29802,US,SC,CAE,C
29054,US,SC,CAE,B
29053,US,SC,CAE,A
29922,US,SC,SAV,C
29342,US,SC,GSP,C
29342,US,SC,CLT,D
29601,US,SC,GSP,A
29340,US,SC,CLT,C
29602,US,SC,GSP,A
29052,US,SC,CAE,A
29644,US,SC,GSP,C
29135,US,SC,CAE,B
29715,US,SC,CLT,B
29543,US,SC,CAE,D
29504,US,SC,CAE,C
29220,US,SC,CAE,A
29502,US,SC,CAE,C
29340,US,SC,GSP,C
29610,US,SC,GSP,A
29651,US,SC,GSP,A
29650,US,SC,GSP,A
29646,US,SC,GSP,D
29620,US,SC,GSP,D
29616,US,SC,GSP,A
29615,US,SC,GSP,A
29614,US,SC,GSP,A
29613,US,SC,GSP,A
29651,US,SC,GSP,A
29611,US,SC,GSP,A
29503,US,SC,CAE,C
29609,US,SC,GSP,A
29608,US,SC,GSP,A
29607,US,SC,GSP,A
29801,US,SC,CAE,C
29606,US,SC,GSP,A
29605,US,SC,GSP,A
29604,US,SC,GSP,A
29603,US,SC,GSP,A
29612,US,SC,GSP,A
29240,US,SC,CAE,A
29936,US,SC,SAV,C
29527,US,SC,MYR,B
29526,US,SC,MYR,B
29336,US,SC,GSP,A
29329,US,SC,GSP,B
29542,US,SC,CAE,D
29292,US,SC,CAE,A
29290,US,SC,CAE,A
29530,US,SC,CAE,C
29250,US,SC,CAE,A
29526,US,SC,CAE,D
29230,US,SC,CAE,A
29228,US,SC,CAE,A
29227,US,SC,CAE,A
29226,US,SC,CAE,A
29225,US,SC,CAE,A
29224,US,SC,CAE,A
29223,US,SC,CAE,A
29222,US,SC,CAE,A
29221,US,SC,CAE,A
29260,US,SC,CAE,A
29640,US,SC,GSP,B
29046,US,SC,CAE,C
29045,US,SC,CAE,A
29330,US,SC,CLT,C
29642,US,SC,GSP,B
29641,US,SC,GSP,B
29044,US,SC,CAE,A
29827,US,SC,CAE,D
29334,US,SC,GSP,A
29536,US,SC,CAE,C
29042,US,SC,CAE,B
29540,US,SC,CAE,C
29532,US,SC,CAE,C
29331,US,SC,GSP,D
29330,US,SC,GSP,C
29925,US,SC,SAV,C
29924,US,SC,SAV,D
29913,US,SC,SAV,D
29938,US,SC,SAV,C
29944,US,SC,SAV,D
29938,US,SC,SAV,C
29902,US,SC,SAV,C
29912,US,SC,SAV,D
29925,US,SC,SAV,C
29902,US,SC,SAV,C
29902,US,SC,SAV,C
57198,US,SD,OMA ,G
57192,US,SD,OMA ,G
57193,US,SD,OMA ,G
57193,US,SD,OMA ,G
57194,US,SD,OMA ,G
57194,US,SD,OMA ,G
57195,US,SD,OMA ,G
57195,US,SD,OMA ,G
57196,US,SD,OMA ,G
57196,US,SD,OMA ,G
57192,US,SD,OMA ,G
57197,US,SD,OMA ,G
57186,US,SD,OMA ,G
57198,US,SD,OMA ,G
57201,US,SD,OMA,G
57197,US,SD,OMA ,G
57117,US,SD,OMA ,G
57104,US,SD,OMA ,G
57106,US,SD,OMA ,G
57107,US,SD,OMA ,G
57107,US,SD,OMA ,G
57107,US,SD,OMA ,G
57108,US,SD,OMA ,G
57188,US,SD,OMA ,G
57110,US,SD,OMA ,G
57189,US,SD,OMA ,G
57118,US,SD,OMA ,G
57186,US,SD,OMA ,G
57201,US,SD,OMA,G
57188,US,SD,OMA ,G
57201,US,SD,OMA,G
57189,US,SD,OMA ,G
57109,US,SD,OMA ,G
57004,US,SD,OMA,G
57007,US,SD,OMA,G
57018,US,SD,OMA,G
57007,US,SD,OMA,G
57006,US,SD,OMA,G
57006,US,SD,OMA,G
57201,US,SD,OMA,G
57005,US,SD,OMA,G
57014,US,SD,OMA,G
57004,US,SD,OMA,G
57004,US,SD,OMA,G
57003,US,SD,OMA,G
57001,US,SD,OMA,G
57001,US,SD,OMA,G
57001,US,SD,OMA,G
57005,US,SD,OMA,G
57301,US,SD,OMA,G
57201,US,SD,OMA,G
57103,US,SD,OMA ,G
57201,US,SD,OMA,G
57105,US,SD,OMA ,G
57201,US,SD,OMA,G
57301,US,SD,OMA,G
57010,US,SD,OMA,G
57301,US,SD,OMA,G
57013,US,SD,OMA,G
57016,US,SD,OMA,G
57016,US,SD,OMA,G
57016,US,SD,OMA,G
57015,US,SD,OMA,G
57014,US,SD,OMA,G
57201,US,SD,OMA,G
57301,US,SD,OMA,G
57039,US,SD,OMA,G
57035,US,SD,OMA,G
57035,US,SD,OMA,G
57036,US,SD,OMA,G
57036,US,SD,OMA,G
57036,US,SD,OMA,G
57037,US,SD,OMA,G
57043,US,SD,OMA,G
57039,US,SD,OMA,G
57034,US,SD,OMA,G
57106,US,SD,OMA ,G
57041,US,SD,OMA,G
57101,US,SD,OMA ,G
57042,US,SD,OMA,G
57042,US,SD,OMA,G
57042,US,SD,OMA,G
57037,US,SD,OMA,G
57030,US,SD,OMA,G
57018,US,SD,OMA,G
57020,US,SD,OMA,G
57020,US,SD,OMA,G
57021,US,SD,OMA,G
57022,US,SD,OMA,G
57027,US,SD,OMA,G
57034,US,SD,OMA,G
57030,US,SD,OMA,G
57034,US,SD,OMA,G
57030,US,SD,OMA,G
57031,US,SD,OMA,G
57032,US,SD,OMA,G
57032,US,SD,OMA,G
57033,US,SD,OMA,G
57033,US,SD,OMA,G
57042,US,SD,OMA,G
57029,US,SD,OMA,G
57070,US,SD,OMA,G
57069,US,SD,OMA,G
57069,US,SD,OMA,G
57069,US,SD,OMA,G
57069,US,SD,OMA,G
57045,US,SD,OMA,G
57070,US,SD,OMA,G
57069,US,SD,OMA,G
57070,US,SD,OMA,G
57070,US,SD,OMA,G
57072,US,SD,OMA,G
57073,US,SD,OMA,G
57077,US,SD,OMA,G
57078,US,SD,OMA,G
57079,US,SD,OMA,G
57079,US,SD,OMA,G
57040,US,SD,OMA,G
57056,US,SD,OMA,G
57047,US,SD,OMA,G
57070,US,SD,OMA,G
57046,US,SD,OMA,G
57068,US,SD,OMA,G
57053,US,SD,OMA,G
57048,US,SD,OMA,G
57059,US,SD,OMA,G
57063,US,SD,OMA,G
57063,US,SD,OMA,G
57063,US,SD,OMA,G
57064,US,SD,OMA,G
57067,US,SD,OMA,G
57067,US,SD,OMA,G
57068,US,SD,OMA,G
57068,US,SD,OMA,G
57048,US,SD,OMA,G
57349,US,SD,MSP,Y
57030,US,SD,MSP,Y
57473,US,SD,MSP,Y
57472,US,SD,MSP,Y
57059,US,SD,MSP,Y
57702,US,SD,MSP,Y
57058,US,SD,MSP,Y
57779,US,SD,MSP,Y
57373,US,SD,MSP,Y
57056,US,SD,MSP,Y
57754,US,SD,MSP,Y
57261,US,SD,MSP,Y
57260,US,SD,MSP,Y
57572,US,SD,MSP,Y
57061,US,SD,MSP,Y
57101,US,SD,MSP,Y
57103,US,SD,MSP,Y
57104,US,SD,MSP,Y
57262,US,SD,MSP,Y
57783,US,SD,MSP,Y
57374,US,SD,MSP,Y
57062,US,SD,MSP,Y
57570,US,SD,MSP,Y
57264,US,SD,MSP,Y
57648,US,SD,MSP,Y
57346,US,SD,MSP,Y
57375,US,SD,MSP,Y
57263,US,SD,MSP,Y
57773,US,SD,MSP,Y
57787,US,SD,MSP,Y
57552,US,SD,MSP,Y
57767,US,SD,MSP,Y
57053,US,SD,MSP,Y
57257,US,SD,MSP,Y
57367,US,SD,MSP,Y
57769,US,SD,MSP,Y
57468,US,SD,MSP,Y
57501,US,SD,MSP,Y
57770,US,SD,MSP,Y
57368,US,SD,MSP,Y
57369,US,SD,MSP,Y
57649,US,SD,MSP,Y
57568,US,SD,MSP,Y
57471,US,SD,MSP,Y
57650,US,SD,MSP,Y
57054,US,SD,MSP,Y
57701,US,SD,MSP,Y
57702,US,SD,MSP,Y
57258,US,SD,MSP,Y
57469,US,SD,MSP,Y
57371,US,SD,MSP,Y
57569,US,SD,MSP,Y
57055,US,SD,MSP,Y
57259,US,SD,MSP,Y
57701,US,SD,MSP,Y
57470,US,SD,MSP,Y
57772,US,SD,MSP,Y
57579,US,SD,MSP,Y
57272,US,SD,MSP,Y
57577,US,SD,MSP,Y
57479,US,SD,MSP,Y
57201,US,SD,MSP,Y
57273,US,SD,MSP,Y
57274,US,SD,MSP,Y
57438,US,SD,MSP,Y
57075,US,SD,MSP,Y
57381,US,SD,MSP,Y
57382,US,SD,MSP,Y
57481,US,SD,MSP,Y
57481,US,SD,MSP,Y
57386,US,SD,MSP,Y
57383,US,SD,MSP,Y
57073,US,SD,MSP,Y
57661,US,SD,MSP,Y
57793,US,SD,MSP,Y
57278,US,SD,MSP,Y
57279,US,SD,MSP,Y
57580,US,SD,MSP,Y
57384,US,SD,MSP,Y
57585,US,SD,MSP,Y
57385,US,SD,MSP,Y
57077,US,SD,MSP,Y
57078,US,SD,MSP,Y
57366,US,SD,MSP,Y
57467,US,SD,MSP,Y
57276,US,SD,MSP,Y
57787,US,SD,MSP,Y
57474,US,SD,MSP,Y
57785,US,SD,MSP,Y
57266,US,SD,MSP,Y
57063,US,SD,MSP,Y
57656,US,SD,MSP,Y
57475,US,SD,MSP,Y
57268,US,SD,MSP,Y
57657,US,SD,MSP,Y
57065,US,SD,MSP,Y
57376,US,SD,MSP,Y
57476,US,SD,MSP,Y
57477,US,SD,MSP,Y
57790,US,SD,MSP,Y
57066,US,SD,MSP,Y
57658,US,SD,MSP,Y
57067,US,SD,MSP,Y
57068,US,SD,MSP,Y
57270,US,SD,MSP,Y
57434,US,SD,MSP,Y
57069,US,SD,MSP,Y
57551,US,SD,MSP,Y
57070,US,SD,MSP,Y
57271,US,SD,MSP,Y
57379,US,SD,MSP,Y
57576,US,SD,MSP,Y
57071,US,SD,MSP,Y
57380,US,SD,MSP,Y
57265,US,SD,MSP,Y
57269,US,SD,MSP,Y
57227,US,SD,MSP,Y
57014,US,SD,MSP,Y
57234,US,SD,MSP,Y
57022,US,SD,MSP,Y
57732,US,SD,MSP,Y
57231,US,SD,MSP,Y
57329,US,SD,MSP,Y
57529,US,SD,MSP,Y
57049,US,SD,MSP,Y
57730,US,SD,MSP,Y
57020,US,SD,MSP,Y
57435,US,SD,MSP,Y
57730,US,SD,MSP,Y
57331,US,SD,MSP,Y
57328,US,SD,MSP,Y
57533,US,SD,MSP,Y
57434,US,SD,MSP,Y
57433,US,SD,MSP,Y
57018,US,SD,MSP,Y
57017,US,SD,MSP,Y
57580,US,SD,MSP,Y
57226,US,SD,MSP,Y
57225,US,SD,MSP,Y
57432,US,SD,MSP,Y
57224,US,SD,MSP,Y
57016,US,SD,MSP,Y
57015,US,SD,MSP,Y
57339,US,SD,MSP,Y
57005,US,SD,MSP,Y
57233,US,SD,MSP,Y
57532,US,SD,MSP,Y
57741,US,SD,MSP,Y
57314,US,SD,MSP,Y
57235,US,SD,MSP,Y
57028,US,SD,MSP,Y
57439,US,SD,MSP,Y
57337,US,SD,MSP,Y
57438,US,SD,MSP,Y
57311,US,SD,MSP,Y
57626,US,SD,MSP,Y
57335,US,SD,MSP,Y
57437,US,SD,MSP,Y
57716,US,SD,MSP,Y
57234,US,SD,MSP,Y
57579,US,SD,MSP,Y
57332,US,SD,MSP,Y
57706,US,SD,MSP,Y
57026,US,SD,MSP,Y
57025,US,SD,MSP,Y
57024,US,SD,MSP,Y
57735,US,SD,MSP,Y
57232,US,SD,MSP,Y
57625,US,SD,MSP,Y
57623,US,SD,MSP,Y
57531,US,SD,MSP,Y
57319,US,SD,MSP,Y
57436,US,SD,MSP,Y
57334,US,SD,MSP,Y
57422,US,SD,MSP,Y
57325,US,SD,MSP,Y
57353,US,SD,MSP,Y
57003,US,SD,MSP,Y
57214,US,SD,MSP,Y
57315,US,SD,MSP,Y
57002,US,SD,MSP,Y
57424,US,SD,MSP,Y
57213,US,SD,MSP,Y
57424,US,SD,MSP,Y
57314,US,SD,MSP,Y
57437,US,SD,MSP,Y
57313,US,SD,MSP,Y
57427,US,SD,MSP,Y
57766,US,SD,MSP,Y
57717,US,SD,MSP,Y
57567,US,SD,MSP,Y
57421,US,SD,MSP,Y
57226,US,SD,MSP,Y
57312,US,SD,MSP,Y
57311,US,SD,MSP,Y
57001,US,SD,MSP,Y
57259,US,SD,MSP,Y
57420,US,SD,MSP,Y
57262,US,SD,MSP,Y
57520,US,SD,MSP,Y
57369,US,SD,MSP,Y
57401,US,SD,MSP,Y
57212,US,SD,MSP,Y
57319,US,SD,MSP,Y
57324,US,SD,MSP,Y
57223,US,SD,MSP,Y
57322,US,SD,MSP,Y
57013,US,SD,MSP,Y
57012,US,SD,MSP,Y
57219,US,SD,MSP,Y
57276,US,SD,MSP,Y
57523,US,SD,MSP,Y
57010,US,SD,MSP,Y
57221,US,SD,MSP,Y
57220,US,SD,MSP,Y
57006,US,SD,MSP,Y
57716,US,SD,MSP,Y
57219,US,SD,MSP,Y
57735,US,SD,MSP,Y
57429,US,SD,MSP,Y
57218,US,SD,MSP,Y
57005,US,SD,MSP,Y
57428,US,SD,MSP,Y
57317,US,SD,MSP,Y
57522,US,SD,MSP,Y
57718,US,SD,MSP,Y
57620,US,SD,MSP,Y
57216,US,SD,MSP,Y
57004,US,SD,MSP,Y
57238,US,SD,MSP,Y
57521,US,SD,MSP,Y
57430,US,SD,MSP,Y
57349,US,SD,MSP,Y
57452,US,SD,MSP,Y
57633,US,SD,MSP,Y
57353,US,SD,MSP,Y
57037,US,SD,MSP,Y
57451,US,SD,MSP,Y
57043,US,SD,MSP,Y
57551,US,SD,MSP,Y
57361,US,SD,MSP,Y
57750,US,SD,MSP,Y
57251,US,SD,MSP,Y
57350,US,SD,MSP,Y
57036,US,SD,MSP,Y
57744,US,SD,MSP,Y
57034,US,SD,MSP,Y
57544,US,SD,MSP,Y
57641,US,SD,MSP,Y
57642,US,SD,MSP,Y
57049,US,SD,MSP,Y
57450,US,SD,MSP,Y
57747,US,SD,MSP,Y
57448,US,SD,MSP,Y
57540,US,SD,MSP,Y
57644,US,SD,MSP,Y
57348,US,SD,MSP,Y
57745,US,SD,MSP,Y
57345,US,SD,MSP,Y
57538,US,SD,MSP,Y
57523,US,SD,MSP,Y
57035,US,SD,MSP,Y
57249,US,SD,MSP,Y
57472,US,SD,MSP,Y
57548,US,SD,MSP,Y
57301,US,SD,MSP,Y
57457,US,SD,MSP,Y
57640,US,SD,MSP,Y
57639,US,SD,MSP,Y
57274,US,SD,MSP,Y
57359,US,SD,MSP,Y
57040,US,SD,MSP,Y
57456,US,SD,MSP,Y
57039,US,SD,MSP,Y
57638,US,SD,MSP,Y
57455,US,SD,MSP,Y
57038,US,SD,MSP,Y
57752,US,SD,MSP,Y
57785,US,SD,MSP,Y
57751,US,SD,MSP,Y
57355,US,SD,MSP,Y
57460,US,SD,MSP,Y
57756,US,SD,MSP,Y
57754,US,SD,MSP,Y
57245,US,SD,MSP,Y
57454,US,SD,MSP,Y
57246,US,SD,MSP,Y
57356,US,SD,MSP,Y
57247,US,SD,MSP,Y
57041,US,SD,MSP,Y
57248,US,SD,MSP,Y
57543,US,SD,MSP,Y
57042,US,SD,MSP,Y
57438,US,SD,MSP,Y
57363,US,SD,MSP,Y
57759,US,SD,MSP,Y
57255,US,SD,MSP,Y
57632,US,SD,MSP,Y
57364,US,SD,MSP,Y
57761,US,SD,MSP,Y
57760,US,SD,MSP,Y
57031,US,SD,MSP,Y
57237,US,SD,MSP,Y
57030,US,SD,MSP,Y
57236,US,SD,MSP,Y
57646,US,SD,MSP,Y
57762,US,SD,MSP,Y
57559,US,SD,MSP,Y
57049,US,SD,MSP,Y
57465,US,SD,MSP,Y
57050,US,SD,MSP,Y
57763,US,SD,MSP,Y
57764,US,SD,MSP,Y
57051,US,SD,MSP,Y
57052,US,SD,MSP,Y
57466,US,SD,MSP,Y
57564,US,SD,MSP,Y
57440,US,SD,MSP,Y
57441,US,SD,MSP,Y
57029,US,SD,MSP,Y
57362,US,SD,MSP,Y
57045,US,SD,MSP,Y
57552,US,SD,MSP,Y
57536,US,SD,MSP,Y
57344,US,SD,MSP,Y
57033,US,SD,MSP,Y
57241,US,SD,MSP,Y
57242,US,SD,MSP,Y
57446,US,SD,MSP,Y
57645,US,SD,MSP,Y
57252,US,SD,MSP,Y
57461,US,SD,MSP,Y
57580,US,SD,MSP,Y
57032,US,SD,MSP,Y
57445,US,SD,MSP,Y
57533,US,SD,MSP,Y
57438,US,SD,MSP,Y
57555,US,SD,MSP,Y
57046,US,SD,MSP,Y
57301,US,SD,MSP,Y
57238,US,SD,MSP,Y
57631,US,SD,MSP,Y
57442,US,SD,MSP,Y
57601,US,SD,MSP,Y
57048,US,SD,MSP,Y
57243,US,SD,MSP,Y
57745,US,SD,RAP,D
57754,US,SD,RAP,D
57751,US,SD,RAP,C
57754,US,SD,RAP,D
57761,US,SD,RAP,D
57703,US,SD,RAP,A
57747,US,SD,RAP,D
57702,US,SD,RAP,A
57785,US,SD,RAP,C
57769,US,SD,RAP,C
57701,US,SD,RAP,A
57779,US,SD,RAP,D
57702,US,SD,RAP,A
57783,US,SD,RAP,D
57793,US,SD,RAP,D
57709,US,SD,RAP,A
57744,US,SD,RAP,C
57717,US,SD,RAP,D
57741,US,SD,RAP,C
57706,US,SD,RAP,B
57732,US,SD,RAP,D
57730,US,SD,RAP,D
57730,US,SD,RAP,D
57725,US,SD,RAP,C
57719,US,SD,RAP,B
57718,US,SD,RAP,C
57785,US,SD,RAP,C
57701,US,SD,RAP,A
38340,US,TN,MEM,E
38230,US,TN,MEM,G
38139,US,TN,MEM,B
38330,US,TN,MEM,G
38225,US,TN,MEM,G
38326,US,TN,MEM,F
38016,US,TN,MEM,C
38316,US,TN,MEM,G
38133,US,TN,MEM,A
37544,US,TN,MEM,A
38220,US,TN,MEM,F
38004,US,TN,MEM,D
38310,US,TN,MEM,F
38041,US,TN,MEM,G
38060,US,TN,MEM,E
38255,US,TN,MEM,F
38375,US,TN,MEM,G
38372,US,TN,MEM,G
38369,US,TN,MEM,G
38076,US,TN,MEM,D
38017,US,TN,MEM,D
38060,US,TN,MEM,F
38076,US,TN,MEM,E
38076,US,TN,MEM,E
38058,US,TN,MEM,D
38125,US,TN,MEM,A
38055,US,TN,MEM,C
38260,US,TN,MEM,H
38139,US,TN,MEM,A
38129,US,TN,MEM,A
38240,US,TN,MEM,H
38120,US,TN,MEM,A
38052,US,TN,MEM,E
38233,US,TN,MEM,H
38351,US,TN,MEM,G
38237,US,TN,MEM,G
38238,US,TN,MEM,G
38049,US,TN,MEM,G
38075,US,TN,MEM,D
38261,US,TN,MEM,H
38068,US,TN,MEM,G
38259,US,TN,MEM,G
38075,US,TN,MEM,F
38068,US,TN,MEM,F
37501,US,TN,MEM,A
38182,US,TN,MEM,A
38183,US,TN,MEM,A
38184,US,TN,MEM,A
38186,US,TN,MEM,A
38187,US,TN,MEM,A
38188,US,TN,MEM,A
38193,US,TN,MEM,A
38181,US,TN,MEM,A
38197,US,TN,MEM,A
38194,US,TN,MEM,A
38175,US,TN,MEM,A
38174,US,TN,MEM,A
38173,US,TN,MEM,A
38168,US,TN,MEM,A
38358,US,TN,MEM,H
38165,US,TN,MEM,A
37818,US,TN,TYS,C
38163,US,TN,MEM,A
38161,US,TN,MEM,A
38159,US,TN,MEM,A
38157,US,TN,MEM,A
38166,US,TN,MEM,A
37131,US,TN,BNA,C
37207,US,TN,BNA,A
37206,US,TN,BNA,A
37205,US,TN,BNA,B
37204,US,TN,BNA,A
37203,US,TN,BNA,A
37202,US,TN,BNA,A
37201,US,TN,BNA,A
37214,US,TN,BNA,A
37814,US,TN,TYS,C
37132,US,TN,BNA,C
38053,US,TN,MEM,C
37130,US,TN,BNA,C
37129,US,TN,BNA,C
37122,US,TN,BNA,C
38145,US,TN,MEM,A
38057,US,TN,MEM,G
38152,US,TN,MEM,A
37813,US,TN,TYS,C
37357,US,TN,BNA,E
38054,US,TN,MEM,C
37133,US,TN,BNA,C
38106,US,TN,MEM,A
38117,US,TN,MEM,A
38116,US,TN,MEM,A
38115,US,TN,MEM,A
38114,US,TN,MEM,A
38113,US,TN,MEM,A
38112,US,TN,MEM,A
38111,US,TN,MEM,A
38110,US,TN,MEM,A
38109,US,TN,MEM,A
38148,US,TN,MEM,A
38107,US,TN,MEM,A
38122,US,TN,MEM,A
38105,US,TN,MEM,A
38104,US,TN,MEM,A
38103,US,TN,MEM,A
38101,US,TN,MEM,A
38116,US,TN,MEM,A
37204,US,TN,BNA,A
37110,US,TN,BNA,G
37353,US,TN,CHA,B
37807,US,TN,TYS,C
38108,US,TN,MEM,A
38134,US,TN,MEM,B
38150,US,TN,MEM,A
37885,US,TN,TYS,C
37208,US,TN,BNA,A
38147,US,TN,MEM,A
37215,US,TN,BNA,A
38142,US,TN,MEM,A
38141,US,TN,MEM,A
38138,US,TN,MEM,B
38137,US,TN,MEM,A
38118,US,TN,MEM,A
38135,US,TN,MEM,A
38119,US,TN,MEM,A
38133,US,TN,MEM,A
37886,US,TN,TYS,C
38131,US,TN,MEM,A
37183,US,TN,BNA,G
38128,US,TN,MEM,A
38127,US,TN,MEM,A
38126,US,TN,MEM,A
38125,US,TN,MEM,A
38124,US,TN,MEM,A
38151,US,TN,MEM,A
38136,US,TN,MEM,A
37853,US,TN,TYS,A
37161,US,TN,BNA,E
37865,US,TN,TYS,B
37864,US,TN,TYS,C
37862,US,TN,TYS,C
37373,US,TN,CHA,C
37304,US,TN,CHA,C
37861,US,TN,TYS,C
38066,US,TN,MEM,D
37213,US,TN,BNA,A
37854,US,TN,TYS,C
37167,US,TN,BNA,C
38063,US,TN,MEM,E
37152,US,TN,BNA,C
37370,US,TN,CHA,D
37415,US,TN,CHA,A
38583,US,TN,BNA,G
38478,US,TN,BNA,E
37849,US,TN,TYS,B
37148,US,TN,BNA,D
37110,US,TN,BNA,G
37857,US,TN,TYS,C
37878,US,TN,TYS,A
37397,US,TN,CHA,D
37189,US,TN,BNA,C
38130,US,TN,MEM,A
37806,US,TN,TYS,B
37188,US,TN,BNA,D
38382,US,TN,MEM,F
37187,US,TN,BNA,D
37743,US,TN,TYS,C
37882,US,TN,TYS,C
37377,US,TN,CHA,B
37179,US,TN,BNA,D
37166,US,TN,BNA,E
37877,US,TN,TYS,C
37874,US,TN,TYS,C
37172,US,TN,BNA,D
37174,US,TN,BNA,D
38583,US,TN,BNA,G
37380,US,TN,CHA,D
37379,US,TN,CHA,B
37743,US,TN,TYS,C
37840,US,TN,TYS,B
38381,US,TN,MEM,H
37221,US,TN,BNA,B
37863,US,TN,TYS,C
37236,US,TN,BNA,A
37235,US,TN,BNA,A
37234,US,TN,BNA,A
37232,US,TN,BNA,A
37230,US,TN,BNA,A
37229,US,TN,BNA,A
37228,US,TN,BNA,A
37227,US,TN,BNA,A
37184,US,TN,BNA,D
37222,US,TN,BNA,A
37238,US,TN,BNA,A
37220,US,TN,BNA,A
37219,US,TN,BNA,A
37218,US,TN,BNA,B
37217,US,TN,BNA,A
37216,US,TN,BNA,A
37214,US,TN,BNA,A
37212,US,TN,BNA,A
37211,US,TN,BNA,A
37210,US,TN,BNA,A
37224,US,TN,BNA,A
37249,US,TN,BNA,A
37209,US,TN,BNA,A
37362,US,TN,CHA,C
37138,US,TN,BNA,B
37361,US,TN,CHA,C
37830,US,TN,TYS,B
37828,US,TN,TYS,C
37826,US,TN,CHA,D
37821,US,TN,TYS,C
38059,US,TN,MEM,F
37237,US,TN,BNA,A
37250,US,TN,BNA,A
37363,US,TN,CHA,B
37248,US,TN,BNA,A
37247,US,TN,BNA,A
37246,US,TN,BNA,A
37245,US,TN,BNA,A
37244,US,TN,BNA,A
37243,US,TN,BNA,A
37242,US,TN,BNA,A
37241,US,TN,BNA,A
37240,US,TN,BNA,A
38054,US,TN,MEM,C
37315,US,TN,CHA,B
38018,US,TN,MEM,C
38505,US,TN,BNA,F
38503,US,TN,BNA,F
38502,US,TN,BNA,F
38501,US,TN,BNA,F
37922,US,TN,TYS,A
37922,US,TN,TYS,A
38402,US,TN,BNA,D
37066,US,TN,BNA,C
38017,US,TN,MEM,C
37049,US,TN,BNA,C
37716,US,TN,TYS,C
37364,US,TN,CHA,B
37323,US,TN,CHA,C
37320,US,TN,CHA,B
37312,US,TN,CHA,B
37311,US,TN,CHA,B
37450,US,TN,CHA,A
37422,US,TN,CHA,A
38401,US,TN,BNA,D
38028,US,TN,MEM,D
37737,US,TN,TYS,B
37069,US,TN,BNA,C
37068,US,TN,BNA,C
37067,US,TN,BNA,C
37065,US,TN,BNA,C
37064,US,TN,BNA,C
37096,US,TN,BNA,G
37331,US,TN,CHA,D
37721,US,TN,TYS,B
37412,US,TN,CHA,A
38019,US,TN,MEM,F
38025,US,TN,MEM,F
38024,US,TN,MEM,F
37327,US,TN,CHA,D
37059,US,TN,BNA,D
37058,US,TN,BNA,G
37321,US,TN,CHA,C
37725,US,TN,TYS,C
37050,US,TN,BNA,G
37416,US,TN,CHA,A
37330,US,TN,BNA,G
37303,US,TN,CHA,C
37421,US,TN,CHA,A
37308,US,TN,CHA,C
37307,US,TN,CHA,D
38006,US,TN,MEM,G
37221,US,TN,BNA,B
38544,US,TN,BNA,E
38135,US,TN,MEM,A
38134,US,TN,MEM,B
38008,US,TN,MEM,H
37743,US,TN,TYS,C
37024,US,TN,BNA,C
38002,US,TN,MEM,D
37302,US,TN,CHA,B
37013,US,TN,BNA,B
38501,US,TN,BNA,F
37012,US,TN,BNA,D
37701,US,TN,TYS,A
38001,US,TN,MEM,H
38132,US,TN,MEM,A
37803,US,TN,TYS,A
37304,US,TN,CHA,C
37402,US,TN,CHA,A
37409,US,TN,CHA,A
37415,US,TN,CHA,A
37412,US,TN,CHA,A
37411,US,TN,CHA,A
37410,US,TN,CHA,A
37408,US,TN,CHA,A
37406,US,TN,CHA,A
37405,US,TN,CHA,A
37709,US,TN,TYS,C
37403,US,TN,CHA,A
37419,US,TN,CHA,A
37401,US,TN,CHA,A
37421,US,TN,CHA,A
37310,US,TN,CHA,C
37033,US,TN,BNA,G
37309,US,TN,CHA,C
37029,US,TN,BNA,G
38012,US,TN,MEM,F
38011,US,TN,MEM,F
37027,US,TN,BNA,C
37404,US,TN,CHA,A
37931,US,TN,TYS,A
37918,US,TN,TYS,A
37996,US,TN,TYS,A
37995,US,TN,TYS,A
37990,US,TN,TYS,A
37950,US,TN,TYS,A
37940,US,TN,TYS,A
37939,US,TN,TYS,A
37938,US,TN,TYS,A
37764,US,TN,TYS,C
37932,US,TN,TYS,A
37083,US,TN,BNA,E
37930,US,TN,TYS,A
37928,US,TN,TYS,A
37927,US,TN,TYS,A
37924,US,TN,TYS,A
37923,US,TN,TYS,A
37922,US,TN,TYS,A
37921,US,TN,TYS,A
37920,US,TN,TYS,A
37919,US,TN,TYS,A
37933,US,TN,TYS,A
37774,US,TN,TYS,B
37801,US,TN,TYS,A
37802,US,TN,TYS,A
37407,US,TN,CHA,A
38036,US,TN,MEM,H
37354,US,TN,TYS,C
37116,US,TN,BNA,B
37115,US,TN,BNA,B
37351,US,TN,CHA,A
37997,US,TN,TYS,A
37777,US,TN,TYS,A
37998,US,TN,TYS,A
37350,US,TN,CHA,B
37097,US,TN,BNA,G
37096,US,TN,BNA,G
37091,US,TN,BNA,E
37771,US,TN,TYS,B
37088,US,TN,BNA,C
37087,US,TN,BNA,C
38002,US,TN,MEM,D
37769,US,TN,TYS,B
37778,US,TN,TYS,C
37073,US,TN,BNA,C
38343,US,TN,MEM,H
37343,US,TN,CHA,A
37354,US,TN,TYS,C
38115,US,TN,MEM,A
37076,US,TN,BNA,B
37077,US,TN,BNA,C
37075,US,TN,BNA,C
37341,US,TN,CHA,B
38040,US,TN,MEM,F
38301,US,TN,MEM,H
37743,US,TN,TYS,C
37754,US,TN,TYS,C
37742,US,TN,TYS,C
37338,US,TN,CHA,C
38039,US,TN,MEM,H
37917,US,TN,TYS,A
37086,US,TN,BNA,C
38563,US,TN,BNA,E
37072,US,TN,BNA,D
38138,US,TN,MEM,B
37336,US,TN,CHA,C
37340,US,TN,CHA,C
37763,US,TN,TYS,B
37915,US,TN,TYS,A
37914,US,TN,TYS,A
37912,US,TN,TYS,A
37916,US,TN,TYS,A
37909,US,TN,TYS,A
37748,US,TN,TYS,C
37902,US,TN,TYS,A
37701,US,TN,TYS,A
37920,US,TN,TYS,A
37347,US,TN,CHA,C
38302,US,TN,MEM,H
37080,US,TN,BNA,D
37760,US,TN,TYS,B
38303,US,TN,MEM,H
37347,US,TN,CHA,C
37921,US,TN,TYS,A
38305,US,TN,MEM,H
37901,US,TN,TYS,A
38314,US,TN,MEM,H
38308,US,TN,MEM,H
38469,US,TN,HSV,D
37334,US,TN,HSV,E
38464,US,TN,HSV,E
38478,US,TN,HSV,D
37334,US,TN,HSV,H
38375,US,TN,MEM,I
37663,US,TN,TRI,A
37664,US,TN,TRI,A
37665,US,TN,TRI,A
37684,US,TN,TRI,C
37682,US,TN,TRI,C
37656,US,TN,TRI,C
37645,US,TN,TRI,C
37642,US,TN,TRI,C
37699,US,TN,TRI,B
37618,US,TN,TRI,D
37669,US,TN,TRI,A
37641,US,TN,TRI,D
37662,US,TN,TRI,A
37660,US,TN,TRI,A
37625,US,TN,TRI,A
37621,US,TN,TRI,A
37620,US,TN,TRI,A
37617,US,TN,TRI,A
37615,US,TN,TRI,A
37765,US,TN,TRI,Y
37686,US,TN,TRI,B
37873,US,TN,TRI,D
37731,US,TN,TRI,H
37694,US,TN,TRI,H
37691,US,TN,TRI,H
37688,US,TN,TRI,H
37687,US,TN,TRI,H
37683,US,TN,TRI,H
37680,US,TN,TRI,H
37616,US,TN,TRI,D
37640,US,TN,TRI,E
37617,US,TN,TRI,A
37692,US,TN,TRI,D
37690,US,TN,TRI,D
37681,US,TN,TRI,D
37659,US,TN,TRI,D
37658,US,TN,TRI,D
37650,US,TN,TRI,D
37644,US,TN,TRI,D
37643,US,TN,TRI,D
37657,US,TN,TRI,E
78236,US,TX,SAT,B
78236,US,TX,SAT,B
78235,US,TX,SAT,B
78244,US,TX,SAT,B
78241,US,TX,SAT,B
78226,US,TX,SAT,B
78236,US,TX,SAT,B
78235,US,TX,SAT,B
78236,US,TX,SAT,B
78039,US,TX,SAT,C
78135,US,TX,SAT,C
77833,US,TX,IAH,F
78266,US,TX,SAT,B
78236,US,TX,SAT,B
77531,US,TX,IAH,F
78015,US,TX,SAT,C
77566,US,TX,IAH,F
77445,US,TX,IAH,F
77515,US,TX,IAH,F
78055,US,TX,SAT,C
77541,US,TX,IAH,F
77541,US,TX,IAH,F
77541,US,TX,IAH,F
77541,US,TX,IAH,F
77541,US,TX,IAH,F
79331,US,TX,LBB,D
77583,US,TX,IAH,E
77583,US,TX,IAH,E
77335,US,TX,IAH,F
77320,US,TX,IAH,F
79014,US,TX,LBB,D
79381,US,TX,LBB,C
77541,US,TX,IAH,F
73344,US,TX,AUS,A
77964,US,TX,AUS,C
77964,US,TX,AUS,C
78610,US,TX,AUS,C
78610,US,TX,AUS,C
78616,US,TX,AUS,C
78621,US,TX,AUS,D
78628,US,TX,AUS,D
78738,US,TX,AUS,C
78745,US,TX,AUS,A
75855,US,TX,AUS,C
78620,US,TX,AUS,D
78669,US,TX,AUS,D
78664,US,TX,AUS,C
78736,US,TX,AUS,D
78738,US,TX,AUS,B
79562,US,TX,ABI,B
78733,US,TX,AUS,D
78734,US,TX,AUS,D
78736,US,TX,AUS,D
78682,US,TX,AUS,C
78664,US,TX,AUS,C
78738,US,TX,AUS,B
78650,US,TX,AUS,D
78738,US,TX,AUS,B
78738,US,TX,AUS,B
78798,US,TX,AUS,A
78135,US,TX,AUS,D
73301,US,TX,AUS,A
78799,US,TX,AUS,A
78738,US,TX,AUS,B
78201,US,TX,SAT,A
78286,US,TX,SAT,A
78006,US,TX,SAT,C
78249,US,TX,SAT,A
78299,US,TX,SAT,A
78298,US,TX,SAT,A
78296,US,TX,SAT,A
78262,US,TX,SAT,A
78297,US,TX,SAT,A
78015,US,TX,SAT,C
78278,US,TX,SAT,A
78234,US,TX,SAT,A
78240,US,TX,SAT,A
78232,US,TX,SAT,A
78232,US,TX,SAT,A
78230,US,TX,SAT,A
78056,US,TX,SAT,C
78132,US,TX,SAT,C
78006,US,TX,SAT,C
78641,US,TX,AUS,D
78263,US,TX,SAT,C
78734,US,TX,AUS,D
78733,US,TX,AUS,D
78746,US,TX,AUS,A
78645,US,TX,AUS,D
78653,US,TX,AUS,C
78676,US,TX,AUS,D
78266,US,TX,SAT,B
78257,US,TX,SAT,A
75654,US,TX,TYR,C
75803,US,TX,TYR,C
75801,US,TX,TYR,C
75161,US,TX,TYR,C
75160,US,TX,TYR,C
75704,US,TX,TYR,A
75142,US,TX,TYR,C
75785,US,TX,TYR,C
75785,US,TX,TYR,C
75765,US,TX,TYR,C
75765,US,TX,TYR,C
78681,US,TX,TYR,B
75705,US,TX,TYR,A
75706,US,TX,TYR,A
75771,US,TX,TYR,B
78682,US,TX,TYR,B
75799,US,TX,TYR,A
75758,US,TX,TYR,B
75765,US,TX,TYR,C
75771,US,TX,TYR,B
75652,US,TX,TYR,C
75650,US,TX,TYR,C
75707,US,TX,TYR,A
75709,US,TX,TYR,A
75882,US,TX,TYR,C
75708,US,TX,TYR,A
75662,US,TX,TYR,B
75766,US,TX,TYR,B
78682,US,TX,TYR,B
75798,US,TX,TYR,A
75603,US,TX,TYR,B
75783,US,TX,TYR,C
75169,US,TX,TYR,C
75792,US,TX,TYR,B
75791,US,TX,TYR,C
75693,US,TX,TYR,B
75693,US,TX,TYR,B
75693,US,TX,TYR,B
75790,US,TX,TYR,B
75163,US,TX,TYR,C
75789,US,TX,TYR,C
75683,US,TX,TYR,C
75778,US,TX,TYR,B
75645,US,TX,TYR,C
75604,US,TX,TYR,B
78664,US,TX,TYR,B
75148,US,TX,TYR,C
75773,US,TX,TYR,B
75701,US,TX,TYR,A
75702,US,TX,TYR,A
75703,US,TX,TYR,A
75602,US,TX,TYR,B
75601,US,TX,TYR,B
75148,US,TX,TYR,C
75771,US,TX,TYR,B
75647,US,TX,TYR,B
75771,US,TX,TYR,B
75771,US,TX,TYR,B
75140,US,TX,TYR,C
75605,US,TX,TYR,B
76017,US,TX,DAL,B
76020,US,TX,DAL,D
76019,US,TX,DAL,A
76019,US,TX,DAL,A
76018,US,TX,DAL,B
76016,US,TX,DAL,B
76015,US,TX,DAL,B
76014,US,TX,DAL,A
76013,US,TX,DAL,A
76012,US,TX,DAL,A
76040,US,TX,DAL,A
76021,US,TX,DAL,A
76011,US,TX,DAL,A
76209,US,TX,DAL,B
76202,US,TX,DAL,C
76203,US,TX,DAL,C
76204,US,TX,DAL,C
76205,US,TX,DAL,C
76206,US,TX,DAL,C
76207,US,TX,DAL,B
76262,US,TX,DAL,B
76208,US,TX,DAL,C
76198,US,TX,DAL,B
76210,US,TX,DAL,D
76210,US,TX,DAL,B
76226,US,TX,DAL,D
76244,US,TX,DAL,A
76248,US,TX,DAL,B
76249,US,TX,DAL,C
76163,US,TX,DAL,C
76208,US,TX,DAL,D
76182,US,TX,DAL,A
76036,US,TX,DAL,D
76166,US,TX,DAL,B
76177,US,TX,DAL,B
76179,US,TX,DAL,C
76179,US,TX,DAL,C
76180,US,TX,DAL,A
76180,US,TX,DAL,A
76201,US,TX,DAL,C
76182,US,TX,DAL,A
76199,US,TX,DAL,B
76185,US,TX,DAL,B
76192,US,TX,DAL,C
76193,US,TX,DAL,B
76195,US,TX,DAL,B
76196,US,TX,DAL,B
76197,US,TX,DAL,B
76262,US,TX,DAL,B
76181,US,TX,DAL,A
76797,US,TX,AUS,H
76708,US,TX,AUS,H
76710,US,TX,AUS,H
76711,US,TX,AUS,H
76712,US,TX,AUS,H
76714,US,TX,AUS,H
76715,US,TX,AUS,H
76262,US,TX,DAL,B
76795,US,TX,AUS,H
76705,US,TX,AUS,H
76798,US,TX,AUS,H
76799,US,TX,AUS,H
78009,US,TX,SAT,F
78013,US,TX,SAT,F
78130,US,TX,SAT,F
78133,US,TX,SAT,F
75247,US,TX,DAL,A
76716,US,TX,AUS,H
76599,US,TX,AUS,H
76266,US,TX,DAL,D
76299,US,TX,DAL,B
76524,US,TX,AUS,G
76528,US,TX,AUS,H
76564,US,TX,AUS,G
76579,US,TX,AUS,G
76596,US,TX,AUS,H
76707,US,TX,AUS,H
76598,US,TX,AUS,H
76706,US,TX,AUS,H
76630,US,TX,AUS,G
76655,US,TX,AUS,G
76701,US,TX,AUS,H
76702,US,TX,AUS,H
76703,US,TX,AUS,H
76704,US,TX,AUS,H
76162,US,TX,DAL,C
76597,US,TX,AUS,H
76108,US,TX,DAL,C
76101,US,TX,DAL,B
76102,US,TX,DAL,B
76103,US,TX,DAL,B
75266,US,TX,DAL,B
76104,US,TX,DAL,B
76105,US,TX,DAL,B
76114,US,TX,DAL,A
76107,US,TX,DAL,B
76097,US,TX,DAL,D
76108,US,TX,DAL,C
76109,US,TX,DAL,B
76110,US,TX,DAL,B
76111,US,TX,DAL,B
76112,US,TX,DAL,A
76113,US,TX,DAL,B
76164,US,TX,DAL,B
76106,US,TX,DAL,B
76078,US,TX,DAL,C
76028,US,TX,DAL,D
76034,US,TX,DAL,A
76039,US,TX,DAL,A
76051,US,TX,DAL,A
76052,US,TX,DAL,B
76053,US,TX,DAL,A
76054,US,TX,DAL,A
76099,US,TX,DAL,A
76063,US,TX,DAL,C
76098,US,TX,DAL,D
76082,US,TX,DAL,D
76092,US,TX,DAL,A
76092,US,TX,DAL,A
76094,US,TX,DAL,A
76095,US,TX,DAL,A
76096,US,TX,DAL,A
76115,US,TX,DAL,B
76060,US,TX,DAL,B
76140,US,TX,DAL,B
76132,US,TX,DAL,C
76133,US,TX,DAL,C
76134,US,TX,DAL,C
76135,US,TX,DAL,C
76135,US,TX,DAL,C
76136,US,TX,DAL,B
76114,US,TX,DAL,B
76137,US,TX,DAL,B
76130,US,TX,DAL,B
76140,US,TX,DAL,C
76147,US,TX,DAL,B
76148,US,TX,DAL,A
76148,US,TX,DAL,A
76150,US,TX,DAL,B
76155,US,TX,DAL,A
76161,US,TX,DAL,B
76136,US,TX,DAL,C
76123,US,TX,DAL,C
76116,US,TX,DAL,C
76117,US,TX,DAL,A
76117,US,TX,DAL,A
76118,US,TX,DAL,A
76118,US,TX,DAL,A
76119,US,TX,DAL,B
76120,US,TX,DAL,B
76131,US,TX,DAL,B
76122,US,TX,DAL,B
76131,US,TX,DAL,B
76124,US,TX,DAL,A
76126,US,TX,DAL,C
76126,US,TX,DAL,C
76127,US,TX,DAL,C
76127,US,TX,DAL,C
76129,US,TX,DAL,B
76022,US,TX,DAL,A
76121,US,TX,DAL,C
75205,US,TX,DAL,B
75181,US,TX,DAL,D
75182,US,TX,DAL,C
75185,US,TX,DAL,C
75187,US,TX,DAL,D
75201,US,TX,DAL,B
75201,US,TX,DAL,B
75202,US,TX,DAL,B
75214,US,TX,DAL,B
75204,US,TX,DAL,B
75172,US,TX,DAL,C
75206,US,TX,DAL,B
75207,US,TX,DAL,B
75208,US,TX,DAL,B
75209,US,TX,DAL,A
75210,US,TX,DAL,B
75211,US,TX,DAL,B
75211,US,TX,DAL,B
75093,US,TX,DAL,C
75203,US,TX,DAL,B
75138,US,TX,DAL,C
75258,US,TX,DAL,A
75094,US,TX,DAL,C
75098,US,TX,DAL,D
75104,US,TX,DAL,C
75106,US,TX,DAL,C
75115,US,TX,DAL,C
75116,US,TX,DAL,C
75126,US,TX,DAL,D
75180,US,TX,DAL,C
75137,US,TX,DAL,C
75180,US,TX,DAL,C
75141,US,TX,DAL,C
75146,US,TX,DAL,C
75149,US,TX,DAL,C
75150,US,TX,DAL,C
75152,US,TX,DAL,D
75154,US,TX,DAL,D
75154,US,TX,DAL,D
75215,US,TX,DAL,B
75134,US,TX,DAL,C
75246,US,TX,DAL,B
75236,US,TX,DAL,B
75237,US,TX,DAL,B
75238,US,TX,DAL,B
75240,US,TX,DAL,C
75241,US,TX,DAL,B
75242,US,TX,DAL,B
75243,US,TX,DAL,B
75212,US,TX,DAL,B
75245,US,TX,DAL,A
75234,US,TX,DAL,A
75247,US,TX,DAL,A
75248,US,TX,DAL,B
75267,US,TX,DAL,B
75250,US,TX,DAL,B
76010,US,TX,DAL,A
75252,US,TX,DAL,B
75253,US,TX,DAL,C
75254,US,TX,DAL,B
75244,US,TX,DAL,A
75226,US,TX,DAL,B
75216,US,TX,DAL,B
75217,US,TX,DAL,C
75218,US,TX,DAL,C
75219,US,TX,DAL,B
75220,US,TX,DAL,A
75221,US,TX,DAL,B
75222,US,TX,DAL,B
75223,US,TX,DAL,B
75235,US,TX,DAL,A
75225,US,TX,DAL,A
75234,US,TX,DAL,A
75227,US,TX,DAL,C
75228,US,TX,DAL,C
75229,US,TX,DAL,A
75230,US,TX,DAL,B
75231,US,TX,DAL,B
75232,US,TX,DAL,C
75233,US,TX,DAL,B
75089,US,TX,DAL,D
75224,US,TX,DAL,B
75034,US,TX,DAL,C
75027,US,TX,DAL,A
75027,US,TX,DAL,A
75028,US,TX,DAL,A
75028,US,TX,DAL,A
75028,US,TX,DAL,B
75029,US,TX,DAL,B
75030,US,TX,DAL,D
75045,US,TX,DAL,B
75032,US,TX,DAL,D
75025,US,TX,DAL,C
75035,US,TX,DAL,C
75038,US,TX,DAL,A
75039,US,TX,DAL,A
75040,US,TX,DAL,C
75041,US,TX,DAL,C
75042,US,TX,DAL,B
75043,US,TX,DAL,C
75094,US,TX,DAL,C
75032,US,TX,DAL,D
75016,US,TX,DAL,A
75001,US,TX,DAL,A
75002,US,TX,DAL,C
75006,US,TX,DAL,A
75007,US,TX,DAL,A
75010,US,TX,DAL,A
75011,US,TX,DAL,A
75013,US,TX,DAL,C
75013,US,TX,DAL,C
75027,US,TX,DAL,A
75015,US,TX,DAL,A
75026,US,TX,DAL,C
75017,US,TX,DAL,A
75019,US,TX,DAL,A
75022,US,TX,DAL,A
75022,US,TX,DAL,A
75022,US,TX,DAL,A
75023,US,TX,DAL,C
75024,US,TX,DAL,C
75046,US,TX,DAL,C
75014,US,TX,DAL,A
75080,US,TX,DAL,B
75070,US,TX,DAL,D
75070,US,TX,DAL,D
75071,US,TX,DAL,D
75071,US,TX,DAL,D
75071,US,TX,DAL,D
75074,US,TX,DAL,C
75075,US,TX,DAL,C
75044,US,TX,DAL,C
75077,US,TX,DAL,A
75067,US,TX,DAL,B
75081,US,TX,DAL,B
75082,US,TX,DAL,C
75083,US,TX,DAL,B
75085,US,TX,DAL,B
75086,US,TX,DAL,C
75087,US,TX,DAL,D
75087,US,TX,DAL,D
75088,US,TX,DAL,D
75077,US,TX,DAL,B
75056,US,TX,DAL,C
75047,US,TX,DAL,C
75048,US,TX,DAL,C
75048,US,TX,DAL,C
75049,US,TX,DAL,C
75050,US,TX,DAL,A
75051,US,TX,DAL,A
75052,US,TX,DAL,B
75053,US,TX,DAL,A
75069,US,TX,DAL,D
75056,US,TX,DAL,B
75068,US,TX,DAL,D
75057,US,TX,DAL,B
75060,US,TX,DAL,A
75061,US,TX,DAL,A
75062,US,TX,DAL,A
75063,US,TX,DAL,A
75065,US,TX,DAL,B
75067,US,TX,DAL,A
75251,US,TX,DAL,B
75054,US,TX,DAL,B
75378,US,TX,DAL,A
75368,US,TX,DAL,A
76007,US,TX,DAL,A
76008,US,TX,DAL,C
76009,US,TX,DAL,D
75381,US,TX,DAL,A
76005,US,TX,DAL,A
75379,US,TX,DAL,A
76004,US,TX,DAL,A
75376,US,TX,DAL,B
75374,US,TX,DAL,B
75373,US,TX,DAL,B
75372,US,TX,DAL,B
75371,US,TX,DAL,B
75370,US,TX,DAL,A
75380,US,TX,DAL,B
75392,US,TX,DAL,B
75249,US,TX,DAL,B
75260,US,TX,DAL,B
75382,US,TX,DAL,B
75387,US,TX,DAL,B
75389,US,TX,DAL,B
76006,US,TX,DAL,A
75391,US,TX,DAL,B
75397,US,TX,DAL,B
75393,US,TX,DAL,B
75395,US,TX,DAL,B
75398,US,TX,DAL,B
76001,US,TX,DAL,B
76002,US,TX,DAL,B
76003,US,TX,DAL,B
75390,US,TX,DAL,A
75262,US,TX,DAL,B
75287,US,TX,DAL,B
75286,US,TX,DAL,B
75285,US,TX,DAL,B
75284,US,TX,DAL,B
75283,US,TX,DAL,B
75303,US,TX,DAL,C
75270,US,TX,DAL,B
75275,US,TX,DAL,B
75265,US,TX,DAL,B
75264,US,TX,DAL,B
75263,US,TX,DAL,B
75367,US,TX,DAL,B
75394,US,TX,DAL,C
75261,US,TX,DAL,A
75277,US,TX,DAL,B
75355,US,TX,DAL,B
75359,US,TX,DAL,B
75357,US,TX,DAL,C
75267,US,TX,DAL,B
75310,US,TX,DAL,B
75356,US,TX,DAL,A
75354,US,TX,DAL,A
75342,US,TX,DAL,B
75339,US,TX,DAL,B
75315,US,TX,DAL,B
75360,US,TX,DAL,B
75336,US,TX,DAL,B
75326,US,TX,DAL,B
75323,US,TX,DAL,B
75336,US,TX,DAL,C
75312,US,TX,DAL,B
75313,US,TX,DAL,B
76098,US,TX,DFW,D
78209,US,TX,AUS,F
75013,US,TX,DFW,C
76096,US,TX,DFW,A
76002,US,TX,DFW,A
78201,US,TX,AUS,F
78708,US,TX,AUS,A
78715,US,TX,AUS,A
78615,US,TX,AUS,D
76001,US,TX,DFW,A
75147,US,TX,TYR,C
75357,US,TX,DFW,A
75315,US,TX,DFW,A
75267,US,TX,DFW,A
75254,US,TX,DFW,A
75360,US,TX,DFW,A
75370,US,TX,DFW,A
78615,US,TX,AUS,D
75342,US,TX,DFW,A
75156,US,TX,TYR,C
76210,US,TX,DFW,B
76208,US,TX,DFW,B
75336,US,TX,DFW,A
78201,US,TX,AUS,F
75156,US,TX,TYR,C
75147,US,TX,TYR,C
75156,US,TX,TYR,C
78630,US,TX,AUS,C
75106,US,TX,DFW,C
78612,US,TX,AUS,D
75372,US,TX,DFW,A
78213,US,TX,AUS,F
78133,US,TX,AUS,D
78132,US,TX,AUS,D
78130,US,TX,AUS,D
76097,US,TX,DFW,C
75077,US,TX,DFW,B
77536,US,TX,HOU,C
76201,US,TX,DFW,B
75559,US,TX,DFW,N
78617,US,TX,AUS,C
79044,US,TX,AMA,D
76234,US,TX,DFW,D
76202,US,TX,DFW,B
79549,US,TX,ABI,F
76444,US,TX,DFW,D
75115,US,TX,DFW,C
77536,US,TX,IAH,D
76203,US,TX,DFW,B
76204,US,TX,DFW,B
76205,US,TX,DFW,B
76206,US,TX,DFW,B
79323,US,TX,LBB,D
79027,US,TX,AMA,D
77539,US,TX,HOU,D
77538,US,TX,HOU,D
77539,US,TX,IAH,E
75639,US,TX,SHV,C
75378,US,TX,DFW,A
77538,US,TX,IAH,F
75435,US,TX,DFW,D
75390,US,TX,DFW,A
75371,US,TX,DFW,A
75373,US,TX,DFW,A
79916,US,TX,ELP,A
77333,US,TX,HOU,D
75374,US,TX,DFW,A
75376,US,TX,DFW,A
75379,US,TX,DFW,A
75381,US,TX,DFW,A
75382,US,TX,DFW,A
75387,US,TX,DFW,A
75380,US,TX,DFW,A
75389,US,TX,DFW,A
77535,US,TX,IAH,D
75391,US,TX,DFW,A
75392,US,TX,DFW,A
75393,US,TX,DFW,A
75394,US,TX,DFW,A
75395,US,TX,DFW,A
75396,US,TX,DFW,A
75397,US,TX,DFW,A
75398,US,TX,DFW,A
79025,US,TX,AMA,C
77535,US,TX,HOU,D
75388,US,TX,DFW,A
79911,US,TX,ELP,A
79914,US,TX,ELP,A
77586,US,TX,IAH,E
79925,US,TX,ELP,A
79901,US,TX,ELP,A
79902,US,TX,ELP,A
79903,US,TX,ELP,A
79904,US,TX,ELP,A
79905,US,TX,ELP,A
79906,US,TX,ELP,A
79907,US,TX,ELP,A
78352,US,TX,CRP,C
79910,US,TX,ELP,A
75757,US,TX,TYR,B
79912,US,TX,ELP,A
79913,US,TX,ELP,A
79915,US,TX,ELP,A
79917,US,TX,ELP,A
79918,US,TX,ELP,A
79920,US,TX,ELP,A
79922,US,TX,ELP,A
79923,US,TX,ELP,A
79924,US,TX,ELP,A
75368,US,TX,DFW,A
77533,US,TX,HOU,D
79908,US,TX,ELP,A
76802,US,TX,DFW,D
75438,US,TX,DFW,D
78537,US,TX,BRO,C
78537,US,TX,MFE,B
75560,US,TX,DFW,N
75754,US,TX,TYR,C
78620,US,TX,AUS,D
78351,US,TX,CRP,C
79029,US,TX,AMA,C
75116,US,TX,DFW,B
75137,US,TX,DFW,B
77586,US,TX,HOU,D
79607,US,TX,ABI,A
77333,US,TX,IAH,E
79031,US,TX,LBB,D
76448,US,TX,ABI,E
78538,US,TX,BRO,D
78538,US,TX,MFE,C
76524,US,TX,DFW,I
78503,US,TX,MFE,A
78539,US,TX,BRO,E
78539,US,TX,MFE,B
78540,US,TX,BRO,E
78540,US,TX,MFE,B
79032,US,TX,LBB,D
75138,US,TX,DFW,B
75221,US,TX,DFW,A
78616,US,TX,AUS,C
75209,US,TX,DFW,A
75210,US,TX,DFW,A
75211,US,TX,DFW,A
75212,US,TX,DFW,A
75214,US,TX,DFW,A
75215,US,TX,DFW,A
75216,US,TX,DFW,A
75217,US,TX,DFW,A
75218,US,TX,DFW,A
75207,US,TX,DFW,A
75220,US,TX,DFW,A
75206,US,TX,DFW,A
75222,US,TX,DFW,A
75223,US,TX,DFW,A
75224,US,TX,DFW,A
75225,US,TX,DFW,A
75226,US,TX,DFW,A
75227,US,TX,DFW,A
75228,US,TX,DFW,A
75229,US,TX,DFW,A
75230,US,TX,DFW,A
75231,US,TX,DFW,A
75219,US,TX,DFW,A
75638,US,TX,DFW,N
76036,US,TX,DFW,B
75433,US,TX,DFW,D
75759,US,TX,DFW,I
75434,US,TX,DFW,D
77303,US,TX,HOU,D
77303,US,TX,IAH,D
77410,US,TX,HOU,D
77410,US,TX,IAH,C
77429,US,TX,HOU,D
77429,US,TX,IAH,D
75208,US,TX,DFW,A
77433,US,TX,IAH,D
75234,US,TX,DFW,A
76122,US,TX,DFW,A
77533,US,TX,IAH,F
79925,US,TX,ELP,A
79022,US,TX,AMA,D
75261,US,TX,DFW,A
75201,US,TX,DFW,A
75202,US,TX,DFW,A
75203,US,TX,DFW,A
75204,US,TX,DFW,A
75205,US,TX,DFW,A
77433,US,TX,HOU,D
75313,US,TX,DFW,A
75266,US,TX,DFW,A
75270,US,TX,DFW,A
75275,US,TX,DFW,A
75277,US,TX,DFW,A
75283,US,TX,DFW,A
75284,US,TX,DFW,A
75285,US,TX,DFW,A
75286,US,TX,DFW,A
75287,US,TX,DFW,A
75303,US,TX,DFW,A
75232,US,TX,DFW,A
75312,US,TX,DFW,A
75263,US,TX,DFW,A
75323,US,TX,DFW,A
75326,US,TX,DFW,A
75339,US,TX,DFW,A
75353,US,TX,DFW,A
75354,US,TX,DFW,A
75355,US,TX,DFW,A
75356,US,TX,DFW,A
75359,US,TX,DFW,A
75363,US,TX,DFW,A
75364,US,TX,DFW,A
75310,US,TX,DFW,A
75247,US,TX,DFW,A
75367,US,TX,DFW,A
75235,US,TX,DFW,A
75236,US,TX,DFW,A
75237,US,TX,DFW,A
75238,US,TX,DFW,A
75240,US,TX,DFW,A
75241,US,TX,DFW,A
75242,US,TX,DFW,A
75243,US,TX,DFW,A
75244,US,TX,DFW,A
75265,US,TX,DFW,A
75246,US,TX,DFW,A
75264,US,TX,DFW,A
75248,US,TX,DFW,A
75249,US,TX,DFW,A
75250,US,TX,DFW,A
75251,US,TX,DFW,A
75252,US,TX,DFW,A
75253,US,TX,DFW,A
75258,US,TX,DFW,A
75260,US,TX,DFW,A
75261,US,TX,DFW,A
75262,US,TX,DFW,A
75233,US,TX,DFW,A
75245,US,TX,DFW,A
77551,US,TX,IAH,F
77549,US,TX,IAH,D
79035,US,TX,AMA,D
75034,US,TX,DFW,C
79036,US,TX,AMA,C
75757,US,TX,TYR,B
77441,US,TX,HOU,D
77441,US,TX,IAH,F
78358,US,TX,CRP,D
76240,US,TX,DFW,D
77547,US,TX,HOU,B
75046,US,TX,DFW,B
77550,US,TX,IAH,F
77546,US,TX,HOU,D
77552,US,TX,IAH,F
77553,US,TX,IAH,F
77554,US,TX,IAH,F
77555,US,TX,IAH,F
75040,US,TX,DFW,B
75041,US,TX,DFW,B
75042,US,TX,DFW,B
75043,US,TX,DFW,B
75044,US,TX,DFW,B
76147,US,TX,DFW,A
77547,US,TX,IAH,C
76185,US,TX,DFW,A
76120,US,TX,DFW,A
76150,US,TX,DFW,A
76155,US,TX,DFW,A
76161,US,TX,DFW,A
76162,US,TX,DFW,A
76163,US,TX,DFW,A
76164,US,TX,DFW,A
76177,US,TX,DFW,A
76179,US,TX,DFW,B
76180,US,TX,DFW,A
77549,US,TX,HOU,D
76182,US,TX,DFW,A
77546,US,TX,IAH,D
76192,US,TX,DFW,C
76193,US,TX,DFW,A
76195,US,TX,DFW,A
76196,US,TX,DFW,A
76197,US,TX,DFW,A
76198,US,TX,DFW,A
76199,US,TX,DFW,A
75763,US,TX,DFW,I
77545,US,TX,HOU,D
77545,US,TX,IAH,E
75047,US,TX,DFW,B
76181,US,TX,DFW,A
76543,US,TX,DFW,I
79040,US,TX,AMA,D
76455,US,TX,DFW,I
79041,US,TX,LBB,C
75650,US,TX,SHV,D
76117,US,TX,DFW,A
75755,US,TX,TYR,B
77560,US,TX,HOU,D
77560,US,TX,IAH,F
79042,US,TX,AMA,C
77561,US,TX,HOU,D
75045,US,TX,DFW,B
76542,US,TX,DFW,I
78359,US,TX,CRP,C
78550,US,TX,HRL,A
78550,US,TX,BRO,B
78550,US,TX,HRL,A
78550,US,TX,MFE,C
78551,US,TX,HRL,A
78551,US,TX,MFE,C
78552,US,TX,HRL,A
78552,US,TX,MFE,C
79043,US,TX,AMA,D
79043,US,TX,LBB,D
77561,US,TX,IAH,F
76049,US,TX,DFW,D
75048,US,TX,DFW,B
76528,US,TX,DFW,I
78022,US,TX,CRP,E
78626,US,TX,AUS,C
78627,US,TX,AUS,C
78628,US,TX,AUS,C
75644,US,TX,DFW,N
75647,US,TX,DFW,N
76908,US,TX,DFW,I
75755,US,TX,TYR,B
79039,US,TX,AMA,C
76048,US,TX,DFW,D
78023,US,TX,SAT,C
75050,US,TX,DFW,A
75051,US,TX,DFW,A
75052,US,TX,DFW,A
75053,US,TX,DFW,A
77302,US,TX,HOU,D
77302,US,TX,IAH,C
76051,US,TX,DFW,A
76092,US,TX,DFW,A
75755,US,TX,TYR,B
75401,US,TX,DFW,D
76140,US,TX,DFW,B
76450,US,TX,DFW,I
76640,US,TX,ACT,A
79961,US,TX,ELP,A
79968,US,TX,ELP,A
79976,US,TX,ELP,A
79978,US,TX,ELP,A
79980,US,TX,ELP,A
79990,US,TX,ELP,A
79995,US,TX,ELP,A
79996,US,TX,ELP,A
79997,US,TX,ELP,A
79998,US,TX,ELP,A
79838,US,TX,ELP,D
78621,US,TX,AUS,D
79955,US,TX,ELP,A
78112,US,TX,SAT,D
78543,US,TX,BRO,D
78543,US,TX,MFE,C
75441,US,TX,DFW,D
75119,US,TX,DFW,D
75120,US,TX,DFW,D
79324,US,TX,LBB,D
76039,US,TX,DFW,A
76040,US,TX,DFW,A
76148,US,TX,DFW,B
79999,US,TX,ELP,A
79944,US,TX,ELP,A
79927,US,TX,ELP,C
79930,US,TX,ELP,A
79931,US,TX,ELP,A
79932,US,TX,ELP,B
79934,US,TX,ELP,A
79935,US,TX,ELP,A
79936,US,TX,ELP,A
79937,US,TX,ELP,A
79940,US,TX,ELP,A
79941,US,TX,ELP,A
79960,US,TX,ELP,A
79943,US,TX,ELP,A
79958,US,TX,ELP,A
79945,US,TX,ELP,A
79946,US,TX,ELP,A
79947,US,TX,ELP,A
79948,US,TX,ELP,A
79949,US,TX,ELP,A
79950,US,TX,ELP,A
79951,US,TX,ELP,A
79952,US,TX,ELP,A
79953,US,TX,ELP,A
79954,US,TX,ELP,A
75234,US,TX,DFW,A
79942,US,TX,ELP,A
76126,US,TX,DFW,C
76113,US,TX,DFW,A
76114,US,TX,DFW,A
76115,US,TX,DFW,A
76116,US,TX,DFW,B
76117,US,TX,DFW,A
76118,US,TX,DFW,A
76119,US,TX,DFW,A
77532,US,TX,IAH,D
76121,US,TX,DFW,A
76033,US,TX,DFW,D
76140,US,TX,DFW,B
76124,US,TX,DFW,A
76110,US,TX,DFW,A
76127,US,TX,DFW,B
76129,US,TX,DFW,A
76130,US,TX,DFW,A
76131,US,TX,DFW,B
76132,US,TX,DFW,C
76133,US,TX,DFW,C
76134,US,TX,DFW,C
76135,US,TX,DFW,B
76136,US,TX,DFW,A
76137,US,TX,DFW,A
76123,US,TX,DFW,C
78234,US,TX,SAT,A
79325,US,TX,AMA,D
79325,US,TX,LBB,D
75132,US,TX,DFW,D
75125,US,TX,DFW,D
79326,US,TX,LBB,C
75028,US,TX,DFW,A
75028,US,TX,DFW,A
79235,US,TX,LBB,C
75126,US,TX,DFW,D
79916,US,TX,ELP,A
76112,US,TX,DFW,A
76544,US,TX,DFW,I
76111,US,TX,DFW,A
75261,US,TX,DFW,A
76101,US,TX,DFW,A
76102,US,TX,DFW,A
76103,US,TX,DFW,A
76104,US,TX,DFW,A
76105,US,TX,DFW,A
76106,US,TX,DFW,A
76107,US,TX,DFW,C
76108,US,TX,DFW,B
76109,US,TX,DFW,B
79926,US,TX,ELP,A
79918,US,TX,ELP,A
78736,US,TX,AUS,D
78725,US,TX,AUS,A
78726,US,TX,AUS,A
78727,US,TX,AUS,A
78728,US,TX,AUS,A
78729,US,TX,AUS,A
78730,US,TX,AUS,A
78731,US,TX,AUS,A
78732,US,TX,AUS,D
78733,US,TX,AUS,D
76094,US,TX,DFW,A
78735,US,TX,AUS,A
78722,US,TX,AUS,A
78737,US,TX,AUS,A
78738,US,TX,AUS,B
78739,US,TX,AUS,A
78741,US,TX,AUS,A
78742,US,TX,AUS,A
78744,US,TX,AUS,A
78745,US,TX,AUS,A
78746,US,TX,AUS,A
78747,US,TX,AUS,B
78748,US,TX,AUS,A
78734,US,TX,AUS,D
78711,US,TX,AUS,A
77520,US,TX,IAH,D
77346,US,TX,IAH,B
75551,US,TX,SHV,F
75410,US,TX,TYR,C
78719,US,TX,AUS,A
78701,US,TX,AUS,A
78702,US,TX,AUS,A
78703,US,TX,AUS,A
78704,US,TX,AUS,A
78705,US,TX,AUS,A
78724,US,TX,AUS,A
78710,US,TX,AUS,A
78723,US,TX,AUS,A
78712,US,TX,AUS,A
78713,US,TX,AUS,A
78714,US,TX,AUS,A
78716,US,TX,AUS,A
78717,US,TX,AUS,A
78718,US,TX,AUS,A
78719,US,TX,AUS,A
78720,US,TX,AUS,A
78721,US,TX,AUS,A
78751,US,TX,AUS,A
78709,US,TX,AUS,A
75180,US,TX,DFW,C
78749,US,TX,AUS,A
78783,US,TX,AUS,A
78785,US,TX,AUS,A
78786,US,TX,AUS,A
78788,US,TX,AUS,A
78789,US,TX,AUS,A
75554,US,TX,DFW,N
75630,US,TX,DFW,N
76020,US,TX,DFW,D
77518,US,TX,HOU,D
78780,US,TX,AUS,A
79504,US,TX,ABI,B
78779,US,TX,AUS,A
78201,US,TX,SAT,A
76821,US,TX,DFW,I
76823,US,TX,DFW,I
78339,US,TX,CRP,C
77469,US,TX,HOU,D
77413,US,TX,IAH,D
77532,US,TX,HOU,C
77532,US,TX,IAH,D
78602,US,TX,AUS,D
77520,US,TX,HOU,D
77518,US,TX,IAH,D
78763,US,TX,AUS,A
76019,US,TX,DFW,A
78752,US,TX,AUS,A
78753,US,TX,AUS,A
78754,US,TX,AUS,A
78755,US,TX,AUS,A
78756,US,TX,AUS,A
78757,US,TX,AUS,A
78758,US,TX,AUS,A
78759,US,TX,AUS,A
78760,US,TX,AUS,A
78781,US,TX,AUS,A
78762,US,TX,AUS,A
78750,US,TX,AUS,A
78764,US,TX,AUS,A
78765,US,TX,AUS,A
78766,US,TX,AUS,A
78767,US,TX,AUS,A
78768,US,TX,AUS,A
78769,US,TX,AUS,A
78772,US,TX,AUS,A
78773,US,TX,AUS,A
78774,US,TX,AUS,A
78778,US,TX,AUS,A
78761,US,TX,AUS,A
77511,US,TX,HOU,D
78332,US,TX,CRP,D
78333,US,TX,CRP,D
78342,US,TX,CRP,D
77411,US,TX,HOU,D
77411,US,TX,IAH,D
75002,US,TX,DFW,C
77510,US,TX,HOU,D
77510,US,TX,IAH,F
78572,US,TX,BRO,E
77346,US,TX,HOU,A
76009,US,TX,DFW,D
79002,US,TX,AMA,D
77511,US,TX,IAH,F
77512,US,TX,HOU,D
77512,US,TX,IAH,E
79111,US,TX,AMA,A
79101,US,TX,AMA,A
79102,US,TX,AMA,A
79103,US,TX,AMA,A
79104,US,TX,AMA,A
79105,US,TX,AMA,A
79106,US,TX,AMA,A
78572,US,TX,MFE,A
79699,US,TX,ABI,A
79311,US,TX,LBB,B
79602,US,TX,ABI,A
79601,US,TX,ABI,A
79602,US,TX,ABI,A
79603,US,TX,ABI,A
79604,US,TX,ABI,A
79605,US,TX,ABI,A
79606,US,TX,ABI,A
79607,US,TX,ABI,A
79608,US,TX,ABI,A
76008,US,TX,DFW,C
79698,US,TX,ABI,A
76430,US,TX,ABI,D
79699,US,TX,ABI,A
75001,US,TX,DFW,A
78101,US,TX,SAT,D
79001,US,TX,AMA,C
79220,US,TX,LBB,D
78330,US,TX,CRP,C
78516,US,TX,BRO,C
78516,US,TX,MFE,B
78209,US,TX,SAT,A
79109,US,TX,AMA,A
79697,US,TX,ABI,A
76006,US,TX,DFW,A
79107,US,TX,AMA,A
75550,US,TX,SHV,F
79501,US,TX,ABI,C
79821,US,TX,ELP,C
79313,US,TX,LBB,C
78336,US,TX,CRP,D
77517,US,TX,HOU,D
77517,US,TX,IAH,F
76226,US,TX,DFW,B
76003,US,TX,DFW,A
76909,US,TX,DFW,I
76005,US,TX,DFW,A
78628,US,TX,AUS,D
76007,US,TX,DFW,A
76010,US,TX,DFW,A
76011,US,TX,DFW,A
76012,US,TX,DFW,A
76013,US,TX,DFW,A
76014,US,TX,DFW,A
76015,US,TX,DFW,A
76016,US,TX,DFW,A
76017,US,TX,DFW,A
76018,US,TX,DFW,A
76004,US,TX,DFW,A
79166,US,TX,AMA,A
77532,US,TX,HOU,C
79110,US,TX,AMA,A
79111,US,TX,AMA,A
79114,US,TX,AMA,A
79116,US,TX,AMA,A
79117,US,TX,AMA,A
79118,US,TX,AMA,A
79119,US,TX,AMA,A
79120,US,TX,AMA,A
79121,US,TX,AMA,A
75550,US,TX,DFW,N
79159,US,TX,AMA,A
79108,US,TX,AMA,A
79168,US,TX,AMA,A
79172,US,TX,AMA,A
79174,US,TX,AMA,A
79178,US,TX,AMA,A
79185,US,TX,AMA,A
79187,US,TX,AMA,A
79189,US,TX,AMA,A
77575,US,TX,HOU,D
77575,US,TX,IAH,E
79312,US,TX,LBB,D
79124,US,TX,AMA,A
77303,US,TX,IAH,D
76442,US,TX,DFW,D
78535,US,TX,BRO,B
78535,US,TX,HRL,A
78535,US,TX,MFE,C
75428,US,TX,DFW,D
79357,US,TX,LBB,C
77301,US,TX,HOU,D
77301,US,TX,IAH,C
77302,US,TX,HOU,D
77530,US,TX,HOU,B
77303,US,TX,HOU,D
77843,US,TX,CLL,A
77304,US,TX,HOU,D
77304,US,TX,IAH,D
77305,US,TX,HOU,D
77305,US,TX,IAH,C
77306,US,TX,HOU,D
77306,US,TX,IAH,D
77384,US,TX,HOU,D
77384,US,TX,IAH,C
77385,US,TX,HOU,D
77385,US,TX,IAH,C
77302,US,TX,IAH,C
79836,US,TX,ELP,B
77530,US,TX,IAH,C
79018,US,TX,AMA,C
78347,US,TX,CRP,D
77521,US,TX,HOU,D
76633,US,TX,ACT,B
77413,US,TX,HOU,D
76437,US,TX,ABI,D
79226,US,TX,AMA,C
75752,US,TX,TYR,B
75693,US,TX,DFW,N
76034,US,TX,DFW,A
76031,US,TX,DFW,D
77844,US,TX,CLL,A
77469,US,TX,IAH,E
77046,US,TX,HOU,A
77046,US,TX,IAH,C
79510,US,TX,ABI,B
75211,US,TX,DFW,A
77845,US,TX,CLL,A
77840,US,TX,CLL,A
77841,US,TX,CLL,A
77842,US,TX,CLL,A
75121,US,TX,DFW,D
79019,US,TX,AMA,C
78474,US,TX,CRP,A
78109,US,TX,SAT,C
78461,US,TX,CRP,A
78463,US,TX,CRP,A
78465,US,TX,CRP,A
78466,US,TX,CRP,A
78467,US,TX,CRP,A
78468,US,TX,CRP,A
78469,US,TX,CRP,A
78470,US,TX,CRP,A
78471,US,TX,CRP,A
78427,US,TX,CRP,A
78473,US,TX,CRP,A
78426,US,TX,CRP,B
78475,US,TX,CRP,A
78476,US,TX,CRP,A
78477,US,TX,CRP,A
78478,US,TX,CRP,A
78480,US,TX,CRP,A
75110,US,TX,DFW,D
75151,US,TX,DFW,D
79021,US,TX,LBB,C
78747,US,TX,AUS,B
76035,US,TX,DFW,D
78472,US,TX,CRP,A
78409,US,TX,CRP,B
77613,US,TX,IAH,F
75019,US,TX,DFW,A
76522,US,TX,DFW,I
78406,US,TX,CRP,A
78401,US,TX,CRP,A
78402,US,TX,CRP,B
78403,US,TX,CRP,A
78404,US,TX,CRP,A
78405,US,TX,CRP,A
78406,US,TX,CRP,A
78460,US,TX,CRP,B
78408,US,TX,CRP,A
75432,US,TX,DFW,D
78410,US,TX,CRP,B
78411,US,TX,CRP,A
78412,US,TX,CRP,B
78413,US,TX,CRP,A
78414,US,TX,CRP,B
78415,US,TX,CRP,A
78416,US,TX,CRP,A
78417,US,TX,CRP,A
78418,US,TX,CRP,B
78419,US,TX,CRP,B
78407,US,TX,CRP,A
76131,US,TX,DFW,B
76424,US,TX,ABI,E
75415,US,TX,DFW,I
76126,US,TX,DFW,C
76711,US,TX,ACT,A
76711,US,TX,DFW,D
79908,US,TX,ELP,A
79918,US,TX,ELP,A
78343,US,TX,CRP,D
75555,US,TX,DFW,N
79035,US,TX,AMA,D
76513,US,TX,DFW,I
75750,US,TX,TYR,C
76705,US,TX,ACT,A
76433,US,TX,DFW,D
77469,US,TX,HOU,D
77469,US,TX,IAH,E
79007,US,TX,AMA,C
78108,US,TX,SAT,C
75570,US,TX,SHV,F
75758,US,TX,DFW,I
76230,US,TX,DFW,D
79010,US,TX,AMA,C
75420,US,TX,DFW,D
75556,US,TX,DFW,N
77713,US,TX,IAH,F
77521,US,TX,IAH,D
77522,US,TX,HOU,D
77522,US,TX,IAH,D
78566,US,TX,MFE,D
77701,US,TX,IAH,F
77702,US,TX,IAH,F
77703,US,TX,IAH,F
77704,US,TX,IAH,F
77705,US,TX,IAH,F
77706,US,TX,IAH,F
78342,US,TX,CRP,D
77710,US,TX,IAH,F
79009,US,TX,AMA,D
75631,US,TX,SHV,E
76021,US,TX,DFW,A
76022,US,TX,DFW,A
76095,US,TX,DFW,A
78102,US,TX,CRP,E
78104,US,TX,CRP,E
77401,US,TX,HOU,A
77401,US,TX,IAH,C
76704,US,TX,ACT,A
76704,US,TX,DFW,D
77707,US,TX,IAH,F
78133,US,TX,SAT,C
78163,US,TX,SAT,C
76028,US,TX,DFW,C
79012,US,TX,AMA,B
78608,US,TX,AUS,D
75135,US,TX,DFW,D
79008,US,TX,AMA,C
79835,US,TX,ELP,B
79015,US,TX,AMA,B
79016,US,TX,AMA,B
75757,US,TX,DFW,I
75751,US,TX,TYR,B
79013,US,TX,AMA,D
75006,US,TX,DFW,A
75007,US,TX,DFW,A
75010,US,TX,DFW,A
75011,US,TX,DFW,A
76127,US,TX,DFW,B
75633,US,TX,SHV,D
78213,US,TX,SAT,A
78009,US,TX,SAT,C
75104,US,TX,DFW,C
78613,US,TX,AUS,C
78130,US,TX,SAT,C
78521,US,TX,BRO,A
78235,US,TX,SAT,B
77423,US,TX,HOU,D
77423,US,TX,IAH,F
79316,US,TX,LBB,C
78521,US,TX,BRO,A
75422,US,TX,DFW,D
78520,US,TX,MFE,D
79320,US,TX,LBB,D
78521,US,TX,MFE,D
78522,US,TX,MFE,D
78523,US,TX,MFE,D
78526,US,TX,MFE,D
78610,US,TX,AUS,C
78520,US,TX,BRO,A
79508,US,TX,ABI,B
76427,US,TX,DFW,D
77806,US,TX,CLL,A
77805,US,TX,CLL,A
77803,US,TX,CLL,A
77802,US,TX,CLL,A
77801,US,TX,CLL,A
76801,US,TX,DFW,D
76901,US,TX,DFW,I
78208,US,TX,SAT,A
78209,US,TX,SAT,A
78210,US,TX,SAT,B
76908,US,TX,DFW,I
76179,US,TX,DFW,B
78205,US,TX,SAT,A
78676,US,TX,AUS,D
78212,US,TX,SAT,A
78213,US,TX,SAT,A
75048,US,TX,DFW,B
78214,US,TX,SAT,B
78239,US,TX,SAT,A
75189,US,TX,DFW,D
78215,US,TX,SAT,A
75477,US,TX,DFW,D
78216,US,TX,SAT,A
78211,US,TX,SAT,B
77378,US,TX,HOU,D
78217,US,TX,SAT,A
76311,US,TX,DFW,D
76909,US,TX,DFW,I
76906,US,TX,DFW,I
78216,US,TX,SAT,A
78201,US,TX,SAT,A
76905,US,TX,DFW,I
78202,US,TX,SAT,A
78207,US,TX,SAT,B
78203,US,TX,SAT,A
78206,US,TX,SAT,A
76904,US,TX,DFW,I
77378,US,TX,IAH,E
76310,US,TX,DFW,D
75172,US,TX,DFW,C
76903,US,TX,DFW,I
76309,US,TX,DFW,D
78204,US,TX,SAT,B
76902,US,TX,DFW,I
79381,US,TX,LBB,C
78236,US,TX,SAT,B
78258,US,TX,SAT,A
78249,US,TX,SAT,B
78250,US,TX,SAT,B
76307,US,TX,DFW,D
78251,US,TX,SAT,B
78252,US,TX,SAT,B
76306,US,TX,DFW,D
78253,US,TX,SAT,C
76305,US,TX,DFW,D
78254,US,TX,SAT,B
78255,US,TX,SAT,B
78256,US,TX,SAT,B
76302,US,TX,DFW,D
78228,US,TX,SAT,A
78257,US,TX,SAT,B
78246,US,TX,SAT,A
75644,US,TX,TYR,C
78259,US,TX,SAT,A
78260,US,TX,SAT,B
78261,US,TX,SAT,B
78262,US,TX,SAT,A
78263,US,TX,SAT,C
78264,US,TX,SAT,C
78265,US,TX,SAT,A
78268,US,TX,SAT,A
78269,US,TX,SAT,A
78270,US,TX,SAT,A
78275,US,TX,SAT,A
78279,US,TX,SAT,A
76301,US,TX,DFW,D
78232,US,TX,SAT,A
78219,US,TX,SAT,B
78220,US,TX,SAT,B
78221,US,TX,SAT,C
78222,US,TX,SAT,B
78223,US,TX,SAT,B
78224,US,TX,SAT,B
78225,US,TX,SAT,B
78226,US,TX,SAT,B
76308,US,TX,DFW,D
78227,US,TX,SAT,B
75088,US,TX,DFW,C
78229,US,TX,SAT,A
78382,US,TX,CRP,D
78248,US,TX,SAT,A
78238,US,TX,SAT,A
78218,US,TX,SAT,A
78245,US,TX,SAT,B
78243,US,TX,SAT,B
78242,US,TX,SAT,B
78241,US,TX,SAT,B
78230,US,TX,SAT,A
78239,US,TX,SAT,B
78231,US,TX,SAT,A
78237,US,TX,SAT,B
78236,US,TX,SAT,B
78235,US,TX,SAT,B
78234,US,TX,SAT,A
78233,US,TX,SAT,B
78247,US,TX,SAT,A
78240,US,TX,SAT,A
75094,US,TX,DFW,B
75686,US,TX,SHV,I
79355,US,TX,LBB,D
79072,US,TX,AMA,D
79072,US,TX,LBB,C
79073,US,TX,AMA,D
79073,US,TX,LBB,C
75023,US,TX,DFW,B
75024,US,TX,DFW,B
75025,US,TX,DFW,B
75074,US,TX,DFW,B
75075,US,TX,DFW,B
75098,US,TX,DFW,C
75093,US,TX,DFW,B
78577,US,TX,MFE,A
76487,US,TX,DFW,D
78373,US,TX,CRP,D
78578,US,TX,BRO,C
78578,US,TX,MFE,E
78597,US,TX,BRO,C
78597,US,TX,MFE,E
78598,US,TX,BRO,F
78598,US,TX,MFE,E
77365,US,TX,HOU,B
77365,US,TX,IAH,B
78374,US,TX,CRP,B
75086,US,TX,DFW,B
77372,US,TX,IAH,D
77504,US,TX,HOU,C
77504,US,TX,IAH,D
77505,US,TX,HOU,C
77505,US,TX,IAH,D
77506,US,TX,HOU,B
77506,US,TX,IAH,C
77507,US,TX,HOU,C
77507,US,TX,IAH,E
77508,US,TX,HOU,C
77508,US,TX,IAH,C
77466,US,TX,HOU,D
75686,US,TX,DFW,N
77372,US,TX,HOU,D
79007,US,TX,AMA,C
77581,US,TX,HOU,D
77581,US,TX,IAH,D
77584,US,TX,HOU,D
77584,US,TX,IAH,D
77588,US,TX,HOU,D
77588,US,TX,IAH,D
75469,US,TX,DFW,D
76486,US,TX,DFW,D
79250,US,TX,LBB,C
78660,US,TX,AUS,B
78577,US,TX,BRO,E
77446,US,TX,HOU,D
77466,US,TX,IAH,F
76712,US,TX,DFW,D
79356,US,TX,LBB,C
77469,US,TX,IAH,E
75762,US,TX,TYR,B
78043,US,TX,LRD,A
78583,US,TX,HRL,A
76114,US,TX,DFW,A
76262,US,TX,DFW,B
77503,US,TX,IAH,D
76299,US,TX,DFW,B
78380,US,TX,CRP,B
78286,US,TX,SAT,A
77406,US,TX,IAH,E
78280,US,TX,SAT,B
77406,US,TX,HOU,D
76712,US,TX,ACT,A
78746,US,TX,AUS,A
76874,US,TX,LBB,B
79358,US,TX,LBB,B
78393,US,TX,CRP,E
75694,US,TX,SHV,D
77471,US,TX,HOU,D
77471,US,TX,IAH,F
78664,US,TX,AUS,C
79382,US,TX,LBB,B
78680,US,TX,AUS,C
78681,US,TX,AUS,C
75087,US,TX,DFW,D
78598,US,TX,BRO,F
75492,US,TX,DFW,D
77446,US,TX,IAH,E
79357,US,TX,LBB,C
78575,US,TX,BRO,A
78575,US,TX,MFE,D
78148,US,TX,SAT,C
78150,US,TX,SAT,C
78148,US,TX,SAT,C
78150,US,TX,SAT,C
79366,US,TX,LBB,B
78580,US,TX,BRO,F
77469,US,TX,HOU,D
76442,US,TX,DFW,D
75473,US,TX,DFW,D
78598,US,TX,MFE,E
77582,US,TX,HOU,D
77582,US,TX,IAH,E
75154,US,TX,DFW,D
78662,US,TX,AUS,D
78377,US,TX,CRP,E
76078,US,TX,DFW,D
75080,US,TX,DFW,A
75081,US,TX,DFW,A
75082,US,TX,DFW,A
75083,US,TX,DFW,A
75085,US,TX,DFW,A
78580,US,TX,MFE,E
76528,US,TX,DFW,I
77598,US,TX,IAH,D
75701,US,TX,SHV,H
75701,US,TX,DFW,D
77598,US,TX,HOU,D
75704,US,TX,TYR,A
75702,US,TX,SHV,H
79079,US,TX,AMA,D
75703,US,TX,DFW,D
79088,US,TX,AMA,C
75789,US,TX,SHV,H
75789,US,TX,DFW,I
76262,US,TX,DFW,B
77377,US,TX,IAH,C
78284,US,TX,SAT,A
79563,US,TX,ABI,B
75706,US,TX,SHV,H
75710,US,TX,DFW,I
75709,US,TX,SHV,H
75709,US,TX,DFW,D
75708,US,TX,SHV,H
75708,US,TX,DFW,I
75702,US,TX,DFW,D
75707,US,TX,DFW,D
77375,US,TX,IAH,C
75706,US,TX,DFW,D
75705,US,TX,SHV,H
75705,US,TX,DFW,D
75704,US,TX,SHV,H
75704,US,TX,DFW,D
75703,US,TX,SHV,H
75707,US,TX,SHV,H
75505,US,TX,SHV,F
77377,US,TX,HOU,D
75507,US,TX,SHV,F
78674,US,TX,AUS,D
79377,US,TX,LBB,D
79378,US,TX,LBB,D
77591,US,TX,IAH,F
78596,US,TX,MFE,B
77592,US,TX,IAH,F
75504,US,TX,SHV,F
75503,US,TX,SHV,F
75501,US,TX,SHV,F
78209,US,TX,SAT,A
75160,US,TX,DFW,D
77586,US,TX,IAH,E
78596,US,TX,BRO,C
77387,US,TX,IAH,A
77337,US,TX,IAH,C
77337,US,TX,HOU,D
76476,US,TX,DFW,D
79376,US,TX,LBB,D
78071,US,TX,CRP,E
77590,US,TX,IAH,F
77481,US,TX,HOU,D
75711,US,TX,SHV,H
77387,US,TX,HOU,D
77381,US,TX,IAH,C
77381,US,TX,HOU,D
77380,US,TX,IAH,B
77380,US,TX,HOU,D
75056,US,TX,DFW,B
77481,US,TX,IAH,F
76708,US,TX,ACT,A
75710,US,TX,SHV,H
76711,US,TX,DFW,D
76711,US,TX,ACT,A
76710,US,TX,DFW,D
76710,US,TX,ACT,A
76712,US,TX,DFW,D
75692,US,TX,SHV,B
76714,US,TX,ACT,A
76707,US,TX,DFW,D
76148,US,TX,DFW,B
76707,US,TX,ACT,A
76706,US,TX,DFW,D
76706,US,TX,ACT,A
76705,US,TX,ACT,A
76708,US,TX,DFW,D
76797,US,TX,ACT,A
77597,US,TX,HOU,D
77484,US,TX,IAH,E
77484,US,TX,HOU,D
78673,US,TX,AUS,D
75501,US,TX,SHV,F
76712,US,TX,ACT,A
76798,US,TX,ACT,A
76703,US,TX,DFW,D
76795,US,TX,ACT,A
76716,US,TX,DFW,D
76716,US,TX,ACT,A
76715,US,TX,DFW,D
76715,US,TX,ACT,A
76714,US,TX,DFW,D
76799,US,TX,ACT,A
78640,US,TX,AUS,C
77030,US,TX,IAH,C
77030,US,TX,HOU,A
78150,US,TX,SAT,C
78148,US,TX,SAT,C
79968,US,TX,ELP,A
76704,US,TX,DFW,D
79091,US,TX,AMA,C
79092,US,TX,AMA,C
78391,US,TX,CRP,D
75713,US,TX,SHV,H
75713,US,TX,DFW,I
75712,US,TX,SHV,H
75712,US,TX,DFW,I
75691,US,TX,SHV,D
76019,US,TX,DFW,A
76708,US,TX,ACT,A
75711,US,TX,DFW,I
76703,US,TX,ACT,A
76702,US,TX,DFW,D
75165,US,TX,DFW,D
76086,US,TX,DFW,D
76702,US,TX,ACT,A
76087,US,TX,DFW,D
76701,US,TX,ACT,A
79010,US,TX,AMA,C
78073,US,TX,SAT,D
79088,US,TX,AMA,C
77670,US,TX,IAH,F
75763,US,TX,TYR,B
76084,US,TX,DFW,D
76704,US,TX,ACT,A
76701,US,TX,DFW,D
76108,US,TX,DFW,B
75657,US,TX,SHV,D
79360,US,TX,LBB,D
78154,US,TX,SAT,C
78155,US,TX,SAT,C
75693,US,TX,DFW,N
79079,US,TX,AMA,D
78594,US,TX,BRO,D
78231,US,TX,SAT,A
77474,US,TX,IAH,F
79359,US,TX,LBB,D
77586,US,TX,IAH,E
77586,US,TX,HOU,D
79379,US,TX,LBB,D
75158,US,TX,DFW,D
78594,US,TX,MFE,E
77571,US,TX,IAH,D
77586,US,TX,HOU,D
76262,US,TX,DFW,B
79364,US,TX,LBB,B
78389,US,TX,CRP,D
78387,US,TX,CRP,D
79363,US,TX,LBB,C
77476,US,TX,HOU,D
76573,US,TX,AUS,D
77571,US,TX,HOU,D
76311,US,TX,DFW,D
78247,US,TX,SAT,A
77371,US,TX,IAH,F
77371,US,TX,HOU,D
79097,US,TX,AMA,C
77476,US,TX,IAH,F
78292,US,TX,SAT,A
78589,US,TX,BRO,E
78586,US,TX,MFE,D
78586,US,TX,HRL,A
78586,US,TX,BRO,B
78295,US,TX,SAT,A
75480,US,TX,DFW,D
78293,US,TX,SAT,A
77539,US,TX,IAH,E
78291,US,TX,SAT,A
78289,US,TX,SAT,A
78288,US,TX,SAT,A
78287,US,TX,SAT,A
77597,US,TX,IAH,F
78285,US,TX,SAT,A
78294,US,TX,SAT,A
76266,US,TX,DFW,C
79367,US,TX,LBB,B
78154,US,TX,SAT,C
75791,US,TX,DFW,I
78593,US,TX,MFE,D
77517,US,TX,IAH,F
77517,US,TX,HOU,D
78589,US,TX,MFE,A
77510,US,TX,HOU,D
77539,US,TX,HOU,D
79380,US,TX,LBB,D
79078,US,TX,AMA,C
78383,US,TX,CRP,D
78667,US,TX,AUS,C
78666,US,TX,AUS,D
75688,US,TX,SHV,C
77510,US,TX,IAH,F
77477,US,TX,HOU,D
75657,US,TX,DFW,N
79083,US,TX,AMA,C
76402,US,TX,DFW,D
76401,US,TX,DFW,D
77497,US,TX,IAH,D
79371,US,TX,LBB,D
77477,US,TX,IAH,D
77478,US,TX,HOU,D
76082,US,TX,DFW,D
79082,US,TX,LBB,C
78070,US,TX,SAT,C
77391,US,TX,IAH,B
77391,US,TX,HOU,B
77389,US,TX,IAH,B
77497,US,TX,HOU,D
75482,US,TX,DFW,D
78283,US,TX,SAT,A
79373,US,TX,LBB,C
78390,US,TX,CRP,C
79556,US,TX,ABI,D
79086,US,TX,AMA,D
79084,US,TX,AMA,D
79085,US,TX,AMA,C
77388,US,TX,HOU,B
75481,US,TX,DFW,D
77487,US,TX,IAH,D
77487,US,TX,HOU,D
77479,US,TX,IAH,E
77479,US,TX,HOU,D
77478,US,TX,IAH,D
79372,US,TX,LBB,D
78597,US,TX,MFE,E
77372,US,TX,IAH,D
77372,US,TX,HOU,D
78669,US,TX,AUS,D
79081,US,TX,AMA,D
79369,US,TX,LBB,C
77389,US,TX,HOU,D
76092,US,TX,DFW,A
77379,US,TX,HOU,B
78597,US,TX,BRO,C
77587,US,TX,IAH,C
78746,US,TX,AUS,A
77587,US,TX,HOU,C
79927,US,TX,ELP,C
79549,US,TX,ABI,F
79364,US,TX,LBB,B
77382,US,TX,HOU,D
76574,US,TX,AUS,D
77387,US,TX,IAH,A
77387,US,TX,HOU,D
77386,US,TX,IAH,B
77386,US,TX,HOU,D
77383,US,TX,IAH,B
77373,US,TX,HOU,B
77382,US,TX,IAH,C
77373,US,TX,IAH,B
77381,US,TX,IAH,C
77381,US,TX,HOU,D
77380,US,TX,IAH,B
77380,US,TX,HOU,D
77379,US,TX,IAH,B
77388,US,TX,IAH,B
77383,US,TX,HOU,D
77084,US,TX,IAH,C
77088,US,TX,IAH,B
77088,US,TX,HOU,A
77087,US,TX,IAH,C
77087,US,TX,HOU,B
77086,US,TX,IAH,B
77086,US,TX,HOU,A
77098,US,TX,HOU,A
77085,US,TX,HOU,C
77090,US,TX,HOU,A
77084,US,TX,HOU,D
77083,US,TX,IAH,D
77083,US,TX,HOU,C
77082,US,TX,IAH,D
77082,US,TX,HOU,C
77081,US,TX,IAH,C
77085,US,TX,IAH,D
77093,US,TX,IAH,B
75562,US,TX,DFW,N
77097,US,TX,HOU,A
77096,US,TX,IAH,C
77096,US,TX,HOU,B
77095,US,TX,IAH,C
77095,US,TX,HOU,C
77089,US,TX,HOU,C
77094,US,TX,HOU,D
77089,US,TX,IAH,D
77093,US,TX,HOU,A
77092,US,TX,IAH,C
77092,US,TX,HOU,A
77091,US,TX,IAH,B
77091,US,TX,HOU,A
77090,US,TX,IAH,A
77080,US,TX,HOU,B
77094,US,TX,IAH,D
77067,US,TX,HOU,A
77081,US,TX,HOU,A
77070,US,TX,IAH,B
77070,US,TX,HOU,B
77069,US,TX,IAH,B
77069,US,TX,HOU,A
77068,US,TX,IAH,A
77071,US,TX,IAH,D
77067,US,TX,IAH,A
77072,US,TX,HOU,C
77066,US,TX,IAH,B
77066,US,TX,HOU,B
77065,US,TX,IAH,B
77065,US,TX,HOU,C
77064,US,TX,IAH,B
77064,US,TX,HOU,B
77063,US,TX,IAH,C
77068,US,TX,HOU,A
77076,US,TX,HOU,A
77098,US,TX,IAH,C
77079,US,TX,IAH,C
77079,US,TX,HOU,C
77078,US,TX,IAH,C
77078,US,TX,HOU,A
77077,US,TX,IAH,D
77071,US,TX,HOU,C
77076,US,TX,IAH,A
77080,US,TX,IAH,C
77075,US,TX,IAH,C
77075,US,TX,HOU,C
77074,US,TX,IAH,C
77074,US,TX,HOU,B
77073,US,TX,IAH,A
77073,US,TX,HOU,A
77072,US,TX,IAH,D
77077,US,TX,HOU,C
75657,US,TX,SHV,D
77449,US,TX,IAH,D
77449,US,TX,HOU,D
76247,US,TX,DFW,D
79330,US,TX,LBB,D
76058,US,TX,DFW,D
78645,US,TX,AUS,D
77097,US,TX,IAH,B
77040,US,TX,HOU,B
77450,US,TX,IAH,D
75657,US,TX,DFW,N
75103,US,TX,TYR,C
75766,US,TX,SHV,I
77029,US,TX,IAH,C
77029,US,TX,HOU,A
76522,US,TX,DFW,I
77040,US,TX,IAH,B
77494,US,TX,HOU,D
79051,US,TX,AMA,D
76060,US,TX,DFW,B
78241,US,TX,SAT,B
78241,US,TX,SAT,B
76248,US,TX,DFW,B
76059,US,TX,DFW,D
77450,US,TX,HOU,D
77494,US,TX,IAH,E
75640,US,TX,TYR,C
77493,US,TX,IAH,D
77493,US,TX,HOU,D
77492,US,TX,IAH,E
77492,US,TX,HOU,D
77491,US,TX,IAH,E
77491,US,TX,HOU,D
75062,US,TX,DFW,A
75142,US,TX,DFW,D
77564,US,TX,HOU,D
76055,US,TX,DFW,C
77339,US,TX,IAH,B
77339,US,TX,HOU,A
77338,US,TX,IAH,A
77338,US,TX,HOU,A
77325,US,TX,IAH,B
77345,US,TX,IAH,C
77564,US,TX,IAH,F
77346,US,TX,HOU,A
75656,US,TX,DFW,N
77337,US,TX,IAH,C
77337,US,TX,HOU,D
77336,US,TX,IAH,C
77336,US,TX,HOU,D
77099,US,TX,IAH,D
77099,US,TX,HOU,C
77325,US,TX,HOU,A
79329,US,TX,LBB,B
77062,US,TX,HOU,C
75061,US,TX,DFW,A
75060,US,TX,DFW,A
75039,US,TX,DFW,A
75038,US,TX,DFW,A
75016,US,TX,DFW,A
77345,US,TX,HOU,A
78362,US,TX,CRP,C
75063,US,TX,DFW,A
78634,US,TX,AUS,C
75141,US,TX,DFW,C
76054,US,TX,DFW,A
76053,US,TX,DFW,A
77396,US,TX,IAH,A
77396,US,TX,HOU,A
77346,US,TX,IAH,B
75015,US,TX,DFW,A
77503,US,TX,HOU,B
77016,US,TX,HOU,A
77015,US,TX,IAH,C
77015,US,TX,HOU,B
77014,US,TX,IAH,A
77014,US,TX,HOU,A
77013,US,TX,IAH,B
77063,US,TX,HOU,B
77012,US,TX,IAH,C
77017,US,TX,IAH,C
77011,US,TX,IAH,C
76118,US,TX,DFW,A
77010,US,TX,IAH,B
77010,US,TX,HOU,A
77009,US,TX,IAH,B
77009,US,TX,HOU,A
77013,US,TX,HOU,A
77021,US,TX,HOU,A
77025,US,TX,HOU,A
77024,US,TX,IAH,C
77024,US,TX,HOU,A
77023,US,TX,IAH,C
77023,US,TX,HOU,A
77022,US,TX,IAH,B
77016,US,TX,IAH,B
77021,US,TX,IAH,C
77017,US,TX,HOU,B
77020,US,TX,IAH,B
77020,US,TX,HOU,A
77019,US,TX,IAH,C
77019,US,TX,HOU,A
77018,US,TX,IAH,B
77018,US,TX,HOU,A
77007,US,TX,IAH,B
77022,US,TX,HOU,A
78557,US,TX,BRO,E
77008,US,TX,IAH,B
77447,US,TX,IAH,D
77447,US,TX,HOU,D
77563,US,TX,IAH,F
75756,US,TX,TYR,B
78232,US,TX,SAT,A
75446,US,TX,DFW,D
78557,US,TX,MFE,A
79927,US,TX,ELP,C
76643,US,TX,ACT,B
79045,US,TX,AMA,C
76365,US,TX,DFW,D
75797,US,TX,TYR,B
78023,US,TX,SAT,C
75087,US,TX,DFW,D
79525,US,TX,ABI,C
75067,US,TX,DFW,A
77003,US,TX,IAH,B
77026,US,TX,IAH,B
77007,US,TX,HOU,A
77006,US,TX,IAH,B
77006,US,TX,HOU,A
77005,US,TX,IAH,C
77005,US,TX,HOU,A
78232,US,TX,SAT,A
77004,US,TX,HOU,A
77008,US,TX,HOU,A
77003,US,TX,HOU,A
77002,US,TX,IAH,B
77002,US,TX,HOU,A
77001,US,TX,IAH,B
77001,US,TX,HOU,A
77061,US,TX,HOU,A
77032,US,TX,IAH,A
77004,US,TX,IAH,B
77048,US,TX,HOU,C
77044,US,TX,HOU,B
77051,US,TX,IAH,C
77051,US,TX,HOU,B
77050,US,TX,IAH,B
77050,US,TX,HOU,A
77049,US,TX,IAH,C
77053,US,TX,IAH,D
77048,US,TX,IAH,D
77054,US,TX,HOU,A
77047,US,TX,IAH,C
77047,US,TX,HOU,C
77046,US,TX,IAH,C
77046,US,TX,HOU,A
77045,US,TX,IAH,C
77045,US,TX,HOU,B
77025,US,TX,IAH,C
77049,US,TX,HOU,B
77058,US,TX,HOU,C
77012,US,TX,HOU,A
77061,US,TX,IAH,C
77061,US,TX,HOU,B
77060,US,TX,IAH,A
77060,US,TX,HOU,A
77059,US,TX,IAH,D
77053,US,TX,HOU,C
77058,US,TX,IAH,E
77043,US,TX,IAH,C
77057,US,TX,IAH,C
77057,US,TX,HOU,A
77056,US,TX,IAH,C
77056,US,TX,HOU,A
77055,US,TX,IAH,C
77055,US,TX,HOU,A
77054,US,TX,IAH,C
77059,US,TX,HOU,C
77030,US,TX,HOU,A
77044,US,TX,IAH,B
77033,US,TX,IAH,C
77033,US,TX,HOU,B
77032,US,TX,IAH,A
77032,US,TX,HOU,A
77031,US,TX,IAH,D
77034,US,TX,IAH,D
77030,US,TX,IAH,C
77035,US,TX,HOU,B
77029,US,TX,IAH,C
77029,US,TX,HOU,A
77028,US,TX,IAH,B
77028,US,TX,HOU,A
77027,US,TX,IAH,C
77027,US,TX,HOU,A
77062,US,TX,IAH,D
77031,US,TX,HOU,C
77039,US,TX,HOU,A
77043,US,TX,HOU,C
77042,US,TX,IAH,C
77042,US,TX,HOU,B
77041,US,TX,IAH,C
77041,US,TX,HOU,C
77040,US,TX,IAH,B
77034,US,TX,HOU,C
77039,US,TX,IAH,A
77026,US,TX,HOU,A
77038,US,TX,IAH,A
77038,US,TX,HOU,A
77037,US,TX,IAH,A
77037,US,TX,HOU,B
77036,US,TX,IAH,C
77036,US,TX,HOU,B
77035,US,TX,IAH,C
77040,US,TX,HOU,B
79702,US,TX,MAF,A
79711,US,TX,MAF,A
79710,US,TX,MAF,A
79708,US,TX,MAF,A
79707,US,TX,MAF,A
79706,US,TX,MAF,A
79705,US,TX,MAF,A
76465,US,TX,DFW,D
79703,US,TX,MAF,A
75773,US,TX,SHV,I
79701,US,TX,MAF,A
79711,US,TX,MAF,A
75185,US,TX,DFW,C
75182,US,TX,DFW,C
75181,US,TX,DFW,C
75180,US,TX,DFW,C
79704,US,TX,MAF,A
75117,US,TX,TYR,C
76063,US,TX,DFW,C
77356,US,TX,IAH,E
77356,US,TX,HOU,D
78538,US,TX,MFE,C
78538,US,TX,BRO,D
77580,US,TX,IAH,E
79712,US,TX,MAF,A
77489,US,TX,IAH,E
76065,US,TX,DFW,D
77489,US,TX,HOU,D
77459,US,TX,IAH,D
77459,US,TX,HOU,D
78572,US,TX,MFE,A
78572,US,TX,BRO,E
76067,US,TX,DFW,D
79536,US,TX,ABI,C
77580,US,TX,HOU,D
75670,US,TX,SHV,C
75150,US,TX,DFW,C
75069,US,TX,DFW,C
76657,US,TX,DFW,I
76657,US,TX,ACT,C
78650,US,TX,AUS,D
78368,US,TX,CRP,D
79697,US,TX,ABI,A
75671,US,TX,DFW,N
78651,US,TX,AUS,C
75670,US,TX,DFW,N
76661,US,TX,DFW,I
78124,US,TX,SAT,C
75566,US,TX,DFW,N
79344,US,TX,LBB,D
77578,US,TX,IAH,D
77578,US,TX,HOU,D
79058,US,TX,AMA,C
78503,US,TX,MFE,A
79346,US,TX,LBB,D
78570,US,TX,MFE,C
78570,US,TX,BRO,C
79345,US,TX,LBB,C
79057,US,TX,AMA,D
78505,US,TX,BRO,E
75565,US,TX,DFW,N
78504,US,TX,BRO,E
75149,US,TX,DFW,C
78503,US,TX,BRO,E
78502,US,TX,MFE,A
78502,US,TX,BRO,E
78501,US,TX,MFE,A
78501,US,TX,BRO,E
78503,US,TX,MFE,A
78123,US,TX,SAT,C
78504,US,TX,MFE,A
77494,US,TX,IAH,E
77449,US,TX,HOU,D
77449,US,TX,IAH,D
78212,US,TX,SAT,A
77450,US,TX,HOU,D
77450,US,TX,IAH,D
77493,US,TX,HOU,D
76557,US,TX,DFW,I
77494,US,TX,HOU,D
75571,US,TX,DFW,N
77501,US,TX,HOU,B
78575,US,TX,MFE,D
77501,US,TX,IAH,C
78575,US,TX,BRO,A
79351,US,TX,LBB,D
79768,US,TX,MAF,A
77493,US,TX,IAH,D
75801,US,TX,DFW,I
79065,US,TX,AMA,C
79066,US,TX,AMA,C
77011,US,TX,HOU,A
75662,US,TX,DFW,I
75152,US,TX,DFW,D
75802,US,TX,DFW,I
79064,US,TX,LBB,C
75685,US,TX,SHV,B
75461,US,TX,DFW,D
75154,US,TX,DFW,D
77304,US,TX,HOU,D
78372,US,TX,CRP,D
77304,US,TX,IAH,D
76073,US,TX,DFW,D
75460,US,TX,DFW,D
79764,US,TX,MAF,A
79068,US,TX,AMA,C
77869,US,TX,IAH,F
79766,US,TX,MAF,A
77357,US,TX,HOU,D
78133,US,TX,SAT,C
78132,US,TX,SAT,C
78131,US,TX,SAT,C
78130,US,TX,SAT,C
79350,US,TX,LBB,B
79063,US,TX,AMA,C
79383,US,TX,LBB,C
77868,US,TX,IAH,F
75124,US,TX,TYR,C
75568,US,TX,DFW,N
75094,US,TX,DFW,B
79347,US,TX,LBB,D
75771,US,TX,SHV,H
75757,US,TX,DFW,I
75570,US,TX,SHV,F
77502,US,TX,HOU,B
75455,US,TX,DFW,N
79763,US,TX,MAF,A
79762,US,TX,MAF,A
79761,US,TX,MAF,A
79760,US,TX,MAF,A
78370,US,TX,CRP,C
77357,US,TX,IAH,C
76180,US,TX,DFW,A
79765,US,TX,MAF,A
76559,US,TX,DFW,I
77502,US,TX,IAH,C
78640,US,TX,AUS,C
77358,US,TX,IAH,E
77358,US,TX,HOU,D
75780,US,TX,SHV,J
75780,US,TX,DFW,I
76182,US,TX,DFW,A
75065,US,TX,DFW,B
75146,US,TX,DFW,C
75134,US,TX,DFW,C
79331,US,TX,LBB,D
78734,US,TX,AUS,D
76136,US,TX,DFW,A
76135,US,TX,DFW,B
79338,US,TX,LBB,C
75640,US,TX,TYR,C
78041,US,TX,LRD,A
78645,US,TX,AUS,D
78235,US,TX,SAT,B
78236,US,TX,SAT,B
78562,US,TX,BRO,D
77346,US,TX,HOU,A
77572,US,TX,HOU,D
76240,US,TX,DFW,D
77573,US,TX,IAH,E
75662,US,TX,SHV,E
79336,US,TX,LBB,C
78268,US,TX,SAT,A
78238,US,TX,SAT,A
78645,US,TX,AUS,D
78641,US,TX,AUS,D
78041,US,TX,LRD,A
77574,US,TX,HOU,D
78040,US,TX,LRD,A
77573,US,TX,HOU,D
79053,US,TX,LBB,D
78045,US,TX,LRD,A
78044,US,TX,LRD,A
78043,US,TX,LRD,A
78042,US,TX,LRD,A
78560,US,TX,MFE,C
77574,US,TX,IAH,E
76543,US,TX,DFW,I
77571,US,TX,HOU,D
77345,US,TX,HOU,A
77339,US,TX,IAH,B
77339,US,TX,HOU,A
76540,US,TX,DFW,I
76541,US,TX,DFW,I
75771,US,TX,DFW,I
76542,US,TX,DFW,I
78653,US,TX,AUS,C
77325,US,TX,HOU,A
76544,US,TX,DFW,I
76545,US,TX,DFW,I
78363,US,TX,CRP,D
78364,US,TX,CRP,D
78363,US,TX,CRP,D
76546,US,TX,DFW,I
77325,US,TX,IAH,B
79052,US,TX,AMA,D
77572,US,TX,IAH,E
78560,US,TX,BRO,F
78559,US,TX,MFE,C
78559,US,TX,HRL,A
78559,US,TX,BRO,C
78640,US,TX,AUS,C
77345,US,TX,IAH,C
79052,US,TX,LBB,D
77568,US,TX,IAH,F
77391,US,TX,IAH,B
77391,US,TX,HOU,B
77379,US,TX,IAH,B
77379,US,TX,HOU,B
78219,US,TX,SAT,B
77346,US,TX,IAH,B
75663,US,TX,SHV,E
76249,US,TX,DFW,C
79406,US,TX,LBB,A
79343,US,TX,LBB,B
77355,US,TX,IAH,D
79412,US,TX,LBB,A
78652,US,TX,AUS,B
79453,US,TX,LBB,A
79410,US,TX,LBB,A
79414,US,TX,LBB,A
79407,US,TX,LBB,A
77355,US,TX,HOU,D
79405,US,TX,LBB,A
79404,US,TX,LBB,A
79403,US,TX,LBB,A
79402,US,TX,LBB,A
79401,US,TX,LBB,A
79401,US,TX,LBB,A
78566,US,TX,MFE,D
79408,US,TX,LBB,A
79499,US,TX,LBB,A
79457,US,TX,LBB,A
79464,US,TX,LBB,A
79490,US,TX,LBB,A
79491,US,TX,LBB,A
79452,US,TX,LBB,A
79430,US,TX,LBB,A
79413,US,TX,LBB,A
79424,US,TX,LBB,A
79409,US,TX,LBB,A
78569,US,TX,BRO,D
78052,US,TX,SAT,D
79423,US,TX,LBB,A
79416,US,TX,LBB,A
79415,US,TX,LBB,A
77571,US,TX,IAH,D
75028,US,TX,DFW,A
79493,US,TX,LBB,A
75440,US,TX,TYR,C
75601,US,TX,SHV,E
75601,US,TX,DFW,I
75668,US,TX,DFW,N
76655,US,TX,DFW,I
79241,US,TX,LBB,D
79411,US,TX,LBB,A
78644,US,TX,AUS,D
78233,US,TX,SAT,B
75602,US,TX,DFW,I
75068,US,TX,DFW,C
75564,US,TX,DFW,N
75771,US,TX,SHV,H
75771,US,TX,DFW,I
78642,US,TX,AUS,D
77575,US,TX,IAH,E
77575,US,TX,HOU,D
75067,US,TX,DFW,A
75057,US,TX,DFW,A
75056,US,TX,DFW,B
75029,US,TX,DFW,A
79339,US,TX,LBB,C
75604,US,TX,SHV,E
75608,US,TX,SHV,E
75608,US,TX,DFW,I
75607,US,TX,SHV,E
75607,US,TX,DFW,I
75606,US,TX,SHV,E
75606,US,TX,DFW,I
75605,US,TX,SHV,E
75605,US,TX,DFW,I
75604,US,TX,DFW,I
75603,US,TX,SHV,E
75603,US,TX,DFW,I
75602,US,TX,SHV,E
78249,US,TX,AUS,F
78238,US,TX,AUS,F
75030,US,TX,DFW,C
78237,US,TX,AUS,F
75267,US,TX,DFW,A
78232,US,TX,AUS,F
78215,US,TX,AUS,F
78220,US,TX,AUS,F
78250,US,TX,AUS,F
78252,US,TX,AUS,F
78209,US,TX,AUS,F
78683,US,TX,AUS,C
78217,US,TX,AUS,F
78210,US,TX,AUS,F
75054,US,TX,DFW,C
78248,US,TX,AUS,F
78231,US,TX,AUS,F
78218,US,TX,AUS,F
78230,US,TX,AUS,F
78242,US,TX,AUS,F
78219,US,TX,AUS,F
78251,US,TX,AUS,F
78238,US,TX,AUS,F
78209,US,TX,AUS,F
75027,US,TX,DFW,B
75077,US,TX,DFW,B
75077,US,TX,DFW,B
75022,US,TX,DFW,B
75123,US,TX,DFW,C
75077,US,TX,DFW,B
75089,US,TX,DFW,C
78222,US,TX,AUS,F
78247,US,TX,AUS,F
78221,US,TX,AUS,F
78133,US,TX,AUS,D
78132,US,TX,AUS,D
76052,US,TX,DFW,B
78659,US,TX,AUS,D
75032,US,TX,DFW,D
78213,US,TX,AUS,F
78154,US,TX,AUS,E
78214,US,TX,AUS,F
75032,US,TX,DFW,D
76099,US,TX,DFW,A
78226,US,TX,AUS,F
78227,US,TX,AUS,F
78155,US,TX,AUS,F
78228,US,TX,AUS,F
78244,US,TX,AUS,F
78659,US,TX,AUS,D
78206,US,TX,AUS,F
78245,US,TX,AUS,F
78205,US,TX,AUS,F
78246,US,TX,AUS,F
78232,US,TX,AUS,F
78211,US,TX,AUS,F
78204,US,TX,AUS,F
78223,US,TX,AUS,F
78216,US,TX,AUS,F
78201,US,TX,AUS,F
78224,US,TX,AUS,F
78229,US,TX,AUS,F
78203,US,TX,AUS,F
78230,US,TX,AUS,F
75077,US,TX,DFW,B
78646,US,TX,AUS,D
78208,US,TX,AUS,F
78207,US,TX,AUS,F
78148,US,TX,AUS,F
78148,US,TX,AUS,F
78150,US,TX,AUS,F
78150,US,TX,AUS,F
78225,US,TX,AUS,F
78249,US,TX,AUS,F
78202,US,TX,AUS,F
78154,US,TX,AUS,F
78239,US,TX,AUS,F
78231,US,TX,AUS,F
76208,US,TX,DFW,B
78240,US,TX,AUS,F
78154,US,TX,AUS,E
78212,US,TX,AUS,F
78156,US,TX,AUS,F
78148,US,TX,AUS,F
78226,US,TX,AUS,F
78232,US,TX,AUS,F
78691,US,TX,AUS,B
78232,US,TX,AUS,F
78148,US,TX,AUS,F
78150,US,TX,AUS,F
78150,US,TX,AUS,F
75014,US,TX,DFW,A
76527,US,TX,AUS,D
78148,US,TX,AUS,F
78150,US,TX,AUS,F
78148,US,TX,AUS,F
75071,US,TX,DFW,C
78239,US,TX,AUS,F
78133,US,TX,AUS,D
75035,US,TX,DFW,C
78132,US,TX,AUS,D
78219,US,TX,AUS,F
75027,US,TX,DFW,B
75022,US,TX,DFW,B
75022,US,TX,DFW,B
76244,US,TX,DFW,B
75336,US,TX,DFW,A
75187,US,TX,DFW,C
76207,US,TX,DFW,B
78130,US,TX,AUS,D
75049,US,TX,DFW,B
76210,US,TX,DFW,B
78227,US,TX,AUS,F
78150,US,TX,AUS,F
75027,US,TX,DFW,B
78131,US,TX,AUS,D
78655,US,TX,AUS,D
75017,US,TX,DFW,A
78619,US,TX,AUS,D
78656,US,TX,AUS,D
78212,US,TX,AUS,F
78130,US,TX,AUS,D
78132,US,TX,AUS,D
78240,US,TX,AUS,F
78232,US,TX,AUS,F
76209,US,TX,DFW,B
78133,US,TX,AUS,D
75070,US,TX,DFW,C
75071,US,TX,DFW,C
76208,US,TX,DFW,B
78656,US,TX,AUS,D
75070,US,TX,DFW,C
78247,US,TX,AUS,F
78659,US,TX,AUS,D
75026,US,TX,DFW,B
78132,US,TX,AUS,D
75071,US,TX,DFW,C
76367,US,TX,DFW,H
76263,US,TX,DFW,F
76934,US,TX,ELP,H
76679,US,TX,ELP,G
79849,US,TX,ELP,D
79928,US,TX,ELP,C
79928,US,TX,ELP,B
79928,US,TX,ELP,A
79938,US,TX,ELP,A
78633,US,TX,AUS,D
78665,US,TX,AUS,C
76623,US,TX,DFW,F
76490,US,TX,DFW,F
76485,US,TX,DFW,F
75153,US,TX,DFW,F
76268,US,TX,DFW,F
77201,US,TX,IAH,A
76246,US,TX,DFW,F
76238,US,TX,DFW,F
76061,US,TX,DFW,F
76638,US,TX,DFW,H
75475,US,TX,DFW,F
75099,US,TX,DFW,A
75448,US,TX,DFW,F
75443,US,TX,DFW,F
75439,US,TX,DFW,F
75164,US,TX,DFW,F
75157,US,TX,DFW,F
75155,US,TX,DFW,F
76439,US,TX,DFW,F
77318,US,TX,IAH,E
75943,US,TX,IAH,J
75943,US,TX,IAH,J
75943,US,TX,IAH,J
75961,US,TX,IAH,H
75961,US,TX,IAH,H
75901,US,TX,IAH,G
75901,US,TX,IAH,G
77364,US,TX,IAH,F
77362,US,TX,IAH,E
77316,US,TX,IAH,E
77349,US,TX,IAH,E
77348,US,TX,IAH,E
77299,US,TX,IAH,A
77354,US,TX,IAH,E
77297,US,TX,IAH,A
77343,US,TX,IAH,E
77341,US,TX,IAH,E
77327,US,TX,IAH,E
77340,US,TX,IAH,E
77523,US,TX,IAH,D
77354,US,TX,IAH,D
77562,US,TX,IAH,C
77354,US,TX,IAH,C
77212,US,TX,IAH,A
77216,US,TX,IAH,A
77209,US,TX,IAH,A
77204,US,TX,IAH,A
75458,US,TX,DFW,F
77344,US,TX,IAH,E
76621,US,TX,DFW,E
76508,US,TX,DFW,G
76504,US,TX,DFW,G
76502,US,TX,DFW,G
76501,US,TX,DFW,G
76682,US,TX,DFW,G
75462,US,TX,DFW,G
75118,US,TX,DFW,F
76064,US,TX,DFW,G
75488,US,TX,DFW,F
76446,US,TX,DFW,G
76691,US,TX,DFW,E
76250,US,TX,DFW,E
76354,US,TX,DFW,H
76645,US,TX,DFW,E
75462,US,TX,DFW,G
75167,US,TX,DFW,D
76272,US,TX,DFW,D
75155,US,TX,DFW,D
76259,US,TX,DFW,D
75402,US,TX,DFW,D
75109,US,TX,DFW,D
76228,US,TX,DFW,D
76088,US,TX,DFW,C
76085,US,TX,DFW,C
75037,US,TX,DFW,A
75358,US,TX,DFW,A
75320,US,TX,DFW,A
75301,US,TX,DFW,A
76651,US,TX,DFW,E
79745,US,TX,MAF,C
75105,US,TX,DFW,F
75101,US,TX,DFW,F
75097,US,TX,DFW,F
76951,US,TX,MAF,C
76050,US,TX,DFW,G
79748,US,TX,MAF,C
76634,US,TX,DFW,H
79740,US,TX,MAF,C
79739,US,TX,MAF,C
79713,US,TX,MAF,C
79783,US,TX,MAF,B
79782,US,TX,MAF,B
79756,US,TX,MAF,B
79755,US,TX,MAF,B
76664,US,TX,DFW,H
79752,US,TX,MAF,C
79749,US,TX,MAF,B
76548,US,TX,DFW,H
76549,US,TX,DFW,H
76667,US,TX,DFW,H
76374,US,TX,DFW,H
79758,US,TX,MAF,B
76384,US,TX,DFW,H
79714,US,TX,MAF,B
79720,US,TX,MAF,B
79731,US,TX,MAF,B
76689,US,TX,DFW,H
76548,US,TX,DFW,H
79741,US,TX,MAF,B
77369,US,TX,IAH,G
77457,US,TX,IAH,H
75938,US,TX,IAH,H
75979,US,TX,IAH,H
77428,US,TX,IAH,H
78943,US,TX,IAH,H
77444,US,TX,IAH,H
75938,US,TX,IAH,H
77878,US,TX,IAH,G
77480,US,TX,IAH,G
77632,US,TX,IAH,G
77432,US,TX,IAH,G
77640,US,TX,IAH,G
77611,US,TX,IAH,G
77863,US,TX,IAH,G
77332,US,TX,IAH,G
75934,US,TX,IAH,G
77657,US,TX,IAH,G
77368,US,TX,IAH,G
75936,US,TX,IAH,G
77855,US,TX,IAH,H
75965,US,TX,IAH,H
77420,US,TX,IAH,G
78935,US,TX,IAH,H
78931,US,TX,IAH,H
75835,US,TX,IAH,H
77879,US,TX,IAH,J
75941,US,TX,IAH,H
77656,US,TX,IAH,G
77482,US,TX,IAH,H
77419,US,TX,IAH,H
77452,US,TX,IAH,J
77430,US,TX,IAH,H
75942,US,TX,IAH,H
75958,US,TX,IAH,J
77625,US,TX,IAH,H
75962,US,TX,IAH,H
77464,US,TX,IAH,H
75963,US,TX,IAH,H
78934,US,TX,IAH,H
75964,US,TX,IAH,H
78950,US,TX,IAH,H
77867,US,TX,IAH,H
77871,US,TX,IAH,H
77615,US,TX,IAH,H
75990,US,TX,IAH,H
75856,US,TX,IAH,H
75834,US,TX,IAH,H
75833,US,TX,IAH,H
77872,US,TX,IAH,H
75956,US,TX,HOU,M
75935,US,TX,HOU,M
75974,US,TX,HOU,M
75948,US,TX,HOU,M
75946,US,TX,HOU,M
78952,US,TX,IAH,J
77836,US,TX,IAH,J
77326,US,TX,IAH,J
75969,US,TX,IAH,J
77612,US,TX,IAH,J
77475,US,TX,IAH,J
77456,US,TX,IAH,J
77454,US,TX,IAH,J
75930,US,TX,HOU,M
78957,US,TX,IAH,J
77442,US,TX,IAH,J
77865,US,TX,IAH,J
77435,US,TX,IAH,J
77434,US,TX,IAH,J
75944,US,TX,IAH,J
77882,US,TX,IAH,J
77660,US,TX,IAH,J
77623,US,TX,HOU,M
75973,US,TX,HOU,M
75937,US,TX,IAH,J
77374,US,TX,IAH,G
77864,US,TX,IAH,G
75852,US,TX,IAH,G
77414,US,TX,IAH,G
77639,US,TX,IAH,G
77880,US,TX,IAH,G
77662,US,TX,IAH,G
77414,US,TX,IAH,G
77962,US,TX,IAH,G
77437,US,TX,IAH,G
75865,US,TX,IAH,G
75959,US,TX,HOU,M
77443,US,TX,IAH,G
75681,US,TX,HOU,M
77862,US,TX,IAH,G
77630,US,TX,IAH,G
77960,US,TX,HOU,M
77617,US,TX,HOU,M
77963,US,TX,HOU,M
75954,US,TX,HOU,M
75928,US,TX,HOU,M
77983,US,TX,HOU,M
77650,US,TX,HOU,M
75975,US,TX,HOU,M
77458,US,TX,IAH,G
75926,US,TX,IAH,G
77963,US,TX,IAH,M
77837,US,TX,IAH,K
77617,US,TX,IAH,M
75978,US,TX,IAH,K
77857,US,TX,IAH,K
77870,US,TX,IAH,K
77465,US,TX,IAH,K
77978,US,TX,IAH,K
77979,US,TX,IAH,K
75946,US,TX,IAH,M
75933,US,TX,IAH,K
77988,US,TX,IAH,J
77960,US,TX,IAH,M
75929,US,TX,IAH,L
75935,US,TX,IAH,M
77983,US,TX,IAH,M
75973,US,TX,IAH,M
75681,US,TX,IAH,M
75956,US,TX,IAH,M
75930,US,TX,IAH,M
75980,US,TX,IAH,J
77412,US,TX,IAH,J
75976,US,TX,IAH,J
77986,US,TX,IAH,J
77856,US,TX,IAH,K
77954,US,TX,IAH,L
77976,US,TX,HOU,M
75954,US,TX,IAH,M
77726,US,TX,HOU,F
77623,US,TX,IAH,M
75858,US,TX,IAH,L
75925,US,TX,IAH,L
76520,US,TX,IAH,L
77977,US,TX,IAH,L
75846,US,TX,IAH,L
75968,US,TX,IAH,L
75931,US,TX,IAH,K
75855,US,TX,IAH,L
75972,US,TX,IAH,L
75844,US,TX,IAH,L
75948,US,TX,IAH,M
75839,US,TX,IAH,L
75840,US,TX,IAH,L
75932,US,TX,IAH,L
77470,US,TX,IAH,L
77984,US,TX,IAH,L
77995,US,TX,IAH,L
78953,US,TX,IAH,L
75925,US,TX,IAH,L
77991,US,TX,IAH,J
75966,US,TX,IAH,L
77585,US,TX,IAH,H
77831,US,TX,IAH,I
77850,US,TX,IAH,I
78938,US,TX,IAH,I
75903,US,TX,IAH,H
75845,US,TX,IAH,J
75949,US,TX,IAH,H
75904,US,TX,IAH,H
77833,US,TX,IAH,H
77483,US,TX,IAH,H
78960,US,TX,IAH,J
78961,US,TX,IAH,J
77624,US,TX,IAH,H
78940,US,TX,IAH,I
77970,US,TX,IAH,H
77859,US,TX,IAH,H
77853,US,TX,IAH,J
75915,US,TX,IAH,H
75851,US,TX,IAH,H
77957,US,TX,IAH,H
77971,US,TX,IAH,H
77655,US,TX,IAH,H
75951,US,TX,IAH,J
78959,US,TX,IAH,J
75902,US,TX,IAH,H
75847,US,TX,IAH,I
77664,US,TX,IAH,J
77460,US,TX,IAH,J
78942,US,TX,IAH,I
77616,US,TX,IAH,I
78954,US,TX,IAH,I
78956,US,TX,IAH,I
77626,US,TX,IAH,I
78946,US,TX,IAH,I
78951,US,TX,IAH,I
77663,US,TX,IAH,I
78932,US,TX,IAH,I
78945,US,TX,IAH,I
77614,US,TX,IAH,I
77902,US,TX,IAH,I
77903,US,TX,IAH,I
77904,US,TX,IAH,I
77968,US,TX,IAH,I
77905,US,TX,IAH,I
77519,US,TX,IAH,I
77951,US,TX,IAH,I
77852,US,TX,IAH,I
77835,US,TX,IAH,I
75831,US,TX,IAH,I
75850,US,TX,IAH,H
77969,US,TX,IAH,I
77665,US,TX,HOU,F
77707,US,TX,HOU,F
77834,US,TX,HOU,F
77845,US,TX,HOU,F
77841,US,TX,HOU,F
75939,US,TX,HOU,F
77842,US,TX,HOU,F
78950,US,TX,HOU,H
77844,US,TX,HOU,F
77709,US,TX,HOU,F
77808,US,TX,HOU,F
77875,US,TX,HOU,F
77843,US,TX,HOU,F
77368,US,TX,HOU,G
77862,US,TX,HOU,G
77374,US,TX,HOU,G
75862,US,TX,HOU,F
77563,US,TX,HOU,E
77534,US,TX,HOU,E
77553,US,TX,HOU,E
77451,US,TX,HOU,E
77350,US,TX,HOU,E
77566,US,TX,HOU,E
77565,US,TX,HOU,E
77881,US,TX,HOU,F
77448,US,TX,HOU,E
77706,US,TX,HOU,F
77806,US,TX,HOU,F
77725,US,TX,HOU,F
77713,US,TX,HOU,F
77710,US,TX,HOU,F
77705,US,TX,HOU,F
77486,US,TX,HOU,F
77632,US,TX,HOU,G
77473,US,TX,HOU,E
75671,US,TX,TYR,D
75865,US,TX,HOU,G
75959,US,TX,IAH,M
77443,US,TX,HOU,G
77568,US,TX,HOU,E
75926,US,TX,HOU,G
77611,US,TX,HOU,G
75934,US,TX,HOU,G
75672,US,TX,TYR,D
77662,US,TX,HOU,G
75670,US,TX,TYR,D
77640,US,TX,HOU,G
77369,US,TX,HOU,G
77414,US,TX,HOU,G
77656,US,TX,HOU,G
75963,US,TX,HOU,H
77871,US,TX,HOU,H
77878,US,TX,HOU,G
77480,US,TX,HOU,G
77445,US,TX,HOU,E
77880,US,TX,HOU,G
77420,US,TX,HOU,G
77639,US,TX,HOU,G
77657,US,TX,HOU,G
77863,US,TX,HOU,G
77670,US,TX,HOU,G
77864,US,TX,HOU,G
77630,US,TX,HOU,G
77458,US,TX,HOU,G
75852,US,TX,HOU,G
77332,US,TX,HOU,G
77962,US,TX,HOU,G
75936,US,TX,HOU,G
77414,US,TX,HOU,G
77437,US,TX,HOU,G
77432,US,TX,HOU,G
75960,US,TX,HOU,F
77453,US,TX,HOU,F
77488,US,TX,HOU,F
77418,US,TX,HOU,F
77627,US,TX,HOU,F
77641,US,TX,HOU,F
77642,US,TX,HOU,F
77629,US,TX,HOU,F
77876,US,TX,HOU,F
77703,US,TX,HOU,F
77468,US,TX,HOU,F
77550,US,TX,HOU,F
77651,US,TX,HOU,F
77866,US,TX,HOU,F
77873,US,TX,HOU,F
77367,US,TX,HOU,F
77591,US,TX,HOU,E
77643,US,TX,HOU,F
77802,US,TX,HOU,F
77807,US,TX,HOU,F
77805,US,TX,HOU,F
77803,US,TX,HOU,F
77708,US,TX,HOU,F
77702,US,TX,HOU,F
77485,US,TX,HOU,F
77461,US,TX,HOU,F
77376,US,TX,HOU,F
77455,US,TX,HOU,F
77613,US,TX,HOU,F
77404,US,TX,HOU,F
75960,US,TX,HOU,F
77704,US,TX,HOU,F
77861,US,TX,HOU,F
77619,US,TX,HOU,F
77622,US,TX,HOU,F
77415,US,TX,HOU,F
77650,US,TX,IAH,M
77875,US,TX,HOU,F
77577,US,TX,HOU,E
77359,US,TX,HOU,E
77516,US,TX,HOU,E
77869,US,TX,HOU,E
77551,US,TX,HOU,E
77514,US,TX,HOU,E
77328,US,TX,HOU,E
77417,US,TX,HOU,E
75972,US,TX,HOU,L
77531,US,TX,HOU,E
77335,US,TX,HOU,E
77555,US,TX,HOU,E
77554,US,TX,HOU,E
77552,US,TX,HOU,E
77720,US,TX,HOU,F
77583,US,TX,HOU,E
77659,US,TX,HOU,F
78944,US,TX,HOU,F
77542,US,TX,HOU,F
77467,US,TX,HOU,F
77334,US,TX,HOU,F
77436,US,TX,HOU,F
77661,US,TX,HOU,F
77868,US,TX,HOU,E
77360,US,TX,HOU,F
77592,US,TX,HOU,E
77463,US,TX,HOU,F
77351,US,TX,HOU,E
77399,US,TX,HOU,E
77363,US,TX,HOU,E
77422,US,TX,HOU,E
77583,US,TX,HOU,E
77830,US,TX,HOU,E
77437,US,TX,HOU,F
75932,US,TX,HOU,L
75966,US,TX,HOU,L
75929,US,TX,HOU,L
75846,US,TX,HOU,L
77984,US,TX,HOU,L
77434,US,TX,HOU,J
77954,US,TX,HOU,L
78956,US,TX,HOU,I
77470,US,TX,HOU,L
77991,US,TX,HOU,J
77879,US,TX,HOU,J
77435,US,TX,HOU,J
75858,US,TX,HOU,L
76520,US,TX,HOU,L
75840,US,TX,HOU,L
77995,US,TX,HOU,L
75925,US,TX,HOU,L
75968,US,TX,HOU,L
77968,US,TX,HOU,I
77519,US,TX,HOU,I
75958,US,TX,HOU,J
77976,US,TX,IAH,M
75969,US,TX,HOU,J
75845,US,TX,HOU,J
77454,US,TX,HOU,J
77442,US,TX,HOU,J
75974,US,TX,IAH,M
75855,US,TX,HOU,L
75975,US,TX,IAH,M
77988,US,TX,HOU,J
75928,US,TX,IAH,M
77660,US,TX,HOU,J
77853,US,TX,HOU,J
77986,US,TX,HOU,J
78957,US,TX,HOU,J
78960,US,TX,HOU,J
75839,US,TX,HOU,L
77474,US,TX,HOU,E
77836,US,TX,HOU,J
75937,US,TX,HOU,J
75980,US,TX,HOU,J
77612,US,TX,HOU,J
77872,US,TX,HOU,H
78959,US,TX,HOU,J
77837,US,TX,HOU,K
77882,US,TX,HOU,J
77475,US,TX,HOU,J
77460,US,TX,HOU,J
78961,US,TX,HOU,J
78952,US,TX,HOU,J
75849,US,TX,IAH,I
75976,US,TX,HOU,J
77412,US,TX,HOU,J
75931,US,TX,HOU,K
77452,US,TX,HOU,J
77977,US,TX,HOU,L
75944,US,TX,HOU,J
78953,US,TX,HOU,L
77870,US,TX,HOU,K
75933,US,TX,HOU,K
77664,US,TX,HOU,J
75951,US,TX,HOU,J
75925,US,TX,HOU,L
77857,US,TX,HOU,K
77856,US,TX,HOU,K
77865,US,TX,HOU,J
77978,US,TX,HOU,K
77456,US,TX,HOU,J
77979,US,TX,HOU,K
75978,US,TX,HOU,K
77465,US,TX,HOU,K
75851,US,TX,HOU,H
75915,US,TX,HOU,H
77970,US,TX,HOU,H
75941,US,TX,HOU,H
75964,US,TX,HOU,H
77419,US,TX,HOU,H
77855,US,TX,HOU,H
77833,US,TX,HOU,H
77971,US,TX,HOU,H
77457,US,TX,HOU,H
78935,US,TX,HOU,H
75902,US,TX,HOU,H
77326,US,TX,HOU,J
75962,US,TX,HOU,H
77616,US,TX,HOU,I
77464,US,TX,HOU,H
77867,US,TX,HOU,H
78931,US,TX,HOU,H
75938,US,TX,HOU,H
75965,US,TX,HOU,H
75949,US,TX,HOU,H
75942,US,TX,HOU,H
77957,US,TX,HOU,H
77430,US,TX,HOU,H
75835,US,TX,HOU,H
77625,US,TX,HOU,H
78934,US,TX,HOU,H
75833,US,TX,HOU,H
77428,US,TX,HOU,H
78943,US,TX,HOU,H
77444,US,TX,HOU,H
75834,US,TX,HOU,H
77859,US,TX,HOU,H
75850,US,TX,HOU,H
77624,US,TX,HOU,H
77615,US,TX,HOU,H
77969,US,TX,HOU,I
75904,US,TX,HOU,H
77835,US,TX,HOU,I
75849,US,TX,HOU,I
75831,US,TX,HOU,I
77902,US,TX,HOU,I
77903,US,TX,HOU,I
77850,US,TX,HOU,I
77852,US,TX,HOU,I
77626,US,TX,HOU,I
78954,US,TX,HOU,I
78945,US,TX,HOU,I
78942,US,TX,HOU,I
78946,US,TX,HOU,I
78940,US,TX,HOU,I
78951,US,TX,HOU,I
75847,US,TX,HOU,I
75844,US,TX,HOU,L
77905,US,TX,HOU,I
77585,US,TX,HOU,H
75938,US,TX,HOU,H
77482,US,TX,HOU,H
77483,US,TX,HOU,H
77655,US,TX,HOU,H
75990,US,TX,HOU,H
77663,US,TX,HOU,I
75979,US,TX,HOU,H
75903,US,TX,HOU,H
77904,US,TX,HOU,I
78938,US,TX,HOU,I
78932,US,TX,HOU,I
77831,US,TX,HOU,I
77614,US,TX,HOU,I
77951,US,TX,HOU,I
75856,US,TX,HOU,H
84125,US,UT,SLC,A
84136,US,UT,SLC,A
84108,US,UT,SLC,A
84109,US,UT,SLC,A
84138,US,UT,SLC,A
84126,US,UT,SLC,A
84130,US,UT,SLC,A
84110,US,UT,SLC,A
84111,US,UT,SLC,A
84112,US,UT,SLC,A
84131,US,UT,SLC,A
84113,US,UT,SLC,A
84117,US,UT,SLC,A
84115,US,UT,SLC,A
84121,US,UT,SLC,A
84124,US,UT,SLC,A
84116,US,UT,SLC,A
84123,US,UT,SLC,A
84122,US,UT,SLC,A
84132,US,UT,SLC,A
84127,US,UT,SLC,A
84118,US,UT,SLC,B
84133,US,UT,SLC,A
84501,US,UT,SLC,G
84119,US,UT,SLC,A
84134,US,UT,SLC,A
84120,US,UT,SLC,B
84114,US,UT,SLC,A
84761,US,UT,SLC,H
84601,US,UT,SLC,D
84332,US,UT,SLC,G
84331,US,UT,SLC,G
84330,US,UT,SLC,G
84062,US,UT,SLC,D
84720,US,UT,SLC,H
84302,US,UT,SLC,F
84603,US,UT,SLC,D
84651,US,UT,SLC,F
84604,US,UT,SLC,D
84068,US,UT,SLC,F
84060,US,UT,SLC,F
84760,US,UT,SLC,H
84328,US,UT,SLC,F
84759,US,UT,SLC,H
84026,US,UT,SLC,H
84139,US,UT,SLC,A
84059,US,UT,SLC,E
84061,US,UT,SLC,I
84770,US,UT,SLC,H
84106,US,UT,SLC,A
84105,US,UT,SLC,A
84104,US,UT,SLC,A
84103,US,UT,SLC,A
84102,US,UT,SLC,A
84101,US,UT,SLC,A
84122,US,UT,SLC,A
84602,US,UT,SLC,D
84653,US,UT,SLC,F
84107,US,UT,SLC,A
84067,US,UT,SLC,C
84066,US,UT,SLC,H
84065,US,UT,SLC,C
84334,US,UT,SLC,G
84333,US,UT,SLC,G
84701,US,UT,SLC,H
84064,US,UT,SLC,H
84605,US,UT,SLC,D
84654,US,UT,SLC,H
84629,US,UT,SLC,G
84667,US,UT,SLC,G
84087,US,UT,SLC,B
84078,US,UT,SLC,H
84701,US,UT,SLC,H
84083,US,UT,SLC,H
84338,US,UT,SLC,G
84337,US,UT,SLC,G
84539,US,UT,SLC,G
84540,US,UT,SLC,G
84542,US,UT,SLC,G
84118,US,UT,SLC,B
84123,US,UT,SLC,A
84119,US,UT,SLC,A
84073,US,UT,SLC,H
84072,US,UT,SLC,G
84075,US,UT,SLC,C
84058,US,UT,SLC,D
84074,US,UT,SLC,F
84120,US,UT,SLC,B
84044,US,UT,SLC,B
84058,US,UT,SLC,D
84767,US,UT,SLC,H
84087,US,UT,SLC,B
84010,US,UT,SLC,B
84086,US,UT,SLC,I
84653,US,UT,SLC,F
84017,US,UT,SLC,G
84170,US,UT,SLC,A
84780,US,UT,SLC,H
84119,US,UT,SLC,A
84015,US,UT,SLC,C
84088,US,UT,SLC,C
84084,US,UT,SLC,C
84087,US,UT,SLC,B
84083,US,UT,SLC,H
84339,US,UT,SLC,G
84772,US,UT,SLC,H
84340,US,UT,SLC,F
84152,US,UT,SLC,A
84190,US,UT,SLC,A
84189,US,UT,SLC,A
84184,US,UT,SLC,A
84180,US,UT,SLC,A
84170,US,UT,SLC,A
84165,US,UT,SLC,A
84158,US,UT,SLC,A
84015,US,UT,SLC,C
84153,US,UT,SLC,A
84091,US,UT,SLC,B
84151,US,UT,SLC,A
84150,US,UT,SLC,A
84148,US,UT,SLC,A
84147,US,UT,SLC,A
84145,US,UT,SLC,A
84144,US,UT,SLC,A
84143,US,UT,SLC,A
84157,US,UT,SLC,A
84657,US,UT,SLC,H
84074,US,UT,SLC,F
84770,US,UT,SLC,H
84663,US,UT,SLC,E
84767,US,UT,SLC,H
84660,US,UT,SLC,E
84165,US,UT,SLC,A
84115,US,UT,SLC,A
84199,US,UT,SLC,A
84335,US,UT,SLC,G
84070,US,UT,SLC,B
84766,US,UT,SLC,H
84656,US,UT,SLC,H
84655,US,UT,SLC,G
84765,US,UT,SLC,H
84094,US,UT,SLC,B
84093,US,UT,SLC,B
84092,US,UT,SLC,G
84141,US,UT,SLC,A
84092,US,UT,SLC,G
84624,US,UT,SLC,H
84626,US,UT,SLC,G
84310,US,UT,SLC,F
84024,US,UT,SLC,F
84520,US,UT,SLC,G
84023,US,UT,SLC,I
84022,US,UT,SLC,H
84021,US,UT,SLC,H
84016,US,UT,SLC,C
84309,US,UT,SLC,G
84522,US,UT,SLC,H
84018,US,UT,SLC,G
84308,US,UT,SLC,G
84307,US,UT,SLC,G
84006,US,UT,SLC,D
84306,US,UT,SLC,G
84017,US,UT,SLC,G
84015,US,UT,SLC,C
84525,US,UT,SLC,G
84020,US,UT,SLC,C
84026,US,UT,SLC,H
84029,US,UT,SLC,G
84730,US,UT,SLC,H
84729,US,UT,SLC,H
84655,US,UT,SLC,G
84312,US,UT,SLC,G
84027,US,UT,SLC,G
84037,US,UT,SLC,C
84747,US,UT,SLC,I
84521,US,UT,SLC,H
84632,US,UT,SLC,G
84724,US,UT,SLC,H
84631,US,UT,SLC,H
84025,US,UT,SLC,B
84629,US,UT,SLC,G
84628,US,UT,SLC,G
84726,US,UT,SLC,I
84627,US,UT,SLC,G
84725,US,UT,SLC,I
84015,US,UT,SLC,C
84632,US,UT,SLC,G
84711,US,UT,SLC,H
84006,US,UT,SLC,D
84741,US,UT,SLC,H
84715,US,UT,SLC,I
84714,US,UT,SLC,I
84713,US,UT,SLC,H
84301,US,UT,SLC,G
84754,US,UT,SLC,H
84518,US,UT,SLC,H
84712,US,UT,SLC,H
84512,US,UT,SLC,I
84057,US,UT,SLC,D
84642,US,UT,SLC,G
84510,US,UT,SLC,I
84003,US,UT,SLC,D
84002,US,UT,SLC,H
84001,US,UT,SLC,H
84004,US,UT,SLC,D
84092,US,UT,SLC,G
84620,US,UT,SLC,H
84717,US,UT,SLC,I
84515,US,UT,SLC,I
84754,US,UT,SLC,H
84722,US,UT,SLC,H
84014,US,UT,SLC,B
84622,US,UT,SLC,H
84013,US,UT,SLC,H
84062,US,UT,SLC,D
84720,US,UT,SLC,H
84006,US,UT,SLC,D
84304,US,UT,SLC,G
84511,US,UT,SLC,H
84121,US,UT,SLC,A
84302,US,UT,SLC,F
84011,US,UT,SLC,B
84010,US,UT,SLC,B
84716,US,UT,SLC,I
84008,US,UT,SLC,H
84065,US,UT,SLC,C
84305,US,UT,SLC,G
84513,US,UT,SLC,H
84752,US,UT,SLC,H
84648,US,UT,SLC,G
84052,US,UT,SLC,G
84123,US,UT,SLC,A
84107,US,UT,SLC,A
84051,US,UT,SLC,H
84646,US,UT,SLC,G
84050,US,UT,SLC,F
84750,US,UT,SLC,H
84532,US,UT,SLC,H
84321,US,UT,SLC,G
84326,US,UT,SLC,F
84751,US,UT,SLC,H
84049,US,UT,SLC,G
84047,US,UT,SLC,B
84531,US,UT,SLC,I
84325,US,UT,SLC,G
84644,US,UT,SLC,H
84643,US,UT,SLC,H
84754,US,UT,SLC,H
84404,US,UT,SLC,D
84414,US,UT,SLC,D
84412,US,UT,SLC,D
84537,US,UT,SLC,H
84409,US,UT,SLC,D
84408,US,UT,SLC,D
84758,US,UT,SLC,H
84407,US,UT,SLC,D
84405,US,UT,SLC,D
84756,US,UT,SLC,H
84540,US,UT,SLC,G
84327,US,UT,SLC,G
84403,US,UT,SLC,D
84402,US,UT,SLC,D
84401,US,UT,SLC,D
84201,US,UT,SLC,D
84055,US,UT,SLC,G
84649,US,UT,SLC,H
84054,US,UT,SLC,B
84157,US,UT,SLC,A
84623,US,UT,SLC,G
84056,US,UT,SLC,C
84742,US,UT,SLC,H
84741,US,UT,SLC,H
84036,US,UT,SLC,G
84034,US,UT,SLC,H
84319,US,UT,SLC,G
84056,US,UT,SLC,C
84737,US,UT,SLC,H
84124,US,UT,SLC,A
84037,US,UT,SLC,C
84635,US,UT,SLC,H
84318,US,UT,SLC,G
84735,US,UT,SLC,H
84032,US,UT,SLC,G
84664,US,UT,SLC,E
84054,US,UT,SLC,B
84003,US,UT,SLC,D
84526,US,UT,SLC,H
84527,US,UT,SLC,H
84065,US,UT,SLC,C
84117,US,UT,SLC,A
84321,US,UT,SLC,G
84046,US,UT,SLC,I
84083,US,UT,SLC,H
84640,US,UT,SLC,H
84634,US,UT,SLC,H
84749,US,UT,SLC,I
84528,US,UT,SLC,H
84322,US,UT,SLC,G
84734,US,UT,SLC,I
84747,US,UT,SLC,I
84042,US,UT,SLC,D
84320,US,UT,SLC,G
84039,US,UT,SLC,H
84530,US,UT,SLC,G
84043,US,UT,SLC,D
84065,US,UT,SLC,C
84040,US,UT,SLC,D
84041,US,UT,SLC,C
84746,US,UT,SLC,H
84638,US,UT,SLC,H
84118,US,UT,SLC,B
22655,US,VA,IAD,G
20166,US,VA,IAD,A
22160,US,VA,IAD,B
22161,US,VA,IAD,B
23936,US,VA,IAD,R
22554,US,VA,IAD,F
22555,US,VA,IAD,F
24168,US,VA,IAD,V
24402,US,VA,IAD,W
20165,US,VA,IAD,A
20164,US,VA,IAD,A
22656,US,VA,IAD,G
20163,US,VA,IAD,A
24401,US,VA,IAD,W
22742,US,VA,IAD,F
22172,US,VA,IAD,F
24630,US,VA,IAD,U
24502,US,VA,IAD,R
22960,US,VA,IAD,F
20198,US,VA,IAD,G
24174,US,VA,IAD,R
22741,US,VA,IAD,F
24594,US,VA,IAD,S
20167,US,VA,IAD,A
24375,US,VA,IAD,V
24477,US,VA,IAD,W
24171,US,VA,IAD,V
22739,US,VA,IAD,F
22657,US,VA,IAD,G
22159,US,VA,IAD,B
24479,US,VA,IAD,W
22044,US,VA,IAD,B
23970,US,VA,IAD,Q
22308,US,VA,IAD,B
24162,US,VA,IAD,V
22942,US,VA,IAD,Y
22906,US,VA,IAD,Y
22971,US,VA,IAD,R
23155,US,VA,IAD,Q
24072,US,VA,IAD,V
24590,US,VA,IAD,R
24589,US,VA,IAD,Q
22968,US,VA,IAD,Y
22942,US,VA,IAD,Y
22901,US,VA,IAD,Y
22905,US,VA,IAD,Y
22947,US,VA,IAD,R
24593,US,VA,IAD,Q
22156,US,VA,IAD,B
22153,US,VA,IAD,B
22152,US,VA,IAD,B
22151,US,VA,IAD,B
22150,US,VA,IAD,B
24175,US,VA,IAD,S
22009,US,VA,IAD,B
22158,US,VA,IAD,B
22553,US,VA,IAD,F
22740,US,VA,IAD,F
24165,US,VA,IAD,V
22952,US,VA,IAD,R
24592,US,VA,IAD,Q
22553,US,VA,IAD,F
22015,US,VA,IAD,B
22963,US,VA,IAD,F
22980,US,VA,IAD,W
22578,US,VA,IAD,Q
22604,US,VA,IAD,G
22603,US,VA,IAD,G
22602,US,VA,IAD,G
24599,US,VA,IAD,R
22963,US,VA,IAD,F
24599,US,VA,IAD,R
24292,US,VA,IAD,Q
22578,US,VA,IAD,Q
22663,US,VA,IAD,G
22625,US,VA,IAD,G
24486,US,VA,IAD,W
22152,US,VA,IAD,B
22601,US,VA,IAD,G
22192,US,VA,IAD,C
24605,US,VA,IAD,T
24382,US,VA,IAD,V
24185,US,VA,IAD,U
22664,US,VA,IAD,G
24381,US,VA,IAD,V
22578,US,VA,IAD,Q
22193,US,VA,IAD,C
22102,US,VA,IAD,B
22191,US,VA,IAD,C
24658,US,VA,IAD,U
24293,US,VA,IAD,U
24184,US,VA,IAD,V
22958,US,VA,IAD,R
22701,US,VA,IAD,F
22194,US,VA,IAD,C
24260,US,VA,IAD,U
22181,US,VA,IAD,B
22180,US,VA,IAD,B
22124,US,VA,IAD,B
22027,US,VA,IAD,B
23974,US,VA,IAD,Q
22103,US,VA,IAD,B
24482,US,VA,IAD,W
22184,US,VA,IAD,B
24656,US,VA,IAD,U
22246,US,VA,IAD,B
20184,US,VA,IAD,G
22567,US,VA,IAD,F
24176,US,VA,IAD,Q
22922,US,VA,IAD,R
24483,US,VA,IAD,R
20186,US,VA,IAD,F
22974,US,VA,IAD,Q
24595,US,VA,IAD,R
24290,US,VA,IAD,U
22942,US,VA,IAD,Y
20197,US,VA,IAD,G
22747,US,VA,IAD,F
22182,US,VA,IAD,B
20187,US,VA,IAD,F
22183,US,VA,IAD,B
24484,US,VA,IAD,S
24598,US,VA,IAD,Q
24179,US,VA,IAD,V
24178,US,VA,IAD,S
22185,US,VA,IAD,B
22102,US,VA,IAD,B
20188,US,VA,IAD,F
23517,US,VA,IAD,O
23508,US,VA,IAD,O
23509,US,VA,IAD,O
23510,US,VA,IAD,O
23512,US,VA,IAD,O
23513,US,VA,IAD,O
23601,US,VA,IAD,O
23515,US,VA,IAD,O
23503,US,VA,IAD,O
23519,US,VA,IAD,O
23520,US,VA,IAD,O
23521,US,VA,IAD,O
23523,US,VA,IAD,O
23529,US,VA,IAD,O
23455,US,VA,IAD,O
23514,US,VA,IAD,O
23464,US,VA,IAD,O
23456,US,VA,IAD,O
23457,US,VA,IAD,O
23458,US,VA,IAD,O
23459,US,VA,IAD,O
23460,US,VA,IAD,O
23461,US,VA,IAD,O
23505,US,VA,IAD,O
23463,US,VA,IAD,O
23504,US,VA,IAD,O
23466,US,VA,IAD,O
23467,US,VA,IAD,O
23471,US,VA,IAD,O
23501,US,VA,IAD,O
23502,US,VA,IAD,O
23602,US,VA,IAD,O
23462,US,VA,IAD,O
22556,US,VA,BWI,Y
23707,US,VA,IAD,O
23708,US,VA,IAD,O
23851,US,VA,IAD,O
22736,US,VA,BWI,Y
22726,US,VA,BWI,Y
23541,US,VA,IAD,O
22712,US,VA,BWI,Y
23703,US,VA,IAD,O
22108,US,VA,BWI,E
22107,US,VA,BWI,E
20189,US,VA,BWI,E
20103,US,VA,BWI,E
22942,US,VA,IAD,Y
24649,US,VA,IAD,T
22712,US,VA,BWI,Y
23664,US,VA,IAD,O
23603,US,VA,IAD,O
23604,US,VA,IAD,O
23605,US,VA,IAD,O
23607,US,VA,IAD,O
23609,US,VA,IAD,O
23612,US,VA,IAD,O
23705,US,VA,IAD,O
23661,US,VA,IAD,O
23704,US,VA,IAD,O
23666,US,VA,IAD,O
23669,US,VA,IAD,O
23670,US,VA,IAD,O
23690,US,VA,IAD,O
23701,US,VA,IAD,O
23692,US,VA,IAD,O
23651,US,VA,IAD,O
22812,US,VA,IAD,Y
23093,US,VA,IAD,O
23702,US,VA,IAD,O
22972,US,VA,IAD,V
22939,US,VA,IAD,V
22923,US,VA,IAD,Y
22910,US,VA,IAD,V
22909,US,VA,IAD,V
22908,US,VA,IAD,Y
22904,US,VA,IAD,V
22903,US,VA,IAD,V
23170,US,VA,IAD,V
22821,US,VA,IAD,G
22957,US,VA,IAD,Y
22748,US,VA,IAD,V
22727,US,VA,IAD,Y
22723,US,VA,IAD,V
22718,US,VA,IAD,Y
22714,US,VA,IAD,Y
22025,US,VA,IAD,G
22969,US,VA,IAD,R
23454,US,VA,IAD,O
22968,US,VA,IAD,Y
22942,US,VA,IAD,Y
22942,US,VA,IAD,Y
22902,US,VA,IAD,V
23433,US,VA,IAD,O
22942,US,VA,IAD,Y
23452,US,VA,IAD,O
22942,US,VA,IAD,Y
23451,US,VA,IAD,O
23450,US,VA,IAD,O
23437,US,VA,IAD,O
23436,US,VA,IAD,E
22936,US,VA,IAD,Y
23434,US,VA,IAD,O
23185,US,VA,IAD,O
23432,US,VA,IAD,O
23430,US,VA,IAD,O
23350,US,VA,IAD,O
23304,US,VA,IAD,O
23187,US,VA,IAD,O
23188,US,VA,IAD,O
23435,US,VA,IAD,O
23337,US,VA,IAD,T
23301,US,VA,IAD,T
23320,US,VA,IAD,O
23321,US,VA,IAD,O
23323,US,VA,IAD,O
23324,US,VA,IAD,O
23327,US,VA,IAD,O
23328,US,VA,IAD,O
20166,US,VA,IAD,A
22315,US,VA,IAD,B
22192,US,VA,IAD,C
20185,US,VA,IAD,F
22640,US,VA,IAD,F
20148,US,VA,IAD,B
22638,US,VA,IAD,F
20178,US,VA,IAD,B
22195,US,VA,IAD,C
20113,US,VA,IAD,B
22202,US,VA,IAD,B
23893,US,VA,IAD,D
22649,US,VA,IAD,F
22556,US,VA,IAD,F
20182,US,VA,IAD,D
22185,US,VA,IAD,B
20116,US,VA,IAD,F
22102,US,VA,IAD,B
22202,US,VA,IAD,B
22655,US,VA,IAD,F
20142,US,VA,IAD,C
20118,US,VA,IAD,C
22905,US,VA,BWI,Y
22901,US,VA,BWI,Y
22601,US,VA,BWI,Y
22980,US,VA,BWI,Y
22906,US,VA,BWI,Y
22801,US,VA,BWI,Y
24401,US,VA,BWI,Y
22041,US,VA,DCA,B
20147,US,VA,DCA,C
20148,US,VA,BWI,E
20148,US,VA,DCA,C
20149,US,VA,BWI,E
20149,US,VA,DCA,C
22093,US,VA,BWI,E
22093,US,VA,DCA,C
23308,US,VA,BWI,P
23306,US,VA,BWI,P
20147,US,VA,BWI,E
24055,US,VA,GSO,E
24060,US,VA,ROA,C
24523,US,VA,ROA,C
22307,US,VA,DCA,A
22307,US,VA,BWI,E
22041,US,VA,BWI,E
22242,US,VA,BWI,E
22227,US,VA,DCA,A
22229,US,VA,BWI,E
20124,US,VA,DCA,C
24064,US,VA,ROA,C
22229,US,VA,DCA,B
22230,US,VA,BWI,E
22230,US,VA,DCA,B
22234,US,VA,BWI,E
22234,US,VA,DCA,B
22240,US,VA,BWI,E
22241,US,VA,BWI,E
22241,US,VA,DCA,B
20146,US,VA,DCA,C
22242,US,VA,DCA,B
22243,US,VA,BWI,E
22243,US,VA,DCA,B
22244,US,VA,BWI,E
22244,US,VA,DCA,B
22245,US,VA,BWI,E
22245,US,VA,DCA,B
22246,US,VA,BWI,E
22246,US,VA,DCA,B
20146,US,VA,BWI,E
22240,US,VA,DCA,B
24077,US,VA,ROA,A
20151,US,VA,DCA,B
20152,US,VA,BWI,E
20152,US,VA,DCA,B
20153,US,VA,BWI,E
24044,US,VA,ROA,A
20153,US,VA,DCA,B
22911,US,VA,CHO,A
24531,US,VA,GSO,F
24073,US,VA,ROA,C
20124,US,VA,BWI,E
20122,US,VA,BWI,Y
24078,US,VA,GSO,E
22306,US,VA,BWI,E
22306,US,VA,DCA,B
24079,US,VA,ROA,C
22701,US,VA,DCA,F
22193,US,VA,BWI,E
22193,US,VA,DCA,C
22227,US,VA,BWI,E
22306,US,VA,DCA,B
23336,US,VA,BWI,P
24070,US,VA,ROA,C
22713,US,VA,DCA,F
20136,US,VA,DCA,F
22430,US,VA,DCA,F
22009,US,VA,BWI,E
22009,US,VA,DCA,B
22015,US,VA,BWI,E
22015,US,VA,DCA,B
20138,US,VA,DCA,F
20120,US,VA,BWI,Y
20151,US,VA,BWI,E
22716,US,VA,DCA,F
20122,US,VA,DCA,C
20143,US,VA,DCA,F
20119,US,VA,DCA,F
24083,US,VA,ROA,C
24018,US,VA,ROA,A
20120,US,VA,BWI,Y
20120,US,VA,DCA,C
20121,US,VA,BWI,Y
20121,US,VA,DCA,C
24065,US,VA,ROA,C
20139,US,VA,DCA,F
22331,US,VA,DCA,A
22313,US,VA,BWI,E
22313,US,VA,DCA,A
22314,US,VA,BWI,E
22314,US,VA,DCA,A
22315,US,VA,DCA,A
22320,US,VA,BWI,E
22320,US,VA,DCA,A
22321,US,VA,BWI,E
22003,US,VA,DCA,B
22331,US,VA,BWI,E
22311,US,VA,DCA,A
22332,US,VA,BWI,E
22332,US,VA,DCA,A
22333,US,VA,BWI,E
22333,US,VA,DCA,A
22334,US,VA,BWI,E
22334,US,VA,DCA,A
22336,US,VA,BWI,E
22336,US,VA,DCA,A
22307,US,VA,DCA,A
22321,US,VA,DCA,A
22306,US,VA,BWI,E
23301,US,VA,BWI,P
22301,US,VA,BWI,E
22301,US,VA,DCA,A
22302,US,VA,BWI,E
22302,US,VA,DCA,A
22303,US,VA,BWI,E
22303,US,VA,DCA,A
22304,US,VA,BWI,E
22304,US,VA,DCA,A
22312,US,VA,DCA,A
22305,US,VA,DCA,A
22312,US,VA,BWI,E
22307,US,VA,BWI,E
22308,US,VA,BWI,E
22308,US,VA,DCA,A
22309,US,VA,BWI,E
22309,US,VA,DCA,A
22310,US,VA,BWI,E
22310,US,VA,DCA,B
22311,US,VA,BWI,E
20107,US,VA,DCA,C
22305,US,VA,BWI,E
22217,US,VA,DCA,A
22212,US,VA,DCA,A
22213,US,VA,BWI,E
22213,US,VA,DCA,A
22214,US,VA,BWI,E
22214,US,VA,DCA,A
22215,US,VA,BWI,E
22215,US,VA,DCA,A
22216,US,VA,BWI,E
22003,US,VA,BWI,E
22217,US,VA,BWI,E
22211,US,VA,BWI,E
22219,US,VA,BWI,E
22219,US,VA,DCA,A
22222,US,VA,BWI,E
22222,US,VA,DCA,A
22223,US,VA,BWI,E
22223,US,VA,DCA,A
22225,US,VA,BWI,E
22225,US,VA,DCA,A
22226,US,VA,BWI,E
22216,US,VA,DCA,A
22205,US,VA,DCA,A
22246,US,VA,BWI,E
20376,US,VA,BWI,E
22201,US,VA,BWI,E
22201,US,VA,DCA,A
22202,US,VA,BWI,E
22202,US,VA,DCA,A
22203,US,VA,BWI,E
22203,US,VA,DCA,A
22204,US,VA,BWI,E
22212,US,VA,BWI,E
22205,US,VA,BWI,E
22211,US,VA,DCA,A
22206,US,VA,BWI,E
22206,US,VA,DCA,A
22207,US,VA,BWI,E
22207,US,VA,DCA,A
22209,US,VA,BWI,E
22209,US,VA,DCA,A
22210,US,VA,BWI,E
22210,US,VA,DCA,A
22226,US,VA,DCA,A
22204,US,VA,DCA,A
24002,US,VA,ROA,A
22119,US,VA,DCA,B
24012,US,VA,ROA,A
24011,US,VA,ROA,A
24010,US,VA,ROA,A
24009,US,VA,ROA,A
24008,US,VA,ROA,A
24007,US,VA,ROA,A
24006,US,VA,ROA,A
24005,US,VA,ROA,A
24014,US,VA,ROA,A
24003,US,VA,ROA,A
24015,US,VA,ROA,A
24001,US,VA,ROA,A
24012,US,VA,ROA,A
22737,US,VA,DCA,F
24586,US,VA,GSO,E
24148,US,VA,GSO,E
23250,US,VA,RIC,A
22096,US,VA,DCA,B
22096,US,VA,BWI,E
22095,US,VA,DCA,B
22095,US,VA,BWI,E
24004,US,VA,ROA,A
24027,US,VA,ROA,A
24045,US,VA,ROA,A
24042,US,VA,ROA,A
24038,US,VA,ROA,A
24037,US,VA,ROA,A
24036,US,VA,ROA,A
24035,US,VA,ROA,A
24034,US,VA,ROA,A
24033,US,VA,ROA,A
24032,US,VA,ROA,A
24013,US,VA,ROA,A
24028,US,VA,ROA,A
20196,US,VA,DCA,B
24026,US,VA,ROA,A
24025,US,VA,ROA,A
24024,US,VA,ROA,A
24023,US,VA,ROA,A
24022,US,VA,ROA,A
24020,US,VA,ROA,A
24019,US,VA,ROA,B
24018,US,VA,ROA,A
24017,US,VA,ROA,A
24016,US,VA,ROA,A
24030,US,VA,ROA,A
20149,US,VA,BWI,J
22151,US,VA,BWI,E
23518,US,VA,ORF,A
20181,US,VA,DCA,F
22151,US,VA,BWI,E
22315,US,VA,BWI,J
22122,US,VA,DCA,B
22122,US,VA,BWI,J
23415,US,VA,BWI,P
20192,US,VA,DCA,B
22092,US,VA,DCA,B
20149,US,VA,DCA,C
22124,US,VA,DCA,B
22121,US,VA,DCA,B
22121,US,VA,BWI,J
22042,US,VA,DCA,B
22042,US,VA,BWI,E
24122,US,VA,ROA,C
22729,US,VA,DCA,F
22728,US,VA,DCA,F
20117,US,VA,DCA,C
22120,US,VA,DCA,B
22120,US,VA,BWI,E
20192,US,VA,BWI,E
22701,US,VA,DCA,F
22219,US,VA,BWI,E
20196,US,VA,BWI,E
20195,US,VA,DCA,B
20195,US,VA,BWI,E
20194,US,VA,DCA,B
20194,US,VA,BWI,E
20191,US,VA,DCA,B
20191,US,VA,BWI,E
20190,US,VA,DCA,B
20190,US,VA,BWI,E
22151,US,VA,DCA,B
22733,US,VA,DCA,F
22124,US,VA,BWI,E
22135,US,VA,DCA,C
22134,US,VA,DCA,C
22043,US,VA,DCA,B
22043,US,VA,BWI,E
20128,US,VA,DCA,F
23418,US,VA,BWI,P
23417,US,VA,BWI,P
22125,US,VA,DCA,C
22125,US,VA,BWI,J
22092,US,VA,BWI,E
22734,US,VA,DCA,F
22180,US,VA,BWI,E
22185,US,VA,DCA,B
22185,US,VA,BWI,E
22184,US,VA,DCA,B
22184,US,VA,BWI,E
22183,US,VA,DCA,B
22183,US,VA,BWI,E
22182,US,VA,DCA,B
22182,US,VA,BWI,E
22181,US,VA,DCA,B
24171,US,VA,GSO,F
22180,US,VA,DCA,B
20186,US,VA,DCA,F
22124,US,VA,DCA,B
22124,US,VA,BWI,E
22027,US,VA,DCA,B
22027,US,VA,BWI,E
22246,US,VA,DCA,B
22246,US,VA,BWI,E
22567,US,VA,DCA,F
24175,US,VA,ROA,B
22172,US,VA,DCA,F
24048,US,VA,ROA,A
22181,US,VA,BWI,E
22152,US,VA,BWI,E
24540,US,VA,GSO,E
24040,US,VA,ROA,A
22194,US,VA,DCA,C
22194,US,VA,BWI,E
22193,US,VA,DCA,C
22193,US,VA,BWI,E
22192,US,VA,DCA,C
22192,US,VA,BWI,E
22191,US,VA,DCA,C
22191,US,VA,BWI,E
24178,US,VA,ROA,C
22152,US,VA,DCA,B
24179,US,VA,ROA,B
22103,US,VA,DCA,B
22103,US,VA,BWI,E
22102,US,VA,DCA,B
22102,US,VA,BWI,E
22308,US,VA,DCA,A
22308,US,VA,BWI,E
22747,US,VA,DCA,F
20188,US,VA,DCA,F
20187,US,VA,DCA,F
22741,US,VA,DCA,F
22701,US,VA,DCA,F
22553,US,VA,DCA,F
22153,US,VA,BWI,E
22152,US,VA,DCA,B
22152,US,VA,BWI,E
22151,US,VA,DCA,B
22151,US,VA,BWI,E
22150,US,VA,DCA,B
22150,US,VA,BWI,E
22015,US,VA,DCA,B
22015,US,VA,BWI,E
22742,US,VA,DCA,F
22009,US,VA,BWI,E
22156,US,VA,DCA,B
22740,US,VA,DCA,F
24592,US,VA,GSO,F
22739,US,VA,DCA,F
22553,US,VA,DCA,F
24162,US,VA,ROA,C
22044,US,VA,DCA,B
22044,US,VA,BWI,E
24153,US,VA,ROA,A
22545,US,VA,DCA,F
24029,US,VA,ROA,A
22009,US,VA,DCA,B
22555,US,VA,DCA,F
20176,US,VA,BWI,E
20167,US,VA,DCA,B
20167,US,VA,BWI,E
20166,US,VA,DCA,B
20166,US,VA,BWI,E
20165,US,VA,DCA,B
20165,US,VA,BWI,E
20164,US,VA,DCA,B
20164,US,VA,BWI,E
20163,US,VA,DCA,B
22153,US,VA,DCA,B
24168,US,VA,GSO,E
22156,US,VA,BWI,E
22554,US,VA,DCA,F
22161,US,VA,DCA,B
22161,US,VA,BWI,E
22160,US,VA,DCA,B
22160,US,VA,BWI,E
22159,US,VA,DCA,B
22159,US,VA,BWI,E
22158,US,VA,DCA,B
22158,US,VA,BWI,E
24151,US,VA,ROA,C
20163,US,VA,BWI,E
22403,US,VA,DCA,F
24089,US,VA,GSO,E
22720,US,VA,DCA,F
22412,US,VA,DCA,F
22463,US,VA,DCA,F
20156,US,VA,DCA,F
20155,US,VA,DCA,F
22211,US,VA,DCA,A
22211,US,VA,BWI,J
22412,US,VA,DCA,F
22408,US,VA,DCA,F
22407,US,VA,DCA,F
22406,US,VA,DCA,F
22066,US,VA,DCA,B
22404,US,VA,DCA,F
22067,US,VA,BWI,E
22402,US,VA,DCA,F
22401,US,VA,DCA,F
22405,US,VA,DCA,F
22404,US,VA,DCA,F
22403,US,VA,DCA,F
22402,US,VA,DCA,F
22401,US,VA,DCA,F
22310,US,VA,DCA,B
22310,US,VA,BWI,E
22060,US,VA,DCA,B
22060,US,VA,BWI,E
22092,US,VA,BWI,E
22405,US,VA,DCA,F
20171,US,VA,DCA,B
20196,US,VA,DCA,B
20196,US,VA,BWI,E
20195,US,VA,DCA,B
20195,US,VA,BWI,E
20194,US,VA,DCA,B
20194,US,VA,BWI,E
20192,US,VA,DCA,B
20192,US,VA,BWI,E
20191,US,VA,DCA,B
20191,US,VA,BWI,E
20190,US,VA,DCA,B
20190,US,VA,BWI,E
22066,US,VA,BWI,E
20172,US,VA,BWI,E
22032,US,VA,BWI,E
20171,US,VA,BWI,E
20170,US,VA,DCA,B
20170,US,VA,BWI,E
20169,US,VA,DCA,F
20168,US,VA,DCA,F
20168,US,VA,BWI,Y
22471,US,VA,DCA,F
24101,US,VA,ROA,C
24558,US,VA,GSO,F
20196,US,VA,DCA,B
20196,US,VA,BWI,E
22067,US,VA,DCA,B
20172,US,VA,DCA,B
22309,US,VA,BWI,E
24090,US,VA,ROA,C
22032,US,VA,BWI,E
22031,US,VA,DCA,B
22031,US,VA,BWI,E
22030,US,VA,DCA,B
22030,US,VA,BWI,E
20153,US,VA,DCA,B
20153,US,VA,BWI,E
20152,US,VA,DCA,B
20152,US,VA,BWI,E
20151,US,VA,DCA,B
20151,US,VA,BWI,E
22033,US,VA,BWI,E
22309,US,VA,DCA,A
22033,US,VA,DCA,B
24085,US,VA,ROA,C
24031,US,VA,ROA,A
22027,US,VA,BWI,E
20163,US,VA,BWI,J
20102,US,VA,DCA,B
20102,US,VA,BWI,E
20102,US,VA,DCA,B
20102,US,VA,BWI,E
20101,US,VA,DCA,B
20101,US,VA,BWI,E
24543,US,VA,GSO,E
24541,US,VA,GSO,E
22135,US,VA,DCA,C
22040,US,VA,BWI,E
22403,US,VA,DCA,F
22047,US,VA,DCA,B
22047,US,VA,BWI,E
22046,US,VA,DCA,B
22046,US,VA,BWI,E
22044,US,VA,DCA,B
22044,US,VA,BWI,E
22043,US,VA,DCA,B
22043,US,VA,BWI,E
22042,US,VA,DCA,B
22042,US,VA,BWI,E
22041,US,VA,DCA,B
22032,US,VA,DCA,B
22040,US,VA,DCA,B
24087,US,VA,ROA,C
22039,US,VA,DCA,C
22039,US,VA,BWI,E
22039,US,VA,DCA,C
22039,US,VA,BWI,E
22038,US,VA,DCA,B
22038,US,VA,BWI,E
22037,US,VA,DCA,B
22037,US,VA,BWI,E
22036,US,VA,BWI,E
22035,US,VA,DCA,B
22035,US,VA,BWI,E
22034,US,VA,BWI,E
22041,US,VA,BWI,E
22067,US,VA,DCA,B
24112,US,VA,GSO,E
22103,US,VA,DCA,B
22103,US,VA,BWI,E
22102,US,VA,DCA,B
22102,US,VA,BWI,E
22109,US,VA,DCA,B
22101,US,VA,BWI,E
22067,US,VA,BWI,E
22067,US,VA,BWI,E
22079,US,VA,DCA,C
22079,US,VA,BWI,E
24115,US,VA,GSO,E
24114,US,VA,GSO,E
24113,US,VA,GSO,E
22101,US,VA,DCA,B
22081,US,VA,DCA,B
22119,US,VA,BWI,E
22118,US,VA,DCA,B
22118,US,VA,BWI,E
22116,US,VA,DCA,B
22116,US,VA,BWI,E
22106,US,VA,DCA,B
22082,US,VA,BWI,E
22106,US,VA,BWI,E
22081,US,VA,BWI,E
22109,US,VA,BWI,E
22106,US,VA,BWI,E
22103,US,VA,BWI,E
22102,US,VA,BWI,E
22101,US,VA,BWI,E
22082,US,VA,DCA,B
24087,US,VA,ROA,C
20175,US,VA,DCA,C
20175,US,VA,BWI,E
22192,US,VA,BWI,E
22315,US,VA,DCA,A
22092,US,VA,DCA,B
22303,US,VA,DCA,A
20176,US,VA,BWI,E
22303,US,VA,BWI,E
22096,US,VA,BWI,E
24020,US,VA,ROA,A
24019,US,VA,ROA,B
22096,US,VA,DCA,B
23407,US,VA,BWI,P
22095,US,VA,DCA,B
22109,US,VA,BWI,E
22027,US,VA,DCA,B
20109,US,VA,BWI,E
22095,US,VA,BWI,E
20112,US,VA,DCA,C
20112,US,VA,BWI,E
20111,US,VA,DCA,C
20111,US,VA,BWI,E
20110,US,VA,DCA,C
20109,US,VA,DCA,C
22199,US,VA,DCA,C
22199,US,VA,BWI,E
22079,US,VA,DCA,C
22079,US,VA,BWI,E
22508,US,VA,DCA,F
20177,US,VA,DCA,C
20176,US,VA,DCA,C
20110,US,VA,BWI,E
24527,US,VA,IAD,U
24029,US,VA,IAD,S
22642,US,VA,IAD,G
24066,US,VA,IAD,S
22199,US,VA,IAD,C
22508,US,VA,IAD,F
23947,US,VA,IAD,Q
24033,US,VA,IAD,S
24022,US,VA,IAD,S
22079,US,VA,IAD,C
24368,US,VA,IAD,V
24351,US,VA,IAD,V
24569,US,VA,IAD,Q
24577,US,VA,IAD,Q
20176,US,VA,IAD,C
24030,US,VA,IAD,S
20177,US,VA,IAD,C
20175,US,VA,IAD,C
24008,US,VA,IAD,S
22511,US,VA,IAD,G
24009,US,VA,IAD,S
24266,US,VA,IAD,U
22315,US,VA,IAD,B
24026,US,VA,IAD,S
24023,US,VA,IAD,S
24025,US,VA,IAD,S
22511,US,VA,IAD,G
24024,US,VA,IAD,S
24450,US,VA,IAD,S
24028,US,VA,IAD,S
22192,US,VA,IAD,C
24031,US,VA,IAD,S
24032,US,VA,IAD,S
20160,US,VA,IAD,G
24027,US,VA,IAD,S
20141,US,VA,IAD,G
20110,US,VA,IAD,B
22079,US,VA,IAD,C
24283,US,VA,IAD,U
20111,US,VA,IAD,B
20112,US,VA,IAD,B
24354,US,VA,IAD,V
24016,US,VA,IAD,S
24011,US,VA,IAD,S
22643,US,VA,IAD,G
24457,US,VA,IAD,S
22545,US,VA,IAD,F
24017,US,VA,IAD,S
24012,US,VA,IAD,S
24013,US,VA,IAD,S
20115,US,VA,IAD,G
24112,US,VA,IAD,Q
24113,US,VA,IAD,Q
24014,US,VA,IAD,S
22106,US,VA,IAD,B
24015,US,VA,IAD,S
24114,US,VA,IAD,Q
24037,US,VA,IAD,S
24502,US,VA,IAD,R
24020,US,VA,IAD,S
24019,US,VA,IAD,S
22949,US,VA,IAD,R
24010,US,VA,IAD,S
24034,US,VA,IAD,S
24588,US,VA,IAD,R
24457,US,VA,IAD,S
24035,US,VA,IAD,S
24571,US,VA,IAD,Q
24038,US,VA,IAD,S
24501,US,VA,IAD,R
20109,US,VA,IAD,B
24503,US,VA,IAD,R
24504,US,VA,IAD,R
24505,US,VA,IAD,R
24506,US,VA,IAD,R
24514,US,VA,IAD,R
24515,US,VA,IAD,R
22952,US,VA,IAD,R
24018,US,VA,IAD,S
24572,US,VA,IAD,R
20180,US,VA,IAD,G
24115,US,VA,IAD,Q
24130,US,VA,IAD,S
22102,US,VA,IAD,B
24048,US,VA,IAD,S
24045,US,VA,IAD,S
24631,US,VA,IAD,U
22125,US,VA,IAD,C
24641,US,VA,IAD,U
24148,US,VA,IAD,Q
24147,US,VA,IAD,V
24149,US,VA,IAD,V
20128,US,VA,IAD,F
20129,US,VA,IAD,F
22963,US,VA,IAD,F
22096,US,VA,IAD,A
20130,US,VA,IAD,G
24133,US,VA,IAD,Q
24631,US,VA,IAD,U
22960,US,VA,IAD,F
24150,US,VA,IAD,V
24126,US,VA,IAD,Q
22122,US,VA,IAD,B
22315,US,VA,IAD,B
24128,US,VA,IAD,Q
24271,US,VA,IAD,U
22151,US,VA,IAD,B
24473,US,VA,IAD,R
24370,US,VA,IAD,V
24136,US,VA,IAD,V
24272,US,VA,IAD,U
22959,US,VA,IAD,R
22151,US,VA,IAD,B
24586,US,VA,IAD,Q
24630,US,VA,IAD,U
24273,US,VA,IAD,U
22124,US,VA,IAD,B
20181,US,VA,IAD,F
22135,US,VA,IAD,C
20160,US,VA,IAD,G
22134,US,VA,IAD,C
20196,US,VA,IAD,A
24044,US,VA,IAD,S
20195,US,VA,IAD,A
20194,US,VA,IAD,A
22095,US,VA,IAD,A
20191,US,VA,IAD,A
24279,US,VA,IAD,U
22701,US,VA,IAD,F
24141,US,VA,IAD,V
24472,US,VA,IAD,W
22733,US,VA,IAD,F
24639,US,VA,IAD,U
20140,US,VA,IAD,F
22734,US,VA,IAD,F
20193,US,VA,IAD,B
20244,US,VA,IAD,A
24473,US,VA,IAD,R
22092,US,VA,IAD,A
24137,US,VA,IAD,Q
24277,US,VA,IAD,U
20552,US,VA,IAD,A
23803,US,VA,IAD,Q
23804,US,VA,IAD,Q
20132,US,VA,IAD,G
24042,US,VA,IAD,S
24301,US,VA,IAD,V
23959,US,VA,IAD,Q
20131,US,VA,IAD,G
24128,US,VA,IAD,Q
24138,US,VA,IAD,S
22043,US,VA,IAD,B
23061,US,VA,IAD,Q
24134,US,VA,IAD,V
23805,US,VA,IAD,Q
22118,US,VA,IAD,B
24120,US,VA,IAD,V
24361,US,VA,IAD,U
22081,US,VA,IAD,B
22082,US,VA,IAD,B
24006,US,VA,IAD,S
24281,US,VA,IAD,U
22645,US,VA,IAD,G
24151,US,VA,IAD,V
20190,US,VA,IAD,A
22119,US,VA,IAD,B
22120,US,VA,IAD,B
24153,US,VA,IAD,S
24005,US,VA,IAD,S
24459,US,VA,IAD,W
20117,US,VA,IAD,C
24129,US,VA,IAD,S
22116,US,VA,IAD,B
22106,US,VA,IAD,B
24040,US,VA,IAD,S
22644,US,VA,IAD,W
24360,US,VA,IAD,V
24007,US,VA,IAD,S
24269,US,VA,IAD,U
22067,US,VA,IAD,B
22101,US,VA,IAD,B
24361,US,VA,IAD,U
22103,US,VA,IAD,B
22109,US,VA,IAD,B
22109,US,VA,IAD,B
24269,US,VA,IAD,U
20505,US,VA,IAD,B
22067,US,VA,IAD,B
22101,US,VA,IAD,B
22103,US,VA,IAD,B
24004,US,VA,IAD,S
22102,US,VA,IAD,B
24001,US,VA,IAD,S
24576,US,VA,IAD,Q
22960,US,VA,IAD,F
24577,US,VA,IAD,Q
24002,US,VA,IAD,S
20149,US,VA,IAD,B
20192,US,VA,IAD,A
20177,US,VA,IAD,C
24579,US,VA,IAD,Q
24003,US,VA,IAD,S
22737,US,VA,IAD,F
24579,US,VA,IAD,Q
22958,US,VA,IAD,R
23123,US,VA,IAD,Q
22630,US,VA,IAD,G
22971,US,VA,IAD,R
22219,US,VA,IAD,B
24578,US,VA,IAD,Q
22960,US,VA,IAD,F
22728,US,VA,IAD,F
24460,US,VA,IAD,R
24463,US,VA,IAD,W
24463,US,VA,IAD,W
24366,US,VA,IAD,S
22729,US,VA,IAD,F
24121,US,VA,IAD,R
24124,US,VA,IAD,V
24465,US,VA,IAD,W
24468,US,VA,IAD,W
24036,US,VA,IAD,S
24161,US,VA,IAD,S
24122,US,VA,IAD,S
22042,US,VA,IAD,B
22121,US,VA,IAD,B
24363,US,VA,IAD,U
24127,US,VA,IAD,S
24574,US,VA,IAD,R
24066,US,VA,IAD,S
22427,US,VA,IAD,G
22620,US,VA,IAD,G
22947,US,VA,IAD,R
24201,US,VA,IAD,U
20136,US,VA,IAD,F
20137,US,VA,IAD,G
23920,US,VA,IAD,Q
22430,US,VA,IAD,F
24528,US,VA,IAD,Q
24317,US,VA,IAD,V
22622,US,VA,IAD,G
24484,US,VA,IAD,S
23921,US,VA,IAD,R
24416,US,VA,IAD,R
24529,US,VA,IAD,Q
22009,US,VA,IAD,B
22015,US,VA,IAD,B
23922,US,VA,IAD,Q
22963,US,VA,IAD,F
24067,US,VA,IAD,S
20138,US,VA,IAD,F
22931,US,VA,IAD,R
22610,US,VA,IAD,G
24603,US,VA,IAD,T
24313,US,VA,IAD,V
24055,US,VA,IAD,Q
24314,US,VA,IAD,V
22924,US,VA,IAD,R
24523,US,VA,IAD,R
22307,US,VA,IAD,B
23018,US,VA,IAD,Q
24059,US,VA,IAD,S
22610,US,VA,IAD,G
22511,US,VA,IAD,G
22713,US,VA,IAD,F
24526,US,VA,IAD,R
24065,US,VA,IAD,S
24219,US,VA,IAD,U
24220,US,VA,IAD,U
24060,US,VA,IAD,S
24061,US,VA,IAD,S
23824,US,VA,IAD,Q
24315,US,VA,IAD,V
24064,US,VA,IAD,S
24605,US,VA,IAD,T
20135,US,VA,IAD,G
23830,US,VA,IAD,Q
22611,US,VA,IAD,G
24534,US,VA,IAD,Q
23927,US,VA,IAD,Q
22624,US,VA,IAD,G
22624,US,VA,IAD,G
24225,US,VA,IAD,U
24533,US,VA,IAD,R
20124,US,VA,IAD,C
24422,US,VA,IAD,W
24361,US,VA,IAD,U
24226,US,VA,IAD,U
22947,US,VA,IAD,R
24228,US,VA,IAD,U
24068,US,VA,IAD,S
24077,US,VA,IAD,V
24230,US,VA,IAD,U
24536,US,VA,IAD,R
24078,US,VA,IAD,Q
22306,US,VA,IAD,B
24603,US,VA,IAD,T
24538,US,VA,IAD,R
24079,US,VA,IAD,V
24079,US,VA,IAD,V
24260,US,VA,IAD,U
24244,US,VA,IAD,U
20153,US,VA,IAD,B
20139,US,VA,IAD,F
22716,US,VA,IAD,F
24070,US,VA,IAD,S
20538,US,VA,IAD,B
20119,US,VA,IAD,F
22947,US,VA,IAD,R
24018,US,VA,IAD,S
20120,US,VA,IAD,B
20121,US,VA,IAD,B
20122,US,VA,IAD,B
22947,US,VA,IAD,R
20152,US,VA,IAD,B
24073,US,VA,IAD,S
23030,US,VA,IAD,Q
23923,US,VA,IAD,Q
23923,US,VA,IAD,Q
23923,US,VA,IAD,Q
23924,US,VA,IAD,Q
24531,US,VA,IAD,Q
24072,US,VA,IAD,V
24319,US,VA,IAD,V
23336,US,VA,IAD,T
24312,US,VA,IAD,V
20151,US,VA,IAD,B
24053,US,VA,IAD,V
22336,US,VA,IAD,B
24426,US,VA,IAD,S
24347,US,VA,IAD,V
24517,US,VA,IAD,R
24520,US,VA,IAD,Q
24091,US,VA,IAD,V
24521,US,VA,IAD,R
20106,US,VA,IAD,G
22003,US,VA,IAD,B
22041,US,VA,IAD,B
24522,US,VA,IAD,R
22332,US,VA,IAD,B
20107,US,VA,IAD,C
23003,US,VA,IAD,Q
20231,US,VA,IAD,B
20301,US,VA,IAD,B
20310,US,VA,IAD,B
20318,US,VA,IAD,B
20330,US,VA,IAD,B
20350,US,VA,IAD,B
20370,US,VA,IAD,B
20376,US,VA,IAD,B
24216,US,VA,IAD,U
22309,US,VA,IAD,B
23967,US,VA,IAD,Q
24210,US,VA,IAD,U
23001,US,VA,IAD,Q
20105,US,VA,IAD,C
22301,US,VA,IAD,B
22302,US,VA,IAD,B
22303,US,VA,IAD,B
22304,US,VA,IAD,B
22305,US,VA,IAD,B
22306,US,VA,IAD,B
22334,US,VA,IAD,B
22308,US,VA,IAD,B
22333,US,VA,IAD,B
22310,US,VA,IAD,B
22311,US,VA,IAD,B
22312,US,VA,IAD,B
22313,US,VA,IAD,B
22314,US,VA,IAD,B
22315,US,VA,IAD,B
22320,US,VA,IAD,B
22321,US,VA,IAD,B
22331,US,VA,IAD,B
20435,US,VA,IAD,B
22307,US,VA,IAD,B
22922,US,VA,IAD,R
20380,US,VA,IAD,B
22227,US,VA,IAD,B
22229,US,VA,IAD,B
22230,US,VA,IAD,B
22234,US,VA,IAD,B
22240,US,VA,IAD,B
22241,US,VA,IAD,B
22242,US,VA,IAD,B
22243,US,VA,IAD,B
22244,US,VA,IAD,B
22225,US,VA,IAD,B
22246,US,VA,IAD,B
22223,US,VA,IAD,B
23004,US,VA,IAD,Q
20146,US,VA,IAD,B
20147,US,VA,IAD,B
20148,US,VA,IAD,B
20149,US,VA,IAD,B
22093,US,VA,IAD,B
24311,US,VA,IAD,V
24411,US,VA,IAD,S
24411,US,VA,IAD,S
20199,US,VA,IAD,F
22245,US,VA,IAD,B
22209,US,VA,IAD,B
24054,US,VA,IAD,Q
20441,US,VA,IAD,B
20536,US,VA,IAD,B
20539,US,VA,IAD,B
20550,US,VA,IAD,B
22201,US,VA,IAD,B
22202,US,VA,IAD,B
22203,US,VA,IAD,B
22204,US,VA,IAD,B
22205,US,VA,IAD,B
22226,US,VA,IAD,B
22207,US,VA,IAD,B
20406,US,VA,IAD,B
22210,US,VA,IAD,B
22211,US,VA,IAD,B
22212,US,VA,IAD,B
22213,US,VA,IAD,B
22214,US,VA,IAD,B
22215,US,VA,IAD,B
22216,US,VA,IAD,B
22217,US,VA,IAD,B
22219,US,VA,IAD,B
22222,US,VA,IAD,B
22206,US,VA,IAD,B
24333,US,VA,IAD,V
24620,US,VA,IAD,U
22406,US,VA,IAD,F
22407,US,VA,IAD,F
22408,US,VA,IAD,F
22412,US,VA,IAD,F
22412,US,VA,IAD,F
22630,US,VA,IAD,G
22211,US,VA,IAD,B
23061,US,VA,IAD,Q
20156,US,VA,IAD,B
24448,US,VA,IAD,S
22463,US,VA,IAD,F
24251,US,VA,IAD,U
22412,US,VA,IAD,F
24340,US,VA,IAD,V
24092,US,VA,IAD,V
24553,US,VA,IAD,R
24554,US,VA,IAD,Q
24555,US,VA,IAD,R
24090,US,VA,IAD,S
20155,US,VA,IAD,C
22401,US,VA,IAD,F
22627,US,VA,IAD,G
24091,US,VA,IAD,V
24551,US,VA,IAD,R
22060,US,VA,IAD,B
24250,US,VA,IAD,U
24360,US,VA,IAD,V
22401,US,VA,IAD,F
24347,US,VA,IAD,V
22403,US,VA,IAD,F
24563,US,VA,IAD,Q
22405,US,VA,IAD,F
24348,US,VA,IAD,Q
22402,US,VA,IAD,F
22403,US,VA,IAD,F
22404,US,VA,IAD,F
22405,US,VA,IAD,F
22724,US,VA,IAD,G
22303,US,VA,IAD,B
24565,US,VA,IAD,Q
24087,US,VA,IAD,S
23062,US,VA,IAD,Q
22404,US,VA,IAD,F
24260,US,VA,IAD,U
24102,US,VA,IAD,V
20170,US,VA,IAD,A
20171,US,VA,IAD,A
22639,US,VA,IAD,G
20190,US,VA,IAD,A
24104,US,VA,IAD,Q
24445,US,VA,IAD,V
20191,US,VA,IAD,A
24093,US,VA,IAD,V
20194,US,VA,IAD,A
20168,US,VA,IAD,F
20195,US,VA,IAD,A
20196,US,VA,IAD,A
22092,US,VA,IAD,A
24020,US,VA,IAD,S
22095,US,VA,IAD,A
24019,US,VA,IAD,S
22096,US,VA,IAD,A
24343,US,VA,IAD,V
23943,US,VA,IAD,Q
20192,US,VA,IAD,A
24557,US,VA,IAD,Q
23062,US,VA,IAD,Q
23062,US,VA,IAD,Q
24426,US,VA,IAD,S
20143,US,VA,IAD,F
22720,US,VA,IAD,F
24556,US,VA,IAD,R
24095,US,VA,IAD,V
22637,US,VA,IAD,G
24439,US,VA,IAD,R
24256,US,VA,IAD,U
22067,US,VA,IAD,B
20169,US,VA,IAD,F
24614,US,VA,IAD,U
20196,US,VA,IAD,A
24558,US,VA,IAD,Q
20158,US,VA,IAD,G
23943,US,VA,IAD,Q
23943,US,VA,IAD,Q
24101,US,VA,IAD,V
22471,US,VA,IAD,F
22310,US,VA,IAD,B
22066,US,VA,IAD,B
23803,US,VA,IAD,Q
24087,US,VA,IAD,S
22309,US,VA,IAD,B
22937,US,VA,IAD,R
22402,US,VA,IAD,F
22963,US,VA,IAD,F
24089,US,VA,IAD,V
22701,US,VA,IAD,F
22030,US,VA,IAD,B
23934,US,VA,IAD,Q
22027,US,VA,IAD,B
24550,US,VA,IAD,Q
24216,US,VA,IAD,U
23944,US,VA,IAD,Q
22135,US,VA,IAD,C
24237,US,VA,IAD,U
20151,US,VA,IAD,B
20153,US,VA,IAD,B
22701,US,VA,IAD,F
22193,US,VA,IAD,C
24540,US,VA,IAD,Q
24541,US,VA,IAD,Q
24236,US,VA,IAD,U
24226,US,VA,IAD,U
24083,US,VA,IAD,S
20144,US,VA,IAD,G
23936,US,VA,IAD,R
24326,US,VA,IAD,U
24549,US,VA,IAD,Q
24085,US,VA,IAD,S
24243,US,VA,IAD,U
24084,US,VA,IAD,V
24244,US,VA,IAD,U
20101,US,VA,IAD,A
20102,US,VA,IAD,A
20102,US,VA,IAD,A
22026,US,VA,IAD,F
20152,US,VA,IAD,B
23937,US,VA,IAD,Q
22042,US,VA,IAD,B
24430,US,VA,IAD,S
23901,US,VA,IAD,Q
22031,US,VA,IAD,B
22938,US,VA,IAD,R
24263,US,VA,IAD,U
24328,US,VA,IAD,V
22041,US,VA,IAD,B
24622,US,VA,IAD,U
23943,US,VA,IAD,Q
22405,US,VA,IAD,F
22043,US,VA,IAD,B
22044,US,VA,IAD,B
23930,US,VA,IAD,Q
22046,US,VA,IAD,B
22403,US,VA,IAD,F
22047,US,VA,IAD,B
24622,US,VA,IAD,U
22039,US,VA,IAD,C
22032,US,VA,IAD,B
22033,US,VA,IAD,B
24088,US,VA,IAD,Q
22034,US,VA,IAD,B
22035,US,VA,IAD,B
23944,US,VA,IAD,Q
22036,US,VA,IAD,B
22038,US,VA,IAD,B
24426,US,VA,IAD,S
22039,US,VA,IAD,C
22946,US,VA,IAD,R
24435,US,VA,IAD,R
24141,US,VA,IAD,V
24539,US,VA,IAD,Q
22040,US,VA,IAD,B
22625,US,VA,IAD,G
22037,US,VA,IAD,B
24243,US,VA,TRI,H
24244,US,VA,TRI,H
24245,US,VA,TRI,H
24246,US,VA,TRI,H
22840,US,VA,CHO,G
24217,US,VA,TRI,H
24209,US,VA,TRI,B
24248,US,VA,TRI,H
24361,US,VA,TRI,D
24271,US,VA,TRI,D
24270,US,VA,TRI,D
24250,US,VA,TRI,D
24258,US,VA,TRI,C
24212,US,VA,TRI,C
24210,US,VA,TRI,C
24205,US,VA,TRI,B
24211,US,VA,TRI,C
22963,US,VA,CHO,C
22935,US,VA,CHO,C
22801,US,VA,CHO,D
22801,US,VA,CHO,D
24440,US,VA,CHO,D
22938,US,VA,CHO,D
22937,US,VA,CHO,D
22709,US,VA,CHO,D
22920,US,VA,CHO,D
22942,US,VA,CHO,C
22942,US,VA,CHO,C
24467,US,VA,CHO,D
22932,US,VA,CHO,C
22731,US,VA,CHO,D
22963,US,VA,CHO,C
22980,US,VA,CHO,C
22974,US,VA,CHO,C
24477,US,VA,CHO,C
22935,US,VA,CHO,C
22959,US,VA,CHO,C
22972,US,VA,CHO,C
22968,US,VA,CHO,C
22980,US,VA,CHO,C
22963,US,VA,CHO,C
22841,US,VA,CHO,E
22942,US,VA,CHO,C
23022,US,VA,CHO,E
22841,US,VA,CHO,E
22960,US,VA,CHO,E
22960,US,VA,CHO,E
23084,US,VA,CHO,E
22807,US,VA,CHO,E
22807,US,VA,CHO,E
22807,US,VA,CHO,E
22803,US,VA,CHO,E
22802,US,VA,CHO,E
23055,US,VA,CHO,E
22723,US,VA,CHO,D
24431,US,VA,CHO,E
22959,US,VA,CHO,C
22711,US,VA,CHO,E
24486,US,VA,CHO,D
24401,US,VA,CHO,D
24482,US,VA,CHO,D
22738,US,VA,CHO,D
24401,US,VA,CHO,D
24401,US,VA,CHO,D
22973,US,VA,CHO,D
24486,US,VA,CHO,D
24590,US,VA,CHO,D
22738,US,VA,CHO,D
22841,US,VA,CHO,E
22909,US,VA,CHO,A
22972,US,VA,CHO,C
22947,US,VA,CHO,B
22923,US,VA,CHO,B
22908,US,VA,CHO,A
22908,US,VA,CHO,A
22909,US,VA,CHO,A
22904,US,VA,CHO,A
22902,US,VA,CHO,A
22910,US,VA,CHO,A
22901,US,VA,CHO,A
22947,US,VA,CHO,B
22910,US,VA,CHO,A
22903,US,VA,CHO,B
22908,US,VA,CHO,A
22904,US,VA,CHO,A
22842,US,VA,CHO,L
22901,US,VA,CHO,A
23123,US,VA,CHO,G
22910,US,VA,CHO,A
22909,US,VA,CHO,A
22908,US,VA,CHO,A
22904,US,VA,CHO,A
22902,US,VA,CHO,A
22901,US,VA,CHO,A
22911,US,VA,CHO,A
22942,US,VA,CHO,C
22963,US,VA,CHO,C
22963,US,VA,CHO,C
22946,US,VA,CHO,C
22942,US,VA,CHO,C
24437,US,VA,CHO,C
22939,US,VA,CHO,C
22935,US,VA,CHO,C
22963,US,VA,CHO,C
22932,US,VA,CHO,C
22931,US,VA,CHO,C
22923,US,VA,CHO,B
22815,US,VA,CHO,C
22902,US,VA,CHO,A
22935,US,VA,CHO,C
22968,US,VA,CHO,C
22903,US,VA,CHO,B
22947,US,VA,CHO,B
22947,US,VA,CHO,B
22943,US,VA,CHO,B
22923,US,VA,CHO,B
22936,US,VA,CHO,B
22947,US,VA,CHO,B
22947,US,VA,CHO,B
22903,US,VA,CHO,B
22963,US,VA,CHO,C
22967,US,VA,CHO,H
22740,US,VA,CHO,G
22747,US,VA,CHO,H
22747,US,VA,CHO,H
22976,US,VA,CHO,H
22851,US,VA,CHO,H
23936,US,VA,CHO,H
23936,US,VA,CHO,H
22835,US,VA,CHO,H
22835,US,VA,CHO,H
22976,US,VA,CHO,H
22967,US,VA,CHO,H
22846,US,VA,CHO,H
22967,US,VA,CHO,H
22967,US,VA,CHO,H
22835,US,VA,CHO,H
22967,US,VA,CHO,H
23936,US,VA,CHO,H
22716,US,VA,CHO,H
22812,US,VA,CHO,H
23936,US,VA,CHO,H
22749,US,VA,CHO,G
22567,US,VA,CHO,G
22922,US,VA,CHO,G
22743,US,VA,CHO,G
22967,US,VA,CHO,H
22847,US,VA,CHO,K
22911,US,VA,CHO,A
22960,US,VA,CHO,E
22845,US,VA,CHO,L
22845,US,VA,CHO,L
22845,US,VA,CHO,L
22842,US,VA,CHO,L
22830,US,VA,CHO,L
22820,US,VA,CHO,L
22811,US,VA,CHO,L
22810,US,VA,CHO,L
24599,US,VA,CHO,H
22847,US,VA,CHO,K
22831,US,VA,CHO,J
22844,US,VA,CHO,K
22853,US,VA,CHO,J
22831,US,VA,CHO,J
22831,US,VA,CHO,J
22746,US,VA,CHO,I
22843,US,VA,CHO,I
22821,US,VA,CHO,I
22834,US,VA,CHO,I
22832,US,VA,CHO,I
22821,US,VA,CHO,I
22746,US,VA,CHO,I
22847,US,VA,CHO,K
22715,US,VA,CHO,F
22952,US,VA,CHO,F
22949,US,VA,CHO,F
23093,US,VA,CHO,F
22948,US,VA,CHO,F
22725,US,VA,CHO,F
22722,US,VA,CHO,F
24441,US,VA,CHO,F
22727,US,VA,CHO,F
22727,US,VA,CHO,F
22719,US,VA,CHO,F
22719,US,VA,CHO,F
22727,US,VA,CHO,F
22727,US,VA,CHO,F
22727,US,VA,CHO,F
22727,US,VA,CHO,F
23004,US,VA,CHO,F
22958,US,VA,CHO,E
22960,US,VA,CHO,E
22969,US,VA,CHO,E
22732,US,VA,CHO,E
22849,US,VA,CHO,G
22844,US,VA,CHO,K
22958,US,VA,CHO,E
22960,US,VA,CHO,E
22827,US,VA,CHO,F
22840,US,VA,CHO,G
22733,US,VA,CHO,G
24471,US,VA,CHO,G
23004,US,VA,CHO,F
22727,US,VA,CHO,F
22735,US,VA,CHO,G
22542,US,VA,CHO,G
24471,US,VA,CHO,G
22964,US,VA,CHO,G
22840,US,VA,CHO,G
22840,US,VA,CHO,G
22567,US,VA,CHO,G
22940,US,VA,CHO,G
22735,US,VA,CHO,G
22952,US,VA,CHO,F
22729,US,VA,CHO,F
22730,US,VA,CHO,F
22971,US,VA,CHO,F
22940,US,VA,CHO,G
22727,US,VA,CHO,F
23038,US,VA,CHO,G
22971,US,VA,CHO,F
22727,US,VA,CHO,F
22922,US,VA,CHO,G
22713,US,VA,CHO,G
23921,US,VA,CHO,G
22433,US,VA,CHO,G
23075,US,VA,RIC,A
23231,US,VA,RIC,A
23232,US,VA,RIC,A
23231,US,VA,RIC,A
23231,US,VA,RIC,A
23292,US,VA,RIC,A
23269,US,VA,RIC,A
23286,US,VA,RIC,A
23297,US,VA,RIC,A
23250,US,VA,RIC,A
23250,US,VA,RIC,A
23292,US,VA,RIC,A
23359,US,VA,ORF,L
23229,US,VA,RIC,B
23060,US,VA,RIC,B
23173,US,VA,RIC,B
23409,US,VA,ORF,L
23421,US,VA,ORF,L
23442,US,VA,ORF,L
23442,US,VA,ORF,L
23421,US,VA,ORF,L
23234,US,VA,RIC,A
23075,US,VA,RIC,A
23286,US,VA,RIC,A
23276,US,VA,RIC,A
23219,US,VA,RIC,A
23297,US,VA,RIC,A
23274,US,VA,RIC,A
23269,US,VA,RIC,A
23075,US,VA,RIC,A
23231,US,VA,RIC,A
23250,US,VA,RIC,A
23250,US,VA,RIC,A
23116,US,VA,RIC,B
23226,US,VA,RIC,B
23225,US,VA,RIC,B
23224,US,VA,RIC,B
23221,US,VA,RIC,B
23173,US,VA,RIC,B
23289,US,VA,RIC,B
23288,US,VA,RIC,B
23279,US,VA,RIC,B
23225,US,VA,RIC,B
23141,US,VA,RIC,B
23229,US,VA,RIC,B
23111,US,VA,RIC,B
23116,US,VA,RIC,B
23111,US,VA,RIC,B
23249,US,VA,RIC,B
23288,US,VA,RIC,B
23289,US,VA,RIC,B
23294,US,VA,RIC,B
23288,US,VA,RIC,B
23273,US,VA,RIC,B
23229,US,VA,RIC,B
23288,US,VA,RIC,B
23511,US,VA,ORF,B
23173,US,VA,RIC,B
23173,US,VA,RIC,B
23229,US,VA,RIC,B
23221,US,VA,RIC,B
23228,US,VA,RIC,B
23233,US,VA,RIC,B
23295,US,VA,RIC,B
23294,US,VA,RIC,B
23227,US,VA,RIC,B
23289,US,VA,RIC,B
23228,US,VA,RIC,B
23279,US,VA,RIC,B
23273,US,VA,RIC,B
23249,US,VA,RIC,B
23237,US,VA,RIC,B
23236,US,VA,RIC,B
23235,US,VA,RIC,B
23233,US,VA,RIC,B
23230,US,VA,RIC,B
23228,US,VA,RIC,B
23290,US,VA,RIC,B
23274,US,VA,RIC,A
23233,US,VA,RIC,B
23250,US,VA,RIC,A
23298,US,VA,RIC,A
23297,US,VA,RIC,A
23293,US,VA,RIC,A
23292,US,VA,RIC,A
23291,US,VA,RIC,A
23286,US,VA,RIC,A
23282,US,VA,RIC,A
23150,US,VA,RIC,A
23276,US,VA,RIC,A
23220,US,VA,RIC,A
23269,US,VA,RIC,A
23250,US,VA,RIC,A
23234,US,VA,RIC,A
23232,US,VA,RIC,A
23231,US,VA,RIC,A
23223,US,VA,RIC,A
23222,US,VA,RIC,A
23220,US,VA,RIC,A
23219,US,VA,RIC,A
23278,US,VA,RIC,A
23836,US,VA,RIC,B
23250,US,VA,RIC,A
23060,US,VA,RIC,B
23059,US,VA,RIC,B
23060,US,VA,RIC,B
23059,US,VA,RIC,B
23060,US,VA,RIC,B
23059,US,VA,RIC,B
23290,US,VA,RIC,B
23273,US,VA,RIC,B
23293,US,VA,RIC,A
23834,US,VA,RIC,B
23229,US,VA,RIC,B
23831,US,VA,RIC,B
23295,US,VA,RIC,B
23235,US,VA,RIC,B
23279,US,VA,RIC,B
23278,US,VA,RIC,A
23298,US,VA,RIC,A
23231,US,VA,RIC,A
23282,US,VA,RIC,A
23291,US,VA,RIC,A
23834,US,VA,RIC,B
23511,US,VA,ORF,B
23529,US,VA,ORF,B
23515,US,VA,ORF,B
23512,US,VA,ORF,B
23511,US,VA,ORF,B
23508,US,VA,ORF,B
23551,US,VA,ORF,B
23512,US,VA,ORF,B
23529,US,VA,ORF,B
23511,US,VA,ORF,B
23479,US,VA,ORF,B
23511,US,VA,ORF,B
23459,US,VA,ORF,B
23515,US,VA,ORF,B
23479,US,VA,ORF,B
23505,US,VA,ORF,B
23708,US,VA,ORF,B
23511,US,VA,ORF,B
23459,US,VA,ORF,B
23454,US,VA,ORF,B
23453,US,VA,ORF,B
23452,US,VA,ORF,B
23464,US,VA,ORF,B
23551,US,VA,ORF,B
23709,US,VA,ORF,B
23511,US,VA,ORF,B
23707,US,VA,ORF,B
23704,US,VA,ORF,B
23703,US,VA,ORF,B
23702,US,VA,ORF,B
23701,US,VA,ORF,B
23325,US,VA,ORF,B
23324,US,VA,ORF,B
23521,US,VA,ORF,A
23513,US,VA,ORF,A
23510,US,VA,ORF,A
23509,US,VA,ORF,A
23507,US,VA,ORF,A
23504,US,VA,ORF,A
23511,US,VA,ORF,B
23502,US,VA,ORF,A
23519,US,VA,ORF,A
23326,US,VA,ORF,A
23465,US,VA,ORF,A
23463,US,VA,ORF,A
23326,US,VA,ORF,A
23043,US,VA,RIC,L
23005,US,VA,RIC,C
23503,US,VA,ORF,A
23463,US,VA,ORF,A
23324,US,VA,ORF,B
23321,US,VA,ORF,B
23320,US,VA,ORF,B
23465,US,VA,ORF,A
23463,US,VA,ORF,A
23462,US,VA,ORF,A
23517,US,VA,ORF,A
23465,US,VA,ORF,A
23518,US,VA,ORF,A
23462,US,VA,ORF,A
23455,US,VA,ORF,A
23523,US,VA,ORF,A
23521,US,VA,ORF,A
23520,US,VA,ORF,A
23452,US,VA,ORF,B
23455,US,VA,ORF,A
23691,US,VA,ORF,E
23307,US,VA,ORF,I
23354,US,VA,ORF,I
23302,US,VA,ORF,I
23358,US,VA,ORF,H
23358,US,VA,ORF,H
23430,US,VA,ORF,E
23851,US,VA,ORF,F
23306,US,VA,ORF,J
23691,US,VA,ORF,E
23487,US,VA,ORF,E
23438,US,VA,ORF,E
23315,US,VA,ORF,E
23438,US,VA,ORF,E
23464,US,VA,ORF,B
23310,US,VA,ORF,H
23301,US,VA,ORF,K
23308,US,VA,ORF,L
23303,US,VA,ORF,L
23420,US,VA,ORF,K
23418,US,VA,ORF,K
23417,US,VA,ORF,K
23410,US,VA,ORF,K
23354,US,VA,ORF,I
23357,US,VA,ORF,K
23405,US,VA,ORF,I
23488,US,VA,ORF,J
23399,US,VA,ORF,J
23399,US,VA,ORF,J
23399,US,VA,ORF,J
23350,US,VA,ORF,J
23691,US,VA,ORF,E
23404,US,VA,ORF,K
23323,US,VA,ORF,C
23451,US,VA,ORF,C
23436,US,VA,ORF,C
23435,US,VA,ORF,C
23433,US,VA,ORF,C
23322,US,VA,ORF,C
23437,US,VA,ORF,E
23433,US,VA,ORF,C
23451,US,VA,ORF,C
23322,US,VA,ORF,C
23479,US,VA,ORF,B
23464,US,VA,ORF,B
23459,US,VA,ORF,B
23454,US,VA,ORF,B
23453,US,VA,ORF,B
23435,US,VA,ORF,C
23434,US,VA,ORF,D
23691,US,VA,ORF,E
23691,US,VA,ORF,E
23437,US,VA,ORF,E
23315,US,VA,ORF,E
23457,US,VA,ORF,D
23456,US,VA,ORF,D
23460,US,VA,ORF,C
23456,US,VA,ORF,D
23461,US,VA,ORF,C
23432,US,VA,ORF,D
23432,US,VA,ORF,D
23314,US,VA,ORF,D
23461,US,VA,ORF,C
23460,US,VA,ORF,C
23409,US,VA,ORF,L
23457,US,VA,ORF,D
23867,US,VA,RIC,J
22535,US,VA,RIC,J
23061,US,VA,RIC,J
23628,US,VA,RIC,J
23602,US,VA,RIC,J
23061,US,VA,RIC,J
23117,US,VA,RIC,J
23872,US,VA,RIC,J
23872,US,VA,RIC,J
23092,US,VA,RIC,J
22504,US,VA,RIC,J
23681,US,VA,RIC,G
23870,US,VA,RIC,J
23169,US,VA,RIC,J
23079,US,VA,RIC,J
23866,US,VA,RIC,J
22476,US,VA,RIC,J
23071,US,VA,RIC,J
23870,US,VA,RIC,J
23062,US,VA,RIC,J
23062,US,VA,RIC,J
23062,US,VA,RIC,J
23061,US,VA,RIC,J
23062,US,VA,RIC,J
23083,US,VA,RIC,J
23894,US,VA,RIC,J
23930,US,VA,RIC,K
23837,US,VA,RIC,K
23035,US,VA,RIC,K
23025,US,VA,RIC,K
23829,US,VA,RIC,K
23922,US,VA,RIC,K
23035,US,VA,RIC,K
23824,US,VA,RIC,K
23109,US,VA,RIC,K
23821,US,VA,RIC,K
23876,US,VA,RIC,J
23897,US,VA,RIC,J
22436,US,VA,RIC,J
23890,US,VA,RIC,J
23180,US,VA,RIC,J
23175,US,VA,RIC,J
23889,US,VA,RIC,J
23888,US,VA,RIC,J
23176,US,VA,RIC,J
23175,US,VA,RIC,J
23628,US,VA,RIC,J
23169,US,VA,RIC,J
23027,US,VA,RIC,J
22438,US,VA,RIC,J
23061,US,VA,RIC,J
23630,US,VA,RIC,G
22427,US,VA,RIC,J
22741,US,VA,RIC,G
22556,US,VA,RIC,G
22554,US,VA,RIC,G
22553,US,VA,RIC,G
22551,US,VA,RIC,G
22553,US,VA,RIC,G
22736,US,VA,RIC,G
22701,US,VA,RIC,G
22701,US,VA,RIC,G
22701,US,VA,RIC,G
23958,US,VA,RIC,L
23856,US,VA,RIC,H
23005,US,VA,RIC,C
23605,US,VA,RIC,G
23681,US,VA,RIC,G
22712,US,VA,RIC,G
22728,US,VA,RIC,G
23665,US,VA,RIC,G
23665,US,VA,RIC,G
23665,US,VA,RIC,G
23667,US,VA,RIC,G
22701,US,VA,RIC,G
23668,US,VA,RIC,G
23662,US,VA,RIC,G
23061,US,VA,RIC,J
23056,US,VA,RIC,K
23050,US,VA,RIC,J
23040,US,VA,RIC,J
23032,US,VA,RIC,J
22438,US,VA,RIC,J
22438,US,VA,RIC,J
22437,US,VA,RIC,J
23027,US,VA,RIC,J
22436,US,VA,RIC,J
22504,US,VA,RIC,J
22572,US,VA,RIC,G
22427,US,VA,RIC,J
22427,US,VA,RIC,J
22742,US,VA,RIC,I
22734,US,VA,RIC,I
22508,US,VA,RIC,I
22508,US,VA,RIC,I
22726,US,VA,RIC,I
22508,US,VA,RIC,I
22508,US,VA,RIC,I
22720,US,VA,RIC,I
22718,US,VA,RIC,I
23942,US,VA,RIC,H
23942,US,VA,RIC,H
22427,US,VA,RIC,J
23874,US,VA,RIC,L
23950,US,VA,RIC,L
23138,US,VA,RIC,L
23959,US,VA,RIC,L
23138,US,VA,RIC,L
23958,US,VA,RIC,L
23917,US,VA,RIC,L
23917,US,VA,RIC,L
22485,US,VA,RIC,L
23130,US,VA,RIC,L
22443,US,VA,RIC,L
23962,US,VA,RIC,L
23125,US,VA,RIC,L
23963,US,VA,RIC,L
22448,US,VA,RIC,L
23119,US,VA,RIC,L
22520,US,VA,RIC,L
22503,US,VA,RIC,L
23954,US,VA,RIC,L
23952,US,VA,RIC,L
22511,US,VA,RIC,L
23909,US,VA,RIC,L
22511,US,VA,RIC,L
23868,US,VA,RIC,L
23843,US,VA,RIC,K
23874,US,VA,RIC,L
23163,US,VA,RIC,L
23976,US,VA,RIC,L
22578,US,VA,RIC,L
22578,US,VA,RIC,L
23893,US,VA,RIC,L
22576,US,VA,RIC,L
22443,US,VA,RIC,L
22443,US,VA,RIC,L
22435,US,VA,RIC,L
23974,US,VA,RIC,L
23887,US,VA,RIC,L
23960,US,VA,RIC,L
23868,US,VA,RIC,L
22488,US,VA,RIC,L
23970,US,VA,RIC,L
23970,US,VA,RIC,L
23968,US,VA,RIC,L
23879,US,VA,RIC,L
22485,US,VA,RIC,L
23163,US,VA,RIC,L
23878,US,VA,RIC,L
23967,US,VA,RIC,L
22503,US,VA,RIC,L
22539,US,VA,RIC,L
23964,US,VA,RIC,L
23970,US,VA,RIC,L
23898,US,VA,RIC,K
22503,US,VA,RIC,L
22432,US,VA,RIC,L
23920,US,VA,RIC,L
23828,US,VA,RIC,L
23919,US,VA,RIC,L
23827,US,VA,RIC,L
23917,US,VA,RIC,L
23950,US,VA,RIC,L
23950,US,VA,RIC,L
23138,US,VA,RIC,L
23923,US,VA,RIC,L
22503,US,VA,RIC,L
23923,US,VA,RIC,L
23883,US,VA,RIC,K
23696,US,VA,RIC,K
23966,US,VA,RIC,K
23128,US,VA,RIC,K
23056,US,VA,RIC,K
23025,US,VA,RIC,K
23109,US,VA,RIC,K
23128,US,VA,RIC,K
23072,US,VA,RIC,K
23072,US,VA,RIC,K
23607,US,VA,RIC,G
23915,US,VA,RIC,L
23847,US,VA,RIC,L
22485,US,VA,RIC,L
22482,US,VA,RIC,L
23947,US,VA,RIC,L
23944,US,VA,RIC,L
22473,US,VA,RIC,L
23070,US,VA,RIC,L
22469,US,VA,RIC,L
23857,US,VA,RIC,L
23950,US,VA,RIC,L
22460,US,VA,RIC,L
22435,US,VA,RIC,L
23901,US,VA,RIC,L
23844,US,VA,RIC,K
23845,US,VA,RIC,L
23938,US,VA,RIC,L
23937,US,VA,RIC,L
23045,US,VA,RIC,L
23958,US,VA,RIC,L
22448,US,VA,RIC,L
23934,US,VA,RIC,L
22443,US,VA,RIC,L
22443,US,VA,RIC,L
23924,US,VA,RIC,L
23923,US,VA,RIC,L
23909,US,VA,RIC,L
23181,US,VA,RIC,D
23063,US,VA,RIC,D
23149,US,VA,RIC,D
22514,US,VA,RIC,D
23850,US,VA,RIC,D
23063,US,VA,RIC,D
23181,US,VA,RIC,D
22454,US,VA,RIC,D
23841,US,VA,RIC,D
23840,US,VA,RIC,D
23839,US,VA,RIC,D
23161,US,VA,RIC,D
23039,US,VA,RIC,D
22454,US,VA,RIC,D
23186,US,VA,RIC,D
23833,US,VA,RIC,D
23830,US,VA,RIC,D
23024,US,VA,RIC,D
23023,US,VA,RIC,D
22428,US,VA,RIC,D
22428,US,VA,RIC,D
23015,US,VA,RIC,D
23014,US,VA,RIC,D
23011,US,VA,RIC,D
23102,US,VA,RIC,D
23126,US,VA,RIC,D
23881,US,VA,RIC,D
23156,US,VA,RIC,D
23153,US,VA,RIC,D
23149,US,VA,RIC,D
22546,US,VA,RIC,D
22546,US,VA,RIC,D
23146,US,VA,RIC,D
23139,US,VA,RIC,D
23139,US,VA,RIC,D
23669,US,VA,RIC,G
23065,US,VA,RIC,D
22572,US,VA,RIC,G
23065,US,VA,RIC,D
22514,US,VA,RIC,D
23110,US,VA,RIC,D
23108,US,VA,RIC,D
23102,US,VA,RIC,D
23091,US,VA,RIC,D
23091,US,VA,RIC,D
23085,US,VA,RIC,D
23085,US,VA,RIC,D
23085,US,VA,RIC,D
23085,US,VA,RIC,D
23002,US,VA,RIC,D
23156,US,VA,RIC,D
23069,US,VA,RIC,C
23002,US,VA,RIC,D
23112,US,VA,RIC,C
23803,US,VA,RIC,C
23106,US,VA,RIC,C
23069,US,VA,RIC,C
23103,US,VA,RIC,C
23103,US,VA,RIC,C
23089,US,VA,RIC,C
23086,US,VA,RIC,C
23148,US,VA,RIC,C
23114,US,VA,RIC,C
23238,US,VA,RIC,C
23192,US,VA,RIC,C
23801,US,VA,RIC,C
23803,US,VA,RIC,C
23047,US,VA,RIC,C
23842,US,VA,RIC,C
23832,US,VA,RIC,C
23838,US,VA,RIC,C
23832,US,VA,RIC,C
23030,US,VA,RIC,C
23148,US,VA,RIC,C
23832,US,VA,RIC,C
23009,US,VA,RIC,C
23860,US,VA,RIC,C
23103,US,VA,RIC,C
23139,US,VA,RIC,D
23002,US,VA,RIC,D
23805,US,VA,RIC,C
23806,US,VA,RIC,C
23806,US,VA,RIC,C
23806,US,VA,RIC,C
23168,US,VA,RIC,C
23113,US,VA,RIC,C
23160,US,VA,RIC,C
23148,US,VA,RIC,C
23113,US,VA,RIC,C
23148,US,VA,RIC,C
23002,US,VA,RIC,D
23238,US,VA,RIC,C
23140,US,VA,RIC,C
23140,US,VA,RIC,C
23875,US,VA,RIC,C
23806,US,VA,RIC,C
23805,US,VA,RIC,C
23803,US,VA,RIC,C
23801,US,VA,RIC,C
23129,US,VA,RIC,C
23124,US,VA,RIC,C
23120,US,VA,RIC,C
23148,US,VA,RIC,C
23601,US,VA,RIC,F
22408,US,VA,RIC,F
22712,US,VA,RIC,G
23693,US,VA,RIC,F
23692,US,VA,RIC,F
23693,US,VA,RIC,F
23076,US,VA,RIC,F
22538,US,VA,RIC,F
22538,US,VA,RIC,F
22538,US,VA,RIC,F
22534,US,VA,RIC,F
22714,US,VA,RIC,G
23156,US,VA,RIC,D
22714,US,VA,RIC,G
23882,US,VA,RIC,D
22480,US,VA,RIC,F
23076,US,VA,RIC,F
23068,US,VA,RIC,F
23692,US,VA,RIC,F
22412,US,VA,RIC,F
22412,US,VA,RIC,F
22408,US,VA,RIC,F
22407,US,VA,RIC,F
22405,US,VA,RIC,F
22401,US,VA,RIC,F
23606,US,VA,RIC,F
22406,US,VA,RIC,G
23668,US,VA,RIC,G
23667,US,VA,RIC,G
23665,US,VA,RIC,G
23664,US,VA,RIC,G
23663,US,VA,RIC,G
23662,US,VA,RIC,G
23661,US,VA,RIC,G
23651,US,VA,RIC,G
23630,US,VA,RIC,G
23605,US,VA,RIC,G
22714,US,VA,RIC,G
22406,US,VA,RIC,G
22509,US,VA,RIC,F
22406,US,VA,RIC,G
22406,US,VA,RIC,G
22406,US,VA,RIC,G
22406,US,VA,RIC,G
22406,US,VA,RIC,G
23651,US,VA,RIC,G
22572,US,VA,RIC,G
23630,US,VA,RIC,G
22406,US,VA,RIC,G
22701,US,VA,RIC,G
22701,US,VA,RIC,G
22406,US,VA,RIC,G
23188,US,VA,RIC,D
23604,US,VA,RIC,E
23603,US,VA,RIC,E
23691,US,VA,RIC,E
23691,US,VA,RIC,E
23691,US,VA,RIC,E
23603,US,VA,RIC,E
23666,US,VA,RIC,E
23604,US,VA,RIC,E
23690,US,VA,RIC,E
22407,US,VA,RIC,F
23608,US,VA,RIC,E
23601,US,VA,RIC,F
22580,US,VA,RIC,D
23186,US,VA,RIC,D
23185,US,VA,RIC,D
23188,US,VA,RIC,D
23186,US,VA,RIC,D
23185,US,VA,RIC,D
23181,US,VA,RIC,D
23891,US,VA,RIC,D
23177,US,VA,RIC,D
22560,US,VA,RIC,D
23885,US,VA,RIC,D
23891,US,VA,RIC,D
23185,US,VA,RIC,D
22408,US,VA,RIC,F
22412,US,VA,RIC,F
23690,US,VA,RIC,E
22407,US,VA,RIC,F
22405,US,VA,RIC,F
22401,US,VA,RIC,F
22408,US,VA,RIC,F
22407,US,VA,RIC,F
22405,US,VA,RIC,F
22408,US,VA,RIC,F
22407,US,VA,RIC,F
22408,US,VA,RIC,F
22407,US,VA,RIC,F
23691,US,VA,RIC,E
22408,US,VA,RIC,F
23691,US,VA,RIC,E
23021,US,VA,RIC,F
23846,US,VA,RIC,F
22401,US,VA,RIC,F
22405,US,VA,RIC,F
22407,US,VA,RIC,F
22401,US,VA,RIC,F
22405,US,VA,RIC,F
22407,US,VA,RIC,F
22408,US,VA,RIC,F
22412,US,VA,RIC,F
821,VIRGIN ISLANDS (US),VI,STX,A
822,VIRGIN ISLANDS (US),VI,STX,A
801,VIRGIN ISLANDS (US),VI,STT,A
820,VIRGIN ISLANDS (US),VI,STX,A
824,VIRGIN ISLANDS (US),VI,STX,A
820,VIRGIN ISLANDS (US),VI,STX,A
802,VIRGIN ISLANDS (US),VI,STT,A
801,VIRGIN ISLANDS (US),VI,STT,A
823,VIRGIN ISLANDS (US),VI,STX,A
5250,US,VT,ALB,E
5736,US,VT,ALB,G
5262,US,VT,ALB,D
5251,US,VT,ALB,G
5764,US,VT,ALB,G
5255,US,VT,ALB,E
5773,US,VT,ALB,G
5759,US,VT,ALB,G
5777,US,VT,ALB,G
5250,US,VT,ALB,E
5759,US,VT,ALB,G
5739,US,VT,ALB,F
5253,US,VT,ALB,F
5201,US,VT,ALB,D
5250,US,VT,ALB,E
5761,US,VT,ALB,F
5251,US,VT,ALB,F
5261,US,VT,ALB,D
5260,US,VT,ALB,D
5739,US,VT,ALB,F
5757,US,VT,ALB,G
5775,US,VT,ALB,F
5201,US,VT,ALB,D
5761,US,VT,ALB,F
5761,US,VT,ALB,F
5455,US,VT,BTV,G
5442,US,VT,BTV,H
5442,US,VT,BTV,H
5742,US,VT,BTV,H
5441,US,VT,BTV,H
5071,US,VT,BTV,N
5742,US,VT,BTV,H
5734,US,VT,BTV,H
5602,US,VT,BTV,G
5143,US,VT,BTV,H
5759,US,VT,BTV,H
5073,US,VT,BTV,N
5858,US,VT,BTV,N
5039,US,VT,BTV,G
5492,US,VT,BTV,G
5448,US,VT,BTV,G
5448,US,VT,BTV,G
5822,US,VT,BTV,N
5822,US,VT,BTV,N
5067,US,VT,BTV,N
5906,US,VT,BTV,N
5261,US,VT,BTV,N
5858,US,VT,BTV,N
5906,US,VT,BTV,N
5483,US,VT,BTV,H
5904,US,VT,BTV,N
5759,US,VT,BTV,H
5474,US,VT,BTV,G
5455,US,VT,BTV,G
5361,US,VT,BTV,N
5680,US,VT,BTV,I
5641,US,VT,BTV,H
5463,US,VT,BTV,I
5674,US,VT,BTV,I
5674,US,VT,BTV,I
5674,US,VT,BTV,I
5675,US,VT,BTV,I
5769,US,VT,BTV,I
5682,US,VT,BTV,I
5679,US,VT,BTV,I
5661,US,VT,BTV,I
5682,US,VT,BTV,I
5682,US,VT,BTV,I
5667,US,VT,BTV,I
5071,US,VT,BTV,N
5065,US,VT,BTV,M
5042,US,VT,BTV,M
5042,US,VT,BTV,M
5766,US,VT,BTV,I
5770,US,VT,BTV,I
5143,US,VT,BTV,H
5143,US,VT,BTV,H
5648,US,VT,BTV,H
5641,US,VT,BTV,H
5640,US,VT,BTV,H
5602,US,VT,BTV,G
5488,US,VT,BTV,H
5672,US,VT,BTV,I
5053,US,VT,BTV,N
5051,US,VT,BTV,H
5649,US,VT,BTV,I
5651,US,VT,BTV,I
5651,US,VT,BTV,I
5652,US,VT,BTV,I
5653,US,VT,BTV,I
5653,US,VT,BTV,I
5655,US,VT,BTV,I
5143,US,VT,BTV,H
5473,US,VT,BTV,D
5602,US,VT,BTV,G
5033,US,VT,BTV,C
5905,US,VT,BTV,O
5465,US,VT,BTV,C
5465,US,VT,BTV,C
5465,US,VT,BTV,C
5907,US,VT,BTV,O
5477,US,VT,BTV,D
5489,US,VT,BTV,C
5473,US,VT,BTV,D
5461,US,VT,BTV,C
5445,US,VT,BTV,D
5494,US,VT,BTV,D
5902,US,VT,BTV,O
5837,US,VT,BTV,O
5846,US,VT,BTV,O
5853,US,VT,BTV,O
5853,US,VT,BTV,O
5760,US,VT,BTV,N
5462,US,VT,BTV,D
5477,US,VT,BTV,D
5495,US,VT,BTV,B
5403,US,VT,BTV,A
5401,US,VT,BTV,A
5001,US,VT,BTV,A
5001,US,VT,BTV,A
5405,US,VT,BTV,A
5009,US,VT,BTV,A
5404,US,VT,BTV,A
5009,US,VT,BTV,A
5903,US,VT,BTV,O
5495,US,VT,BTV,B
5676,US,VT,BTV,E
5452,US,VT,BTV,B
5495,US,VT,BTV,B
5439,US,VT,BTV,B
5452,US,VT,BTV,B
5446,US,VT,BTV,B
5482,US,VT,BTV,B
5354,US,VT,BTV,O
5032,US,VT,BTV,C
5903,US,VT,BTV,O
5403,US,VT,BTV,A
5660,US,VT,BTV,G
5464,US,VT,BTV,F
5464,US,VT,BTV,F
5464,US,VT,BTV,F
5464,US,VT,BTV,F
5149,US,VT,BTV,F
5458,US,VT,BTV,F
5666,US,VT,BTV,F
5673,US,VT,BTV,G
5486,US,VT,BTV,E
5656,US,VT,BTV,G
5491,US,VT,BTV,F
5602,US,VT,BTV,G
5620,US,VT,BTV,G
5660,US,VT,BTV,G
5609,US,VT,BTV,G
5673,US,VT,BTV,G
5730,US,VT,BTV,G
5602,US,VT,BTV,G
5758,US,VT,BTV,G
5604,US,VT,BTV,G
5633,US,VT,BTV,G
5472,US,VT,BTV,F
5603,US,VT,BTV,G
5091,US,VT,BTV,E
5677,US,VT,BTV,E
5677,US,VT,BTV,E
5034,US,VT,BTV,E
5444,US,VT,BTV,E
5035,US,VT,BTV,E
5035,US,VT,BTV,E
5671,US,VT,BTV,E
5751,US,VT,BTV,N
5478,US,VT,BTV,F
5443,US,VT,BTV,F
5038,US,VT,BTV,F
5479,US,VT,BTV,F
5443,US,VT,BTV,F
5666,US,VT,BTV,F
5454,US,VT,BTV,F
5468,US,VT,BTV,F
5491,US,VT,BTV,F
5491,US,VT,BTV,F
5456,US,VT,BTV,E
5035,US,VT,BTV,E
5762,US,VT,BTV,L
5862,US,VT,BTV,K
5055,US,VT,BTV,L
5250,US,VT,BTV,L
5250,US,VT,BTV,L
5250,US,VT,BTV,L
5250,US,VT,BTV,L
5829,US,VT,BTV,L
5301,US,VT,BTV,L
5250,US,VT,BTV,L
5857,US,VT,BTV,L
5821,US,VT,BTV,L
5736,US,VT,BTV,L
5363,US,VT,BTV,L
5851,US,VT,BTV,L
5744,US,VT,BTV,K
5701,US,VT,BTV,K
5819,US,VT,BTV,K
5819,US,VT,BTV,K
5820,US,VT,BTV,K
5341,US,VT,BTV,L
5839,US,VT,BTV,L
5866,US,VT,BTV,M
5871,US,VT,BTV,M
5342,US,VT,BTV,M
5356,US,VT,BTV,M
5850,US,VT,BTV,L
5301,US,VT,BTV,L
5855,US,VT,BTV,L
5363,US,VT,BTV,L
5363,US,VT,BTV,L
5301,US,VT,BTV,L
5346,US,VT,BTV,K
5301,US,VT,BTV,L
5041,US,VT,BTV,L
5851,US,VT,BTV,L
5301,US,VT,BTV,L
5839,US,VT,BTV,L
5857,US,VT,BTV,L
5736,US,VT,BTV,L
5772,US,VT,BTV,L
5046,US,VT,BTV,L
5061,US,VT,BTV,K
5761,US,VT,BTV,K
5076,US,VT,BTV,K
5732,US,VT,BTV,K
5255,US,VT,BTV,K
5086,US,VT,BTV,K
5767,US,VT,BTV,K
5060,US,VT,BTV,K
5060,US,VT,BTV,K
5763,US,VT,BTV,K
5060,US,VT,BTV,K
5765,US,VT,BTV,K
5061,US,VT,BTV,K
5819,US,VT,BTV,K
5036,US,VT,BTV,K
5775,US,VT,BTV,K
5859,US,VT,BTV,K
5859,US,VT,BTV,K
5859,US,VT,BTV,K
5860,US,VT,BTV,K
5060,US,VT,BTV,K
5777,US,VT,BTV,K
5701,US,VT,BTV,K
5487,US,VT,BTV,K
5828,US,VT,BTV,K
5346,US,VT,BTV,K
5346,US,VT,BTV,K
5476,US,VT,BTV,K
5836,US,VT,BTV,K
5777,US,VT,BTV,K
5701,US,VT,BTV,K
5701,US,VT,BTV,K
5076,US,VT,BTV,K
5842,US,VT,BTV,K
5842,US,VT,BTV,K
5842,US,VT,BTV,K
5845,US,VT,BTV,K
5777,US,VT,BTV,K
5875,US,VT,BTV,K
5255,US,VT,BTV,K
5763,US,VT,BTV,K
5346,US,VT,BTV,K
5841,US,VT,BTV,K
5827,US,VT,BTV,J
5747,US,VT,BTV,J
5068,US,VT,BTV,M
5081,US,VT,BTV,M
5748,US,VT,BTV,J
5068,US,VT,BTV,M
5743,US,VT,BTV,J
5843,US,VT,BTV,J
5471,US,VT,BTV,J
5832,US,VT,BTV,M
5827,US,VT,BTV,J
5753,US,VT,BTV,I
5827,US,VT,BTV,J
5826,US,VT,BTV,J
5743,US,VT,BTV,J
5833,US,VT,BTV,M
5343,US,VT,BTV,J
5833,US,VT,BTV,M
5868,US,VT,BTV,J
5867,US,VT,BTV,M
5471,US,VT,BTV,J
5459,US,VT,BTV,I
5440,US,VT,BTV,I
5778,US,VT,BTV,I
5069,US,VT,BTV,M
5447,US,VT,BTV,I
5860,US,VT,BTV,K
5447,US,VT,BTV,I
5450,US,VT,BTV,I
5450,US,VT,BTV,I
5847,US,VT,BTV,J
5459,US,VT,BTV,I
5753,US,VT,BTV,I
5739,US,VT,BTV,I
5733,US,VT,BTV,I
5733,US,VT,BTV,I
5739,US,VT,BTV,I
5733,US,VT,BTV,I
5733,US,VT,BTV,I
5753,US,VT,BTV,I
5753,US,VT,BTV,I
5830,US,VT,BTV,M
5457,US,VT,BTV,I
5669,US,VT,BTV,J
5874,US,VT,BTV,J
5764,US,VT,BTV,J
5872,US,VT,BTV,M
5669,US,VT,BTV,J
5647,US,VT,BTV,J
5663,US,VT,BTV,J
5663,US,VT,BTV,J
5872,US,VT,BTV,M
5658,US,VT,BTV,J
5669,US,VT,BTV,J
5654,US,VT,BTV,J
5663,US,VT,BTV,J
5257,US,VT,BTV,M
5737,US,VT,BTV,K
5875,US,VT,BTV,K
5086,US,VT,BTV,K
5735,US,VT,BTV,K
5763,US,VT,BTV,K
5873,US,VT,BTV,K
5201,US,VT,BTV,M
5155,US,VT,BTV,J
5253,US,VT,BTV,J
5251,US,VT,BTV,J
5158,US,VT,BTV,J
5155,US,VT,BTV,J
5824,US,VT,BTV,M
5155,US,VT,BTV,J
5757,US,VT,BTV,M
5681,US,VT,BTV,J
5155,US,VT,BTV,J
5778,US,VT,BTV,I
5340,US,VT,BTV,J
5356,US,VT,BTV,M
5757,US,VT,BTV,M
5257,US,VT,BTV,M
5201,US,VT,BTV,M
5774,US,VT,BTV,J
5650,US,VT,BTV,J
5650,US,VT,BTV,J
5155,US,VT,BTV,J
5055,US,VT,MHT,G
5777,US,VT,ALB,G
5261,US,VT,ALB,D
5764,US,VT,ALB,G
5776,US,VT,ALB,F
5761,US,VT,ALB,F
5768,US,VT,ALB,F
5150,US,VT,BOS,M
5260,US,VT,ALB,D
5759,US,VT,ALB,G
5741,US,VT,ALB,G
5765,US,VT,ALB,G
5352,US,VT,ALB,D
5262,US,VT,ALB,D
5352,US,VT,ALB,D
5073,US,VT,MHT,G
5773,US,VT,ALB,G
5774,US,VT,ALB,G
5775,US,VT,ALB,F
5701,US,VT,ALB,G
5257,US,VT,ALB,D
5059,US,VT,MHT,G
5736,US,VT,ALB,G
5156,US,VT,MHT,G
5757,US,VT,ALB,G
5088,US,VT,MHT,G
5250,US,VT,ALB,E
5201,US,VT,ALB,D
5091,US,VT,MHT,G
5089,US,VT,MHT,G
5403,US,VT,BTV,A
5735,US,VT,ALB,G
5301,US,VT,ALB,H
5739,US,VT,ALB,F
5251,US,VT,ALB,F
5252,US,VT,ALB,E
5253,US,VT,ALB,F
5741,US,VT,ALB,G
5743,US,VT,ALB,G
5001,US,VT,MHT,G
5750,US,VT,ALB,G
5254,US,VT,ALB,E
5255,US,VT,ALB,E
5401,US,VT,ALB,H
5151,US,VT,BOS,C4
5665,US,VT,BOS,C10
5485,US,VT,BOS,C10
5738,US,VT,BOS,C8
5062,US,VT,BOS,C7
5054,US,VT,BOS,C6
5077,US,VT,BOS,C10
5056,US,VT,BOS,C7
5861,US,VT,BOS,C8
5052,US,VT,BOS,C3
5153,US,VT,BOS,C7
5152,US,VT,BOS,C10
5350,US,VT,BOS,C10
5058,US,VT,BOS,C5
5043,US,VT,BOS,C6
5148,US,VT,BOS,C10
5664,US,VT,BOS,C6
5849,US,VT,BOS,C8
5460,US,VT,BOS,C10
5146,US,VT,BOS,C8
5083,US,VT,BOS,C4
5101,US,VT,BOS,C4
5749,US,VT,BOS,C10
5466,US,VT,BOS,C9
5849,US,VT,BOS,C8
5848,US,VT,BOS,C9
5148,US,VT,BOS,C10
5345,US,VT,BOS,C8
5344,US,VT,BOS,C9
5050,US,VT,BOS,C9
5469,US,VT,BOS,C9
5469,US,VT,BOS,C9
5470,US,VT,BOS,C10
5601,US,VT,BOS,C5
5662,US,VT,BOS,C8
5657,US,VT,BOS,C10
5360,US,VT,BOS,C10
5355,US,VT,BOS,C10
5678,US,VT,BOS,C8
5493,US,VT,BOS,C10
5357,US,VT,BOS,C7
5358,US,VT,BOS,C10
5084,US,VT,BOS,C2
5344,US,VT,BOS,C9
5302,US,VT,BOS,C3
5359,US,VT,BOS,C10
5490,US,VT,BOS,C9
5159,US,VT,BOS,C5
5161,US,VT,BOS,C10
5142,US,VT,BOS,C7
5362,US,VT,BOS,C9
5359,US,VT,BOS,C10
5350,US,VT,BOS,C10
5657,US,VT,BOS,C10
5085,US,VT,BOS,C5
5359,US,VT,BOS,C10
5485,US,VT,BOS,C10
5350,US,VT,BOS,C10
5738,US,VT,BOS,C8
5670,US,VT,BOS,C5
5263,US,VT,BOS,C9
5066,US,VT,BOS,C5
5351,US,VT,BOS,C8
5079,US,VT,BOS,C9
5355,US,VT,BOS,C10
5043,US,VT,BOS,C6
5863,US,VT,BOS,C7
5072,US,VT,BOS,C6
5360,US,VT,BOS,C10
5074,US,VT,BOS,C5
5075,US,VT,BOS,C5
5353,US,VT,BOS,C10
5077,US,VT,BOS,C10
5154,US,VT,BOS,C8
5153,US,VT,BOS,C7
5151,US,VT,BOS,C4
5840,US,VT,BOS,C10
5863,US,VT,BOS,C7
5146,US,VT,BOS,C8
5144,US,VT,BOS,C5
5738,US,VT,BOS,C8
5045,US,VT,BOS,C6
5144,US,VT,BOS,C5
5451,US,VT,BOS,C1
5142,US,VT,BOS,C7
5738,US,VT,BOS,C8
5746,US,VT,BOS,C6
5040,US,VT,BOS,C8
5745,US,VT,BOS,C9
5062,US,VT,BOS,C7
5740,US,VT,BOS,C8
5838,US,VT,BOS,C7
5043,US,VT,BOS,C6
5049,US,VT,BOS,C3
5045,US,VT,BOS,C6
5825,US,VT,BOS,C10
5031,US,VT,BOS,C4
5048,US,VT,BOS,C3
5047,US,VT,BOS,C3
5353,US,VT,BOS,C10
5151,US,VT,BOS,C4
5030,US,VT,BOS,C3
5141,US,VT,BOS,C8
5901,US,VT,BOS,C10
5141,US,VT,BOS,C8
5062,US,VT,BOS,C7
5358,US,VT,BOS,C10
5140,US,VT,BOS,C7
5407,US,VT,BOS,C1
5101,US,VT,BOS,C4
5408,US,VT,BOS,C1
5037,US,VT,BOS,C5
5823,US,VT,BOS,C10
5402,US,VT,BOS,C1
5406,US,VT,BOS,C1
5151,US,VT,BOS,C4
98315,US,WA,SEA,D
98314,US,WA,SEA,D
98312,US,WA,SEA,D
98311,US,WA,SEA,D
98310,US,WA,SEA,D
98295,US,WA,SEA,Z
98383,US,WA,SEA,D
98366,US,WA,SEA,D
98367,US,WA,SEA,D
98337,US,WA,SEA,D
98337,US,WA,SEA,D
99124,US,WA,GEG,Y
99123,US,WA,GEG,Y
99116,US,WA,GEG,Y
98222,US,WA,SEA,G
99115,US,WA,GEG,Y
99160,US,WA,GEG,Y
99103,US,WA,GEG,Y
98068,US,WA,SEA,T
98232,US,WA,SEA,G
98232,US,WA,SEA,G
98015,US,WA,SEA,A
99133,US,WA,GEG,Y
99138,US,WA,GEG,Y
98063,US,WA,SEA,A
98071,US,WA,SEA,A
98093,US,WA,SEA,A
98235,US,WA,SEA,G
98228,US,WA,SEA,G
98231,US,WA,SEA,H
99146,US,WA,GEG,Y
98222,US,WA,SEA,G
99160,US,WA,GEG,Y
99155,US,WA,GEG,Y
99153,US,WA,GEG,Y
98092,US,WA,SEA,A
99143,US,WA,GEG,Y
98185,US,WA,SEA,C
98181,US,WA,SEA,C
98184,US,WA,SEA,C
98188,US,WA,SEA,A
98191,US,WA,SEA,C
98195,US,WA,SEA,C
98198,US,WA,SEA,C
98199,US,WA,SEA,C
98584,US,WA,SEA,Q
98160,US,WA,SEA,C
98284,US,WA,SEA,G
98178,US,WA,SEA,C
98177,US,WA,SEA,C
98174,US,WA,SEA,C
98171,US,WA,SEA,C
98168,US,WA,SEA,C
98166,US,WA,SEA,C
98133,US,WA,SEA,C
98161,US,WA,SEA,C
98387,US,WA,SEA,B
98158,US,WA,SEA,C
98155,US,WA,SEA,C
98154,US,WA,SEA,C
98164,US,WA,SEA,C
99201,US,WA,GEG,A
99215,US,WA,GEG,A
99214,US,WA,GEG,A
99213,US,WA,GEG,A
99212,US,WA,GEG,A
99211,US,WA,GEG,A
99210,US,WA,GEG,A
99209,US,WA,GEG,A
99208,US,WA,GEG,A
99207,US,WA,GEG,A
99206,US,WA,GEG,A
99205,US,WA,GEG,A
99204,US,WA,GEG,A
98366,US,WA,SEA,F
99202,US,WA,GEG,A
98155,US,WA,SEA,C
99224,US,WA,GEG,A
99031,US,WA,GEG,C
98131,US,WA,SEA,C
98386,US,WA,SEA,F
98151,US,WA,SEA,C
98065,US,WA,SEA,T
98296,US,WA,SEA,T
98291,US,WA,SEA,T
98290,US,WA,SEA,T
98383,US,WA,SEA,F
98315,US,WA,SEA,F
98177,US,WA,SEA,C
99203,US,WA,GEG,A
98148,US,WA,SEA,A
98106,US,WA,SEA,C
98105,US,WA,SEA,C
98104,US,WA,SEA,C
98103,US,WA,SEA,C
98102,US,WA,SEA,C
98101,US,WA,SEA,C
98028,US,WA,SEA,C
98158,US,WA,SEA,A
98198,US,WA,SEA,A
98188,US,WA,SEA,A
98133,US,WA,SEA,C
98158,US,WA,SEA,A
98109,US,WA,SEA,C
98062,US,WA,SEA,A
98583,US,WA,SEA,P
99171,US,WA,GEG,D
99127,US,WA,GEG,D
98407,US,WA,SEA,B
99170,US,WA,GEG,C
99030,US,WA,GEG,C
98579,US,WA,SEA,Q
99169,US,WA,GEG,F
99216,US,WA,GEG,A
98589,US,WA,SEA,Q
98168,US,WA,SEA,A
98122,US,WA,SEA,C
98146,US,WA,SEA,C
98145,US,WA,SEA,C
98144,US,WA,SEA,C
99167,US,WA,GEG,F
98138,US,WA,SEA,C
98642,US,WA,PDX,E
98136,US,WA,SEA,C
98134,US,WA,SEA,C
98132,US,WA,SEA,C
98129,US,WA,SEA,C
98126,US,WA,SEA,C
98107,US,WA,SEA,C
98124,US,WA,SEA,C
98108,US,WA,SEA,C
98121,US,WA,SEA,C
98119,US,WA,SEA,C
98118,US,WA,SEA,C
98117,US,WA,SEA,C
98116,US,WA,SEA,C
98115,US,WA,SEA,C
98114,US,WA,SEA,C
98112,US,WA,SEA,C
98111,US,WA,SEA,C
98110,US,WA,SEA,F
98148,US,WA,SEA,C
98125,US,WA,SEA,C
98903,US,WA,YKM,A
98663,US,WA,PDX,A
98662,US,WA,PDX,B
98661,US,WA,PDX,A
98660,US,WA,PDX,A
99036,US,WA,GEG,C
99023,US,WA,GEG,C
99015,US,WA,GEG,C
99181,US,WA,GEG,D
99180,US,WA,GEG,E
98467,US,WA,SEA,B
98499,US,WA,SEA,B
98464,US,WA,SEA,B
98666,US,WA,PDX,A
99034,US,WA,GEG,C
98188,US,WA,SEA,A
98178,US,WA,SEA,A
98168,US,WA,SEA,A
98108,US,WA,SEA,A
98492,US,WA,SEA,B
99176,US,WA,GEG,D
99033,US,WA,GEG,D
98498,US,WA,SEA,B
98497,US,WA,SEA,B
98493,US,WA,SEA,B
98466,US,WA,SEA,B
98596,US,WA,SEA,R
98501,US,WA,SEA,E
98057,US,WA,SEA,A
98597,US,WA,SEA,Q
98004,US,WA,SEA,A
98909,US,WA,YKM,A
98907,US,WA,YKM,A
98903,US,WA,YKM,A
98902,US,WA,YKM,A
98901,US,WA,YKM,A
98903,US,WA,YKM,A
98020,US,WA,SEA,C
98664,US,WA,PDX,A
98072,US,WA,SEA,C
98665,US,WA,PDX,A
99185,US,WA,GEG,F
99040,US,WA,GEG,E
99039,US,WA,GEG,C
98671,US,WA,PDX,C
99037,US,WA,GEG,A
98686,US,WA,PDX,C
98685,US,WA,PDX,C
98682,US,WA,PDX,A
98668,US,WA,PDX,A
98667,US,WA,PDX,A
98467,US,WA,SEA,B
98674,US,WA,PDX,E
99032,US,WA,GEG,E
98492,US,WA,SEA,B
98405,US,WA,SEA,B
98404,US,WA,SEA,B
98403,US,WA,SEA,B
98402,US,WA,SEA,B
98401,US,WA,SEA,B
98390,US,WA,SEA,B
98294,US,WA,SEA,T
99174,US,WA,GEG,D
98388,US,WA,SEA,B
98293,US,WA,SEA,T
98407,US,WA,SEA,B
99173,US,WA,GEG,D
98408,US,WA,SEA,B
99017,US,WA,GEG,E
99219,US,WA,GEG,A
99260,US,WA,GEG,A
99258,US,WA,GEG,A
99256,US,WA,GEG,A
99252,US,WA,GEG,A
99251,US,WA,GEG,A
99228,US,WA,GEG,A
99223,US,WA,GEG,A
99220,US,WA,GEG,A
99219,US,WA,GEG,A
98292,US,WA,SEA,K
98438,US,WA,SEA,B
99218,US,WA,GEG,A
98466,US,WA,SEA,B
98465,US,WA,SEA,B
98464,US,WA,SEA,B
98460,US,WA,SEA,B
98455,US,WA,SEA,B
98450,US,WA,SEA,B
98447,US,WA,SEA,B
98446,US,WA,SEA,B
98444,US,WA,SEA,B
98443,US,WA,SEA,B
98406,US,WA,SEA,B
98439,US,WA,SEA,B
98477,US,WA,SEA,B
98433,US,WA,SEA,B
98431,US,WA,SEA,B
98430,US,WA,SEA,B
98424,US,WA,SEA,B
98422,US,WA,SEA,B
98421,US,WA,SEA,B
98416,US,WA,SEA,B
98413,US,WA,SEA,B
98412,US,WA,SEA,B
98411,US,WA,SEA,B
98409,US,WA,SEA,B
98442,US,WA,SEA,B
99122,US,WA,GEG,E
99125,US,WA,GEG,F
98541,US,WA,SEA,P
99009,US,WA,GEG,D
99008,US,WA,GEG,D
98020,US,WA,SEA,C
98372,US,WA,SEA,B
98371,US,WA,SEA,B
98540,US,WA,SEA,P
98019,US,WA,SEA,T
98198,US,WA,SEA,A
99131,US,WA,GEG,F
99006,US,WA,GEG,C
99126,US,WA,GEG,F
99119,US,WA,GEG,E
98537,US,WA,SEA,S
99114,US,WA,GEG,E
99113,US,WA,GEG,E
99111,US,WA,GEG,D
99005,US,WA,GEG,C
98004,US,WA,SEA,A
99110,US,WA,GEG,D
99403,US,WA,GEG,F
99109,US,WA,GEG,D
99004,US,WA,GEG,B
98148,US,WA,SEA,A
99104,US,WA,GEG,D
99130,US,WA,GEG,E
99129,US,WA,GEG,F
99015,US,WA,GEG,C
99014,US,WA,GEG,B
98433,US,WA,SEA,B
99013,US,WA,GEG,D
98466,US,WA,SEA,B
98424,US,WA,SEA,B
98248,US,WA,SEA,H
98023,US,WA,SEA,A
98003,US,WA,SEA,A
98022,US,WA,SEA,T
99128,US,WA,GEG,D
99022,US,WA,GEG,B
98024,US,WA,SEA,T
99012,US,WA,GEG,C
99011,US,WA,GEG,B
98208,US,WA,SEA,C
98207,US,WA,SEA,C
98206,US,WA,SEA,C
98205,US,WA,SEA,C
98204,US,WA,SEA,C
98203,US,WA,SEA,C
98201,US,WA,SEA,C
98531,US,WA,SEA,P
98001,US,WA,SEA,A
98001,US,WA,SEA,A
98532,US,WA,SEA,P
98225,US,WA,SEA,G
98009,US,WA,SEA,A
98008,US,WA,SEA,A
98007,US,WA,SEA,A
98006,US,WA,SEA,A
98004,US,WA,SEA,A
98604,US,WA,PDX,E
98110,US,WA,SEA,F
98047,US,WA,SEA,A
98023,US,WA,SEA,A
98227,US,WA,SEA,G
98002,US,WA,SEA,A
99104,US,WA,GEG,D
99402,US,WA,GEG,F
98223,US,WA,SEA,G
98221,US,WA,SEA,G
98001,US,WA,SEA,A
99102,US,WA,GEG,D
99001,US,WA,GEG,A
98522,US,WA,SEA,R
99101,US,WA,GEG,D
98520,US,WA,SEA,S
99179,US,WA,GEG,E
98056,US,WA,SEA,A
98003,US,WA,SEA,A
98036,US,WA,SEA,C
98005,US,WA,SEA,A
98014,US,WA,SEA,T
98430,US,WA,SEA,B
98607,US,WA,PDX,A
98292,US,WA,SEA,K
98233,US,WA,SEA,G
98168,US,WA,SEA,A
98166,US,WA,SEA,A
98148,US,WA,SEA,A
98146,US,WA,SEA,A
98530,US,WA,SEA,Q
98226,US,WA,SEA,G
98606,US,WA,PDX,E
99003,US,WA,GEG,C
98337,US,WA,SEA,F
98314,US,WA,SEA,F
98312,US,WA,SEA,F
98310,US,WA,SEA,F
99107,US,WA,GEG,F
98021,US,WA,SEA,C
98012,US,WA,SEA,C
98011,US,WA,SEA,C
98390,US,WA,SEA,B
98230,US,WA,SEA,H
98010,US,WA,SEA,T
98321,US,WA,SEA,T
99025,US,WA,GEG,B
98040,US,WA,SEA,A
98501,US,WA,SEA,E
99159,US,WA,GEG,F
99144,US,WA,GEG,F
99158,US,WA,GEG,D
98497,US,WA,SEA,B
98277,US,WA,SEA,K
98045,US,WA,SEA,T
98198,US,WA,SEA,A
98166,US,WA,SEA,A
98148,US,WA,SEA,A
98503,US,WA,SEA,E
99156,US,WA,GEG,D
98504,US,WA,SEA,E
98056,US,WA,SEA,A
98565,US,WA,SEA,R
98275,US,WA,SEA,C
98043,US,WA,SEA,C
98273,US,WA,SEA,G
98563,US,WA,SEA,R
98272,US,WA,SEA,T
99154,US,WA,GEG,D
98354,US,WA,SEA,A
98012,US,WA,SEA,C
99023,US,WA,GEG,C
99026,US,WA,GEG,C
98050,US,WA,SEA,T
98055,US,WA,SEA,A
98003,US,WA,SEA,A
98004,US,WA,SEA,A
98335,US,WA,SEA,F
98053,US,WA,SEA,A
98052,US,WA,SEA,A
99029,US,WA,GEG,D
98051,US,WA,SEA,T
98576,US,WA,SEA,Q
98373,US,WA,SEA,B
98372,US,WA,SEA,B
98502,US,WA,SEA,E
98314,US,WA,SEA,F
99163,US,WA,GEG,D
98370,US,WA,SEA,F
98366,US,WA,SEA,F
98446,US,WA,SEA,B
98444,US,WA,SEA,B
99161,US,WA,GEG,D
98047,US,WA,SEA,A
99027,US,WA,GEG,A
98662,US,WA,PDX,B
98507,US,WA,SEA,E
98506,US,WA,SEA,E
98505,US,WA,SEA,E
99164,US,WA,GEG,D
98027,US,WA,SEA,A
98506,US,WA,SEA,E
98503,US,WA,SEA,E
98034,US,WA,SEA,A
98033,US,WA,SEA,A
98345,US,WA,SEA,F
99141,US,WA,GEG,E
99126,US,WA,GEG,F
99107,US,WA,GEG,F
98032,US,WA,SEA,A
98031,US,WA,SEA,A
98028,US,WA,SEA,C
98258,US,WA,SEA,C
98625,US,WA,PDX,E
98004,US,WA,SEA,A
98256,US,WA,SEA,T
99137,US,WA,GEG,F
98550,US,WA,SEA,S
98665,US,WA,PDX,A
99154,US,WA,GEG,D
98251,US,WA,SEA,T
98337,US,WA,SEA,F
98039,US,WA,SEA,C
98371,US,WA,SEA,B
99134,US,WA,GEG,D
99016,US,WA,GEG,A
98626,US,WA,PDX,E
98270,US,WA,SEA,G
99022,US,WA,GEG,B
99021,US,WA,GEG,A
98558,US,WA,SEA,Q
98557,US,WA,SEA,Q
99129,US,WA,GEG,F
98438,US,WA,SEA,B
98439,US,WA,SEA,B
99020,US,WA,GEG,C
99151,US,WA,GEG,F
98038,US,WA,SEA,A
99149,US,WA,GEG,D
98431,US,WA,SEA,B
98037,US,WA,SEA,C
98036,US,WA,SEA,C
98264,US,WA,SEA,H
99018,US,WA,GEG,D
99017,US,WA,GEG,E
98499,US,WA,SEA,B
98498,US,WA,SEA,B
99019,US,WA,GEG,A
98556,US,WA,SEA,P
98155,US,WA,SEA,C
98632,US,WA,PDX,E
99148,US,WA,GEG,D
98262,US,WA,SEA,H
99144,US,WA,GEG,F
98232,US,WA,SEA,G
98247,US,WA,SEA,H
98509,US,WA,SEA,E
98041,US,WA,SEA,C
98333,US,WA,SEA,T
98333,US,WA,SEA,T
98287,US,WA,SEA,G
98068,US,WA,SEA,T
98068,US,WA,SEA,T
98042,US,WA,SEA,A
98247,US,WA,SEA,H
98058,US,WA,SEA,A
98058,US,WA,SEA,A
98058,US,WA,SEA,A
98063,US,WA,SEA,A
98093,US,WA,SEA,A
98035,US,WA,SEA,A
98042,US,WA,SEA,A
98064,US,WA,SEA,A
98232,US,WA,SEA,G
98257,US,WA,SEA,G
98327,US,WA,SEA,E
98240,US,WA,SEA,H
98508,US,WA,SEA,E
98509,US,WA,SEA,E
98513,US,WA,SEA,E
98516,US,WA,SEA,E
98042,US,WA,SEA,A
98046,US,WA,SEA,C
98082,US,WA,SEA,C
98082,US,WA,SEA,C
98274,US,WA,SEA,G
98059,US,WA,SEA,A
98026,US,WA,SEA,C
98255,US,WA,SEA,K
98418,US,WA,SEA,B
98415,US,WA,SEA,B
98375,US,WA,SEA,B
98512,US,WA,SEA,E
98333,US,WA,SEA,T
98252,US,WA,SEA,H
98374,US,WA,SEA,B
98059,US,WA,SEA,A
98511,US,WA,SEA,E
98516,US,WA,SEA,E
98068,US,WA,SEA,T
98276,US,WA,SEA,H
98513,US,WA,SEA,E
98512,US,WA,SEA,E
98511,US,WA,SEA,E
98276,US,WA,SEA,H
98247,US,WA,SEA,H
98263,US,WA,SEA,K
98068,US,WA,SEA,T
98375,US,WA,SEA,B
98374,US,WA,SEA,B
98241,US,WA,SEA,U
98266,US,WA,SEA,U
98582,US,WA,SEA,W
98303,US,WA,SEA,X
98524,US,WA,SEA,U
98587,US,WA,SEA,W
98575,US,WA,SEA,W
98572,US,WA,SEA,W
98546,US,WA,SEA,U
98323,US,WA,SEA,U
98220,US,WA,SEA,U
98595,US,WA,SEA,W
98586,US,WA,SEA,W
98286,US,WA,SEA,X
98590,US,WA,SEA,W
98279,US,WA,SEA,X
98281,US,WA,SEA,X
98280,US,WA,SEA,X
98070,US,WA,SEA,X
98243,US,WA,SEA,X
98245,US,WA,SEA,X
98250,US,WA,SEA,X
98261,US,WA,SEA,X
98585,US,WA,SEA,W
98398,US,WA,SEA,W
98267,US,WA,SEA,V
98320,US,WA,SEA,W
98536,US,WA,SEA,W
98535,US,WA,SEA,W
98324,US,WA,SEA,W
98325,US,WA,SEA,W
98326,US,WA,SEA,W
98331,US,WA,SEA,W
98339,US,WA,SEA,W
98343,US,WA,SEA,W
98305,US,WA,SEA,W
98526,US,WA,SEA,W
98559,US,WA,SEA,V
98357,US,WA,SEA,W
98361,US,WA,SEA,W
98362,US,WA,SEA,W
98363,US,WA,SEA,W
98397,US,WA,SEA,W
98365,US,WA,SEA,W
98368,US,WA,SEA,W
98382,US,WA,SEA,W
98376,US,WA,SEA,W
98377,US,WA,SEA,W
98381,US,WA,SEA,W
98350,US,WA,SEA,W
98355,US,WA,SEA,V
98566,US,WA,SEA,W
98560,US,WA,SEA,U
98588,US,WA,SEA,U
98592,US,WA,SEA,U
98571,US,WA,SEA,W
98283,US,WA,SEA,V
98304,US,WA,SEA,V
98328,US,WA,SEA,V
98330,US,WA,SEA,V
98336,US,WA,SEA,V
98547,US,WA,SEA,W
98348,US,WA,SEA,V
98569,US,WA,SEA,W
98356,US,WA,SEA,V
98358,US,WA,SEA,V
98562,US,WA,SEA,W
98561,US,WA,SEA,W
98533,US,WA,SEA,V
98555,US,WA,SEA,W
98554,US,WA,SEA,W
98538,US,WA,SEA,V
98539,US,WA,SEA,V
98552,US,WA,SEA,W
98542,US,WA,SEA,V
98564,US,WA,SEA,W
53714,US,WI,RFD,C
53717,US,WI,RFD,C
53716,US,WI,RFD,C
53716,US,WI,RFD,C
53714,US,WI,RFD,C
53713,US,WI,RFD,C
53713,US,WI,RFD,C
53788,US,WI,RFD,C
53713,US,WI,RFD,C
53711,US,WI,RFD,C
53715,US,WI,RFD,C
53782,US,WI,RFD,C
53563,US,WI,RFD,C
53711,US,WI,RFD,C
53794,US,WI,RFD,C
53793,US,WI,RFD,C
53792,US,WI,RFD,C
53791,US,WI,RFD,C
53790,US,WI,RFD,C
53789,US,WI,RFD,C
53786,US,WI,RFD,C
53785,US,WI,RFD,C
53783,US,WI,RFD,C
53718,US,WI,RFD,C
53779,US,WI,RFD,C
53778,US,WI,RFD,C
53777,US,WI,RFD,C
53774,US,WI,RFD,C
53744,US,WI,RFD,C
53726,US,WI,RFD,C
53725,US,WI,RFD,C
53719,US,WI,RFD,C
53719,US,WI,RFD,C
53784,US,WI,RFD,C
53525,US,WI,RFD,C
53572,US,WI,RFD,C
53508,US,WI,RFD,C
53511,US,WI,RFD,C
53512,US,WI,RFD,C
53515,US,WI,RFD,C
53501,US,WI,RFD,C
53523,US,WI,RFD,C
53195,US,WI,RFD,C
53527,US,WI,RFD,C
53528,US,WI,RFD,C
53529,US,WI,RFD,C
53531,US,WI,RFD,C
53532,US,WI,RFD,C
53534,US,WI,RFD,C
53517,US,WI,RFD,C
53147,US,WI,RFD,C
53114,US,WI,RFD,C
53115,US,WI,RFD,C
53120,US,WI,RFD,C
53121,US,WI,RFD,C
53125,US,WI,RFD,C
53505,US,WI,RFD,C
53138,US,WI,RFD,C
53542,US,WI,RFD,C
53148,US,WI,RFD,C
53157,US,WI,RFD,C
53176,US,WI,RFD,C
53184,US,WI,RFD,C
53190,US,WI,RFD,C
53191,US,WI,RFD,C
53128,US,WI,RFD,C
53701,US,WI,RFD,C
53593,US,WI,RFD,C
53593,US,WI,RFD,C
53593,US,WI,RFD,C
53596,US,WI,RFD,C
53597,US,WI,RFD,C
53536,US,WI,RFD,C
53598,US,WI,RFD,C
53585,US,WI,RFD,C
53702,US,WI,RFD,C
53703,US,WI,RFD,C
53704,US,WI,RFD,C
53705,US,WI,RFD,C
53706,US,WI,RFD,C
53707,US,WI,RFD,C
53597,US,WI,RFD,C
53562,US,WI,RFD,C
53708,US,WI,RFD,C
53545,US,WI,RFD,C
53546,US,WI,RFD,C
53547,US,WI,RFD,C
53548,US,WI,RFD,C
53558,US,WI,RFD,C
53590,US,WI,RFD,C
53560,US,WI,RFD,C
53589,US,WI,RFD,C
53562,US,WI,RFD,C
53571,US,WI,RFD,C
53575,US,WI,RFD,C
53575,US,WI,RFD,C
53576,US,WI,RFD,C
53537,US,WI,RFD,C
53559,US,WI,RFD,C
54139,US,WI,GRB,D
54166,US,WI,GRB,D
54232,US,WI,GRB,D
54961,US,WI,GRB,D
53062,US,WI,GRB,D
53061,US,WI,GRB,D
54226,US,WI,GRB,D
54947,US,WI,GRB,D
54220,US,WI,GRB,D
53088,US,WI,GRB,D
54245,US,WI,GRB,D
54241,US,WI,GRB,D
54221,US,WI,GRB,D
53560,US,WI,MSN,C
53092,US,WI,MKE,B
53948,US,WI,MSN,E
54543,US,WI,RHI,A
54856,US,WI,DLH,E
54944,US,WI,ATW,B
54952,US,WI,ATW,B
53558,US,WI,MSN,B
54952,US,WI,GRB,C
54952,US,WI,MKE,E
54816,US,WI,DLH,E
54751,US,WI,MSP,H
53561,US,WI,MSN,D
53056,US,WI,MKE,C
53562,US,WI,MSN,B
53563,US,WI,MSN,C
53207,US,WI,MKE,A
53201,US,WI,MKE,A
53202,US,WI,MKE,A
53051,US,WI,MKE,B
53786,US,WI,MSN,A
53719,US,WI,MSN,A
53777,US,WI,MSN,A
53228,US,WI,MKE,A
53203,US,WI,MKE,A
53718,US,WI,MSN,A
53778,US,WI,MSN,A
53779,US,WI,MSN,A
53782,US,WI,MSN,A
53783,US,WI,MSN,A
54949,US,WI,ATW,C
53785,US,WI,MSN,A
53559,US,WI,MSN,C
53788,US,WI,MSN,A
53717,US,WI,MSN,A
53790,US,WI,MSN,A
53791,US,WI,MSN,A
53792,US,WI,MSN,A
53793,US,WI,MSN,A
53794,US,WI,MSN,A
53789,US,WI,MSN,A
53946,US,WI,MKE,E
53784,US,WI,MSN,A
53295,US,WI,MKE,A
53234,US,WI,MKE,A
53237,US,WI,MKE,A
53259,US,WI,MKE,A
53263,US,WI,MKE,A
53267,US,WI,MKE,A
53268,US,WI,MKE,A
53278,US,WI,MKE,A
53288,US,WI,MKE,A
53226,US,WI,MKE,A
53293,US,WI,MKE,A
53225,US,WI,MKE,A
53565,US,WI,MSN,D
54548,US,WI,RHI,C
54859,US,WI,DLH,E
54501,US,WI,RHI,A
53713,US,WI,MSN,A
53716,US,WI,MSN,A
53545,US,WI,MSN,C
53714,US,WI,MSN,A
53716,US,WI,MSN,A
53290,US,WI,MKE,A
53216,US,WI,MKE,A
53205,US,WI,MKE,A
53206,US,WI,MKE,A
53207,US,WI,MKE,A
53208,US,WI,MKE,A
53209,US,WI,MKE,A
53210,US,WI,MKE,A
53211,US,WI,MKE,A
53212,US,WI,MKE,A
53213,US,WI,MKE,A
53233,US,WI,MKE,A
53215,US,WI,MKE,A
53227,US,WI,MKE,A
53217,US,WI,MKE,A
53218,US,WI,MKE,A
53219,US,WI,MKE,A
53220,US,WI,MKE,A
53221,US,WI,MKE,A
53222,US,WI,MKE,A
53223,US,WI,MKE,A
53224,US,WI,MKE,A
53204,US,WI,MKE,A
53214,US,WI,MKE,A
54442,US,WI,RHI,C
53547,US,WI,MSN,C
54531,US,WI,RHI,C
54532,US,WI,RHI,B
53543,US,WI,MSN,E
54129,US,WI,ATW,C
53544,US,WI,MSN,E
54944,US,WI,ATW,B
54944,US,WI,MKE,E
54842,US,WI,DLH,C
54016,US,WI,MSP,D
53029,US,WI,MKE,D
54847,US,WI,DLH,E
53037,US,WI,MKE,D
53542,US,WI,MSN,C
53546,US,WI,MSN,C
53549,US,WI,MSN,C
53038,US,WI,MSN,C
53550,US,WI,MSN,D
53039,US,WI,MSN,D
53139,US,WI,MKE,D
53033,US,WI,MKE,D
53220,US,WI,MKE,A
53086,US,WI,MKE,D
53566,US,WI,MSN,C
54307,US,WI,GRB,A
54308,US,WI,ATW,B
54308,US,WI,GRB,A
54311,US,WI,GRB,A
54313,US,WI,GRB,A
54324,US,WI,GRB,A
54843,US,WI,DLH,E
53129,US,WI,MKE,A
54130,US,WI,MKE,E
53221,US,WI,MKE,A
53228,US,WI,MKE,A
54126,US,WI,GRB,B
54942,US,WI,ATW,C
53130,US,WI,MKE,A
53132,US,WI,MKE,A
53542,US,WI,MSN,C
54529,US,WI,RHI,B
53027,US,WI,MKE,D
54344,US,WI,GRB,A
53702,US,WI,MSN,A
54141,US,WI,GRB,C
53555,US,WI,MSN,C
53943,US,WI,MSN,E
53556,US,WI,MSN,D
54853,US,WI,DLH,F
53944,US,WI,MSN,E
53704,US,WI,MSN,A
53562,US,WI,MSN,B
54130,US,WI,ATW,B
53701,US,WI,MSN,A
54140,US,WI,ATW,B
53703,US,WI,MSN,A
53704,US,WI,MSN,A
53705,US,WI,MSN,A
53706,US,WI,MSN,A
53707,US,WI,MSN,A
53708,US,WI,MSN,A
53711,US,WI,MSN,A
53713,US,WI,MSN,A
53714,US,WI,MSN,A
53593,US,WI,MSN,B
54137,US,WI,GRB,C
53715,US,WI,MSN,A
54131,US,WI,ATW,C
54131,US,WI,GRB,C
54131,US,WI,MKE,E
53140,US,WI,MKE,C
53141,US,WI,MKE,C
53142,US,WI,MKE,C
53040,US,WI,MKE,D
54136,US,WI,ATW,B
54140,US,WI,MKE,E
54136,US,WI,MKE,E
54140,US,WI,GRB,C
54850,US,WI,DLH,E
53941,US,WI,MSN,E
53940,US,WI,MSN,E
53551,US,WI,MSN,C
54849,US,WI,DLH,E
54539,US,WI,RHI,B
53046,US,WI,MKE,C
53553,US,WI,MSN,D
54130,US,WI,GRB,C
54136,US,WI,GRB,C
54935,US,WI,MKE,E
53588,US,WI,MSN,D
53088,US,WI,ATW,C
53589,US,WI,MSN,B
53177,US,WI,MKE,B
54173,US,WI,GRB,B
54485,US,WI,RHI,C
53590,US,WI,MSN,B
54880,US,WI,DLH,A
54838,US,WI,DLH,E
54935,US,WI,ATW,C
54874,US,WI,DLH,D
53092,US,WI,MKE,B
54562,US,WI,RHI,C
54487,US,WI,RHI,C
54532,US,WI,RHI,B
53962,US,WI,MSN,E
53182,US,WI,MKE,D
54979,US,WI,MKE,E
53593,US,WI,MSN,B
53209,US,WI,MKE,A
53089,US,WI,MKE,D
54871,US,WI,DLH,F
53586,US,WI,MSN,E
53167,US,WI,MKE,D
53961,US,WI,MSN,E
54974,US,WI,MKE,E
54558,US,WI,RHI,C
53062,US,WI,MKE,E
54806,US,WI,DLH,E
53583,US,WI,MSN,C
53080,US,WI,MKE,D
54801,US,WI,DLH,F
54165,US,WI,ATW,C
53587,US,WI,MSN,E
54170,US,WI,ATW,C
53211,US,WI,MKE,A
54307,US,WI,ATW,B
54872,US,WI,DLH,F
54113,US,WI,GRB,C
54873,US,WI,DLH,E
53171,US,WI,MKE,C
53172,US,WI,MKE,A
54891,US,WI,DLH,E
53584,US,WI,MSN,D
54985,US,WI,MKE,E
53219,US,WI,MKE,A
53964,US,WI,MSN,E
54983,US,WI,ATW,C
53211,US,WI,MKE,A
53217,US,WI,MKE,A
53190,US,WI,MSN,D
53185,US,WI,MKE,D
53598,US,WI,MSN,B
53183,US,WI,MKE,D
54985,US,WI,GRB,C
53095,US,WI,MKE,D
54986,US,WI,ATW,C
54986,US,WI,GRB,C
54986,US,WI,MKE,E
53965,US,WI,MSN,E
53968,US,WI,MSN,E
54568,US,WI,RHI,C
54180,US,WI,ATW,C
54180,US,WI,GRB,B
53969,US,WI,MSN,C
54985,US,WI,ATW,B
53210,US,WI,MKE,A
53185,US,WI,MKE,D
53594,US,WI,MSN,C
53094,US,WI,MSN,C
53021,US,WI,MKE,D
53146,US,WI,MKE,B
53151,US,WI,MKE,B
53186,US,WI,MKE,B
53187,US,WI,MKE,B
53188,US,WI,MKE,B
53215,US,WI,MKE,A
53963,US,WI,MKE,E
53214,US,WI,MKE,A
53213,US,WI,MKE,A
53222,US,WI,MKE,A
53226,US,WI,MKE,A
54893,US,WI,DLH,E
54874,US,WI,DLH,D
53214,US,WI,MKE,A
53219,US,WI,MKE,A
53227,US,WI,MKE,A
54971,US,WI,MKE,E
53597,US,WI,MSN,B
54155,US,WI,ATW,B
53951,US,WI,MSN,E
53064,US,WI,MKE,C
54843,US,WI,DLH,E
53154,US,WI,MKE,A
53066,US,WI,MKE,D
54861,US,WI,DLH,E
53069,US,WI,MKE,C
54963,US,WI,ATW,C
54903,US,WI,ATW,B
54963,US,WI,MKE,E
53062,US,WI,MKE,E
54155,US,WI,GRB,C
53575,US,WI,MSN,B
53576,US,WI,MSN,D
54901,US,WI,ATW,B
54901,US,WI,GRB,C
54901,US,WI,MKE,E
54902,US,WI,ATW,B
54902,US,WI,GRB,C
53217,US,WI,MKE,A
54963,US,WI,GRB,C
54956,US,WI,MKE,E
53569,US,WI,MSN,D
53570,US,WI,MSN,D
54806,US,WI,DLH,E
53571,US,WI,MSN,C
53572,US,WI,MSN,C
53149,US,WI,MKE,D
53573,US,WI,MSN,E
53150,US,WI,MKE,B
53058,US,WI,MKE,C
54961,US,WI,ATW,C
54956,US,WI,GRB,C
53950,US,WI,MSN,E
54957,US,WI,ATW,A
54957,US,WI,GRB,C
54957,US,WI,MKE,E
53146,US,WI,MKE,B
53151,US,WI,MKE,B
54229,US,WI,GRB,B
53574,US,WI,MSN,C
53061,US,WI,MKE,E
54903,US,WI,GRB,C
54956,US,WI,ATW,A
53959,US,WI,MSN,D
53401,US,WI,MKE,B
53402,US,WI,MKE,B
53403,US,WI,MKE,B
53404,US,WI,MKE,B
53405,US,WI,MKE,B
53406,US,WI,MKE,B
53407,US,WI,MKE,B
53408,US,WI,MKE,B
54902,US,WI,MKE,E
54969,US,WI,ATW,C
54968,US,WI,MKE,E
53579,US,WI,MSN,D
53580,US,WI,MSN,E
54501,US,WI,RHI,A
54501,US,WI,RHI,A
54868,US,WI,DLH,F
53076,US,WI,MKE,D
53581,US,WI,MSN,E
53582,US,WI,MSN,C
53960,US,WI,MSN,C
53956,US,WI,MSN,D
53072,US,WI,MKE,B
54903,US,WI,MKE,E
54904,US,WI,ATW,B
54904,US,WI,GRB,C
54904,US,WI,MKE,E
54906,US,WI,ATW,B
54906,US,WI,GRB,C
54906,US,WI,MKE,E
53952,US,WI,MSN,E
53953,US,WI,MSN,E
54162,US,WI,GRB,B
54463,US,WI,RHI,C
54162,US,WI,ATW,C
54964,US,WI,MKE,E
53577,US,WI,MSN,E
53158,US,WI,MKE,C
54864,US,WI,DLH,D
53074,US,WI,MKE,D
53901,US,WI,MSN,C
53955,US,WI,MSN,C
53578,US,WI,MSN,C
53949,US,WI,MSN,E
53954,US,WI,MSN,C
53516,US,WI,MSN,D
53521,US,WI,MSN,D
53008,US,WI,MKE,B
53005,US,WI,MKE,B
53520,US,WI,MSN,D
53104,US,WI,MKE,C
54110,US,WI,ATW,C
53920,US,WI,MSN,E
53004,US,WI,MKE,D
53517,US,WI,MSN,C
53522,US,WI,MSN,E
53515,US,WI,MSN,C
53103,US,WI,MKE,D
54923,US,WI,MKE,E
54816,US,WI,DLH,E
54873,US,WI,DLH,E
53510,US,WI,MSN,D
53526,US,WI,MSN,E
53518,US,WI,MSN,E
53108,US,WI,MKE,B
53016,US,WI,MSN,D
54774,US,WI,MSP,H
54729,US,WI,MSP,H
53014,US,WI,ATW,C
53012,US,WI,MKE,D
53924,US,WI,MSN,E
54868,US,WI,DLH,F
53209,US,WI,MKE,A
53923,US,WI,MSN,D
53223,US,WI,MKE,A
54821,US,WI,DLH,E
54927,US,WI,MKE,E
54927,US,WI,GRB,C
54927,US,WI,ATW,B
53007,US,WI,MKE,B
53105,US,WI,MKE,C
54820,US,WI,DLH,E
53916,US,WI,MSN,D
53523,US,WI,MSN,C
54914,US,WI,ATW,A
54913,US,WI,MKE,E
54913,US,WI,GRB,C
54913,US,WI,ATW,A
54912,US,WI,MKE,E
54912,US,WI,GRB,C
54912,US,WI,ATW,A
54911,US,WI,MKE,E
53508,US,WI,MSN,C
54911,US,WI,ATW,A
54914,US,WI,MKE,E
54301,US,WI,GRB,A
54301,US,WI,ATW,B
53502,US,WI,MSN,D
53501,US,WI,MSN,D
53910,US,WI,MSN,E
54306,US,WI,GRB,A
54827,US,WI,DLH,F
54911,US,WI,GRB,C
53911,US,WI,MSN,C
53217,US,WI,MKE,A
54814,US,WI,DLH,E
53207,US,WI,MKE,A
53507,US,WI,MSN,C
54873,US,WI,DLH,E
53913,US,WI,MSN,C
54002,US,WI,MSP,H
54914,US,WI,ATW,A
53505,US,WI,MSN,D
54914,US,WI,GRB,C
53503,US,WI,MSN,D
54919,US,WI,MKE,E
54919,US,WI,GRB,C
54919,US,WI,ATW,A
54915,US,WI,MKE,E
54915,US,WI,GRB,C
54915,US,WI,ATW,A
54806,US,WI,DLH,E
53506,US,WI,MSN,E
54131,US,WI,ATW,C
53581,US,WI,MSN,E
53022,US,WI,MKE,B
53127,US,WI,MKE,C
53935,US,WI,MSN,E
53934,US,WI,MSN,E
53927,US,WI,MSN,E
54940,US,WI,ATW,C
54936,US,WI,MKE,E
54131,US,WI,GRB,C
53212,US,WI,MKE,A
53021,US,WI,MKE,D
53126,US,WI,MKE,B
53132,US,WI,MKE,A
53217,US,WI,MKE,A
53933,US,WI,MSN,D
53538,US,WI,MSN,C
53537,US,WI,MSN,D
54131,US,WI,MKE,E
54302,US,WI,GRB,A
54305,US,WI,GRB,B
54306,US,WI,ATW,B
53504,US,WI,MSN,D
53925,US,WI,MSN,C
54305,US,WI,ATW,B
54304,US,WI,GRB,A
54304,US,WI,ATW,B
53209,US,WI,MKE,A
54303,US,WI,ATW,B
53211,US,WI,MKE,A
54302,US,WI,ATW,B
54301,US,WI,GRB,A
54301,US,WI,ATW,B
54313,US,WI,GRB,A
53541,US,WI,MSN,E
53024,US,WI,MKE,D
54838,US,WI,DLH,E
53217,US,WI,MKE,A
54303,US,WI,GRB,A
54931,US,WI,ATW,C
54208,US,WI,GRB,B
54113,US,WI,ATW,B
54856,US,WI,DLH,E
53927,US,WI,MSN,E
53018,US,WI,MSN,C
53018,US,WI,MKE,D
54115,US,WI,GRB,A
53533,US,WI,MSN,D
53529,US,WI,MSN,C
54115,US,WI,ATW,B
54829,US,WI,DLH,F
53110,US,WI,MKE,A
53528,US,WI,MSN,C
54113,US,WI,MKE,E
54935,US,WI,MKE,E
53540,US,WI,MSN,D
54520,US,WI,RHI,C
53527,US,WI,MSN,B
53532,US,WI,MSN,B
53122,US,WI,MKE,B
54935,US,WI,ATW,C
53711,US,WI,MSN,A
53593,US,WI,MSN,B
53530,US,WI,MSN,E
54832,US,WI,DLH,F
53932,US,WI,MSN,D
53536,US,WI,MSN,C
53713,US,WI,MSN,A
53929,US,WI,MSN,E
54428,US,WI,RHI,C
54521,US,WI,RHI,C
53120,US,WI,MKE,D
53535,US,WI,MSN,E
53534,US,WI,MSN,C
54703,US,WI,MSP,H
54701,US,WI,MSP,H
53930,US,WI,MSN,D
54702,US,WI,MSP,H
54141,US,WI,ATW,B
54139,US,WI,ATW,D
54141,US,WI,ATW,B
54947,US,WI,ATW,D
54139,US,WI,ATW,D
53042,US,WI,ATW,D
54137,US,WI,ATW,C
54947,US,WI,ATW,D
54933,US,WI,GRB,D
54124,US,WI,GRB,D
54112,US,WI,GRB,D
53014,US,WI,GRB,D
54929,US,WI,GRB,D
54931,US,WI,GRB,D
54201,US,WI,GRB,D
54922,US,WI,GRB,D
25840,US,WV,IAD,U
25510,US,WV,IAD,U
25313,US,WV,IAD,U
26205,US,WV,IAD,U
26206,US,WV,IAD,U
25051,US,WV,IAD,U
25045,US,WV,IAD,U
25614,US,WV,IAD,U
25239,US,WV,IAD,U
26288,US,WV,IAD,U
25053,US,WV,IAD,U
25049,US,WV,IAD,U
24828,US,WV,IAD,U
25043,US,WV,IAD,U
24910,US,WV,IAD,U
25057,US,WV,IAD,U
25670,US,WV,IAD,U
25015,US,WV,IAD,U
26847,US,WV,IAD,U
24736,US,WV,IAD,U
25061,US,WV,IAD,U
26260,US,WV,IAD,U
25040,US,WV,IAD,U
25064,US,WV,IAD,U
26038,US,WV,IAD,U
25364,US,WV,IAD,U
25365,US,WV,IAD,U
25375,US,WV,IAD,U
25387,US,WV,IAD,U
25389,US,WV,IAD,U
25392,US,WV,IAD,U
25045,US,WV,IAD,U
25362,US,WV,IAD,U
25048,US,WV,IAD,U
25958,US,WV,IAD,U
25667,US,WV,IAD,U
26034,US,WV,IAD,U
26301,US,WV,IAD,U
26623,US,WV,IAD,U
25047,US,WV,IAD,U
25361,US,WV,IAD,U
25823,US,WV,IAD,U
25360,US,WV,IAD,U
25396,US,WV,IAD,U
25846,US,WV,IAD,U
25082,US,WV,IAD,U
25083,US,WV,IAD,U
25515,US,WV,IAD,M
26349,US,WV,IAD,U
25209,US,WV,IAD,U
24836,US,WV,IAD,U
26624,US,WV,IAD,U
26624,US,WV,IAD,U
25085,US,WV,IAD,U
25621,US,WV,IAD,U
25844,US,WV,IAD,U
25071,US,WV,IAD,U
25849,US,WV,IAD,U
26623,US,WV,IAD,U
26351,US,WV,IAD,U
26354,US,WV,IAD,U
26147,US,WV,IAD,U
25357,US,WV,IAD,U
25504,US,WV,IAD,U
26147,US,WV,IAD,U
25422,US,WV,IAD,M
25086,US,WV,IAD,U
26554,US,WV,IAD,U
25512,US,WV,IAD,U
25836,US,WV,IAD,U
25070,US,WV,IAD,U
24740,US,WV,IAD,U
26143,US,WV,IAD,U
26241,US,WV,IAD,U
25071,US,WV,IAD,U
26003,US,WV,IAD,U
26134,US,WV,IAD,U
26807,US,WV,IAD,G
24902,US,WV,IAD,U
26623,US,WV,IAD,U
25079,US,WV,IAD,U
25419,US,WV,IAD,G
25840,US,WV,IAD,U
26347,US,WV,IAD,U
26037,US,WV,IAD,U
26719,US,WV,IAD,U
25514,US,WV,IAD,U
26103,US,WV,IAD,U
25081,US,WV,IAD,U
25067,US,WV,IAD,U
25839,US,WV,IAD,U
25024,US,WV,IAD,U
25802,US,WV,IAD,U
26030,US,WV,IAD,U
26250,US,WV,IAD,U
25015,US,WV,IAD,U
26134,US,WV,IAD,U
26031,US,WV,IAD,U
25411,US,WV,IAD,M
26032,US,WV,IAD,U
25813,US,WV,IAD,U
25022,US,WV,IAD,U
25011,US,WV,IAD,U
25025,US,WV,IAD,U
25026,US,WV,IAD,U
24701,US,WV,IAD,T
24701,US,WV,IAD,T
26206,US,WV,IAD,U
26288,US,WV,IAD,U
25030,US,WV,IAD,U
25031,US,WV,IAD,U
25818,US,WV,IAD,M
25302,US,WV,IAD,U
24808,US,WV,IAD,U
25083,US,WV,IAD,U
24701,US,WV,IAD,T
25918,US,WV,IAD,U
25231,US,WV,IAD,U
24910,US,WV,IAD,U
24868,US,WV,IAD,U
25501,US,WV,IAD,U
25572,US,WV,IAD,U
25002,US,WV,IAD,U
25801,US,WV,IAD,U
25607,US,WV,IAD,U
25638,US,WV,IAD,U
26323,US,WV,IAD,U
25812,US,WV,IAD,U
25502,US,WV,IAD,U
25123,US,WV,IAD,U
24828,US,WV,IAD,U
25009,US,WV,IAD,U
24712,US,WV,IAD,U
26351,US,WV,IAD,U
26330,US,WV,IAD,T
25003,US,WV,IAD,U
25330,US,WV,IAD,U
24817,US,WV,IAD,U
25320,US,WV,IAD,U
25321,US,WV,IAD,U
25322,US,WV,IAD,U
25323,US,WV,IAD,U
25324,US,WV,IAD,U
25325,US,WV,IAD,U
25326,US,WV,IAD,U
25327,US,WV,IAD,U
25315,US,WV,IAD,U
25329,US,WV,IAD,U
25314,US,WV,IAD,U
25331,US,WV,IAD,U
25332,US,WV,IAD,U
25333,US,WV,IAD,U
25334,US,WV,IAD,U
25335,US,WV,IAD,U
25336,US,WV,IAD,U
25337,US,WV,IAD,U
25338,US,WV,IAD,U
25339,US,WV,IAD,U
25328,US,WV,IAD,U
25301,US,WV,IAD,U
25356,US,WV,IAD,U
26416,US,WV,IAD,U
25951,US,WV,IAD,U
26201,US,WV,IAD,U
25033,US,WV,IAD,U
25035,US,WV,IAD,U
25036,US,WV,IAD,U
25039,US,WV,IAD,U
25507,US,WV,IAD,U
25317,US,WV,IAD,U
25414,US,WV,IAD,G
24818,US,WV,IAD,U
25302,US,WV,IAD,U
25303,US,WV,IAD,U
25304,US,WV,IAD,U
25305,US,WV,IAD,U
25306,US,WV,IAD,U
25309,US,WV,IAD,U
25311,US,WV,IAD,U
25312,US,WV,IAD,U
25313,US,WV,IAD,U
25508,US,WV,IAD,U
25165,US,WV,IAD,U
25062,US,WV,IAD,U
25169,US,WV,IAD,U
26261,US,WV,IAD,U
26547,US,WV,IAD,U
25168,US,WV,IAD,U
26164,US,WV,IAD,U
25438,US,WV,IAD,G
26588,US,WV,IAD,G
25911,US,WV,IAD,U
25607,US,WV,IAD,U
25045,US,WV,IAD,U
25909,US,WV,IAD,U
26055,US,WV,IAD,U
25164,US,WV,IAD,U
24740,US,WV,IAD,U
24739,US,WV,IAD,U
26431,US,WV,IAD,U
25114,US,WV,IAD,U
26170,US,WV,IAD,U
25873,US,WV,IAD,U
25443,US,WV,IAD,G
25183,US,WV,IAD,U
25918,US,WV,IAD,U
25181,US,WV,IAD,M
25560,US,WV,IAD,U
26726,US,WV,IAD,U
25271,US,WV,IAD,U
26426,US,WV,IAD,U
25161,US,WV,IAD,U
25177,US,WV,IAD,U
25984,US,WV,IAD,U
24970,US,WV,IAD,U
26757,US,WV,IAD,U
25248,US,WV,IAD,G
24881,US,WV,IAD,U
25174,US,WV,IAD,U
25559,US,WV,IAD,U
24739,US,WV,IAD,U
25162,US,WV,IAD,U
26288,US,WV,IAD,U
26159,US,WV,IAD,U
25209,US,WV,IAD,U
26003,US,WV,IAD,U
25545,US,WV,IAD,U
25638,US,WV,IAD,U
26102,US,WV,IAD,U
24870,US,WV,IAD,U
26103,US,WV,IAD,U
25901,US,WV,IAD,U
26301,US,WV,IAD,U
26301,US,WV,IAD,U
24868,US,WV,IAD,U
26104,US,WV,IAD,U
25688,US,WV,IAD,U
26104,US,WV,IAD,U
25902,US,WV,IAD,U
26415,US,WV,IAD,U
25550,US,WV,IAD,U
25159,US,WV,IAD,U
25906,US,WV,IAD,U
25156,US,WV,IAD,U
25164,US,WV,IAD,U
25064,US,WV,IAD,U
26416,US,WV,IAD,U
26101,US,WV,IAD,U
26847,US,WV,IAD,U
25508,US,WV,IAD,U
25878,US,WV,IAD,U
25639,US,WV,IAD,U
25434,US,WV,IAD,M
26287,US,WV,IAD,U
26106,US,WV,IAD,U
26105,US,WV,IAD,U
26104,US,WV,IAD,U
25154,US,WV,IAD,U
26288,US,WV,IAD,U
26105,US,WV,IAD,U
26452,US,WV,IAD,U
26456,US,WV,IAD,U
26451,US,WV,IAD,U
25601,US,WV,IAD,U
25571,US,WV,IAD,U
26347,US,WV,IAD,U
26505,US,WV,IAD,U
26062,US,WV,IAD,U
26003,US,WV,IAD,U
25570,US,WV,IAD,U
26184,US,WV,IAD,U
26181,US,WV,IAD,U
26003,US,WV,IAD,U
24892,US,WV,IAD,U
25286,US,WV,IAD,U
25443,US,WV,IAD,G
26070,US,WV,IAD,U
26149,US,WV,IAD,G
25573,US,WV,IAD,U
25572,US,WV,IAD,U
25214,US,WV,IAD,U
25213,US,WV,IAD,U
26134,US,WV,IAD,U
24983,US,WV,IAD,U
26187,US,WV,IAD,U
26502,US,WV,IAD,U
25653,US,WV,IAD,U
25649,US,WV,IAD,U
25083,US,WV,IAD,U
25652,US,WV,IAD,U
25209,US,WV,IAD,U
24986,US,WV,IAD,U
24961,US,WV,IAD,U
24986,US,WV,IAD,U
25823,US,WV,IAD,U
25661,US,WV,IAD,U
25921,US,WV,IAD,U
24853,US,WV,IAD,U
26504,US,WV,IAD,U
25927,US,WV,IAD,U
25927,US,WV,IAD,U
24884,US,WV,IAD,G
25309,US,WV,IAD,U
25276,US,WV,IAD,U
25140,US,WV,IAD,U
25303,US,WV,IAD,U
25646,US,WV,IAD,U
25564,US,WV,IAD,U
25186,US,WV,IAD,U
26436,US,WV,IAD,U
26175,US,WV,IAD,U
25320,US,WV,IAD,U
26435,US,WV,IAD,U
25015,US,WV,IAD,U
25309,US,WV,IAD,U
25569,US,WV,IAD,U
25206,US,WV,IAD,U
24983,US,WV,IAD,U
25411,US,WV,IAD,M
25205,US,WV,IAD,U
26059,US,WV,IAD,U
25202,US,WV,IAD,U
26415,US,WV,IAD,U
26505,US,WV,IAD,U
26201,US,WV,IAD,U
26050,US,WV,IAD,U
25921,US,WV,IAD,U
25201,US,WV,IAD,U
25647,US,WV,IAD,U
26601,US,WV,IAD,U
25140,US,WV,IAD,U
25567,US,WV,IAD,U
26301,US,WV,IAD,U
26292,US,WV,IAD,U
25726,US,WV,IAD,U
25718,US,WV,IAD,U
25773,US,WV,IAD,U
25772,US,WV,IAD,U
25771,US,WV,IAD,U
25770,US,WV,IAD,U
25755,US,WV,IAD,U
25729,US,WV,IAD,U
25775,US,WV,IAD,U
25727,US,WV,IAD,U
25776,US,WV,IAD,U
25725,US,WV,IAD,U
25724,US,WV,IAD,U
25723,US,WV,IAD,U
25722,US,WV,IAD,U
25721,US,WV,IAD,U
25720,US,WV,IAD,U
25143,US,WV,IAD,U
25728,US,WV,IAD,U
26378,US,WV,IAD,U
25248,US,WV,IAD,G
25530,US,WV,IAD,U
25248,US,WV,IAD,G
25430,US,WV,IAD,G
26275,US,WV,IAD,U
25529,US,WV,IAD,U
26554,US,WV,IAD,U
25774,US,WV,IAD,U
25114,US,WV,IAD,U
25717,US,WV,IAD,U
25428,US,WV,IAD,G
25112,US,WV,IAD,U
24844,US,WV,IAD,U
25526,US,WV,IAD,U
25779,US,WV,IAD,U
25778,US,WV,IAD,U
25777,US,WV,IAD,U
24850,US,WV,IAD,U
26366,US,WV,IAD,U
25719,US,WV,IAD,U
25951,US,WV,IAD,U
25854,US,WV,IAD,U
25108,US,WV,IAD,U
26601,US,WV,IAD,U
25107,US,WV,IAD,G
25624,US,WV,IAD,U
25109,US,WV,IAD,U
26362,US,WV,IAD,U
25110,US,WV,IAD,U
25901,US,WV,IAD,U
25247,US,WV,IAD,M
26362,US,WV,IAD,U
25425,US,WV,IAD,G
25102,US,WV,IAD,U
25411,US,WV,IAD,M
25523,US,WV,IAD,U
25106,US,WV,IAD,U
25707,US,WV,IAD,U
25716,US,WV,IAD,U
25715,US,WV,IAD,U
25714,US,WV,IAD,U
25713,US,WV,IAD,U
25712,US,WV,IAD,U
25711,US,WV,IAD,U
25710,US,WV,IAD,U
25625,US,WV,IAD,U
25708,US,WV,IAD,U
26726,US,WV,IAD,U
25706,US,WV,IAD,U
25705,US,WV,IAD,U
25704,US,WV,IAD,U
25703,US,WV,IAD,U
25702,US,WV,IAD,U
25701,US,WV,IAD,U
25635,US,WV,IAD,U
25709,US,WV,IAD,U
25541,US,WV,IAD,U
25674,US,WV,IAD,U
26502,US,WV,IAD,U
25136,US,WV,IAD,U
24737,US,WV,IAD,U
26554,US,WV,IAD,U
25636,US,WV,IAD,U
26150,US,WV,IAD,U
26505,US,WV,IAD,U
25879,US,WV,IAD,U
26506,US,WV,IAD,U
25432,US,WV,IAD,G
26280,US,WV,IAD,U
25878,US,WV,IAD,U
26149,US,WV,IAD,G
25134,US,WV,IAD,U
26385,US,WV,IAD,U
25921,US,WV,IAD,U
26150,US,WV,IAD,U
25670,US,WV,IAD,U
25423,US,WV,IAD,U
26362,US,WV,IAD,U
26155,US,WV,IAD,U
25265,US,WV,IAD,U
26181,US,WV,IAD,U
26047,US,WV,IAD,U
24961,US,WV,IAD,U
26504,US,WV,IAD,U
25140,US,WV,IAD,U
24861,US,WV,IAD,U
26164,US,WV,IAD,U
25882,US,WV,IAD,U
25880,US,WV,IAD,U
25637,US,WV,IAD,U
26408,US,WV,IAD,U
26041,US,WV,IAD,U
26507,US,WV,IAD,U
25142,US,WV,IAD,U
24854,US,WV,IAD,M
24902,US,WV,IAD,U
24901,US,WV,IAD,U
25253,US,WV,IAD,U
25865,US,WV,IAD,U
25537,US,WV,IAD,U
25123,US,WV,IAD,U
25635,US,WV,IAD,U
26040,US,WV,IAD,U
25860,US,WV,IAD,U
25601,US,WV,IAD,U
25628,US,WV,IAD,U
26537,US,WV,IAD,U
25119,US,WV,IAD,U
25118,US,WV,IAD,U
24853,US,WV,IAD,U
24852,US,WV,IAD,G
26601,US,WV,IAD,U
26847,US,WV,IAD,U
25306,US,WV,IAD,U
25984,US,WV,IAD,U
24736,US,WV,IAD,U
25678,US,WV,IAD,U
25260,US,WV,IAD,U
25401,US,WV,IAD,G
25315,US,WV,IAD,U
25635,US,WV,IAD,U
26505,US,WV,IAD,U
25634,US,WV,IAD,U
25678,US,WV,IAD,U
26362,US,WV,IAD,U
25130,US,WV,IAD,U
25871,US,WV,IAD,U
26386,US,WV,IAD,U
26385,US,WV,IAD,U
25186,US,WV,IAD,U
25126,US,WV,IAD,U
25646,US,WV,IAD,U
25132,US,WV,IAD,U
25414,US,WV,IAD,F
25429,US,WV,IAD,F
25164,US,WV,PIT,Y
25909,US,WV,CVG,Y
25909,US,WV,PIT,Y
25045,US,WV,CVG,Y
25911,US,WV,PIT,Y
25045,US,WV,PIT,Y
25690,US,WV,PIT,Y
25962,US,WV,PIT,Y
25962,US,WV,CVG,Y
25164,US,WV,CVG,Y
25911,US,WV,CVG,Y
25555,US,WV,CVG,Y
25690,US,WV,CVG,Y
25162,US,WV,CVG,Y
25114,US,WV,CVG,Y
25550,US,WV,CVG,Y
25159,US,WV,PIT,Y
25159,US,WV,CVG,Y
25550,US,WV,PIT,Y
25907,US,WV,CVG,Y
25161,US,WV,PIT,Y
24740,US,WV,PIT,Y
25162,US,WV,PIT,Y
25555,US,WV,PIT,Y
25907,US,WV,PIT,Y
24739,US,WV,CVG,Y
24739,US,WV,PIT,Y
24740,US,WV,CVG,Y
25161,US,WV,CVG,Y
26757,US,WV,CVG,Y
26757,US,WV,PIT,Y
25174,US,WV,PIT,Y
26169,US,WV,CVG,Y
26169,US,WV,PIT,Y
24881,US,WV,CVG,Y
24881,US,WV,PIT,Y
25607,US,WV,PIT,Y
25248,US,WV,PIT,Y
25607,US,WV,CVG,Y
25979,US,WV,PIT,Y
24970,US,WV,CVG,Y
24970,US,WV,PIT,Y
26425,US,WV,CVG,Y
26425,US,WV,PIT,Y
25984,US,WV,CVG,Y
25248,US,WV,CVG,Y
25270,US,WV,PIT,Y
25438,US,WV,BWI,Y
26164,US,WV,CVG,Y
26164,US,WV,PIT,Y
25168,US,WV,CVG,Y
25168,US,WV,PIT,Y
26547,US,WV,CVG,Y
25174,US,WV,CVG,Y
25270,US,WV,CVG,Y
25114,US,WV,PIT,Y
26261,US,WV,CVG,Y
26261,US,WV,PIT,Y
25169,US,WV,CVG,Y
25169,US,WV,PIT,Y
25271,US,WV,CVG,Y
25271,US,WV,PIT,Y
26547,US,WV,PIT,Y
24739,US,WV,PIT,Y
26288,US,WV,CVG,Y
25688,US,WV,PIT,Y
24868,US,WV,CVG,Y
24868,US,WV,PIT,Y
25901,US,WV,CVG,Y
26137,US,WV,PIT,Y
24739,US,WV,CVG,Y
26137,US,WV,CVG,Y
24870,US,WV,CVG,Y
24870,US,WV,PIT,Y
25902,US,WV,CVG,Y
25902,US,WV,PIT,Y
25638,US,WV,CVG,Y
25638,US,WV,PIT,Y
25901,US,WV,PIT,Y
24961,US,WV,PIT,Y
26288,US,WV,CVG,Y
25984,US,WV,PIT,Y
26631,US,WV,CVG,Y
26631,US,WV,PIT,Y
25142,US,WV,CVG,Y
25688,US,WV,CVG,Y
24961,US,WV,CVG,Y
26003,US,WV,PIT,Y
25265,US,WV,CVG,Y
25265,US,WV,PIT,Y
26362,US,WV,CVG,Y
26362,US,WV,PIT,Y
26601,US,WV,CVG,Y
26601,US,WV,PIT,Y
25142,US,WV,PIT,Y
25164,US,WV,PIT,Y
26161,US,WV,CVG,Y
26161,US,WV,PIT,Y
25154,US,WV,CVG,Y
25154,US,WV,PIT,Y
26416,US,WV,CVG,Y
25545,US,WV,CVG,Y
25164,US,WV,CVG,Y
26415,US,WV,PIT,Y
26419,US,WV,CVG,Y
26419,US,WV,PIT,Y
24874,US,WV,CVG,Y
24874,US,WV,PIT,Y
25906,US,WV,CVG,Y
25906,US,WV,PIT,Y
26416,US,WV,PIT,Y
25434,US,WV,BWI,Y
25979,US,WV,CVG,Y
25209,US,WV,CVG,Y
25209,US,WV,PIT,Y
26160,US,WV,CVG,Y
26160,US,WV,PIT,Y
26288,US,WV,PIT,Y
26847,US,WV,PIT,Y
26287,US,WV,PIT,Y
26847,US,WV,CVG,Y
25639,US,WV,CVG,Y
25639,US,WV,PIT,Y
25878,US,WV,CVG,Y
25878,US,WV,PIT,Y
26415,US,WV,CVG,Y
25545,US,WV,PIT,Y
26287,US,WV,CVG,Y
24892,US,WV,PIT,Y
25571,US,WV,PIT,Y
25649,US,WV,PIT,Y
24853,US,WV,CVG,Y
24853,US,WV,PIT,Y
25286,US,WV,CVG,Y
25696,US,WV,PIT,Y
24892,US,WV,CVG,Y
25696,US,WV,CVG,Y
26003,US,WV,PIT,Y
25570,US,WV,PIT,Y
26288,US,WV,PIT,Y
24801,US,WV,CVG,Y
24801,US,WV,PIT,Y
25570,US,WV,CVG,Y
25286,US,WV,PIT,Y
25203,US,WV,PIT,Y
26292,US,WV,PIT,Y
26415,US,WV,CVG,Y
26415,US,WV,PIT,Y
25202,US,WV,CVG,Y
25202,US,WV,PIT,Y
25649,US,WV,CVG,Y
25203,US,WV,CVG,Y
25601,US,WV,CVG,Y
25205,US,WV,CVG,Y
25205,US,WV,PIT,Y
25411,US,WV,BWI,Y
26060,US,WV,PIT,Y
25206,US,WV,CVG,Y
25206,US,WV,PIT,Y
26059,US,WV,PIT,Y
25214,US,WV,PIT,Y
25571,US,WV,CVG,Y
25653,US,WV,PIT,Y
25661,US,WV,CVG,Y
25661,US,WV,PIT,Y
26707,US,WV,CVG,Y
26149,US,WV,PIT,Y
25214,US,WV,CVG,Y
26149,US,WV,CVG,Y
25572,US,WV,CVG,Y
25572,US,WV,PIT,Y
25573,US,WV,CVG,Y
25573,US,WV,PIT,Y
25035,US,WV,PIT,Y
25140,US,WV,PIT,Y
26707,US,WV,PIT,Y
24961,US,WV,PIT,Y
25601,US,WV,PIT,Y
26456,US,WV,CVG,Y
26456,US,WV,PIT,Y
26003,US,WV,PIT,Y
25823,US,WV,CVG,Y
25653,US,WV,CVG,Y
24961,US,WV,CVG,Y
26764,US,WV,CVG,Y
24986,US,WV,CVG,Y
24986,US,WV,PIT,Y
25209,US,WV,CVG,Y
25209,US,WV,PIT,Y
25652,US,WV,CVG,Y
25652,US,WV,PIT,Y
25823,US,WV,PIT,Y
25186,US,WV,PIT,Y
26292,US,WV,CVG,Y
25015,US,WV,PIT,Y
25320,US,WV,CVG,Y
25320,US,WV,PIT,Y
26209,US,WV,CVG,Y
25508,US,WV,PIT,Y
25186,US,WV,CVG,Y
25508,US,WV,CVG,Y
26178,US,WV,CVG,Y
26178,US,WV,PIT,Y
26209,US,WV,CVG,Y
26209,US,WV,PIT,Y
25564,US,WV,CVG,Y
25564,US,WV,PIT,Y
26209,US,WV,PIT,Y
26726,US,WV,PIT,Y
26426,US,WV,PIT,Y
25559,US,WV,CVG,Y
25559,US,WV,PIT,Y
25275,US,WV,CVG,Y
25275,US,WV,PIT,Y
25015,US,WV,CVG,Y
26726,US,WV,CVG,Y
25276,US,WV,CVG,Y
25181,US,WV,CVG,Y
25181,US,WV,PIT,Y
25918,US,WV,CVG,Y
25918,US,WV,PIT,Y
25183,US,WV,CVG,Y
25183,US,WV,PIT,Y
26726,US,WV,BWI,Y
25921,US,WV,CVG,Y
26601,US,WV,PIT,Y
25647,US,WV,CVG,Y
25647,US,WV,PIT,Y
25193,US,WV,CVG,Y
25193,US,WV,PIT,Y
25921,US,WV,CVG,Y
26237,US,WV,PIT,Y
25140,US,WV,CVG,Y
25921,US,WV,PIT,Y
26137,US,WV,CVG,Y
26137,US,WV,PIT,Y
26201,US,WV,CVG,Y
26201,US,WV,PIT,Y
26426,US,WV,CVG,Y
26237,US,WV,CVG,Y
25646,US,WV,CVG,Y
26764,US,WV,PIT,Y
25276,US,WV,PIT,Y
24884,US,WV,CVG,Y
24884,US,WV,PIT,Y
25927,US,WV,CVG,Y
25927,US,WV,PIT,Y
26601,US,WV,CVG,Y
25140,US,WV,PIT,Y
25140,US,WV,PIT,Y
25646,US,WV,PIT,Y
25567,US,WV,CVG,Y
25567,US,WV,PIT,Y
26651,US,WV,CVG,Y
26651,US,WV,PIT,Y
25921,US,WV,PIT,Y
25140,US,WV,CVG,Y
26260,US,WV,CVG,Y
26847,US,WV,CVG,Y
26205,US,WV,PIT,Y
25510,US,WV,CVG,Y
25510,US,WV,PIT,Y
25840,US,WV,CVG,Y
25840,US,WV,PIT,Y
26288,US,WV,CVG,Y
26288,US,WV,PIT,Y
25832,US,WV,CVG,Y
25832,US,WV,PIT,Y
26206,US,WV,PIT,Y
25053,US,WV,PIT,Y
26206,US,WV,CVG,Y
26260,US,WV,PIT,Y
24828,US,WV,CVG,Y
24828,US,WV,PIT,Y
24910,US,WV,CVG,Y
24910,US,WV,PIT,Y
25057,US,WV,CVG,Y
25057,US,WV,PIT,Y
25670,US,WV,CVG,Y
25670,US,WV,PIT,Y
25015,US,WV,CVG,Y
25515,US,WV,CVG,Y
25053,US,WV,CVG,Y
25048,US,WV,CVG,Y
26623,US,WV,CVG,Y
26623,US,WV,PIT,Y
25045,US,WV,CVG,Y
25045,US,WV,PIT,Y
25047,US,WV,CVG,Y
25047,US,WV,PIT,Y
25823,US,WV,CVG,Y
25823,US,WV,PIT,Y
26257,US,WV,CVG,Y
26257,US,WV,PIT,Y
26205,US,WV,CVG,Y
24824,US,WV,PIT,Y
26847,US,WV,PIT,Y
25048,US,WV,PIT,Y
25049,US,WV,CVG,Y
25049,US,WV,PIT,Y
26615,US,WV,CVG,Y
26615,US,WV,PIT,Y
25614,US,WV,CVG,Y
25614,US,WV,PIT,Y
25045,US,WV,CVG,Y
25045,US,WV,PIT,Y
25239,US,WV,CVG,Y
25239,US,WV,PIT,Y
24824,US,WV,CVG,Y
25036,US,WV,PIT,Y
25015,US,WV,PIT,Y
26203,US,WV,PIT,Y
25839,US,WV,CVG,Y
25839,US,WV,PIT,Y
25419,US,WV,BWI,Y
26631,US,WV,CVG,Y
26631,US,WV,PIT,Y
25840,US,WV,CVG,Y
25840,US,WV,PIT,Y
26202,US,WV,CVG,Y
26003,US,WV,PIT,Y
26348,US,WV,CVG,Y
26346,US,WV,PIT,Y
26719,US,WV,BWI,Y
25140,US,WV,CVG,Y
25514,US,WV,PIT,Y
25081,US,WV,CVG,Y
25081,US,WV,PIT,Y
25071,US,WV,CVG,Y
25071,US,WV,PIT,Y
26623,US,WV,CVG,Y
26623,US,WV,PIT,Y
25082,US,WV,CVG,Y
25082,US,WV,PIT,Y
26202,US,WV,PIT,Y
25836,US,WV,PIT,Y
24736,US,WV,CVG,Y
24736,US,WV,PIT,Y
26667,US,WV,CVG,Y
26667,US,WV,PIT,Y
25061,US,WV,CVG,Y
25061,US,WV,PIT,Y
25064,US,WV,PIT,Y
25067,US,WV,CVG,Y
25067,US,WV,PIT,Y
25512,US,WV,CVG,Y
26203,US,WV,CVG,Y
25836,US,WV,CVG,Y
25667,US,WV,PIT,Y
25070,US,WV,CVG,Y
25070,US,WV,PIT,Y
24740,US,WV,CVG,Y
24740,US,WV,PIT,Y
26143,US,WV,CVG,Y
26143,US,WV,PIT,Y
26241,US,WV,CVG,Y
26241,US,WV,PIT,Y
25071,US,WV,CVG,Y
25071,US,WV,PIT,Y
26346,US,WV,CVG,Y
25512,US,WV,PIT,Y
26707,US,WV,CVG,Y
25043,US,WV,PIT,Y
25123,US,WV,PIT,Y
25234,US,WV,CVG,Y
25234,US,WV,PIT,Y
24828,US,WV,CVG,Y
24828,US,WV,PIT,Y
25009,US,WV,CVG,Y
25009,US,WV,PIT,Y
26351,US,WV,CVG,Y
26351,US,WV,PIT,Y
25502,US,WV,PIT,Y
25638,US,WV,PIT,Y
25502,US,WV,CVG,Y
26707,US,WV,PIT,Y
25813,US,WV,CVG,Y
25813,US,WV,PIT,Y
26030,US,WV,PIT,Y
26250,US,WV,CVG,Y
26250,US,WV,PIT,Y
25015,US,WV,CVG,Y
25015,US,WV,PIT,Y
26656,US,WV,CVG,Y
26656,US,WV,PIT,Y
26031,US,WV,PIT,Y
25638,US,WV,CVG,Y
25572,US,WV,CVG,Y
25918,US,WV,CVG,Y
25918,US,WV,PIT,Y
25231,US,WV,CVG,Y
25231,US,WV,PIT,Y
26519,US,WV,CVG,Y
26519,US,WV,PIT,Y
24910,US,WV,CVG,Y
24910,US,WV,PIT,Y
24868,US,WV,CVG,Y
24868,US,WV,PIT,Y
25123,US,WV,CVG,Y
25501,US,WV,PIT,Y
26136,US,WV,CVG,Y
25572,US,WV,PIT,Y
25002,US,WV,CVG,Y
25002,US,WV,PIT,Y
25003,US,WV,CVG,Y
25003,US,WV,PIT,Y
25607,US,WV,CVG,Y
25607,US,WV,PIT,Y
24808,US,WV,CVG,Y
24808,US,WV,PIT,Y
25812,US,WV,CVG,Y
25812,US,WV,PIT,Y
25501,US,WV,CVG,Y
25508,US,WV,PIT,Y
26201,US,WV,PIT,Y
25033,US,WV,CVG,Y
25033,US,WV,PIT,Y
26615,US,WV,CVG,Y
26615,US,WV,PIT,Y
26178,US,WV,CVG,Y
26178,US,WV,PIT,Y
25035,US,WV,CVG,Y
25036,US,WV,CVG,Y
25507,US,WV,CVG,Y
25411,US,WV,BWI,Y
25508,US,WV,CVG,Y
25951,US,WV,CVG,Y
25414,US,WV,BWI,Y
25306,US,WV,CVG,Y
25306,US,WV,PIT,Y
25320,US,WV,CVG,Y
25320,US,WV,PIT,Y
25040,US,WV,CVG,Y
25040,US,WV,PIT,Y
25958,US,WV,CVG,Y
25958,US,WV,PIT,Y
25667,US,WV,CVG,Y
25514,US,WV,CVG,Y
25507,US,WV,PIT,Y
26206,US,WV,PIT,Y
25043,US,WV,CVG,Y
26136,US,WV,PIT,Y
26137,US,WV,CVG,Y
26137,US,WV,PIT,Y
25022,US,WV,CVG,Y
25022,US,WV,PIT,Y
25025,US,WV,CVG,Y
25025,US,WV,PIT,Y
24701,US,WV,CVG,Y
24701,US,WV,PIT,Y
24701,US,WV,CVG,Y
26201,US,WV,CVG,Y
26206,US,WV,CVG,Y
25951,US,WV,PIT,Y
26288,US,WV,CVG,Y
26288,US,WV,PIT,Y
25030,US,WV,CVG,Y
25030,US,WV,PIT,Y
25031,US,WV,CVG,Y
25031,US,WV,PIT,Y
24817,US,WV,CVG,Y
24817,US,WV,PIT,Y
26416,US,WV,CVG,Y
26416,US,WV,PIT,Y
26032,US,WV,PIT,Y
24701,US,WV,PIT,Y
26362,US,WV,CVG,Y
25678,US,WV,CVG,Y
25678,US,WV,PIT,Y
25601,US,WV,CVG,Y
25601,US,WV,PIT,Y
25126,US,WV,CVG,Y
25126,US,WV,PIT,Y
25186,US,WV,CVG,Y
25186,US,WV,PIT,Y
25873,US,WV,CVG,Y
25873,US,WV,PIT,Y
25401,US,WV,BWI,Y
25130,US,WV,PIT,Y
25253,US,WV,PIT,Y
26362,US,WV,PIT,Y
25306,US,WV,CVG,Y
25306,US,WV,PIT,Y
25634,US,WV,CVG,Y
25634,US,WV,PIT,Y
25132,US,WV,CVG,Y
25132,US,WV,PIT,Y
25635,US,WV,CVG,Y
25635,US,WV,PIT,Y
26425,US,WV,CVG,Y
25628,US,WV,CVG,Y
25130,US,WV,CVG,Y
25535,US,WV,CVG,Y
25628,US,WV,PIT,Y
24854,US,WV,CVG,Y
24854,US,WV,PIT,Y
25860,US,WV,CVG,Y
25515,US,WV,PIT,Y
26847,US,WV,CVG,Y
26348,US,WV,PIT,Y
25635,US,WV,CVG,Y
25635,US,WV,PIT,Y
25159,US,WV,CVG,Y
25159,US,WV,PIT,Y
24901,US,WV,PIT,Y
25862,US,WV,PIT,Y
24901,US,WV,CVG,Y
25535,US,WV,PIT,Y
26676,US,WV,CVG,Y
26676,US,WV,PIT,Y
25123,US,WV,CVG,Y
25123,US,WV,PIT,Y
25537,US,WV,CVG,Y
25537,US,WV,PIT,Y
25865,US,WV,CVG,Y
25865,US,WV,PIT,Y
25253,US,WV,CVG,Y
25260,US,WV,CVG,Y
25862,US,WV,CVG,Y
26739,US,WV,CVG,Y
24737,US,WV,PIT,Y
25136,US,WV,CVG,Y
25136,US,WV,PIT,Y
26041,US,WV,PIT,Y
25264,US,WV,CVG,Y
25264,US,WV,PIT,Y
25637,US,WV,CVG,Y
25637,US,WV,PIT,Y
25880,US,WV,CVG,Y
25880,US,WV,PIT,Y
26425,US,WV,PIT,Y
26678,US,WV,PIT,Y
25636,US,WV,CVG,Y
26739,US,WV,PIT,Y
26151,US,WV,CVG,Y
26151,US,WV,PIT,Y
25882,US,WV,CVG,Y
25882,US,WV,PIT,Y
26152,US,WV,CVG,Y
26152,US,WV,PIT,Y
26164,US,WV,CVG,Y
26164,US,WV,PIT,Y
25670,US,WV,CVG,Y
25670,US,WV,PIT,Y
26678,US,WV,CVG,Y
26149,US,WV,PIT,Y
25260,US,WV,PIT,Y
25678,US,WV,CVG,Y
25678,US,WV,PIT,Y
24736,US,WV,CVG,Y
24736,US,WV,PIT,Y
24861,US,WV,CVG,Y
24861,US,WV,PIT,Y
25646,US,WV,CVG,Y
25646,US,WV,PIT,Y
26040,US,WV,PIT,Y
25921,US,WV,CVG,Y
24737,US,WV,CVG,Y
26149,US,WV,CVG,Y
25636,US,WV,PIT,Y
25878,US,WV,CVG,Y
25878,US,WV,PIT,Y
26280,US,WV,CVG,Y
26280,US,WV,PIT,Y
25261,US,WV,CVG,Y
25261,US,WV,PIT,Y
25262,US,WV,CVG,Y
25262,US,WV,PIT,Y
25879,US,WV,CVG,Y
25879,US,WV,PIT,Y
25860,US,WV,PIT,Y
25921,US,WV,PIT,Y
26419,US,WV,PIT,Y
25422,US,WV,BWI,Y
24701,US,WV,CVG,Y
24701,US,WV,PIT,Y
25523,US,WV,CVG,Y
25523,US,WV,PIT,Y
25411,US,WV,BWI,Y
26362,US,WV,CVG,Y
26362,US,WV,PIT,Y
25247,US,WV,CVG,Y
25247,US,WV,PIT,Y
25901,US,WV,CVG,Y
25854,US,WV,CVG,Y
26419,US,WV,CVG,Y
25093,US,WV,PIT,Y
26362,US,WV,CVG,Y
26362,US,WV,PIT,Y
26627,US,WV,CVG,Y
26627,US,WV,PIT,Y
25106,US,WV,CVG,Y
25106,US,WV,PIT,Y
26847,US,WV,PIT,Y
25624,US,WV,PIT,Y
25119,US,WV,PIT,Y
26601,US,WV,PIT,Y
25108,US,WV,CVG,Y
25108,US,WV,PIT,Y
25901,US,WV,PIT,Y
25844,US,WV,PIT,Y
25209,US,WV,CVG,Y
25209,US,WV,PIT,Y
24836,US,WV,CVG,Y
24836,US,WV,PIT,Y
26624,US,WV,CVG,Y
26624,US,WV,PIT,Y
25085,US,WV,CVG,Y
25085,US,WV,PIT,Y
25621,US,WV,CVG,Y
25621,US,WV,PIT,Y
25086,US,WV,CVG,Y
25086,US,WV,PIT,Y
26147,US,WV,PIT,Y
25844,US,WV,CVG,Y
26147,US,WV,CVG,Y
25090,US,WV,CVG,Y
25090,US,WV,PIT,Y
25846,US,WV,CVG,Y
25846,US,WV,PIT,Y
25849,US,WV,CVG,Y
25849,US,WV,PIT,Y
26623,US,WV,CVG,Y
26623,US,WV,PIT,Y
26351,US,WV,CVG,Y
26351,US,WV,PIT,Y
25093,US,WV,CVG,Y
26601,US,WV,CVG,Y
26038,US,WV,PIT,Y
25674,US,WV,PIT,Y
24850,US,WV,PIT,Y
25529,US,WV,CVG,Y
25854,US,WV,PIT,Y
26275,US,WV,CVG,Y
25624,US,WV,CVG,Y
26275,US,WV,PIT,Y
25430,US,WV,BWI,Y
25248,US,WV,CVG,Y
25248,US,WV,PIT,Y
25530,US,WV,CVG,Y
25530,US,WV,PIT,Y
25248,US,WV,CVG,Y
24850,US,WV,CVG,Y
25674,US,WV,CVG,Y
25529,US,WV,PIT,Y
25984,US,WV,CVG,Y
25984,US,WV,PIT,Y
26726,US,WV,BWI,Y
26726,US,WV,CVG,Y
26726,US,WV,PIT,Y
24852,US,WV,CVG,Y
24852,US,WV,PIT,Y
24853,US,WV,CVG,Y
24853,US,WV,PIT,Y
25118,US,WV,CVG,Y
25118,US,WV,PIT,Y
25119,US,WV,CVG,Y
25248,US,WV,PIT,Y
26575,US,WV,CVG,Y
25625,US,WV,CVG,Y
25951,US,WV,PIT,Y
25114,US,WV,PIT,Y
26764,US,WV,CVG,Y
25625,US,WV,PIT,Y
25951,US,WV,CVG,Y
26575,US,WV,PIT,Y
25114,US,WV,CVG,Y
26346,US,WV,PIT,Y
25428,US,WV,BWI,Y
25635,US,WV,PIT,Y
24844,US,WV,CVG,Y
24844,US,WV,PIT,Y
25635,US,WV,CVG,Y
26764,US,WV,PIT,Y
26346,US,WV,CVG,Y
25064,US,WV,CRW,B
25313,US,WV,CRW,C
25313,US,WV,PIT,K
25510,US,WV,HTS,B
25514,US,WV,HTS,C
26571,US,WV,PIT,M
26347,US,WV,PIT,K
25365,US,WV,CRW,B
26554,US,WV,PIT,J
26570,US,WV,PIT,K
25015,US,WV,CRW,B
26301,US,WV,PIT,J
25396,US,WV,CRW,B
25392,US,WV,CRW,B
25389,US,WV,CRW,B
25375,US,WV,CRW,B
25364,US,WV,CRW,B
25360,US,WV,CRW,B
26103,US,WV,PIT,J
25713,US,WV,HTS,A
25361,US,WV,CRW,B
25362,US,WV,CRW,B
25387,US,WV,CRW,B
25708,US,WV,HTS,A
25720,US,WV,HTS,A
25719,US,WV,HTS,A
25507,US,WV,HTS,A
25357,US,WV,CRW,B
25718,US,WV,HTS,A
25717,US,WV,HTS,A
25716,US,WV,HTS,A
25715,US,WV,HTS,A
25714,US,WV,HTS,A
25712,US,WV,HTS,A
25711,US,WV,HTS,A
25709,US,WV,HTS,A
26103,US,WV,PKB,A
25707,US,WV,HTS,A
25706,US,WV,HTS,A
25705,US,WV,HTS,A
25704,US,WV,HTS,A
25703,US,WV,HTS,A
25702,US,WV,HTS,A
25701,US,WV,HTS,A
25704,US,WV,HTS,A
26366,US,WV,PIT,M
26354,US,WV,PIT,L
26349,US,WV,PIT,M
25710,US,WV,HTS,A
25026,US,WV,CRW,C
25301,US,WV,CRW,A
25309,US,WV,PIT,L
25309,US,WV,CRW,B
25306,US,WV,CRW,B
25305,US,WV,CRW,A
25304,US,WV,CRW,B
25303,US,WV,PIT,K
25303,US,WV,CRW,B
25302,US,WV,PIT,L
25302,US,WV,CRW,C
25312,US,WV,CRW,B
26330,US,WV,PIT,J
25313,US,WV,CRW,C
25025,US,WV,CRW,C
26521,US,WV,PIT,K
25302,US,WV,PIT,L
25302,US,WV,CRW,C
25015,US,WV,CRW,B
26559,US,WV,PIT,J
25504,US,WV,HTS,B
25502,US,WV,HTS,C
26323,US,WV,PIT,J
25721,US,WV,HTS,A
26155,US,WV,PIT,J
25311,US,WV,CRW,A
25327,US,WV,CRW,A
25339,US,WV,CRW,A
25338,US,WV,CRW,A
25337,US,WV,CRW,A
25336,US,WV,CRW,A
25335,US,WV,CRW,A
25334,US,WV,CRW,A
25333,US,WV,CRW,A
25332,US,WV,CRW,A
25331,US,WV,CRW,A
25330,US,WV,CRW,A
25311,US,WV,CRW,A
25328,US,WV,CRW,A
25356,US,WV,CRW,A
25326,US,WV,CRW,A
25325,US,WV,CRW,A
25324,US,WV,CRW,A
25323,US,WV,CRW,A
25322,US,WV,CRW,A
25321,US,WV,CRW,A
25317,US,WV,CRW,A
25315,US,WV,PIT,K
25315,US,WV,CRW,C
25314,US,WV,CRW,B
25313,US,WV,PIT,K
25329,US,WV,CRW,A
26104,US,WV,PKB,A
26301,US,WV,PIT,J
26435,US,WV,PIT,M
25015,US,WV,CRW,B
26431,US,WV,PIT,M
25559,US,WV,HTS,B
26170,US,WV,PIT,J
25177,US,WV,CRW,C
26588,US,WV,PIT,K
25156,US,WV,CRW,C
26106,US,WV,PKB,A
26436,US,WV,PIT,M
26105,US,WV,PIT,J
26437,US,WV,PIT,K
26104,US,WV,PIT,J
26103,US,WV,PKB,A
26103,US,WV,PIT,J
26102,US,WV,PKB,A
26102,US,WV,PIT,J
26101,US,WV,PKB,A
26101,US,WV,PIT,J
26104,US,WV,PKB,A
26159,US,WV,PIT,J
25545,US,WV,HTS,B
26105,US,WV,PKB,A
26105,US,WV,PIT,J
26187,US,WV,PKB,A
26187,US,WV,PIT,J
26505,US,WV,PIT,I
26502,US,WV,PIT,I
26452,US,WV,PIT,K
26451,US,WV,PIT,M
25571,US,WV,HTS,C
26347,US,WV,PIT,K
25570,US,WV,HTS,B
26184,US,WV,PIT,J
26175,US,WV,PIT,J
26105,US,WV,PKB,A
25309,US,WV,PIT,L
25201,US,WV,CRW,C
26301,US,WV,PIT,J
26505,US,WV,PIT,I
26504,US,WV,PIT,I
26408,US,WV,PIT,J
25309,US,WV,CRW,B
25722,US,WV,HTS,A
25309,US,WV,CRW,B
25303,US,WV,PIT,K
25303,US,WV,CRW,B
26181,US,WV,PIT,J
25772,US,WV,HTS,A
26554,US,WV,PIT,J
26378,US,WV,PIT,K
25112,US,WV,CRW,C
25526,US,WV,HTS,C
25526,US,WV,CRW,C
25779,US,WV,HTS,A
25778,US,WV,HTS,A
25777,US,WV,HTS,A
25776,US,WV,HTS,A
25775,US,WV,HTS,A
25530,US,WV,HTS,A
25773,US,WV,HTS,A
25771,US,WV,HTS,A
25770,US,WV,HTS,A
25729,US,WV,HTS,A
25728,US,WV,HTS,A
25727,US,WV,HTS,A
25726,US,WV,HTS,A
25725,US,WV,HTS,A
25724,US,WV,HTS,A
25723,US,WV,HTS,A
26301,US,WV,PIT,J
25309,US,WV,PIT,L
25774,US,WV,HTS,A
26505,US,WV,PIT,I
26104,US,WV,PKB,A
26104,US,WV,PIT,J
25755,US,WV,HTS,A
26578,US,WV,PIT,J
25143,US,WV,PIT,K
25143,US,WV,CRW,C
26181,US,WV,PIT,J
26506,US,WV,PIT,I
26504,US,WV,PIT,I
26502,US,WV,PIT,I
26554,US,WV,PIT,J
26150,US,WV,PKB,A
25306,US,WV,CRW,B
25535,US,WV,HTS,A
25537,US,WV,HTS,B
26507,US,WV,PIT,I
26150,US,WV,PIT,J
26537,US,WV,PIT,M
26386,US,WV,PIT,M
26505,US,WV,PIT,I
25315,US,WV,CRW,C
25315,US,WV,PIT,K
26385,US,WV,PIT,J
25541,US,WV,HTS,B
26385,US,WV,PIT,J
26815,US,WV,IAD,U
25430,US,WV,HGR,C
25434,US,WV,HGR,E
25438,US,WV,HGR,C
25443,US,WV,HGR,C
25446,US,WV,HGR,B
26719,US,WV,HGR,D
26726,US,WV,HGR,D
25430,US,WV,HGR,C
25414,US,WV,HGR,C
26726,US,WV,HGR,D
25429,US,WV,HGR,B
25429,US,WV,HGR,C
25428,US,WV,HGR,C
25425,US,WV,HGR,C
25423,US,WV,HGR,C
25422,US,WV,HGR,E
25401,US,WV,HGR,B
25419,US,WV,HGR,B
25413,US,WV,HGR,C
25411,US,WV,HGR,D
25402,US,WV,HGR,B
25420,US,WV,HGR,C
82201,US,WY,CPR,C
82009,US,WY,CPR,A
82072,US,WY,CPR,C
82070,US,WY,CPR,C
82901,US,WY,CPR,E
82839,US,WY,CPR,E
82836,US,WY,CPR,E
82421,US,WY,CPR,E
82051,US,WY,CPR,C
82007,US,WY,CPR,A
82001,US,WY,CPR,A
82003,US,WY,CPR,A
82412,US,WY,CPR,E
82005,US,WY,CPR,A
82435,US,WY,CPR,E
82615,US,WY,CPR,B
82605,US,WY,CPR,B
82840,US,WY,CPR,D
82420,US,WY,CPR,E
82411,US,WY,CPR,E
82414,US,WY,CPR,E
82721,US,WY,CPR,E
82009,US,WY,CPR,A
83012,US,WY,SLC,I
82501,US,WY,CPR,B
82644,US,WY,CPR,A
82646,US,WY,CPR,B
82643,US,WY,CPR,B
83124,US,WY,SLC,I
82937,US,WY,SLC,I
82929,US,WY,SLC,I
83101,US,WY,SLC,I
83002,US,WY,JAC,A
82942,US,WY,SLC,I
83014,US,WY,SLC,I
83001,US,WY,JAC,A
83001,US,WY,JAC,A
82520,US,WY,CPR,B
82520,US,WY,CPR,B
82834,US,WY,CPR,B
82638,US,WY,CPR,B
82732,US,WY,CPR,B
82401,US,WY,CPR,B
82716,US,WY,CPR,B
82443,US,WY,CPR,B
83025,US,WY,SLC,I
82301,US,WY,CPR,B
82649,US,WY,CPR,B
82801,US,WY,CPR,B
82834,US,WY,CPR,B
82942,US,WY,SLC,I
82901,US,WY,SLC,I
82501,US,WY,CPR,B
83127,US,WY,SLC,I
82635,US,WY,CPR,B
83110,US,WY,SLC,I
83128,US,WY,SLC,I
82510,US,WY,CPR,B
82630,US,WY,CPR,B
82410,US,WY,CPR,B
82604,US,WY,CPR,A
82602,US,WY,CPR,A
82604,US,WY,CPR,A
82609,US,WY,CPR,A
82630,US,WY,CPR,B
82638,US,WY,CPR,B
82646,US,WY,CPR,B
83001,US,WY,JAC,A
82601,US,WY,CPR,A
83120,US,WY,SLC,I
82935,US,WY,SLC,I
82443,US,WY,CPR,B
82934,US,WY,SLC,I
82732,US,WY,CPR,B
82717,US,WY,CPR,B
83116,US,WY,SLC,I
82501,US,WY,CPR,B
82633,US,WY,CPR,B
82933,US,WY,SLC,I
82636,US,WY,CPR,A
82931,US,WY,SLC,H
82930,US,WY,SLC,H
82520,US,WY,CPR,B
82426,US,WY,CPR,B
82716,US,WY,CPR,B
82240,US,WY,CPR,D
82063,US,WY,CPR,C
82615,US,WY,CPR,B
82430,US,WY,CPR,B
82334,US,WY,CPR,D
82435,US,WY,CPR,E
82637,US,WY,CPR,B
82901,US,WY,CPR,E
82942,US,WY,CPR,E
82902,US,WY,CPR,E
82310,US,WY,CPR,D
82839,US,WY,CPR,E
82440,US,WY,CPR,E
82840,US,WY,CPR,D
82637,US,WY,CPR,B
82071,US,WY,CPR,C
82071,US,WY,CPR,C
82051,US,WY,CPR,C
82642,US,WY,CPR,D
82431,US,WY,CPR,E
82432,US,WY,CPR,E
82435,US,WY,CPR,E
83001,US,WY,CPR,E
82201,US,WY,CPR,C
82729,US,WY,CPR,E
82435,US,WY,CPR,E
82731,US,WY,CPR,C
82731,US,WY,CPR,C
82718,US,WY,CPR,C
82201,US,WY,CPR,C
82201,US,WY,CPR,C
83025,US,WY,CPR,E
82051,US,WY,CPR,C
82005,US,WY,CPR,A
83002,US,WY,CPR,E
82070,US,WY,CPR,C
82715,US,WY,CPR,E
82721,US,WY,CPR,E
82072,US,WY,CPR,C
82070,US,WY,CPR,C
82072,US,WY,CPR,C
82009,US,WY,CPR,A
83001,US,WY,CPR,E
82072,US,WY,CPR,C
82063,US,WY,CPR,C
82071,US,WY,CPR,C
83001,US,WY,CPR,E
82715,US,WY,CPR,E
82701,US,WY,CPR,E
82430,US,WY,CPR,B
82073,US,WY,CPR,C
82642,US,WY,CPR,D
82240,US,WY,CPR,D
82240,US,WY,CPR,D
82435,US,WY,CPR,E
82648,US,WY,CPR,D
82942,US,WY,CPR,E
82721,US,WY,CPR,E
82637,US,WY,CPR,B
83025,US,WY,CPR,E
82435,US,WY,CPR,E
82901,US,WY,CPR,E
82001,US,WY,CPR,A
83002,US,WY,CPR,E
82310,US,WY,CPR,D
82072,US,WY,CPR,C
82070,US,WY,CPR,C
82063,US,WY,CPR,C
82423,US,WY,CPR,E
82721,US,WY,CPR,E
N1C 1A2,CA,ON,YYZ,Y
L7E 5S5,CA,ON,YYZ,C
N1K 1H8,CA,ON,YYZ,Y
L7G 4R8,CA,ON,YYZ,A
L4W 0A2,CA,ON,YYZ,A
L4W 0A2,CA,ON,YYZ,A
N6N 1B6,CA,ON,YYZ,Y
N6N 1B6,CA,ON,YYZ,Y
G1X 3W1,CA,QC,YQB,A
V9Y 8E9,CA,BC,YQQ,Y
N3Y 3L1,CA,ON,YHM,Y
L9T 5E5,CA,ON,YYZ,Y
J0A 1B0,CA,QC,YUL,Y
N8H 3V7,CA,ON,YQG,Y
L5E 1E1,CA,ON,YYZ,A
M9W 1R3,CA,ON,YYZ,Y
B2H 2J8,CA,NS,YYG,Y
L1W 3Y1,CA,ON,YYZ,Y
V3W 7B3,CA,BC,YVR,Y
L6W 3L9,CA,ON,YYZ,A
L5S 1A8,CA,ON,YYZ,A
N0P 2L0,CA,ON,YQG,Y
N0P 2L0,CA,ON,YQG,Y
N8N 5C4,CA,ON,YQG,Y
L9R 1W7,CA,ON,YYZ,Y
N5V 3N7,CA,ON,YXU,Y
N8T 1E7,CA,ON,YQG,Y
L5T 1N6,CA,ON,YYZ,A
L5T 1L2,CA,ON,YYZ,A
M5V 2W6,CA,ON,YYZ,A
V5X 4T6,CA,BC,YVR,Y
N6N 0A3,CA,ON,YYZ,Y
L6W 4T5,CA,ON,YYZ,A
T5Y 6E7,CA,AB,YEG,A
V2R OC3,CA,BC,YXX,A
L1S 7H4,CA,ON,YYZ,D
L6T 1A7,CA,ON,YYZ,A
L4K 5C2,CA,ON,YYZ,A
L5S 1V8,CA,ON,YYZ,A
G1M 1B4,CA,QC,YQB,A
65550,MEXICO,NL,MTY,Y
88000,MEXICO,TMS,LRD,Y
76000,MEXICO,QRO,QRO,Y
64299,MEXICO,NL,MTY,Y
60000,MEXICO,NL,MTY,Y
76127,MEXICO,QRO,QRO,Y
64650,MEXICO,NL,MTY,Y
66470,MEXICO,NL,MTY,Y
44909,MEXICO,JAL,GDL,Y
27130,MEXICO,COA,TRC,Y
64650,MEXICO,NL,MTY,Y
79526,MEXICO,SLP,QRO,Y
25903,MEXICO,COA,MTY,Y
45116,MEXICO,JAL,GDL,Y
63173,MEXICO,NAY,GDL,Y
87351,MEXICO,TMS,LRD,Y
25280,MEXICO,MEX,MTY,Y
44490,MEXICO,JAL,GDL,Y
50071,MEXICO,MEX,MEX,Y
45019,MEXICO,JAL,GDL,Y
79200,MEXICO,SLP,QRO,Y
64442,MEXICO,NL,MTY,Y
64442,MEXICO,NL,MTY,Y
6201,MEXICO,MEX,MTY,Y
66490,MEXICO,NL,MTY,Y
66490,MEXICO,NL,MTY,Y
66490,MEXICO,NL,MTY,Y
66490,MEXICO,NL,MTY,Y
36270,MEXICO,GTO,GDL,Y
36270,MEXICO,GTO,GDL,Y
64290,MEXICO,NL,MTY,Y
78090,MEXICO,SLP,QRO,Y
78395,MEXICO,SLP,QRO,Y
78395,MEXICO,SLP,QRO,Y
64290,MEXICO,NL,MTY,Y
78090,MEXICO,SLP,QRO,Y
58200,MEXICO,MCH,QRO,Y
54040,MEXICO,DF,MEX,Y
38158,MEXICO,GTO,QRO,Y
78395,MEXICO,SLP,QRO,Y
45235,MEXICO,JAL,GDL,Y
66648,MEXICO,NL,MTY,Y
53398,MEXICO,MEX,MEX,Y
66648,MEXICO,NL,MTY,Y
78421,MEXICO,SLP,QRO,Y
76250,MEXICO,QRO,QRO,Y
2040,MEXICO,DF,MEX,Y
66484,MEXICO,NL,MTY,Y
32320,MEXICO,CHI,CUU,Y
76215,MEXICO,QRO,QRO,Y
78395,MEXICO,SLP,QRO,Y
66260,MEXICO,NL,MTY,Y
54800,MEXICO,MEX,MEX,Y
54800,MEXICO,MEX,MEX,Y
54800,MEXICO,DF,MEX,Y
54800,MEXICO,MEX,MEX,Y
66600,MEXICO,NL,MTY,Y
67180,MEXICO,NL,MTY,Y
64640,MEXICO,NL,MTY,Y
50120,MEXICO,MEX,MEX,Y
25904,MEXICO,COA,MTY,Y
78090,MEXICO,SLP,QRO,Y
74160,MEXICO,PUE,MEX,Y
78395,MEXICO,SLP,QRO,Y
78395,MEXICO,SLP,QRO,Y
72710,MEXICO,PUE,MEX,Y
72710,MEXICO,PUE,MEX,Y
72710,MEXICO,PUE,MEX,Y
78395,MEXICO,PUE,MEX,Y
78395,MEXICO,SLP,QRO,Y
72710,MEXICO,PUE,MEX,Y
72710,MEXICO,PUE,MEX,Y
72710,MEXICO,PUE,MEX,Y
25904,MEXICO,COA,MTY,Y
55700,MEXICO,MEX,MEX,Y
37360,MEXICO,GTO,QRO,Y
54713,MEXICO,MEX,MEX,Y
45040,MEXICO,JAL,GDL,Y
1210,MEXICO,MEX,MEX,Y
76806,MEXICO,QRO,QRO,Y
62578,MEXICO,MOR,MEX,Y
44940,MEXICO,JAL,GDL,Y
88000,MEXICO,TMS,LRD,Y
88260,MEXICO,TMS,LRD,Y
20908,MEXICO,AGS,AGU,Y
66470,MEXICO,NL,MTY,Y
76246,MEXICO,MEX,QRO,Y
76803,MEXICO,QRO,QRO,Y
76700,MEXICO,QRO,QRO,Y
64000,MEXICO,NL,MTY,Y
44160,MEXICO,JAL,GDL,Y
66350,MEXICO,NL,MTY,Y
54090,MEXICO,MEX,MEX,Y
67130,MEXICO,NL,MTY,Y
52940,MEXICO,MEX,MEX,Y
52940,MEXICO,MEX,MEX,Y
92870,MEXICO,VER,VER,Y
54600,MEXICO,MEX,MEX,Y
89600,MEXICO,TMS,LRD,Y
64190,MEXICO,NL,MTY,Y
66600,MEXICO,NL,MTY,Y
54030,MEXICO,DF,MEX,Y
54030,MEXICO,DF,MEX,Y
45133,MEXICO,JAL,GDL,Y
52000,MEXICO,MEX,TLC,Y
25903,MEXICO,COA,MTY,Y
50200,MEXICO,MEX,MEX,Y
66350,MEXICO,NL,MTY,Y
78413,MEXICO,SLP,QRO,Y
50200,MEXICO,MEX,MEX,Y
54900,MEXICO,MEX,MEX,Y
11000,MEXICO,DF,MEX,Y
76130,MEXICO,QRO,QRO,Y
52300,MEXICO,MEX,MEX,Y
52300,MEXICO,MEX,MEX,Y
1,MEXICO,MEX,TAM,Y
76295,MEXICO,QRO,QRO,Y
25017,MEXICO,COA,MTY,Y
25903,MEXICO,COA,MTY,Y
66493,MEXICO,NL,MTY,Y
36270,MEXICO,GTO,GDL,Y
32690,MEXICO,CHI,CUU,Y
66350,MEXICO,NL,MTY,Y
66350,MEXICO,NL,MTY,Y
66350,MEXICO,NL,MTY,Y
38160,MEXICO,GTO,QRO,Y
25900,MEXICO,COA,MTY,Y
76900,MEXICO,QRO,QRO,Y
15530,MEXICO,DF,MEX,Y
25017,MEXICO,COA,MTY,Y
37440,MEXICO,GTO,QRO,Y
66600,MEXICO,NL,MTY,Y
45600,MEXICO,JAL,GDL,Y
25900,MEXICO,COA,MTY,Y
45690,MEXICO,JAL,GDL,Y
1,MEXICO,NL,MTY,Y
88235,MEXICO,TMS,LRD,Y
76246,MEXICO,QRO,QRO,Y
64640,MEXICO,NL,MTY,Y
25900,MEXICO,COA,MTY,Y
25900,MEXICO,COA,MTY,Y
25900,MEXICO,COA,MTY,Y
25900,MEXICO,COA,MTY,Y
53500,MEXICO,MEX,MEX,Y
76250,MEXICO,QR,QRO,Y
76250,MEXICO,QRO,QRO,Y
76250,MEXICO,QRO,QRO,Y
33800,MEXICO,MEX,CUU,Y
94300,MEXICO,VER,VER,Y
43990,MEXICO,HGO,MEX,Y
78395,MEXICO,SLP,QRO,Y
76908,MEXICO,QRO,QRO,Y
66637,MEXICO,NL,MTY,Y
66637,MEXICO,NL,MTY,Y
64010,MEXICO,NL,MTY,Y
66600,MEXICO,NL,MTY,Y
66443,MEXICO,NL,MTY,Y
76120,MEXICO,QRO,QRO,Y
66600,MEXICO,NL,MTY,Y
66600,MEXICO,NL,MTY,Y
64640,MEXICO,NL,MTY,Y
66000,MEXICO,NL,MTY,Y
25100,MEXICO,COA,MTY,Y
88000,MEXICO,TMS,LRD,Y
88000,MEXICO,TMS,LRD,Y
78395,MEXICO,SLP,QRO,Y
64000,MEXICO,NL,MTY,Y
38192,MEXICO,GTO,QRO,Y
38192,MEXICO,GTO,QRO,Y
67114,MEXICO,NL,MTY,Y
2760,MEXICO,DF,MEX,Y
66000,MEXICO,NL,MTY,Y
74325,MEXICO,PUE,MEX,Y
66600,MEXICO,NL,MTY,Y
64630,MEXICO,NL,MTY,Y
66428,MEXICO,NL,MTY,Y
11560,MEXICO,DF,MEX,Y
45640,MEXICO,JAL,GDL,Y
66350,MEXICO,NL,MTY,Y
50071,MEXICO,MEX,MEX,Y
8400,MEXICO,MEX,MEX,Y
66050,MEXICO,NL,MTY,Y
76209,MEXICO,QRO,QRO,Y
53370,MEXICO,MEX,MEX,Y
45560,MEXICO,JAL,GDL,Y
66023,MEXICO,NL,MTY,Y
54030,MEXICO,MEX,MEX,Y
36631,MEXICO,GTO,GDL,Y
78395,MEXICO,MEX,MEX,Y
88295,MEXICO,TMS,LRD,Y
67110,MEXICO,NL,MTY,Y
4510,MEXICO,DF,MEX,Y
66493,MEXICO,NL,MTY,Y
54680,MEXICO,MEX,MEX,Y
64640,MEXICO,NL,MTY,Y
20358,MEXICO,AGS,AGU,Y
31136,MEXICO,CHI,CUU,Y
31136,MEXICO,CHI,CUU,Y
31350,MEXICO,CHI,CUU,Y
32596,MEXICO,CHI,CJS,Y
25350,MEXICO,COA,GDL,Y
25260,MEXICO,COA,MXL,Y
25225,MEXICO,COA,MXL,Y
25350,MEXICO,COA,MXL,Y
25350,MEXICO,COA,MXL,Y
25100,MEXICO,COA,MTY,Y
25903,MEXICO,COA,MTY,Y
25903,MEXICO,COA,MTY,Y
25903,MEXICO,COA,MTY,Y
25286,MEXICO,COA,MTY,Y
2516,MEXICO,COA,MTY,Y
25100,MEXICO,COA,MTY,Y
25230,MEXICO,COA,MTY,Y
25230,MEXICO,COA,MTY,Y
25015,MEXICO,COA,MTY,Y
27293,MEXICO,COA,TRC,Y
25100,MEXICO,COA,MTY,Y
1210,MEXICO,DF,MEX,Y
11560,MEXICO,DF,MEX,Y
11560,MEXICO,DF,MEX,Y
11560,MEXICO,DF,MEX,Y
11560,MEXICO,DF,MEX,Y
11560,MEXICO,DF,MEX,Y
11560,MEXICO,DF,MEX,Y
11560,MEXICO,DF,MEX,Y
11560,MEXICO,DF,MEX,Y
11560,MEXICO,DF,MEX,Y
11560,MEXICO,DF,MEX,Y
11560,MEXICO,DF,MEX,Y
11560,MEXICO,DF,MEX,Y
11560,MEXICO,DF,MEX,Y
9000,MEXICO,DF,MEX,Y
6170,MEXICO,DF,MEX,Y
4510,MEXICO,DF,MEX,Y
9000,MEXICO,DF,MEX,Y
9040,MEXICO,DF,MEX,Y
9830,MEXICO,DF,MEX,Y
11510,MEXICO,DF,CUL,Y
6700,MEXICO,DF,CUU,Y
3300,MEXICO,DF,MEX,Y
10190,MEXICO,DF,MEX,Y
38158,MEXICO,GTO,QRO,Y
38158,MEXICO,GTO,QRO,Y
36275,MEXICO,GTO,GDL,Y
36815,MEXICO,GTO,GDL,Y
36559,MEXICO,GTO,GDL,Y
36275,MEXICO,GTO,GDL,Y
36275,MEXICO,GTO,GDL,Y
36275,MEXICO,GTO,GDL,Y
45615,MEXICO,JAL,GDL,Y
45615,MEXICO,JAL,GDL,Y
45680,MEXICO,JAL,GDL,Y
44270,MEXICO,JAL,GDL,Y
45645,MEXICO,JAL,GDL,Y
47440,MEXICO,JAL,GDL,Y
45645,MEXICO,JAL,GDL,Y
45645,MEXICO,JAL,GDL,Y
45609,MEXICO,JAL,GDL,Y
45134,MEXICO,JAL,GDL,Y
45134,MEXICO,JAL,GDL,Y
45235,MEXICO,JAL,GDL,Y
45040,MEXICO,JAL,GDL,Y
45087,MEXICO,JAL,GDL,Y
45054,MEXICO,JAL,GDL,Y
45134,MEXICO,JAL,GDL,Y
45078,MEXICO,JAL,GDL,Y
45019,MEXICO,JAL,GDL,Y
45134,MEXICO,JAL,GDL,Y
45019,MEXICO,JAL,GDL,Y
45060,MEXICO,JAL,GDL,Y
45089,MEXICO,JAL,GDL,Y
45150,MEXICO,JAL,GDL,Y
6500,MEXICO,MEX,GDL,Y
54800,MEXICO,MEX,GDL,Y
54800,MEXICO,MEX,GDL,Y
11560,MEXICO,MEX,MEX,Y
77560,MEXICO,MEX,MEX,Y
53370,MEXICO,MEX,MEX,Y
52300,MEXICO,MEX,MEX,Y
52300,MEXICO,MEX,MEX,Y
54090,MEXICO,MEX,MEX,Y
54010,MEXICO,MEX,MEX,Y
50071,MEXICO,MEX,MEX,Y
66600,MEXICO,NL,MTY,Y
66600,MEXICO,NL,MTY,Y
66600,MEXICO,NL,MTY,Y
66637,MEXICO,NL,MTY,Y
66600,MEXICO,NL,MTY,Y
66626,MEXICO,NL,MTY,Y
66626,MEXICO,NL,MTY,Y
66600,MEXICO,NL,MTY,Y
66615,MEXICO,NL,MTY,Y
66600,MEXICO,NL,MTY,Y
66626,MEXICO,NL,MTY,Y
66610,MEXICO,NL,MTY,Y
66600,MEXICO,NL,MTY,Y
66600,MEXICO,NL,MTY,Y
66600,MEXICO,NL,MTY,Y
66645,MEXICO,NL,MTY,Y
66603,MEXICO,NL,MTY,Y
66615,MEXICO,NL,MTY,Y
66600,MEXICO,NL,MTY,Y
66600,MEXICO,NL,MTY,Y
66648,MEXICO,NL,MTY,Y
66648,MEXICO,NL,MTY,Y
65550,MEXICO,NL,MTY,Y
65550,MEXICO,NL,MTY,Y
66008,MEXICO,NL,MTY,Y
66023,MEXICO,NL,MTY,Y
66260,MEXICO,NL,MTY,Y
66001,MEXICO,NL,MTY,Y
66000,MEXICO,NL,MTY,Y
66001,MEXICO,NL,MTY,Y
66050,MEXICO,NL,MTY,Y
67120,MEXICO,NL,MTY,Y
67205,MEXICO,NL,MTY,Y
67110,MEXICO,NL,MTY,Y
67180,MEXICO,NL,MTY,Y
67110,MEXICO,NL,MTY,Y
67190,MEXICO,NL,MTY,Y
67110,MEXICO,NL,MTY,Y
67120,MEXICO,NL,MTY,Y
67110,MEXICO,NL,MTY,Y
67180,MEXICO,NL,MTY,Y
67205,MEXICO,NL,MTY,Y
67194,MEXICO,NL,MTY,Y
66600,MEXICO,NL,MTY,Y
67500,MEXICO,NL,MTY,Y
67500,MEXICO,NL,MTY,Y
67500,MEXICO,NL,MTY,Y
64000,MEXICO,NL,MTY,Y
64000,MEXICO,NL,MTY,Y
64520,MEXICO,NL,MTY,Y
64070,MEXICO,NL,MTY,Y
66484,MEXICO,NL,MTY,Y
66484,MEXICO,NL,MTY,Y
66484,MEXICO,NL,MTY,Y
66350,MEXICO,NL,MTY,Y
64710,MEXICO,NL,MTY,Y
64970,MEXICO,NL,MTY,Y
64500,MEXICO,NL,MTY,Y
64000,MEXICO,NL,MTY,Y
66265,MEXICO,NL,MTY,Y
66603,MEXICO,NL,MTY,Y
66600,MEXICO,NL,MTY,Y
64650,MEXICO,NL,MTY,Y
64370,MEXICO,NL,MTY,Y
66053,MEXICO,NL,MTY,Y
65503,MEXICO,NL,MTY,Y
66000,MEXICO,NL,MTY,Y
66450,MEXICO,NL,MTY,Y
66450,MEXICO,NL,MTY,Y
66450,MEXICO,NL,MTY,Y
66480,MEXICO,NL,MTY,Y
66428,MEXICO,NL,MTY,Y
66484,MEXICO,NL,MTY,Y
66220,MEXICO,NL,MTY,Y
66265,MEXICO,NL,MTY,Y
66265,MEXICO,NL,MTY,Y
66350,MEXICO,NL,MTY,Y
66350,MEXICO,NL,MTY,Y
66350,MEXICO,NL,MTY,Y
66350,MEXICO,NL,MTY,Y
66350,MEXICO,NL,MTY,Y
66367,MEXICO,NL,MTY,Y
66350,MEXICO,NL,MTY,Y
75853,MEXICO,PUE,MEX,Y
75800,MEXICO,PUE,MEX,Y
76915,MEXICO,QRO,QRO,Y
76920,MEXICO,QRO,QRO,Y
76230,MEXICO,QRO,QRO,Y
76130,MEXICO,QRO,QRO,Y
78395,MEXICO,SLP,QRO,Y
78395,MEXICO,SLP,QRO,Y
78395,MEXICO,SLP,QRO,Y
78395,MEXICO,SLP,QRO,Y
79526,MEXICO,SLP,QRO,Y
79525,MEXICO,SLP,QRO,Y
78280,MEXICO,SLP,QRO,Y
78395,MEXICO,SLP,QRO,Y
78230,MEXICO,SLP,QRO,Y
79525,MEXICO,SLP,QRO,Y
79525,MEXICO,SLP,QRO,Y
79525,MEXICO,SLP,QRO,Y
88000,MEXICO,TMS,LRD,Y
88209,MEXICO,TMS,LRD,Y
88040,MEXICO,TMS,LRD,Y
94294,MEXICO,VE,VER,Y
94500,MEXICO,VER,VER,Y
77600,MEXICO,QR,CUN,Y
R2C 0A1,CA,MB,YWG,A
1,CA,NB,YFC,A
1,CA,NB,YQM,A
1,CA,NB,YSJ,A
1,CA,SK,1,1
97000,MEXICO,YU,1,1
77710,MEXICO,YU,1,1
98948,US,WA,PSC,??
96021,US,CA,RDD,??
92082,US,CA,SAN,??
92065,US,CA,SAN,??
98801,US,WA,PSC,??
92325,US,CA,LAX,??
97754,US,OR,PDX,??
92277,US,CA,BFL,??
97503,US,OR,PDX,??
92395,US,CA,LAX,??
98087,US,WA,SEA,??
97520,US,OR,PDX,??
80759,US,CO,DEN,??
8844,US,NJ,EWR,??
34772,US,FL,MCO,??
34771,US,FL,MCO,??
98942,US,WA,PSC,??
97502,US,OR,PDX,??
80723,US,CO,DEN,??
99301,US,WA,PSC,??
97459,US,OR,PDX,??
99336,US,WA,PSC,??
99352,US,WA,PSC,??
98802,US,WA,PSC,??
97439,US,OR,PDX,??
84128,US,UT,SLC,??
81601,US,CO,DEN,??
97838,US,OR,PDX,??
97420,US,OR,PDX,??
97526,US,OR,PDX,??
92284,US,CA,BFL,??
98926,US,WA,PSC,??
91935,US,CA,SAN,??
21762,US,MD,BWI,??
21704,US,MD,BWI,??
80701,US,CO,DEN,??
6614,US,CT,BDL,??
8741,US,NJ,PHL,??
8010,US,NJ,PHL,??
8302,US,NJ,PHL,??
80751,US,CO,DEN,??
80701,US,CO,DEN,??
8234,US,NJ,PHL,??
18018,US,PA,ABE,??
8021,US,NJ,PHL,??
1570,US,MA,BOS,??
49735,US,MI,TVC,??
8731,US,NJ,PHL,??
2670,US,MA,BOS,??
16117,US,PA,PIT,??
19901,US,DE,BWI,??
14173,US,NY,BUF,??
8505,US,NJ,PHL,??
7031,US,NJ,EWR,??
2360,US,MA,BOS,??
2050,US,MA,BOS,??
2360,US,MA,BOS,??
14807,US,NY,ROC,??
2066,US,MA,BOS,??
14572,US,NY,ROC,??
2360,US,MA,BOS,??
14517,US,NY,BUF,??
34691,US,FL,TPA,??
34691,US,FL,TPA,??
93249,US,CA,FAT,??
33542,US,FL,TPA,??
92314,US,CA,BFL,??
92240,US,CA,BFL,??
93239,US,CA,FAT,??
92352,US,CA,LAX,??
76227,US,TX,DFW,??
93644,US,CA,FAT,??
97756,US,OR,PDX,??
89706,US,NV,RNO,??
80758,US,CO,DEN,??
97701,US,OR,PDX,??
97467,US,OR,PDX,??
99301,US,WA,PSC,??
97322,US,OR,PDX,??
97420,US,OR,PDX,??
81623,US,CO,DEN,??
8087,US,NJ,PHL,??
97501,US,OR,PDX,??
7031,US,NJ,EWR,??
98684,US,WA,PDX,??
44907,US,OH,CLE,??
8087,US,NJ,PHL,??
49738,US,MI,TVC,??
8562,US,NJ,PHL,??
8505,US,NJ,PHL,??
99352,US,WA,PSC,??
97322,US,OR,PDX,??
8332,US,NJ,PHL,??
98684,US,WA,PDX,??
8511,US,NJ,PHL,??
98683,US,WA,PDX,??
8005,US,NJ,PHL,??
84095,US,UT,SLC,??
97702,US,OR,PDX,??
80446,US,CO,DEN,??
84095,US,UT,SLC,??
97504,US,OR,PDX,??
98926,US,WA,PSC,??
8731,US,NJ,PHL,??
28027,US,NC,CLT,??
32934,US,FL,MCO,??
33541,US,FL,TPA,??
34667,US,FL,TPA,??
34690,US,FL,TPA,??
34769,US,FL,MCO,??
33018,US,FL,MIA,??
33543,US,FL,TPA,??
34747,US,FL,MCO,??
29628,US,SC,GSP,??
34769,US,FL,MCO,??
29138,US,SC,AGS,??
34691,US,FL,TPA,??
33974,US,FL,RSW,??
26582,US,WV,CRW,??
34715,US,FL,MCO,??
34667,US,FL,TPA,??
34772,US,FL,MCO,??
34613,US,FL,TPA,??
29649,US,SC,GSP,??
33541,US,FL,TPA,??
34747,US,FL,MCO,??
33544,US,FL,TPA,??
34747,US,FL,MCO,??
15009,US,PA,PIT,??
80542,US,CO,DEN,??
77901,US,TX,IAH,??
75407,US,TX,DFW,??
78069,US,TX,SAT,??
15601,US,PA,PIT,??
15067,US,PA,PIT,??
75078,US,TX,DFW,??
75078,US,TX,DFW,??
53045,US,WI,MKE,??
81620,US,CO,DEN,??
15642,US,PA,PIT,??
81089,US,CO,DEN,??
80498,US,CO,DEN,??
75009,US,TX,DFW,??
78657,US,TX,AUS,??
53144,US,WI,MKE,??
44023,US,OH,CLE,??
75409,US,TX,DFW,??
75166,US,TX,DFW,??
80498,US,CO,DEN,??
75078,US,TX,DFW,??
80443,US,CO,DEN,??
80424,US,CO,DEN,??
60642,US,IL,ORD,??
6451,US,CT,BDL,??
2842,US,RI,BOS,??
2359,US,MA,BOS,??
84341,US,UT,SLC,??
6254,US,CT,BDL,??
84095,US,UT,SLC,??
84606,US,UT,SLC,??
16033,US,PA,PIT,??
33541,US,FL,TPA,??
2360,US,MA,BOS,??
89521,US,NV,RNO,??
6076,US,CT,BDL,??
34747,US,FL,MCO,??
33812,US,FL,TPA,??
84095,US,UT,SLC,??
6890,US,CT,BDL,??
33544,US,FL,TPA,??
84095,US,UT,SLC,??
34747,US,FL,MCO,??
34667,US,FL,TPA,??
33578,US,FL,TPA,??
8028,US,NJ,PHL,??
8542,US,NJ,PHL,??
94019,US,CA,SFO,??
33544,US,FL,TPA,??
32128,US,FL,MCO,??
34747,US,FL,MCO,??
16066,US,PA,PIT,??
25870,US,WV,CRW,??
89521,US,NV,RNO,??
34747,US,FL,MCO,??
34771,US,FL,MCO,??
6269,US,CT,BDL,??
32080,US,FL,JAX,??
19360,US,PA,PHL,??
33976,US,FL,RSW,??
98030,US,WA,SEA,??
99352,US,WA,PSC,??
97701,US,OR,PDX,??
98030,US,WA,SEA,??
29649,US,SC,GSP,??
28689,US,NC,GSO,??
29680,US,SC,GSP,??
29649,US,SC,GSP,??
97360,US,OR,PDX,??
98075,US,WA,SEA,??
27021,US,NC,GSO,??
28104,US,NC,CLT,??
29708,US,SC,CLT,??
29649,US,SC,GSP,??
28625,US,NC,CLT,??
29710,US,SC,CLT,??
29707,US,SC,CLT,??
28610,US,NC,CLT,??
28056,US,NC,CLT,??
92240,US,CA,BFL,??
99362,US,WA,PSC,??
2045,US,MA,BOS,??
11977,US,NY,EWR,??
97496,US,OR,PDX,??
25427,US,WV,BWI,??
2671,US,MA,BOS,??
78639,US,TX,AUS,??
33967,US,FL,RSW,??
76227,US,TX,DFW,??
81621,US,CO,DEN,??
78046,US,TX,LRD,??
95383,US,CA,SMF,??
84128,US,UT,SLC,??
89451,US,NV,RNO,??
76227,US,TX,DFW,??
2641,US,MA,BOS,??
16046,US,PA,PIT,??
97701,US,OR,PDX,??
10065,US,NY,EWR,??
33967,US,FL,RSW,??
15642,US,PA,PIT,??
28027,US,NC,CLT,??
14804,US,NY,ELM,??
28027,US,NC,CLT,??
14532,US,NY,ROC,??
29672,US,SC,GSP,??
16101,US,PA,PIT,??
26851,US,WV,BWI,??
33579,US,FL,TPA,??
T1J 4L9,CA,AB,YEG,Y
T2H OK8,CA,AB,YYC,A
T2J 3V1,CA,AB,YYC,A
T2P 2Y9,CA,AB,YYC,A
T3A OE2,CA,AB,YYC,A
T5G 3A6,CA,AB,YEG,D
T5T 4J2,CA,AB,YEG,D
T6H 4M6,CA,AB,YEG,D
T6N 1N5,CA,AB,YEG,D
T8V 3Y2,CA,AB,YQU,A
T4R 1N9,CA,AB,YEG,Y
T4A 0G3,CA,AB,YYC,C
V2T 0C5,CA,BC,YXX,A
V5C 0K3,CA,BC,VYR,B
V5H 4P1,CA,BC,VYR,B
V3B 5R5,CA,BC,YVR,D
V1S 1J2,CA,BC,YKA,A
V1Y 6H2,CA,BC,YLW,B
V3A7E9,CA,BC,YVR,Y
V9T 4T7,CA,BC,YVR,Y
V6Y 2B6,CA,BC,YVR,A
V3R 7C1,CA,BC,YVR,D
V3Z 0C8,CA,BC,YVR,D
V6Z 2V7,CA,BC,YVR,A
V7Y 1E4,CA,BC,YVR,A
V8Z 6E3,CA,BC,YYJ,C
V7T 0A5,CA,BC,YVR,C
R2M 5E5,CA,MB,YWG,A
R3G 0W4,CA,MB,YWG,A
R3P 2N3,CA,MB,YWG,A
E1A 4X5,CA,NB,YQM,A
E3C 1A2,CA,NB,YFC,C
A1B 1W3,CA,NL,YYT,A
B3A 4N3,CA,NS,YHZ,D
B3L 4N9,CA,NS,YHZ,D
L1Z 0A1,CA,ON,YYZ,Y
L4M 4Z8,CA,ON,YYZ,Y
L6T 3R5,CA,ON,YYZ,A
L7S 2J8,CA,ON,YYZ,Y
L9A 4X5,CA,ON,YYZ,Y
K7M 7H4,CA,ON,YGK,A
N2C 1X1,CA,ON,YKF,A
N6E 1V4,CA,ON,YXU,A
N6G 3Y9,CA,ON,YXU,A
L3R 4M9,CA,ON,YYZ,Y
L9T 0A5,CA,ON,YYZ,D
L4V 1E3,CA,ON,YYZ,A
L5B 2B9,CA,ON,YYZ,A
L3Y 4Z1,CA,ON,YYZ,D
L6H 3H6,CA,ON,YYZ,D
K4A 5E6,CA,ON,YOW,D
L1J 2K5,CA,ON,YYZ,Y
K1N 9J7,CA,ON,YOW,A
K2B 8C1,CA,ON,YOW,A
K9J 7Y5,CA,ON,YYZ,Y
L4C 5G2,CA,ON,YYZ,D
M1P 4P5,CA,ON,YTZ,C
L2T 2K9,CA,ON,YYZ,Y
P3A 1Z2,CA,ON,YSB,Y
P7B 6B9,CA,ON,YQT,A
M2J 5A7,CA,ON,YYZ,A
M2K 1E6,CA,ON,YYZ,A
M4P 1E4,CA,ON,YYZ,A
M5S 2B4,CA,ON,YYZ,A
M5S 2B4,CA,ON,YYZ,A
M6A 3A1,CA,ON,YYZ,A
M9C 1B8,CA,ON,YYZ,A
L4K 5W4,CA,ON,YYZ,C
L4L 9K5,CA,ON,YYZ,C
N2L 5W6,CA,ON,YKF,A
N8X 3Y8,CA,ON,YQG,A
J4Y 0L1,CA,QC,YUL,D
H7T 1C8,CA,QC,YUL,A
H1M 1W9,CA,QC,YUL,A
H3B 5K4,CA,QC,YUL,A
H3P 3E9,CA,QC,YUL,A
H9R 1C4,CA,QC,YUL,A
T 00320,CA,QC,YUL,A
G1V 2L1,CA,QC,YQB,A
G2K 1N4,CA,QC,YQB,A
J3V 5K1,CA,QC,YHU,A
J1L 1K1,CA,QC,YUL,Y
J7V 0J5,CA,QC,YUL,D
J8T-6G3,CA,QC,YOW,D
S4P 3Y6,CA,SK,YQR,A
S7K 1J9,CA,SK,YXE,A
99501,US,AK,ANC,A
35243,US,AL,BHM,C
35244,US,AL,BHM,C
35806,US,AL,HSV,A
36117,US,AL,MGM,B
72223,US,AR,LIT,B
72758,US,AR,TUL,Y
85226,US,AZ,PHX,A
85295,US,AZ,PHX,B
85308,US,AZ,PHX,B
85204,US,AZ,PHX,A
85085,US,AZ,PHX,C
85016,US,AZ,PHX,C
85251,US,AZ,PHX,A
85254,US,AZ,PHX,A
85281,US,AZ,PHX,A
85705,US,AZ,TUS,A
85711,US,AZ,TUS,A
92037,US,CA,SAN,B
95030,US,CA,SFO,C
91801,US,CA,LAX,C
92802,US,CA,LAX,C
94531,US,CA,SFO,Y
91007,US,CA,LAX,C
93304,US,CA,LAX,Y
93311,US,CA,LAX,Y
94710,US,CA,SFO,B
92821,US,CA,LAX,C
94010,US,CA,SFO,B
91302,US,CA,LAX,D
91303,US,CA,LAX,B
92008,US,CA,SAN,C
90703,US,CA,LAX,B
91709,US,CA,ONT,A
91915,US,CA,SAN,B
94520,US,CA,SFO,D
94925,US,CA,SFO,Y
92626,US,CA,LAX,C
92626,US,CA,LAX,C
90230,US,CA,LAX,A
90232,US,CA,LAX,A
94015,US,CA,SFO,C
94608,US,CA,SFO,B
92024,US,CA,SAN,C
95630,US,CA,SMF,C
94538,US,CA,SFO,B
93710,US,CA,LAX,Y
93720,US,CA,LAX,Y
91210,US,CA,LAX,C
90028,US,CA,LAX,A
92648,US,CA,LAX,C
92618,US,CA,LAX,C
92677,US,CA,LAX,Y
90803,US,CA,LAX,C
90017,US,CA,LAX,A
90048,US,CA,LAX,A
90067,US,CA,LAX,A
90210,US,CA,LAX,A
91604,US,CA,LAX,B
90036,US,CA,LAX,A
90265,US,CA,LAX,D
90266,US,CA,LAX,A
90292,US,CA,LAX,A
95035,US,CA,SFO,C
92691,US,CA,LAX,Y
95356,US,CA,SMF,Y
91763,US,CA,ONT,A
93940,US,CA,SFO,Y
91324,US,CA,LAX,C
94945,US,CA,SFO,Y
91764,US,CA,ONT,A
90272,US,CA,LAX,B
92260,US,CA,ONT,Y
92262,US,CA,ONT,Y
94301,US,CA,SFO,B
94304,US,CA,SFO,B
91105,US,CA,LAX,C
94588,US,CA,SFO,B
91739,US,CA,ONT,A
92374,US,CA,ONT,D
92503,US,CA,ONT,C
95678,US,CA,SMF,C
95678,US,CA,SMF,C
95815,US,CA,SMF,A
92108,US,CA,SAN,A
92122,US,CA,SAN,B
92130,US,CA,SAN,C
94111,US,CA,SFO,B
94123,US,CA,SFO,B
94102,US,CA,SFO,C
94103,US,CA,SFO,C
94118,US,CA,SFO,C
94132,US,CA,SFO,B
95123,US,CA,SFO,D
95128,US,CA,SFO,C
95129,US,CA,SFO,C
94577,US,CA,SFO,A
93401,US,CA,LAX,Y
94403,US,CA,SFO,B
94583,US,CA,SFO,B
93101,US,CA,LAX,Y
95050,US,CA,SFO,C
95054,US,CA,SFO,C
90401,US,CA,LAX,A
95401,US,CA,SFO,Y
92071,US,CA,SAN,C
91423,US,CA,LAX,B
95207,US,CA,SMF,D
92591,US,CA,ONT,Y
91360,US,CA,LAX,Y
91362,US,CA,LAX,Y
90503,US,CA,LAX,A
90505,US,CA,LAX,A
92782,US,CA,LAX,C
91608,US,CA,LAX,B
91784,US,CA,ONT,A
91355,US,CA,LAX,Y
93003,US,CA,LAX,Y
94596,US,CA,SFO,C
80016,US,CO,DEN,B
80301,US,CO,DEN,C
80021,US,CO,DEN,B
80122,US,CO,DEN,B
80920,US,CO,DEN,Y
80202,US,CO,DEN,A
80206,US,CO,DEN,A
80525,US,CO,DEN,Y
80226,US,CO,DEN,B
80124,US,CO,DEN,B
80538,US,CO,DEN,Y
80023,US,CO,DEN,B
6019,US,CT,BDL,D
6810,US,CT,BDL,Y
6032,US,CT,BDL,B
6830,US,CT,BDL,Y
6854,US,CT,BDL,Y
6074,US,CT,BDL,A
6901,US,CT,BDL,Y
6611,US,CT,BDL,Y
6382,US,CT,BDL,Y
20007,US,DC,IAD,C
20003,US,DC,IAD,C
20004,US,DC,IAD,C
20009,US,DC,IAD,C
20036,US,DC,IAD,C
19702,US,DE,PHL,D
32701,US,FL,MCO,B
33180,US,FL,MIA,C
33431,US,FL,MIA,Y
33511,US,FL,TPA,C
33073,US,FL,MIA,Y
33146,US,FL,MIA,B
33324,US,FL,MIA,Y
32541,US,FL,PNS,D
33928,US,FL,TPA,Y
33305,US,FL,MIA,Y
33304,US,FL,MIA,Y
32608,US,FL,JAX,Y
32246,US,FL,JAX,B
34741,US,FL,MCO,A
32830,US,FL,MCO,A
32940,US,FL,MCO,Y
33139,US,FL,MIA,B
33156,US,FL,MIA,B
33131,US,FL,MIA,B
33137,US,FL,MIA,B
33172,US,FL,MIA,A
33176,US,FL,MIA,B
33186,US,FL,MIA,B
34108,US,FL,TPA,Y
32809,US,FL,MCO,A
32821,US,FL,MCO,A
32828,US,FL,MCO,B
32839,US,FL,MCO,A
33410,US,FL,MIA,Y
33027,US,FL,MIA,A
32504,US,FL,PNS,A
34243,US,FL,TPA,Y
33323,US,FL,MIA,Y
32301,US,FL,JAX,Y
33607,US,FL,TPA,A
33607,US,FL,TPA,A
33625,US,FL,TPA,A
33606,US,FL,TPA,A
33543,US,FL,TPA,Y
33401,US,FL,MIA,Y
32789,US,FL,MCO,A
30009,US,GA,ATL,D
30022,US,GA,ATL,Y
30326,US,GA,ATL,B
30305,US,GA,ATL,A
30339,US,GA,ATL,C
30346,US,GA,ATL,C
30308,US,GA,ATL,A
30909,US,GA,ATL,Y
30519,US,GA,ATL,Y
30144,US,GA,ATL,D
30062,US,GA,ATL,C
30269,US,GA,ATL,C
96797,US,HI,HNL,B
96701,US,HI,HNL,B
96814,US,HI,HNL,A
96815,US,HI,HNL,A
96816,US,HI,HNL,A
96707,US,HI,HNL,C
96761,US,HI,OGG,C
52241,US,IA,CID,C
50266,US,IA,DSM,B
83704,US,ID,BOI,A
83646,US,ID,BOI,B
60527,US,IL,ORD,B
61820,US,IL,ORD,Y
60602,US,IL,ORD,B
60611,US,IL,ORD,B
60611,US,IL,ORD,B
60642,US,IL,ORD,B
60657,US,IL,ORD,A
60010,US,IL,ORD,B
60134,US,IL,ORD,C
60540,US,IL,ORD,C
60062,US,IL,ORD,A
60523,US,IL,ORD,B
60462,US,IL,ORD,C
60173,US,IL,ORD,A
60077,US,IL,ORD,A
60010,US,IL,ORD,B
60061,US,IL,ORD,B
46032,US,IN,IND,C
47715,US,IN,EVV,A
46142,US,IN,IND,A
46240,US,IN,IND,B
46545,US,IN,SBN,A
66111,US,KS,MCI,B
66209,US,KS,MCI,D
66214,US,KS,MCI,C
67206,US,KS,ICT,A
41017,US,KY,CVG,A
40503,US,KY,LEX,A
40222,US,KY,SDF,B
70836,US,LA,BTR,A
70503,US,LA,LFT,A
70002,US,LA,MSY,A
70130,US,LA,MSY,A
2109,US,MA,BOS,A
2116,US,MA,BOS,A
2199,US,MA,BOS,A
2210,US,MA,BOS,A
2215,US,MA,BOS,A
2184,US,MA,BOS,B
1803,US,MA,BOS,B
2141,US,MA,BOS,A
2467,US,MA,BOS,A
2026,US,MA,BOS,B
2043,US,MA,BOS,B
1040,US,MA,BDL,B
2601,US,MA,BOS,Y
1940,US,MA,BOS,B
1527,US,MA,BOS,Y
1760,US,MA,BOS,C
1960,US,MA,BOS,B
2145,US,MA,BOS,A
21401,US,MD,BWI,B
21202,US,MD,BWI,A
20817,US,MD,IAD,B
20815,US,MD,IAD,B
21044,US,MD,BWI,B
20878,US,MD,IAD,C
20852,US,MD,IAD,C
21117,US,MD,BWI,B
21204,US,MD,BWI,A
4106,US,ME,BOS,Y
48108,US,MI,DTW,C
48038,US,MI,DTW,Y
49512,US,MI,GRR,A
49418,US,MI,GRR,B
48912,US,MI,DTW,Y
48377,US,MI,DTW,C
48309,US,MI,DTW,D
48084,US,MI,DTW,C
55425,US,MN,MSP,A
55435,US,MN,MSP,A
55305,US,MN,MSP,B
55902,US,MN,MSP,Y
55113,US,MN,MSP,A
55125,US,MN,MSP,B
63131,US,MO,STL,A
64112,US,MO,MCI,C
64153,US,MO,MCI,A
65804,US,MO,SGF,A
63117,US,MO,STL,A
39157,US,MS,JAN,B
28216,US,NC,CLT,A
28211,US,NC,CLT,A
28203,US,NC,CLT,A
28226,US,NC,CLT,A
28027,US,NC,CLT,B
27713,US,NC,RDU,A
27408,US,NC,GSO,A
28078,US,NC,CLT,B
27605,US,NC,RDU,A
27612,US,NC,RDU,A
27103,US,NC,GSO,B
58103,US,ND,MSP,Y
68516,US,NE,OMA,Y
68118,US,NE,OMA,B
3060,US,NH,BOS,Y
3079,US,NH,BOS,Y
8807,US,NJ,EWR,C
8002,US,NJ,PHL,C
7834,US,NJ,EWR,C
8096,US,NJ,PHL,C
7073,US,NJ,EWR,B
8837,US,NJ,EWR,C
7201,US,NJ,EWR,B
7728,US,NJ,EWR,Y
7601,US,NJ,EWR,B
7030,US,NJ,EWR,B
7310,US,NJ,EWR,B
8648,US,NJ,PHL,Y
8053,US,NJ,PHL,C
7652,US,NJ,EWR,B
7652,US,NJ,EWR,B
7078,US,NJ,EWR,B
7702,US,NJ,EWR,Y
7470,US,NJ,EWR,C
7726,US,NJ,EWR,Y
87110,US,NM,ABQ,A
89052,US,NV,LAS,B
89109,US,NV,LAS,A
89109,US,NV,LAS,A
89109,US,NV,LAS,A
89109,US,NV,LAS,A
89119,US,NV,LAS,A
89135,US,NV,LAS,B
89149,US,NV,LAS,A
89511,US,NV,RNO,B
89434,US,NV,RNO,A
12205,US,NY,ALB,A
11706,US,NY,JFK,C
11360,US,NY,JFK,A
10475,US,NY,JFK,B
11209,US,NY,JFK,B
11217,US,NY,JFK,B
11201,US,NY,JFK,B
11211,US,NY,JFK,A
14225,US,NY,BUF,A
11373,US,NY,JFK,A
11375,US,NY,JFK,A
11530,US,NY,JFK,A
11746,US,NY,JFK,C
11755,US,NY,JFK,Y
11030,US,NY,JFK,B
10954,US,NY,EWR,Y
11040,US,NY,JFK,A
10003,US,NY,JFK,C
10023,US,NY,JFK,C
10028,US,NY,JFK,C
10036,US,NY,JFK,C
10001,US,NY,JFK,C
10001,US,NY,JFK,C
10003,US,NY,JFK,C
10007,US,NY,JFK,C
10012,US,NY,JFK,C
10017,US,NY,JFK,C
10019,US,NY,JFK,C
10022,US,NY,JFK,C
10025,US,NY,JFK,C
10036,US,NY,JFK,C
10014,US,NY,JFK,C
10022,US,NY,JFK,C
11572,US,NY,JFK,A
12601,US,NY,SWF,B
10314,US,NY,EWR,Y
13204,US,NY,SYR,A
14564,US,NY,ROC,C
10994,US,NY,EWR,Y
10601,US,NY,JFK,D
10710,US,NY,JFK,C
44122,US,OH,CLE,B
45208,US,OH,CVG,A
45236,US,OH,CVG,B
43219,US,OH,CMH,A
43240,US,OH,CMH,C
45440,US,OH,DAY,A
44333,US,OH,CLE,D
44122,US,OH,CLE,B
43551,US,OH,TOL,C
44136,US,OH,CLE,A
43623,US,OH,TOL,A
44145,US,OH,CLE,A
73118,US,OK,OKC,A
74133,US,OK,TUL,A
97702,US,OR,PDX,Y
97401,US,OR,PDX,Y
97124,US,OR,PDX,C
97086,US,OR,PDX,A
97204,US,OR,PDX,A
97223,US,OR,PDX,B
97224,US,OR,PDX,B
19003,US,PA,PHL,B
19341,US,PA,PHL,C
17110,US,PA,MDT,A
19406,US,PA,PHL,C
17601,US,PA,MDT,C
19047,US,PA,PHL,D
19454,US,PA,PHL,C
19103,US,PA,PHL,A
19107,US,PA,PHL,B
15237,US,PA,PIT,C
15241,US,PA,PIT,B
15241,US,PA,PIT,B
18052,US,PA,ABE,A
19090,US,PA,PHL,D
918,US,PR,SJU,A
2920,US,RI,BOS,Y
2840,US,RI,BOS,Y
2903,US,RI,BOS,Y
29401,US,SC,CHS,A
29212,US,SC,CAE,A
29607,US,SC,GSP,A
57106,US,SD,MSP,Y
37421,US,TN,ATL,Y
38017,US,TN,MEM,C
37067,US,TN,BNA,C
38138,US,TN,MEM,B
37919,US,TN,TYS,A
38133,US,TN,MEM,B
37122,US,TN,BNA,C
37129,US,TN,BNA,C
37203,US,TN,BNA,A
37214,US,TN,BNA,A
37215,US,TN,BNA,A
75013,US,TX,DFW,D
76015,US,TX,DFW,A
78746,US,TX,AUS,A
78745,US,TX,AUS,A
78758,US,TX,AUS,A
78759,US,TX,AUS,A
75240,US,TX,DFW,B
75204,US,TX,DFW,B
75225,US,TX,DFW,C
75230,US,TX,DFW,B
79925,US,TX,ELP,A
75028,US,TX,DFW,A
76177,US,TX,DFW,B
76107,US,TX,DFW,C
77546,US,TX,IAH,D
75034,US,TX,DFW,C
78628,US,TX,AUS,D
77056,US,TX,IAH,C
77005,US,TX,IAH,B
77024,US,TX,IAH,C
77027,US,TX,IAH,B
77070,US,TX,IAH,B
77024,US,TX,IAH,C
77346,US,TX,IAH,A
76053,US,TX,DFW,A
77494,US,TX,IAH,Y
78503,US,TX,MFE,A
77505,US,TX,IAH,C
75093,US,TX,DFW,C
75024,US,TX,DFW,B
78209,US,TX,SAT,A
78216,US,TX,SAT,A
78256,US,TX,SAT,B
76092,US,TX,DFW,A
77479,US,TX,IAH,Y
77380,US,TX,IAH,B
84024,US,UT,SLC,Y
84107,US,UT,SLC,A
84097,US,UT,SLC,Y
84101,US,UT,SLC,A
22314,US,VA,IAD,B
22202,US,VA,IAD,B
22201,US,VA,IAD,B
22901,US,VA,RIC,Y
22031,US,VA,IAD,B
22033,US,VA,IAD,B
22407,US,VA,RIC,Y
23510,US,VA,ORF,A
20190,US,VA,IAD,A
23233,US,VA,RIC,C
22150,US,VA,IAD,B
22102,US,VA,IAD,B
23452,US,VA,ORF,A
98004,US,WA,SEA,B
98027,US,WA,SEA,C
99336,US,WA,GEG,Y
98034,US,WA,SEA,C
98037,US,WA,SEA,D
98502,US,WA,SEA,Y
98105,US,WA,SEA,C
98101,US,WA,SEA,B
98107,US,WA,SEA,C
98121,US,WA,SEA,B
98188,US,WA,SEA,A
99201,US,WA,GEG,A
98409,US,WA,SEA,C
98662,US,WA,PDX,B
54913,US,WI,MKE,Y
53719,US,WI,MKE,Y
53226,US,WI,MKE,A
