BUSINESS_PARTNER,CREATE_LOCATION,BPGROUP,SEARCH_TERM1,SEARCH_TERM2,TITLE,NAME1,NAME2,NAME3,CITY,POSTALCODE,STREET1,STREET2,STREET3,COUNTRY,LANGUAGE,STATE,PHONE,FAX,EMAIL,TIMEZONE,WEBSITE,USERID,SCAC,TSA,TWIC,SW,RLP,CWID,IATA,TAXNUM,SHIPPERKNOWNSTATUS,KNOWNSHIPPERCODE,EXPIRATIONDATE,KNOWNFROMDATE,PICKUPHRSFROM,PICKUPHRSTO,DELIVERHRSFROM,DELIVERHRSTO,COMPANYCODE,COMPANYCODEREF,STATIONPO,STATIONSO,ACCOUNTWITHVENDOR,ACCOUNTWITHCUSTOMER,PAYMENTTERMS,COMMUNICATION_METHOD,CARR_TYPE,EVENT_TYPES,ACI_AIRPORT,ACI_ZONE,SPECIALINSTRUCTIONS,PDETERMINATION,IDTYPE,IDNUMBER,RELATIONSHIPCATEGORY,STANDARDRELATIONSHIP,PARTNERDETROLECODE,REVERSERELATIONSHIP,CARRIER,CUSTOMER,CONTACTPERSON,SALESREP,FIRMS,OVERSEASAGENT,CUSTOMBROKER,CUSTOMOFFICE,RELATIONSHIP (HAS INV PARTY),LookupSalesRep,LookupSalesCode,CWID_Merge,StationCodeIDMerge,BPID,Name1_Abbv,ACI_airport,ACIzone,LookupAP,LookupZone,state,TimezoneLookup
,X,TCUS,CREATION TECH C/O RL JONES CHB,,0003,CREATION TECHNOLOGIES C/O RL JONES CHB,,,CALEXICO,92231,1778 ZINETTA ROAD SUITE F,,,US,E,CA,(619) 661-8182,,,,,,,,,,,C537043,,,US,,,,080000,170000,080000,170000,,,,,,,NT15,,,,SAN,Y,,,,,CRMH04,,10,X,,X,,,,,,,,A17SAT HOUSE ACCOUNT,A17-S999,C537043,A17SAT,,CREATION TECHNOLOGIES C/O RL JONES CHB,SAN,Y,,,CA,
,X,TCUS,POLYMER MOLDING,,0003,POLYMER MOLDING INC,,,ERIE,16502,1655 WEST 20TH STREET,,,US,E,PA,(800)344-7584,,,,,,,,,,,C538191,,,US,,,,,,,,,,,,,,NT15,,,,,,,,,,CRMH04,,10,X,,X,,,,,,,,A17SAT HOUSE ACCOUNT,A17-S999,C538191,A17SAT,,Polymer Molding Inc,,,,,PA,
,X,TCUS,TEQ FRANK FALCONERI,,0003,TEQ FRANK FALCONERI,,,HUNTINGTON STATION,11746,7 NORDEN LANE,x1182,,US,E,NY,(877) 455-9369 ,,,,,,,,,,,C537538,,,US,,,,,,,,,,,,,,NT15,,,,LGA,D,,,,,CRMH04,,10,X,,X,,,,,,,,A17SAT HOUSE ACCOUNT,A17-S999,C537538,,,TEQ FRANK FALCONERI,LGA,D,,,NY,
,X,TCUS,LARC IND,,0003,LARC INDUSTRIES,,,UMAN,97390,CARRETERA UMAN DZIBIKAK TABLAJE 4997,( ctc Joe),,MX,E,Yucatan,+52 999 949 9513 ,,,,,,,,,,,C513667,,,US,,,,080000,160000,080000,160000,,,,,,,NT15,,,,,,,,,,CRMH04,,10,X,,X,,,,,,,,A17SAT HOUSE ACCOUNT,A17-S999,C513667,A17SAT,,LARC INDUSTRIES,,,,,Yucatan,
,X,TCUS,TICONA C/O VERST GROUP,,0003,TICONA C/O VERST GROUP,,,FLORENCE,41042,WAREHOUSE&DISTRIBUTION,1100 BURLINGTON PIKE,,US,E,KY,,,,,,,,,,,,C554885,,,US,,,,,,,,,,,,,,NT15,,,,,,,,,,CRMH04,,10,X,,X,,,,,,,,A17SAT HOUSE ACCOUNT,A17-S999,C554885,A17SAT,,Ticona c/o Verst Group,,,,,KY,
,X,TCUS,PEYTON’S NORTH,,0003,PEYTON’S NORTH,,,BLUFFTON,46714,1111 SOUTH ADAMS STREET,1111 South Adams Stree,,US,E,IN,,,,,,,,,,,,C541008,,,US,,,,,,,,,,,,,,NT15,,,,,,,,,,CRMH04,,10,X,,X,,,,,,,,A17SAT HOUSE ACCOUNT,A17-S999,C541008,A17SAT,,Peyton’s North,,,,,IN,
,X,TCUS,IEWC- EL PASO,,0003,IEWC- EL PASO,,,EL PASO,79936,FIDEL JARAMILLO,11801 MIRIAM DR,,US,E,TX,,,,,,,,,,,,C452507,,,US,,,,,,,,,,,,,,NT15,,,,,,,,,,CRMH04,,10,X,,X,,,,,,,,A17SAT HOUSE ACCOUNT,A17-S999,C452507,,,IEWC- EL PASO,,,,,TX,
,X,TCUS,CIT RELAY & SWITCH,,0003,CIT RELAY & SWITCH,,,ROGERS,55374,DIVISION OF CIRCUIT INTERRUPTION TECH INC,14680 James Road,,US,E,MN,,,,,,,,,,,,C547538,,,US,,,,,,,,,,,,,,NT15,,,,,,,,,,CRMH04,,10,X,,X,,,,,,,,A17SAT HOUSE ACCOUNT,A17-S999,C547538,A17SAT,,CIT RELAY & SWITCH,,,,,MN,
,X,TCUS,WOODLAND DIST CTR,,0003,WOODLAND DISTRIBUTION CENTER,,,WOODLAND,95776,DBA WOODLAND DIST CENTER,1755 East Beamer Street,,US,E,CA,,,,,,,,,,,,C536650,,,US,,,,,,,,,,,,,,NT15,,,,,,,,,,CRMH04,,10,X,,X,,,,,,,,A17SAT HOUSE ACCOUNT,A17-S999,C536650,A17SAT,,Woodland Distribution Center,,,,,CA,
,X,TCUS,RITE AID DCRL WOODLAND DIST CTR,,0003,RITE AID DCRL WOODLAND DIST CTR,,,WOODLAND,95776,DBA WOODLAND DIST CENTER,1755 East Beamer Street,,US,E,CA,,,,,,,,,,,,C538569,,,US,,,,,,,,,,,,,,NT15,,,,,,,,,,CRMH04,,10,X,,X,,,,,,,,A17SAT HOUSE ACCOUNT,A17-S999,C538569,A17SAT,,RITE AID DCRL WOODLAND DIST CTR,,,,,CA,
,X,TCUS,WORLD CARGO SRL,,0003,WORLD CARGO SRL,,,MILAN,20096,VIADUCT DANTE 97/B,LIMITO DI PIOTELLO,,IT,E,,,,,,,,,,,,,C326359,,,US,,,,,,,,,,,,,,NT15,,,,,,,8011043,,,CRMH04,,10,X,,X,,,,,,,,INTL,S91,C326359,,8011043,WORLD CARGO SRL,,,,,,
,X,TCUS,FCA US -SHERWOOD 03117,,0003,FCA US -SHERWOOD 03117,,,WARREN,48091,SHERWOOD NATIONAL PDC,21555 SHERWOOD BUILDING E,,US,E,MI,,,,,,,,,,,,C533928,,,US,,,,,,,,,,,,,,NT15,,,,,,,,,,CRMH04,,10,X,,X,,,,,,,,A17SAT HOUSE ACCOUNT,A17-S999,C533928,A17SAT,,FCA US -SHERWOOD 03117,,,,,MI,
,X,TCUS,DLH BOWLES,,0003,DLH BOWLES INC,,,CANTON,44706,2422 LEO AVE SW,,,US,E,OH,,,,,,,,,,,,C476632,,,US,,,,080000,170000,080000,170000,,,,,,,NT15,,,,,,,10029193,,,CRMH04,,10,X,,X,,,,,,,,A17SAT Fernando Arellano,S1554,C476632,,10029193,"dlh Bowles, Inc.",,,,,OH,
,X,TCUS,FCA LLP US 05432,,0003,FCA LLP US 05432,,,REDFORD,48239,US IMPORT DECONSOLDATION CENTER,24450 GLENDALE,,US,E,MI,,,,,,,,,,,,C542858,,,US,,,,,,080000,170000,,,,,,,NT15,,,,,,,,,,CRMH04,,10,X,,X,,,,,,,,A17SAT HOUSE ACCOUNT,A17-S999,C542858,,,FCA LLP US 05432,,,,,MI,
,X,TCUS,ETCO NORTH,,0003,ETCO NORTH,,,WARWICK,02888,ETCO INCORPORATED,25 Bellows Street,,US,E,RI,,,,,,,,,,,,C562984,,,US,,,,,,,,,,,,,,NT15,,,,,,,,,,CRMH04,,10,X,,X,,,,,,,,A17SAT HOUSE ACCOUNT,A17-S999,C562984,A17SAT,,ETCO North,,,,,RI,
,X,TCUS,GRAYLINE,,0003,GRAYLINE LLC,,,WAUKESHA,53188,2101 AIRPORT ROAD,262-542-4300,,US,E,WI,,,,,,,,,,,,C536847,,,US,,,,080000,153000,080000,153000,,,,,,,NT15,,,,,,,,,,CRMH04,,10,X,,X,,,,,,,,A17SAT HOUSE ACCOUNT,A17-S999,C536847,,,Grayline LLC,,,,,WI,
,X,TCUS,FCA CO CTR LINE PARTS 03110,,0003,FCA CO CENTER LINE PARTS 03110,,,CENTER LINE,48015,DISTRIBUTION CENTER,26311 LAWRENCE AVE,,US,E,MI,,,,,,,,,,,,C533971,,,US,,,,,,,,,,,,,,NT15,,,,,,,,,,CRMH04,,10,X,,X,,,,,,,,A17SAT HOUSE ACCOUNT,A17-S999,C533971,A17SAT,,FCA CO CENTER LINE PARTS 03110,,,,,MI,
,X,TCUS,RITE AID DCL LANCASTER DIST CTR,,0003,RITE AID DCL LANCASTER DIST CTR,,,LANCASTER,93536,LANCASTER DIST CENTER,2801 West Avenue H,,US,E,CA,,,,,,,,,,,,C538570,,,US,,,,,,,,,,,,,,NT15,,,,,,,,,,CRMH04,,10,X,,X,,,,,,,,A17SAT HOUSE ACCOUNT,A17-S999,C538570,A17SAT,,RITE AID DCL LANCASTER DIST CTR,,,,,CA,
,X,TCUS,WILSONVILLE DIST CTR,,0003,WILSONVILLE DISTRIBUTION CENTER,,,WILSONVILLE,97070,RITE AID DISTRIBUTION CENTER,29555 SW Boones Ferry Road,,US,E,OR,,,,,,,,,,,,C536649,,,US,,,,,,,,,,,,,,NT15,,,,PDX,C,,,,,CRMH04,,10,X,,X,,,,,,,,A17SAT HOUSE ACCOUNT,A17-S999,C536649,A17SAT,,Wilsonville Distribution Center,PDX,C,,,OR,
,X,TCUS,RITE AID DCR WILSONVILLE DIST CTR,,0003,RITE AID DCR WILSONVILLE DIST CTR,,,WILSONVILLE,97070,RITE AID DISTRIBUTION CENTER,29555 SW Boones Ferry Road,,US,E,OR,,,,,,,,,,,,C538568,,,US,,,,,,,,,,,,,,NT15,,,,PDX,C,,,,,CRMH04,,10,X,,X,,,,,,,,A17SAT HOUSE ACCOUNT,A17-S999,C538568,A17SAT,,RITE AID DCR WILSONVILLE DIST CTR,PDX,C,,,OR,
,X,TCUS,BORG WARNER SLP,,0003,BORG WARNER SLP,,,SAN LUIS POTOSÍ,78395,CIRCUITO MEXICO 105 PARQUE INDUSTRIAL,3 NACIONES,,MX,E,SLP,,,,,,,,,,,,C530838,,,US,,,,080000,170000,080000,170000,,,,,,,NT15,,,,,,,,,,CRMH04,,10,X,,X,,,,,,,,A17SAT HOUSE ACCOUNT,A17-S999,C530838,A17SAT,,BORG WARNER SLP,,,,,SLP,
,X,TCUS,UNITED CARGO - DENVER,,0003,UNITED CARGO - DENVER,,,DENVER,80249,27000 EAST 75TH AVENUE,,,US,E,CO,303 348 7022,,,,,,,,,,,C535440,,,US,,,,,,,,,,,,,,NT15,,,,,,,,,,CRMH04,,10,X,,X,,,,,,,,A17SAT HOUSE ACCOUNT,A17-S999,C535440,,,UNITED CARGO - DENVER,,,,,CO,
,X,TCUS,KRAYDEN,,0003,KRAYDEN INC,,,GRAND PRAIRIE,75050,1025 AVENUE M,,,US,E,TX,303-280-2800,,,,,,,,,,,C532682,,,US,,,,,,,,,,,,,,NT15,,,,DFW,A,,,,,CRMH04,,10,X,,X,,,,,,,,A17SAT HOUSE ACCOUNT,A17-S999,C532682,A17SAT,,"Krayden, Inc.",DFW,A,,,TX,
,X,TCUS,1025 AVENUE M,,0003,1025 AVENUE M,,,GRAND PRIARIE,75050,CHARLESKRAYDENCOM /CHARLES BLACKWELL,ext 7281,,US,E,TEXAS,303-280-2800,,,,,,,,,,,C510802,,,US,,,,,,,,,,,,,,NT15,,,,DFW,A,,,,,CRMH04,,10,X,,X,,,,,,,,A17SAT HOUSE ACCOUNT,A17-S999,C510802,,,1025 Avenue M,DFW,A,,,TEXAS,
,X,TCUS,UNITED AIRLINE CARGO IAH,,0003,UNITED AIRLINE CARGO IAH,,,HOUSTON,77032,GEORGE BUSH INTERCONTINENTAL AIRPORT,"3230 Pallet Rd,",,US,E,TX,,,,,,,,,,,,C541391,,,US,,,,,,,,,,,,,,NT15,,,,,,,,,,CRMH04,,10,X,,X,,,,,,,,A17SAT HOUSE ACCOUNT,A17-S999,C541391,A17SAT,,United Airline Cargo IAH,,,,,TX,
,X,TCUS,FARVA MULTIENLACES DE COMERCIO EXTERIOR,,0003,FARVA MULTIENLACES DE COMERCIO EXTERIOR,,,REYNOSA,88710,BOULEVARD DEL MAESTRO,375 COLONIA LAS FUENTES,,MX,E,TAMAULIPAS,,,,,,,,,,,,C511066,,RFC:FMC170203TQ1,US,,,,080000,180000,080000,170000,,,,,,,NT15,,,,,,,,,,CRMH04,,10,X,,X,,,,,,,,A17SAT Fernando Arellano,S1554,C511066,A17SAT,,FARVA MULTIENLACES DE COMERCIO EXTERIOR,,,,,TAMAULIPAS,
,X,TCUS,CENTRAL VALLE HERMOSO,,0003,CENTRAL VALLE HERMOSO,,,VALLE HERMOSO,87500,ESTE 124 A ESTE 123 CON SUR 67,400 COL AGRICOLA ANA'HUAC,,MX,E,TAMAULIPAS,,,,,,,,,,,,C554011,,,US,,,,,,,,,,,,,,NT15,,,,,,,,,,CRMH04,,10,X,,X,,,,,,,,A17SAT HOUSE ACCOUNT,A17-S999,C554011,A17SAT,,CENTRAL VALLE HERMOSO,,,,,TAMAULIPAS,
,X,TCUS,INGENIERÍA AEROESPACIAL DEL CIELO,,0003,INGENIERÍA AEROESPACIAL DEL CIELO INC,,,ORLANDO,32827,4219 LINDY CIRCLE HANGAR 435,,,US,E,FL,407-251-7112,,,,,,,,,,,C563923,,,US,,,,,,,,,,,,,,NT15,,,,,,,,,,CRMH04,,10,X,,X,,,,,,,,A17SAT HOUSE ACCOUNT,A17-S999,C563923,A17SAT,,"Ingeniería Aeroespacial del Cielo, Inc",,,,,FL,
,X,TCUS,ACCUENERGY CANADA,,0003,ACCUENERGY CANADA INC,,,SCARBOROUGH,M1R3E4,22 HOWDEN ROAD,Shahriar Shuvo,,CA,E,Ontario,4164974100,,,,,,,,,,,C563992,,,US,,,,,,,,,,,,,,NT15,,,,,,,,,,CRMH04,,10,X,,X,,,,,,,,A17SAT HOUSE ACCOUNT,A17-S999,C563992,A17SAT,,Accuenergy Canada Inc.,,,,,Ontario,
,X,TCUS,SKY AEROSPACE,,0003,SKY AEROSPACE,,,ORLANDO,32827,ORLANDO INTERNATIONAL AIRPORT,4219 Lindy Circle Hangar 435,,US,E,FL,,,,,,,,,,,,C559188,,,US,,,,,,,,,,,,,,NT15,,,,,,,,,,CRMH04,,10,X,,X,,,,,,,,A17SAT HOUSE ACCOUNT,A17-S999,C559188,A17SAT,,SKY AEROSPACE,,,,,FL,
,X,TCUS,AIRBRIDGECARGO AIRLINES ATL,,0003,AIRBRIDGECARGO AIRLINES ATL,,,ATLANTA,30320,WORLDWIDE FLIGHT SERVICES,"4400 South Cargo Drive, Bldg C",,US,E,GA,,,,,,,,,,,,C543371,,,US,,,,,,,,,,,,,,NT15,,,,,,,,,,CRMH04,,10,X,,X,,,,,,,,A17SAT HOUSE ACCOUNT,A17-S999,C543371,A17SAT,,AirBridgeCargo Airlines ATL,,,,,GA,
,X,TCUS,COUGAR VILLAGE,,0003,COUGAR VILLAGE,,,HOUSTON,77204,COUGAR VILLAGE UNIVERSITY OF HOUSTON,4427 Cougar Village Drive,,US,E,TX,,,,,,,,,,,,C510727,,,US,,,,,,,,,,,,,,NT15,,,,IAH,C,,,,,CRMH04,,10,X,,X,,,,,,,,A17SAT HOUSE ACCOUNT,A17-S999,C510727,,,Cougar Village,IAH,C,,,TX,
,X,TCUS,COOPER STANDARD AUTOMOTIVE CAN,,0003,COOPER STANDARD AUTOMOTIVE CAN,,,SHERBROOKE,J1R 0W8,NORTH AMERICAN DIVISION,4870 Robert-Boyd,,CA,E,QUEBEC,,,,,,,,,,,,C539832,,,US,,,,,,,,,,,,,,NT15,,,,,,,,,,CRMH04,,10,X,,X,,,,,,,,A17SAT HOUSE ACCOUNT,A17-S999,C539832,A17SAT,,Cooper Standard Automotive CAN,,,,,QUEBEC,
,X,TCUS,IMPULSE SUPPLY CHAIN 40,,0003,IMPULSE SUPPLY CHAIN 40,,,PHARR,78577,C/O VENDOR PELLI SKIN CO L,500 Capote Central Suite 400,,US,E,TX,,,,,,,,,,,,C531429,,,US,,,,,,,,,,,,,,NT15,,,,,,,,,,CRMH04,,10,X,,X,,,,,,,,A17SAT HOUSE ACCOUNT,A17-S999,C531429,,,Impulse Supply Chain 4.0,,,,,TX,
,X,TCUS,PLASTICAIR,,0003,PLASTICAIR INC,,,PARIS,N3L 3V1,31 WOODSLEE AVENUE,,,CA,E,ONTARIO,519-442-4999,,,,,,,,,,,C539585,,,US,,,,,,,,,,,,,,NT15,,,,,,,,,,CRMH04,,10,X,,X,,,,,,,,A17SAT HOUSE ACCOUNT,A17-S999,C539585,A17SAT,,Plasticair Inc,,,,,ONTARIO,
,X,TCUS,LA KE BUENA,,0003,LA KE BUENA,,,"TEZIUTLAN,",73800,ALLENDE 507 COL CENTRO,,,MX,E,MEXICO,52 231 329 0110,,,,,,,,,,,C547746,,,US,,,,,,,,,,,,,,NT15,,,,,,,,,,CRMH04,,10,X,,X,,,,,,,,A17SAT HOUSE ACCOUNT,A17-S999,C547746,A17SAT,,LA KE BUENA,,,,,MEXICO,
,X,TCUS,EBY ELECTRO,,0003,EBY ELECTRO INC,,,HONG KONG,,RM309 3 F BLOCK A HI TECH IND,"5-21 PAK TIN PAR ST, TSUEN NT",,HK,E,,,,,,,,,,,,,C543057,,,US,,,,,,,,,,,,,,NT15,,,,,,,,,,CRMH04,,10,X,,X,,,,,,,,A17SAT HOUSE ACCOUNT,A17-S999,C543057,A17SAT,,EBY ELECTRO INC,,,,,,
,X,TCUS,MIDTRONICS,,0003,MIDTRONICS INC,,,BELLEVUE,98009,7000 MONROE STREET,,,US,E,WA,6303236800,,,,,,,,,,,C564012,,,US,,,,,,,,,,,,,,NT15,,,,,,,,,,CRMH04,,10,X,,X,,,,,,,,A17SAT HOUSE ACCOUNT,A17-S999,C564012,A17SAT,,"Midtronics, Inc",,,,,WA,
,X,TCUS,HY-VEE,,0003,HY-VEE INC,,,CHARITON,50049,1802 OSCEOLA AVENUE,,,US,E,IA,641-774-7664,,,,,,,,,,,C529734,,,US,,,,080000,170000,080000,170000,,,,,,,NT15,,,,,,,,,,CRMH04,,10,X,,X,,,,,,,,A17SAT HOUSE ACCOUNT,A17-S999,C529734,A17SAT,,"Hy-Vee, Inc.",,,,,IA,
,X,TCUS,GR PRINTING EQUIP,,0003,GR PRINTING EQUIPMENT,,,MISSISSAUGA,L5T1Z2,6176A KESTREL ROAD,,,CA,E,ONTARIO,6478356224,,,,,,,,,,,C544260,,,US,,,,,,,,,,,,,,NT15,,,,,,,,,,CRMH04,,10,X,,X,,,,,,,,A17SAT HOUSE ACCOUNT,A17-S999,C544260,A17SAT,,GR PRINTING EQUIPMENT,,,,,ONTARIO,
,X,TCUS,PT SOLUTION,,0003,PT SOLUTION,,,HOUSTON,77047,14751 KIRBY DRIVE,,,US,E,TX,7132222251,,,,,,,,,,,C538120,,,US,,,,,,,,,,,,,,NT15,,,,IAH,C,,,,,CRMH04,,10,X,,X,,,,,,,,A17SAT HOUSE ACCOUNT,A17-S999,C538120,A17SAT,,PT SOLUTION,IAH,C,,,TX,
,X,TCUS,MID-ATLANTIC CSC,,0003,MID-ATLANTIC CSC,,,ABERDEEN,21001,601 CHELSEA ROAD,,,US,E,MD,717-731-3815,,,,,,,,,,,C536646,,,US,,,,,,,,,,,,,,NT15,,,,BWI,C,,,,,CRMH04,,10,X,,X,,,,,,,,A17SAT HOUSE ACCOUNT,A17-S999,C536646,A17SAT,,Mid-Atlantic CSC,BWI,C,,,MD,
,X,TCUS,ANIXTER SUWANEE,,0003,ANIXTER SUWANEE,,,SUWANEE,30024,3400 LAWRENCEVILLE SUWANEE ROAD,,,US,E,GA,770) 831-4000,,,,,,,,,,,C539555,,,US,,,,,,,,,,,,,,NT15,,,,,,,,,,CRMH04,,10,X,,X,,,,,,,,A17SAT HOUSE ACCOUNT,A17-S999,C539555,A17SAT,,Anixter Suwanee,,,,,GA,
,X,TCUS,DIAMOND WIPES INTL,,0003,DIAMOND WIPES INTERNATIONAL,,,CHINO,91710,13818 YORBA STREET,,,US,E,CA,909-230-9888,,,,,,,,,,,C531647,,,US,,,,,,,,,,,,,,NT15,,,,LAX,G,,,,,CRMH04,,10,X,,X,,,,,,,,A17SAT HOUSE ACCOUNT,A17-S999,C531647,A17SAT,,Diamond Wipes International,LAX,G,,,CA,
,X,TCUS,RUBBER IND,,0003,RUBBER INDUSTRIES INC,,,SHAKOPEE,55379,200 CAVANAUGH DRIVE,,,US,E,MN,952-445-1320,,,,,,,,,,,C547681,,,US,,,,,,,,,,,,,,NT15,,,,,,,,,,CRMH04,,10,X,,X,,,,,,,,A17SAT HOUSE ACCOUNT,A17-S999,C547681,A17SAT,,Rubber Industries Inc.,,,,,MN,
,X,TCUS,GAROSO DBA NATL ELECTRIC AND HARDWARE,,0003,GAROSO DBA NATIONAL ELECTRIC AND HARDWARE,,,BROWNSVILLE,78526,3220 RUBERN TORRES SR BOULEVARD,,,US,E,TX,956-548-6677,,,,,,,,,,,C548125,,,US,,,,080000,180000,080000,180000,,,,,,,NT15,,,,MFE,C,,10041148,,,CRMH04,,10,X,,X,,,,,,,,A17SAT HOUSE ACCOUNT,A17-S999,C548125,A17SAT,10041148,GAROSO DBA NATIONAL ELECTRIC AND HARDWARE,MFE,C,,,TX,
,X,TCUS,CIVAC,,0003,CIVAC,,,JUITIPEC,62733,PASEO CUAUNAHUAC KM 145 CARRETERA FEDERAL,a Cuautla Carretera Federal,,MX,E,MORELOS,,,,,,,,,,,,C513713,,,US,,,,080000,170000,080000,170000,,,,,,,NT15,,,,,,,,,,CRMH04,,10,X,,X,,,,,,,,A17SAT HOUSE ACCOUNT,A17-S999,C513713,,,CIVAC,,,,,MORELOS,
,X,TCUS,SEMIOS USATURLOCK,,0003,SEMIOS USATURLOCK,,,TURLOCK,95380,2565 ACME COURT,Aaron Machado,,US,E,CA,209-6203210,,,,,,,,,,,C545447,,,US,,,,,,,,,,,,,,NT15,,,,,,,,,,CRMH04,,10,X,,X,,,,,,,,A17SAT HOUSE ACCOUNT,A17-S999,C545447,A17SAT,,Semios USATurlock,,,,,CA,
,X,TCUS,METZ-CONNECT NJ,,0003,METZ-CONNECT NJ,,,TINTON FALLS,07712,200 TORNILLO WAY,Adrina Bracket,,US,E,NJ,,,,,,,,,,,,C552205,,,US,,,,,,,,,,,,,,NT15,,,,EWR,E,,,,,CRMH04,,10,X,,X,,,,,,,,A17SAT HOUSE ACCOUNT,A17-S999,C552205,,,METZ-CONNECT NJ,EWR,E,,,NJ,
,X,TCUS,AEROUNION LAX,,0003,AEROUNION LAX,,,LOS ANGELES,90045,5625 WEST IMPERIAL HIGHWAY,AIME MELARA / MILENA BERMUDEZ,,US,E,CA,,,,,,,,,,,,C556245,,,US,,,,,,,,,,,,,,NT15,,,,LAX,A,,,,,CRMH04,,10,X,,X,,,,,,,,A17SAT HOUSE ACCOUNT,A17-S999,C556245,A17SAT,,AEROUNION LAX,LAX,A,,,CA,
,X,TCUS,HESSEN FOWARDING,,0003,HESSEN FOWARDING,,,BROWNSVILLE,78521,4535 RUBEN M TORRES BOULEVARD,Aldo Navarro,,US,E,TX,956-831-803,,,,,,,,,,,C553132,,,US,,,,,,,,,,,,,,NT15,,,,MFE,C,,,,,CRMH04,,10,X,,X,,,,,,,,A17SAT HOUSE ACCOUNT,A17-S999,C553132,A17SAT,,HESSEN FOWARDING,MFE,C,,,TX,
,X,TCUS,CAL-COMP,,0003,CAL-COMP,,,LOGANSPORT,46947,1 TECHNOLOGY WAY,AMANDA GALBREATH,,US,E,IN,,,,,,,,,,,,C543362,,,US,,,,,,,,,,,,,,NT15,,,,,,,,,,CRMH04,,10,X,,X,,,,,,,,A17SAT HOUSE ACCOUNT,A17-S999,C543362,A17SAT,,CAL-COMP,,,,,IN,
,X,TCUS,ITALIAN FURNITURE DESIGNS,,0003,ITALIAN FURNITURE DESIGNS,,,MIAMI,33166,5473 NW 72ND AVENUE,Andreina Andrade,,US,E,FL,305 2827778,,,,,,,,,,,C563158,,,US,,,,,,,,,,,,,,NT15,,,,MIA,A,,,,,CRMH04,,10,X,,X,,,,,,,,A17SAT HOUSE ACCOUNT,A17-S999,C563158,A17SAT,,ITALIAN FURNITURE DESIGNS,MIA,A,,,FL,
,X,TCUS,METZ CONNECT USA,,0003,METZ CONNECT USA INC,,,TINTON FALLS,07712,200 TORNILLO WAY,Angela Bennett x234,,US,E,NJ,+1 732 389-1300,,,,,,,,,,,C529975,,,US,,,,080000,170000,080000,170000,,,,,,,NT15,,,,EWR,E,,,,,CRMH04,,10,X,,X,,,,,,,,A17SAT HOUSE ACCOUNT,A17-S999,C529975,A17SAT,,METZ CONNECT USA INC,EWR,E,,,NJ,
,X,TCUS,CANALMARINE SUPPLIES,,0003,CANALMARINE SUPPLIES,,,MIAMI,33166,7200 NW 84TH AVENUE,ATT LUIS ARDILLA,,US,E,FL,,,,,,,,,,,,C548318,,,US,,,,,,,,,,,,,,NT15,,,,MIA,A,,,,,CRMH04,,10,X,,X,,,,,,,,A17SAT HOUSE ACCOUNT,A17-S999,C548318,A17SAT,,CANALMARINE SUPPLIES,MIA,A,,,FL,
,X,TCUS,MV MAJESTIC PRINCESS,,0003,MV MAJESTIC PRINCESS,,,LOS ANGELES,,PORT OF LOS ANGELES,ATTN: ENTERTAINMENT DIRECTOR HGM,,US,E,CA,,,,,,,,,,,,C529058,,,US,,,,,,,,,,,,,,NT15,,,,,,,,,,CRMH04,,10,X,,X,,,,,,,,A17SAT HOUSE ACCOUNT,A17-S999,C529058,,,MV MAJESTIC PRINCESS,,,,,CA,
,X,TCUS,NWNA,,0003,NWNA,,,SAN BERNARDINO,91761,5772 E JURUPA STREET,Attn: Jon Allen,,US,E,CA,,,,,,,,,,,,C542552,,,US,,,,,,,,,,,,,,NT15,,,,,,,,,,CRMH04,,10,X,,X,,,,,,,,A17SAT HOUSE ACCOUNT,A17-S999,C542552,A17SAT,,NWNA,,,,,CA,
,X,TCUS,FOX VALLEY MOLDING,,0003,FOX VALLEY MOLDING,,,PLANO,60545,113 S CENTER STREET,Attn: Scott Dvork,,US,E,IL,,,,,,,,,,,,C539931,,,US,,,,,,,,,,,,,,NT15,,,,,,,,,,CRMH04,,10,X,,X,,,,,,,,A17SAT HOUSE ACCOUNT,A17-S999,C539931,A17SAT,,Fox Valley Molding,,,,,IL,
,X,TCUS,EL GRANDE IND SA DE CV,,0003,EL GRANDE INDUSTRIAL SA DE CV,,,"APASEO EL GRANDE ,",38160,EL GRANDE INDUSTRIAL SA DE COVE,AV. ASOCIACION DE INDUSTRAILES,,MX,E,GUANAJUATO 38160,,,,,,,,,,,,C504761,,,US,,,,080000,180000,080000,180000,,,,,,,NT15,,,,,,,10034356,,,CRMH04,,10,X,,X,,,,,,,,A17SAT HOUSE ACCOUNT,A17-S999,C504761,A17SAT,10034356,EL GRANDE INDUSTRIAL S.A. DE C.V,,,,,GUANAJUATO 38160,
,X,TCUS,PORT OF HOUSTON AUTHORITY,,0003,PORT OF HOUSTON AUTHORITY,,,LA PORTE,77571,1515 EAST BARBOURS CUT BOULEVARD,BARBOURS CUT CONTAINER TERMINAL,,US,E,TX,,,,,,,,,,,,C421273,,,US,,,,,,,,,,,,,,NT15,,,,IAH,D,,,,,CRMH04,,10,X,,X,,,,,,,,A17SAT HOUSE ACCOUNT,A17-S999,C421273,,,PORT OF HOUSTON AUTHORITY,IAH,D,,,TX,
,X,TCUS,DEXPROM,,0003,DEXPROM,,,QUERETARO,,AVENIDA DEL MARQUES 37 PARQUE INDUSTRIAL,BERNARDO QUINTANA,,MX,E,QUERETARO,,,,,,,,,,,,C529571,,,US,,,,080000,170000,080000,170000,,,,,,,NT15,,,,,,,,,,CRMH04,,10,X,,X,,,,,,,,A17SAT HOUSE ACCOUNT,A17-S999,C529571,,,DEXPROM,,,,,QUERETARO,
,X,TCUS,PLASTICOS PROMEX,,0003,PLASTICOS PROMEX,,,EL PASO,79935,1220 BARRANCA,Bldg 4-C,,US,E,TX,,,,,,,,,,,,C329993,,,US,,,,,,,,,,,,,,NT15,,,,,,,,,,CRMH04,,10,X,,X,,,,,,,,A17SAT HOUSE ACCOUNT,A17-S999,C329993,,,Plasticos Promex,,,,,TX,
,X,TCUS,FCTASSEMBLY,,0003,FCTASSEMBLY,,,GUADALUPE,,PARQUE LOGISTICO LOS LERMAS 67190,Bodega #118 FCTA Mexico.,,MX,E,NUEVO LEON,,,,,,,,,,,,C545113,,,US,,,,,,,,,,,,,,NT15,,,,,,,,,,CRMH04,,10,X,,X,,,,,,,,A17SAT HOUSE ACCOUNT,A17-S999,C545113,A17SAT,,FCTASSEMBLY,,,,,NUEVO LEON,
,X,TCUS,ECD HOUSTON,,0003,ECD HOUSTON,,,HOUSTON,77027,4747 WESTPARK,BRETT PROVENZANO,,US,E,TX,,,,,,,,,,,,C556131,,,US,,,,,,,,,,,,,,NT15,,,,IAH,C,,,,,CRMH04,,10,X,,X,,,,,,,,A17SAT HOUSE ACCOUNT,A17-S999,C556131,A17SAT,,ECD HOUSTON,IAH,C,,,TX,
,X,TCUS,CARVE AMER GRILLE,,0003,CARVE AMERICAN GRILLE,,,AUSTIN,,7415 SOUTHWEST PARKWAY BUILDING 1,Bruce Rampick/Bruce@inmotionbuilder,,US,E,TX,(954) 448-1488,,,,,,,,,,,C510601,,,US,,,,,,,,,,,,,,NT15,,,,,,,,,,CRMH04,,10,X,,X,,,,,,,,A17SAT HOUSE ACCOUNT,A17-S999,C510601,A17SAT,,Carve American Grille,,,,,TX,
,X,TCUS,SEMIOS USABAKERSFIELD,,0003,SEMIOS USABAKERSFIELD,,,BAKERSFIELD,93308,7125 MEANY AVENUE,Building A,,US,E,CA,,,,,,,,,,,,C545461,,,US,,,,,,,,,,,,,,NT15,,,,LAX,L,,,,,CRMH04,,10,X,,X,,,,,,,,A17SAT HOUSE ACCOUNT,A17-S999,C545461,A17SAT,,Semios USABakersfield,LAX,L,,,CA,
,X,TCUS,HYDRO PRECISION TUBING,,0003,HYDRO PRECISION TUBING,,,PHARR,78577,600 EAST MILITARY,BUILDING A,,US,E,TX,956 9602066,,,,,,,,,,,C563393,,,US,,,,,,,,,,,,,,NT15,,,,,,,,,,CRMH04,,10,X,,X,,,,,,,,A17SAT HOUSE ACCOUNT,A17-S999,C563393,A17SAT,,Hydro Precision Tubing,,,,,TX,
,X,TCUS,STELLANTIS MEXICO SA DE CV084758B,,0003,STELLANTIS MEXICO SA DE CV084758B,,,STA MONICA / SALTILLO,25300,SALTILLO TRUCK ASSEMBLY PLANT,Carr A Gral Cepeda 850 Parq In,,MX,E,Coahuila,,,,,,,,,,,,C540808,,,US,,,,,,,,,,,,,,NT15,,,,,,,,,,CRMH04,,10,X,,X,,,,,,,,A17SAT HOUSE ACCOUNT,A17-S999,C540808,A17SAT,,Stellantis Mexico S.A. De C.V.(084758B),,,,,Coahuila,
,X,TCUS,REPSTRONICS,,0003,REPSTRONICS,,,SAN JUAN OCOTAN ZAPOPAN,45019,WEST PARK GDL BOIDEGA 4,Carretera Guadalajara - Tepic,,MX,E,Jalisco,,,,,,,,,,,,C546460,,,US,,,,,,,,,,,,,,NT15,,,,,,,,,,CRMH04,,10,X,,X,,,,,,,,A17SAT HOUSE ACCOUNT,A17-S999,C546460,A17SAT,,REPSTRONICS,,,,,Jalisco,
,X,TCUS,NISSAN TOLUCA,,0003,NISSAN TOLUCA,,,TOLUCA,,ALMACEN DE REFACCIONES KM57,CARRETERA TOLUCA,,MX,E,EDO MEXICO,,,,,,,,,,,,C529198,,,US,,,,080000,170000,080000,170000,,,,,,,NT15,,,,,,,,,,CRMH04,,10,X,,X,,,,,,,,A17SAT HOUSE ACCOUNT,A17-S999,C529198,A17SAT,,NISSAN TOLUCA,,,,,EDO MEXICO,
,X,TCUS,TECHFLEX,,0003,TECHFLEX,,,SPARTA,07871,104 DEMAREST ROAD,cassandra kosut,,US,E,NJ,973.940.3375,,,,,,,,,,,C508021,,,US,,,,,,,,,,,,,,NT15,,,,EWR,F,,,,,CRMH04,,10,X,,X,,,,,,,,A17SAT HOUSE ACCOUNT,A17-S999,C508021,A17SAT,,Techflex,EWR,F,,,NJ,
,X,TCUS,ELECTRICIDAD ÁGUILA DE TUXPAN S DE RL DE CV,,0003,ELECTRICIDAD ÁGUILA DE TUXPAN S DE RL DE CV,,,TUXPAN,92860,CARRETERA DE LOS KMS 155 INT,CCC TUXPAN II CONG CHILE FRIO,,MX,E,VERACRUZ,,,,,,,,,,,,C555755,,,US,,,,,,,,,,,,,,NT15,,,,,,,,,,CRMH04,,10,X,,X,,,,,,,,A17SAT HOUSE ACCOUNT,A17-S999,C555755,A17SAT,,ELECTRICIDAD ÁGUILA DE TUXPAN S. DE R.L. DE C.V,,,,,VERACRUZ,
,X,TCUS,SEMIOS USA,,0003,SEMIOS USA,,,WENATCHEE,98801,421 NORTH WORTHEN STREET,Christopher Klinger 5096700323,,US,E,WA,,,,,,,,,,,,C547534,,,US,,,,,,,,,,,,,,NT15,,,,SEA,W,,,,,CRMH04,,10,X,,X,,,,,,,,A17SAT HOUSE ACCOUNT,A17-S999,C547534,A17SAT,,SEMIOS USA,SEA,W,,,WA,
,X,TCUS,USHECO,,0003,USHECO INC,,,KINGSTON,12401,138 MAPLE HILL DRIVE,cmarchetti@usheco.com,,US,E,NY,,,,,,,,,,,,C509531,,,US,,,,,,,,,,,,,,NT15,,,,,,,,,,CRMH04,,10,X,,X,,,,,,,,A17SAT HOUSE ACCOUNT,A17-S999,C509531,,,"Usheco, Inc",,,,,NY,
,X,TCUS,CHRYSLER/MOPAR MILWAUKEE PDC,,0003,CHRYSLER/MOPAR MILWAUKEE PDC,,,MILWAUKEE,53207,3280 SOUTH CLEMENT AVENUE,CNETER CIMS,,US,E,WI,509 00 00 03129,,,,,,,,,,,C538263,,,US,,,,080000,180000,080000,180000,,,,,,,NT15,,,,,,,,,,CRMH04,,10,X,,X,,,,,,,,A17SAT HOUSE ACCOUNT,A17-S999,C538263,A17SAT,,CHRYSLER/MOPAR MILWAUKEE PDC,,,,,WI,
,X,TCUS,MERCURY,,0003,MERCURY,,,COAHUILA DE ZARAGOZA,,BOULEVARD CÉSAR CANTÚ BENAVIDES PARQUE INDUSTRIAL,COAHUILA DE ZARAGOZA,,MX,E,COAHUILA DE ZARAGOZA,,,,,,,,,,,,C530759,,,US,,,,080000,170000,080000,170000,,,,,,,NT15,,,,,,,,,,CRMH04,,10,X,,X,,,,,,,,A17SAT HOUSE ACCOUNT,A17-S999,C530759,,,MERCURY,,,,,COAHUILA DE ZARAGOZA,
,X,TCUS,TROESA,,0003,TROESA,,,SALTILLO,,BOULEVARD LUIS ECHEVERRIA ALVAREZ 3585-A,"Col Centenario,",,MX,E,,,,,,,,,,,,,C538598,,,US,,,,,,,,,,,,,,NT15,,,,,,,,,,CRMH04,,10,X,,X,,,,,,,,A17SAT HOUSE ACCOUNT,A17-S999,C538598,A17SAT,,TROESA,,,,,,
,X,TCUS,GKN DRIVELINE CELAYA SA DE CV,,0003,GKN DRIVELINE CELAYA SA DE CV,,,VILLAGRAN,38260,CARR ALTERNA A VILLAGRAN KM11,COL EL PINTOR,,MX,E,GTO,,,,,,,,,,,,C455965,,,US,,,,,,,,,,,,,,NT15,,,,,,,,,,CRMH04,,10,X,,X,,,,,,,,A17SAT HOUSE ACCOUNT,A17-S999,C455965,,,GKN DRIVELINE CELAYA SA DE CV,,,,,GTO,
,X,TCUS,DURO MANU,,0003,DURO MANUFACTURING INC,,,MONTERREY,64530,PRIVADA PALMA 3009,"COL, LA MODERNA",,MX,E,NUEVO LEON,,,,,,,,,,,,C541855,,,US,,,,,,,,,,,,,,NT15,,,,,,,,,,CRMH04,,10,X,,X,,,,,,,,A17SAT HOUSE ACCOUNT,A17-S999,C541855,A17SAT,,DURO MANUFACTURING INC,,,,,NUEVO LEON,
,X,TCUS,CECIM,,0003,CECIM,,,JIUTEPEC,62578,CALLE 21 ESTE NO 205 BODEGA F,Col. Civac,,MX,E,MEXICO,,,,,,,,,,,,C554503,,,US,,,,,,,,,,,,,,NT15,,,,,,,,,,CRMH04,,10,X,,X,,,,,,,,A17SAT HOUSE ACCOUNT,A17-S999,C554503,A17SAT,,CECIM,,,,,MEXICO,
,X,TCUS,PENDA DURAKON,,0003,PENDA DURAKON,,,LERMA DE LERMA VILLADA,52000,AVENIDA SANTA ANA LOTE 19 Y 20 MZA,COLONIA PARQUE INDUSTRIAL,,MX,E,EDO MEXICO,,,,,,,,,,,,C527968,,,US,,,,,,,,,,,,,,NT15,,,,,,,,,,CRMH04,,10,X,,X,,,,,,,,A17SAT HOUSE ACCOUNT,A17-S999,C527968,,,PENDA DURAKON,,,,,EDO MEXICO,
,X,TCUS,INDUSTRIAS ZUBIRIA SA DE CV,,0003,INDUSTRIAS ZUBIRIA SA DE CV,,,TEOLYUCAN,54770,AVENIDA GRAN CANAL SIN NUMERO,Colonia Santa Maria Caliacac,,MX,E,MEXICO,,,,,,,,,,,,C553873,,,US,,,,,,,,,,,,,,NT15,,,,,,,,,,CRMH04,,10,X,,X,,,,,,,,A17SAT HOUSE ACCOUNT,A17-S999,C553873,A17SAT,,Industrias Zubiria SA DE CV,,,,,MEXICO,
,X,TCUS,DOG STYLE SA DE CV,,0003,DOG STYLE SA DE CV,,,LEON,37960,CARRETERA LEON – LAGOS DE MORENO 227 INT 1 Y 2,COLONIA: POTRERO DE LA CAJA,,MX,E,GUANAJUATO,,,,,,,,,,,,C547432,,,US,,,,,,,,,,,,,,NT15,,,,,,,,,,CRMH04,,10,X,,X,,,,,,,,A17SAT HOUSE ACCOUNT,A17-S999,C547432,A17SAT,,DOG STYLE SA DE CV,,,,,GUANAJUATO,
,X,TCUS,EP LOGISTICA DE MEXICO S DE RL DE CV,,0003,EP LOGISTICA DE MEXICO S DE RL DE CV,,,CHIHUAHUA,31136,ALEJANDRO DUMAS 11367,COMPLEJO INDUSTRIAL,,MX,E,CHIHUHUA,,,,,,,,,,,,C543058,,,US,,,,,,,,,,,,,,NT15,,,,,,,,,,CRMH04,,10,X,,X,,,,,,,,A17SAT HOUSE ACCOUNT,A17-S999,C543058,A17SAT,,EP LOGISTICA DE MEXICO S. DE R.L. DE CV,,,,,CHIHUHUA,
,X,TCUS,MERITEK ELEC,,0003,MERITEK ELECTRONICS,,,BALDWIN PARK,91706,5160 RIVERGRADE ROAD,Contact : Kenny Huynh / Adria,,US,E,CA,,,,,,,,,,,,C552544,,,US,,,,,,,,,,,,,,NT15,,,,LAX,B,,,,,CRMH04,,10,X,,X,,,,,,,,A17SAT HOUSE ACCOUNT,A17-S999,C552544,A17SAT,,Meritek Electronics,LAX,B,,,ca,
,X,TCUS,C/O PELLSI SKIN CO,,0003,C/O PELLSI SKIN CO LLC,,,PHARR,78577,500 CAPOTE CENTRAL SUITE 400,Contact: Pilar,,US,E,TX,956-502-2494,,,,,,,,,,,C529733,,,US,,,,,,,,,,,,,,NT15,,,,,,,,,,CRMH04,,10,X,,X,,,,,,,,A17SAT HOUSE ACCOUNT,A17-S999,C529733,A17SAT,,c/o Pellsi Skin Co LLC,,,,,TX,
,X,TCUS,EMPIRE ELEC C/O PILOT FRT SVC,,0003,EMPIRE ELECTRONICS C/O PILOT FRT SVC,,,EL PASO,79936,1320 HENRY BRENNAN DRIVE,Contact: Salvador Perez,,US,E,TX,,,,,,,,,,,,C559111,,,US,,,,,,,,,,,,,,NT15,,,,,,,,,,CRMH04,,10,X,,X,,,,,,,,A17SAT HOUSE ACCOUNT,A17-S999,C559111,A17SAT,,EMPIRE ELECTRONICS C/O PILOT FRT SVC,,,,,TX,
,X,TCUS,ECOLAB - ROSCOE,,0003,ECOLAB - ROSCOE,,,ROSCOE,61073,5151 E ROCKTON ROAD,ctc 815 389 0423 Tania Shirley,,US,E,IL,,,,,,,,,,,,C461276,,,KS,1190301872,,20170310,,,,,,,,,,,NT15,,,,,,,,,,CRMH04,,10,X,,X,,,,,,,,A17SAT HOUSE ACCOUNT,A17-S999,C461276,,,ECOLAB - ROSCOE,,,,,IL,
,X,TCUS,SUNWALK SUPERIOR SURFACES,,0003,SUNWALK SUPERIOR SURFACES,,,AVON,44011,38800 LEAR INDUSTRIAL PARKWAY,CTC Brian Morton tel,,US,E,OH,2694149569,,,,,,,,,,,C554648,,,US,,,,,,,,,,,,,,NT15,,,,CLE,C,,,,,CRMH04,,10,X,,X,,,,,,,,A17SAT HOUSE ACCOUNT,A17-S999,C554648,A17SAT,,SUNWALK SUPERIOR SURFACES,CLE,C,,,OH,
,X,TCUS,MEMBRANE SYSTEM SPECIELAIST,,0003,MEMBRANE SYSTEM SPECIELAIST INC,,,WISCONSIN RAPIDS,54494,7474 INTEGRITY WAY,ctc Dyan Woyak,,US,E,WI,,,,,,,,,,,,C555298,,,US,,,,,,,,,,,,,,NT15,,,,,,,,,,CRMH04,,10,X,,X,,,,,,,,A17SAT HOUSE ACCOUNT,A17-S999,C555298,A17SAT,,Membrane System Specielaist Inc,,,,,WI,
,X,TCUS,SEMIOSBIO TECH,,0003,SEMIOSBIO TECHNOLOGIES INC,,,BURNABY,V5A 3H4,UNIT 204A 3430 BRIGHTON AVENUE,ctc Hilary Shabrazz,,CA,E,BC,604-229204,,,,,,,,,,,C544476,,,US,,,,,,,,,,,,,,NT15,,,,,,,,,,CRMH04,,10,X,,X,,,,,,,,A17SAT HOUSE ACCOUNT,A17-S999,C544476,A17SAT,,SemiosBIO Technologies Inc.,,,,,BC,
,X,TCUS,FRAVA PHARR,,0003,FRAVA PHARR,,,PHARR,78577,9008 GOLIAD DRIVE,CTC RIGO ECHAVARRIA,,US,E,TX,,,,,,,,,,,,C532378,,,US,,,,,,,,,,,,,,NT15,,,,,,,,,,CRMH04,,10,X,,X,,,,,,,,A17SAT HOUSE ACCOUNT,A17-S999,C532378,A17SAT,,FRAVA PHARR,,,,,TX,
,X,TCUS,ISG,,0003,ISG,,,HIDALGO,78557,2101 N 10TH STREET,CTC ULISES ROQUE,,US,E,TX,,,,,,,,,,,,C540850,,,US,,,,,,,,,,,,,,NT15,,,,MFE,A,,,,,CRMH04,,10,X,,X,,,,,,,,A17SAT HOUSE ACCOUNT,A17-S999,C540850,A17SAT,,ISG,MFE,A,,,TX,
,X,TCUS,ANIXTER RENO,,0003,ANIXTER RENO,,,RENO,89506,990 NORTH HILLS BLVD,CTC: MATTHEW SCHWARTZ,,US,E,NV,,,,,,,,,,,,C545429,,,US,,,,,,,,,,,,,,NT15,,,,,,,,,,CRMH04,,10,X,,X,,,,,,,,A17SAT HOUSE ACCOUNT,A17-S999,C545429,A17SAT,,ANIXTER RENO,,,,,NV,
,X,TCUS,NIRMAL SANGHA CARGO SOLUTION EXPRESS,,0003,NIRMAL SANGHA CARGO SOLUTION EXPRESS INC,,,FONTANA,92335,14587 VALLEY BLVD,CTC:Inderpreet Singh /90935016,,US,E,CA,,,,,,,,,,,,C532382,,,US,,,,,,,,,,,,,,NT15,,,,LAX,G,,,,,CRMH04,,10,X,,X,,,,,,,,A17SAT HOUSE ACCOUNT,A17-S999,C532382,A17SAT,,Nirmal Sangha Cargo Solution Express Inc,LAX,G,,,CA,
,X,TCUS,EMERGING POWER,,0003,EMERGING POWER,,,HACKENSACK,07601,200 HOLT STREET,ctc:Vmiller,,US,E,NJ,201336.9711,,,,,,,,,,,C539409,,,US,,,,,,,,,,,,,,NT15,,,,EWR,A,,,,,CRMH04,,10,X,,X,,,,,,,,A17SAT HOUSE ACCOUNT,A17-S999,C539409,A17SAT,,Emerging Power,EWR,A,,,NJ,
,X,TCUS,ANIXTER ELP,,0003,ANIXTER ELP,,,EL PASO,79936,1435 EAST HENRY BRENNAN DRIVE H,ctcVictor Serna,,US,E,TX,915 860 6632,,,,,,,,,,,C534031,,,US,,,,,,,,,,,,,,NT15,,,,,,,,,,CRMH04,,10,X,,X,,,,,,,,A17SAT HOUSE ACCOUNT,A17-S999,C534031,A17SAT,,ANIXTER ELP,,,,,TX,
,X,TCUS,UNITED AIRLINES,,0003,UNITED AIRLINES,,,DENVER,80249,27000 EAST 75TH AVENUE,DANIELLE MINJAREZ,,US,E,CO,,,,,,,,,,,,C420530,,,US,,,,,,,,,,,,,,NT15,,,,,,,,,,CRMH04,,10,X,,X,,,,,,,,A17SAT HOUSE ACCOUNT,A17-S999,C420530,,,UNITED AIRLINES,,,,,CO,
,X,TCUS,MEIJER GEN MERCHANDISE,,0003,MEIJER GENERAL MERCHANDISE,,,TIPP CITY,45371,4220 SOUTH COUNTY ROAD 25A,DC-802,,US,E,OH,,,,,,,,,,,,C531430,,,US,,,,,,,,,,,,,,NT15,,,,,,,,,,CRMH04,,10,X,,X,,,,,,,,A17SAT HOUSE ACCOUNT,A17-S999,C531430,,,MEIJER General Merchandise,,,,,OH,
,X,TCUS,ADAMTECH,,0003,ADAMTECH,,,UNION,07083,909 RAHWAY AVENUE I,Dean Devito ext 1009,,US,E,NJ,908687500,,,,,,,,,,,C546037,,,US,,,,,,,,,,,,,,NT15,,,,,,,,,,CRMH04,,10,X,,X,,,,,,,,A17SAT HOUSE ACCOUNT,A17-S999,C546037,A17SAT,,ADAMTECH,,,,,NJ,
,X,TCUS,SMD,,0003,SMD INC,,,EL PASO,79906,11 FOUNDERS BOULEVARD SUITE 600,Debbie Seraphine,,US,E,TX,,,,,,,,,,,,C424231,,,US,,,,080000,160000,,,,,,,,,NT15,,,,,,,,,,CRMH04,,10,X,,X,,,,,,,,A17SAT HOUSE ACCOUNT,A17-S999,C424231,,,SMD INC,,,,,TX,
,X,TCUS,SAURO,,0003,SAURO INC,,,AUSTIN,78728,1604 A BENCH MARK DRIVE,Derick/Tel:,,US,E,TX,+1 512 255 8420,,,,,,,,,,,C539327,,,US,,,,,,,,,,,,,,NT15,,,,,,,,,,CRMH04,,10,X,,X,,,,,,,,A17SAT HOUSE ACCOUNT,A17-S999,C539327,A17SAT,,SAURO INC,,,,,TX,
,X,TCUS,TX OF CUSTOMS,,0003,TEXAS INC OF CUSTOMS INC,,,LAREDO,78045,14215 TRANSPORTATION AVENUE INTERAMERICA,Distribution Park,,US,E,TX,,,,,,,,,,,,C560586,,,US,,,,,,,,,,,,,,NT15,,,,LRD,A,,,,,CRMH04,,10,X,,X,,,,,,,,A17SAT HOUSE ACCOUNT,A17-S999,C560586,A17SAT,,Texas Inc O.F. Customs Inc,LRD,A,,,TX,
,X,TCUS,BOLANOS DIST,,0003,BOLANOS DISTRIBUTION,,,LAREDO,78045,8708 KILLAM IDUSTRIAL BOULEVARD,Dock# 59,,US,E,TX,,,,,,,,,,,,C549818,,,US,,,,,,,,,,,,,,NT15,,,,LRD,A,,,,,CRMH04,,10,X,,X,,,,,,,,A17SAT HOUSE ACCOUNT,A17-S999,C549818,A17SAT,,Bolanos Distribution,LRD,A,,,TX,
,X,TCUS,ELEVA CONTROLS,,0003,ELEVA CONTROLS,,,SACRAMENTO,95826,6150 WAREHOUSE WAY,EDUARDO KAPLAN/9164281708,,US,E,CA,,,,,,,,,,,,C561703,,,US,,,,,,,,,,,,,,NT15,,,,,,,,,,CRMH04,,10,X,,X,,,,,,,,A17SAT HOUSE ACCOUNT,A17-S999,C561703,A17SAT,,ELEVA CONTROLS,,,,,CA,
,X,TCUS,BZA LOG BARZA,,0003,BZA LOGISTICS BARZA,,,COLON,76295,CARRETERA ESTATAL QUERÉTARO 100,"El Colorado-Higuerillas"" 4200",,MX,E,QUERETARO,,,,,,,,,,,,C559681,,,US,,,,,,,,,,,,,,NT15,,,,,,,,,,CRMH04,,10,X,,X,,,,,,,,A17SAT HOUSE ACCOUNT,A17-S999,C559681,A17SAT,,BZA Logistics (Barza),,,,,QUERETARO,
,X,TCUS,INTEREXPRESS,,0003,INTEREXPRESS LLC,,,LAREDO,78045,11905 SARA DRIVE,EL Portal Industrial Park,,US,E,TX,,,,,,,,,,,,C539102,,,US,,,,,,,,,,,,,,NT15,,,,LRD,A,,,,,CRMH04,,10,X,,X,,,,,,,,A17SAT HOUSE ACCOUNT,A17-S999,C539102,A17SAT,,Interexpress LLC,LRD,A,,,TX,
,X,TCUS,T&F SERVICE CO INC,,0003,THE T&F SERVICE CO INC,,,LAREDO,78045,8403 EL GATO ROAD,El Portal Industrial Park,,US,E,TX,,,,,,,,,,,,C556269,,,US,,,,,,,,,,,,,,NT15,,,,LRD,A,,,,,CRMH04,,10,X,,X,,,,,,,,A17SAT HOUSE ACCOUNT,A17-S999,C556269,A17SAT,,THE T&F SERVICE CO. INC.,LRD,A,,,TX,
,X,TCUS,ZF SUSP GUADALAJARA,,0003,ZF SUSP GUADALAJARA,,,EL SALTO,45680,KM 35 CARRTERA,EL SALTO L,,MX,E,JALISCO,,,,,,,,,,,,C563665,,,US,,,,,,,,,,,,,,NT15,,,,,,,,,,CRMH04,,10,X,,X,,,,,,,,A17SAT HOUSE ACCOUNT,A17-S999,C563665,A17SAT,,ZF SUSP GUADALAJARA,,,,,JALISCO,
,X,TCUS,CADENCE,,0003,CADENCE,,,STURGEON BAY,54235,1425 SOUTH NEENAH AVENUE,el. 920-743-6544 x4227,,US,E,WI,,,,,,,,,,,,C540861,,,US,,,,,,,,,,,,,,NT15,,,,GRB,D,,,,,CRMH04,,10,X,,X,,,,,,,,A17SAT HOUSE ACCOUNT,A17-S999,C540861,,,Cadence,GRB,D,,,WI,
,X,TCUS,LA BODEGA,,0003,LA BODEGA,,,BROWNSVILLE,78521,3484 BURTON DRIVE,Elias 956-52117433,,US,E,TX,,,,,,,,,,,,C555366,,,US,,,,,,,,,,,,,,NT15,,,,MFE,C,,,,,CRMH04,,10,X,,X,,,,,,,,A17SAT HOUSE ACCOUNT,A17-S999,C555366,A17SAT,,LA BODEGA,MFE,C,,,TX,
,X,TCUS,WESTERN DIVERSIFIED PLASTICS,,0003,WESTERN DIVERSIFIED PLASTICS,,,MATTAWAN,49071,53150 NORTH MAIN STREET,,,US,E,MI,,,Ernestina.Calderon@Westerndp.c,,,,,,,,,C271170,,043807855,US,,,20221108,,,,,,,,,,,NT15,,,,,,,,,,CRMH04,,10,X,,X,,,,,,,,A17SAT HOUSE ACCOUNT,A17-S999,C271170,,,WESTERN DIVERSIFIED PLASTICS,,,,,MI,
,X,TCUS,UNITED AIRLIRNES CARGO IAH,,0003,UNITED AIRLIRNES CARGO IAH,,,HOUSTON,77032,3230 PALLET ROAD,firm code S984,,US,E,TX,,,,,,,,,,,,C540854,,,US,,,,,,,,,,,,,,NT15,,,,,,,,,,CRMH04,,10,X,,X,,,,,,,,A17SAT HOUSE ACCOUNT,A17-S999,C540854,A17SAT,,United Airlirnes Cargo IAH,,,,,TX,
,X,TCUS,PINTO EXPRESS,,0003,PINTO EXPRESS INC,,,COMPTON,90220,1001 WEST WALNUT STREET,Firm Code W353,,US,E,CA,,,,,,,,,,,,C564036,,,US,,,,,,,,,,,,,,NT15,,,,LAX,A,,,,,CRMH04,,10,X,,X,,,,,,,,A17SAT HOUSE ACCOUNT,A17-S999,C564036,A17SAT,,Pinto Express Inc,LAX,A,,,CA,
,X,TCUS,SAINT GEORGE LOG,,0003,SAINT GEORGE LOGISTICS,,,PASADENA,77507,4035 UNDERWOOD ROAD SUITE,FIRM V209,,US,E,TX,,,,,,,,,,,,C541457,,,US,,,,,,,,,,,,,,NT15,,,,IAH,E,,,,,CRMH04,,10,X,,X,,,,,,,,A17SAT HOUSE ACCOUNT,A17-S999,C541457,A17SAT,,SAINT GEORGE LOGISTICS,IAH,E,,,TX,
,X,TCUS,STGEORGE LOG HOUSTON,,0003,STGEORGE LOGISTICS HOUSTON,,,PASADENA,77507,4035 UNDERWOOD,FIRMS Code:V209,,US,E,TX,,,,,,,,,,,,C539203,,,US,,,,,,,,,,,,,,NT15,,,,IAH,E,,,,,CRMH04,,10,X,,X,,,,,,,,A17SAT HOUSE ACCOUNT,A17-S999,C539203,A17SAT,,ST.GEORGE LOGISTICS HOUSTON,IAH,E,,,TX,
,X,TCUS,STG HOUSTON,,0003,STG HOUSTON,,,PASADENA,77507,4035 UNDERWOOD ROAD SUITE 200,FORM CODE V209,,US,E,TX,,,,,,,,,,,,C562067,,,US,,,,,,,,,,,,,,NT15,,,,IAH,E,,,,,CRMH04,,10,X,,X,,,,,,,,A17SAT HOUSE ACCOUNT,A17-S999,C562067,A17SAT,,STG HOUSTON,IAH,E,,,TX,
,X,TCUS,MATRIX MP,,0003,MATRIX MP,,,GUADALAJARA,44890,RIO MANZANARES 1594-A,Fracc El Rosario Sectr Refo,,MX,E,JALISCO,,,,,,,,,,,,C535888,,,US,,,,080000,170000,080000,170000,,,,,,,NT15,,,,,,,,,,CRMH04,,10,X,,X,,,,,,,,A17SAT HOUSE ACCOUNT,A17-S999,C535888,A17SAT,,MATRIX MP,,,,,JALISCO,
,X,TCUS,HARRIS TEETER,,0003,HARRIS TEETER,,,GREENSBORO,27410,200 DISTRIBUTION DRIVE,Freezer Area/Robert Pugh,,US,E,NC,,,,,,,,,,,,C228053,,,US,,,19000101,,,,,,,,,,,NT15,,,,,,,,,,CRMH04,,10,X,,X,,,,,,,,A17SAT HOUSE ACCOUNT,A17-S999,C228053,,,Harris Teeter,,,,,NC,
,X,TCUS,NS IND,,0003,NS INDUSTRIES,,,ALBANY,42602,105 GRANDVIEW,Harry Brooklehurst,,US,E,KY,8003204381,,,,,,,,,,,C547977,,,US,,,,,,,,,,,,,,NT15,,,,LEX,Z,,,,,CRMH04,,10,X,,X,,,,,,,,A17SAT HOUSE ACCOUNT,A17-S999,C547977,A17SAT,,NS INDUSTRIES,LEX,Z,,,KY,
,X,TCUS,IMMI DE MEXICO,,0003,IMMI DE MEXICO,,,DERRAMADERO,25300,BOULEVARD CÉSAR CANTÚ BENAVIDES PARQUE,INDUSTRIAL ALIANZA DERRAMADERO,,MX,E,COAHUILA,,,,,,,,,,,,C513749,,,US,,,,080000,170000,080000,170000,,,,,,,NT15,,,,,,,,,,CRMH04,,10,X,,X,,,,,,,,A17SAT HOUSE ACCOUNT,A17-S999,C513749,,,IMMI DE MEXICO,,,,,COAHUILA,
,X,TCUS,LIBERTY STEEL RAMOS,,0003,LIBERTY STEEL RAMOS,,,DERRAMADERO,25300,BOULEVARD CÉSAR CANTÚ BENAVIDES PARQUE,INDUSTRIAL ALIANZA DERRAMADERO,,MX,E,COAHUILA,,,,,,,,,,,,C529587,,,US,,,,080000,170000,080000,170000,,,,,,,NT15,,,,,,,,,,CRMH04,,10,X,,X,,,,,,,,A17SAT HOUSE ACCOUNT,A17-S999,C529587,,,LIBERTY STEEL RAMOS,,,,,COAHUILA,
,X,TCUS,RAFYPAK SA DE CVAVE JUAN,,0003,RAFYPAK SA DE CVAVE JUAN,,,ATLACOMULCO,50450,MONROY PEREZ S/N PARQUE,INDUSTRIAL ATLACOMULCO,,MX,E,ESTADO DE MEXICOMEXICO,,,,,,,,,,,,C528927,,RAF0111132U5,US,,,,,,,,,,,,,,NT15,,,,,,,,,,CRMH04,,10,X,,X,,,,,,,,A17SAT HOUSE ACCOUNT,A17-S999,C528927,,,RAFYPAK S.A. DE C.V.AVE. JUAN,,,,,ESTADO DE MEXICOMEXICO,
,X,TCUS,STABILUS RAMOS,,0003,STABILUS RAMOS,,,RAMOS ARIZPE,25900,AVENUE INDUSTRIA METALURGICA 1010 PARQUE,INDUSTRIAL SALTILLO-RAMOS,,MX,E,Coahuila,,,,,,,,,,,,C529586,,,US,,,,080000,170000,080000,170000,,,,,,,NT15,,,,,,,,,,CRMH04,,10,X,,X,,,,,,,,A17SAT HOUSE ACCOUNT,A17-S999,C529586,,,STABILUS RAMOS,,,,,Coahuila,
,X,TCUS,CENTRANS MARINE SHIPPING,,0003,CENTRANS MARINE SHIPPING,,,HOUSTON,77036,6161 SAVOY DRIVE 300,,,US,E,TX,,,,,INFO@CENTRANSUSA.COM,,,,,,,C546454,,,US,,,,,,,,,,,,,,NT15,,,,IAH,C,,,,,CRMH04,,10,X,,X,,,,,,,,A17SAT HOUSE ACCOUNT,A17-S999,C546454,A17SAT,,CENTRANS MARINE SHIPPING,IAH,C,,,TX,
,X,TCUS,OSCAR FERNANDEZ OF TX OFCUSTOMS,,0003,OSCAR FERNANDEZ OF TEXAS INC OFCUSTOMS INC,,,LAREDO,78045,14215 TRANSPORTATION AVENUE,Interamerica Distribution Park,,US,E,TX,,,,,,,,,,,,C563743,,,US,,,,,,,,,,,,,,NT15,,,,LRD,A,,,,,CRMH04,,10,X,,X,,,,,,,,A17SAT HOUSE ACCOUNT,A17-S999,C563743,A17SAT,,"Oscar Fernandez of Texas, Inc. O.F.Customs Inc",LRD,A,,,TX,
,X,TCUS,WV ELECTRIC,,0003,WEST VIRGINIA ELECTRIC,,,HUNTINGTON,25704,250 12TH STREET WEST,Jeff Floyd,,US,E,WV,304-399-4514,,,,,,,,,,,C539785,,,US,,,,,,,,,,,,,,NT15,,,,HTS,A,,,,,CRMH04,,10,X,,X,,,,,,,,A17SAT HOUSE ACCOUNT,A17-S999,C539785,A17SAT,,WEST VIRGINIA ELECTRIC,HTS,A,,,WV,
,X,TCUS,SIERRA WEST FOR SEMIOS,,0003,SIERRA WEST FOR SEMIOS,,,FRESNO,93725,2474 SOUTH ORANGE AVENUE,John Mendoza,,US,E,CA,559.485.2892,,,,,,,,,,,C539470,,,US,,,,,,,,,,,,,,NT15,,,,FAT,A,,,,,CRMH04,,10,X,,X,,,,,,,,A17SAT HOUSE ACCOUNT,A17-S999,C539470,A17SAT,,"Sierra West for ""Semios""",FAT,A,,,CA,
,X,TCUS,VA TECH STUDENT ATHLETE PERF CENTER,,0003,VIRGINIA TECH STUDENT ATHLETE PERFORMANCE CENTER,,,BLACKSBURG,24061,21 BEAMER WAY,John Turnerii,,US,E,VA,336-971-1449,,john.turnerii@sodexo.co,,,,,,,,,C537545,,,US,,,,,,,,,,,,,,NT15,,,,ROA,D,,,,,CRMH04,,10,X,,X,,,,,,,,A17SAT HOUSE ACCOUNT,A17-S999,C537545,A17SAT,,Virginia Tech Student Athlete Performance Center,ROA,D,,,VA,
,X,TCUS,PRP SEATS,,0003,PRP SEATS,,,TEMECULA,92590,43352 BUSINESS PARK DR,JOSH PHILLIP,,US,E,CA,951 241 2620,,,,,,,,,,,C541676,,,US,,,,,,,,,,,,,,NT15,,,,ONT,D,,,,,CRMH04,,10,X,,X,,,,,,,,A17SAT HOUSE ACCOUNT,A17-S999,C541676,A17SAT,,PRP SEATS,ONT,D,,,CA,
,X,TCUS,FRONTERA ENERGY CTR,,0003,FRONTERA ENERGY CENTER,,,MISSION,78572,320 GOODWIN ROAD,JUAN,,US,E,TX,304-6336514,,,,,,,,,,,C539784,,,US,,,,,,,,,,,,,,NT15,,,,,,,,,,CRMH04,,10,X,,X,,,,,,,,A17SAT HOUSE ACCOUNT,A17-S999,C539784,A17SAT,,FRONTERA ENERGY CENTER,,,,,TX,
,X,TCUS,INCORDD,,0003,INCORDD,,,OAKDALE,06370,430 CHAPEL HILL,Juana Duran,,US,E,CT,8605311036,,,,,,,,,,,C555315,,,US,,,,,,,,,,,,,,NT15,,,,,,,,,,CRMH04,,10,X,,X,,,,,,,,A17SAT HOUSE ACCOUNT,A17-S999,C555315,A17SAT,,INCORDD,,,,,CT,
,X,TCUS,UNIMEX,,0003,UNIMEX,,,78045,78045,13599 NORTH LAMAR DRIVE,Julio Islas,,US,E,TX,956 7640841,,,,,,,,,,,C555316,,,US,,,,,,,,,,,,,,NT15,,,,LRD,A,,,,,CRMH04,,10,X,,X,,,,,,,,A17SAT HOUSE ACCOUNT,A17-S999,C555316,A17SAT,,UNIMEX,LRD,A,,,TX,
,X,TCUS,IEWC,,0003,IEWC,,,PLANO,75074,1700 SUMMIT AVE STE 400,Justin Whitley,,US,E,TX,877 613 4392,,,,,,,,,,,C511063,,,US,,,,,,,,,,,,,,NT15,,,,DFW,B,,,,,CRMH04,,10,X,,X,,,,,,,,A17SAT HOUSE ACCOUNT,A17-S999,C511063,,,IEWC,DFW,B,,,TX,
,X,TCUS,HESSEN FORWARDING,,0003,HESSEN FORWARDING,,,LAREDO,78045,13119 SPIVEY DRIVE,KILLAM INDUSTRIAL PARK,,US,E,TX,,,,,,,,,,,,C350385,,,US,,,,,,,,,,,,,,NT15,,,,LRD,A,,,,,CRMH04,,10,X,,X,,,,,,,,A17SAT HOUSE ACCOUNT,A17-S999,C350385,,,HESSEN FORWARDING,LRD,A,,,TX,
,X,TCUS,SEMIOS USA,,0003,SEMIOS USA,,,FRESNO,93722,4545 NORTH MARTY AVENUE,L.Leon,,US,E,CA,559-476 0164,,,,,,,,,,,C538330,,,US,,,,,,,,,,,,,,NT15,,,,LAX,Y,,,,,CRMH04,,10,X,,X,,,,,,,,A17SAT HOUSE ACCOUNT,A17-S999,C538330,A17SAT,,SEMIOS USA,LAX,Y,,,CA,
,X,TCUS,FASTEC DE MEXICO,,0003,FASTEC DE MEXICO,,,ZAPOPAN,45221,CALLE JILGUERO 450,LA VENTA DEL ASTILLERO,,MX,E,Jalisco,,,,,,,,,,,,C507518,,,US,,,,080000,180000,080000,180000,,,,,,,NT15,,,,,,,10034809,,,CRMH04,,10,X,,X,,,,,,,,A17SAT Fernando Arellano,S1554,C507518,A17SAT,10034809,FASTEC DE MEXICO,,,,,Jalisco,
,X,TCUS,CELATOR JALISCO,,0003,CELATOR JALISCO,,,ZAPOPAN,45221,CARR A CUCBA 400 INT3-B,LA VENTA DEL ASTILLERO ZAPOPAN,,MX,E,JALISCO,,,,,,,,,,,,C530690,,,US,,,,080000,170000,080000,170000,,,,,,,NT15,,,,,,,,,,CRMH04,,10,X,,X,,,,,,,,A17SAT HOUSE ACCOUNT,A17-S999,C530690,,,CELATOR JALISCO,,,,,JALISCO,
,X,TCUS,ASAHI,,0003,ASAHI,,,VILLA DE REYES,78526,AVENUE EUROPA 300PARQUE INDUSTRIAL LOGISTIK II,LAGUNA DE SAN VICENTE,,MX,E,SAN LUIS POTOSI,,,,,,,,,,,,C530311,,,US,,,,080000,170000,080000,170000,,,,,,,NT15,,,,MFE,C,,,,,CRMH04,,10,X,,X,,,,,,,,A17SAT HOUSE ACCOUNT,A17-S999,C530311,A17SAT,,ASAHI,MFE,C,,,SAN LUIS POTOSI,
,X,TCUS,MAS LOG C/O LANDIS + GYR,,0003,MAS LOGISTICS C/O LANDIS + GYR INC,,,PHARR,78577,9800 INTERNATIONAL BOULEVARD SUITE 12,LAS MILPAS INDUSTRIAL PARK,,US,E,TX,,,,,,,,,,,,C501180,,,US,,,,080000,180000,080000,180000,,,,,,,NT15,,,,,,,10033257,,,CRMH04,,10,X,,X,,,,,,,,A17SAT Fernando Arellano,S1554,C501180,A17SAT,10033257,MAS LOGISTICS c/o LANDIS + GYR INC.,,,,,TX,
,X,TCUS,BESTOP,,0003,BESTOP,,,LOUISVILLLE,50230,BOULEVARD AEROPUERTO NUMBERO 654 LOTE1 BODEHA 3,Luis Flores,,MX,E,EDO MEX,722 454 4057,,,,,,,,,,,C541675,,,US,,,,,,,,,,,,,,NT15,,,,,,,,,,CRMH04,,10,X,,X,,,,,,,,A17SAT HOUSE ACCOUNT,A17-S999,C541675,A17SAT,,Bestop,,,,,EDO MEX,
,X,TCUS,SUPPLIER,,0003,SUPPLIER,,,BROWNSVILLE,78521,2300 ROBINDALE ROAD,Luis Rincon,,US,E,TX,956.521.0585,,,,,,,,,,,C561499,,,US,,,,,,,,,,,,,,NT15,,,,MFE,C,,,,,CRMH04,,10,X,,X,,,,,,,,A17SAT HOUSE ACCOUNT,A17-S999,C561499,A17SAT,,Supplier,MFE,C,,,TX,
,X,TCUS,ZAT LOG,,0003,ZAT LOGISTICS LLC,,,TLAQUEPAQUE,45615,LA BRIDA 247 18 TRO INT,MANUEL LOPEZ COTILLA,,MX,E,JALISCO,,,,,,,,,,,,C539705,,,US,,,,,,,,,,,,,,NT15,,,,,,,10039383,,,CRMH04,,10,X,,X,,,,,,,,A17SAT HOUSE ACCOUNT,A17-S999,C539705,,10039383,ZAT LOGISTICS LLC,,,,,JALISCO,
,X,TCUS,AJ WALTER AVIATION,,0003,AJ WALTER AVIATION,,,WEST SUSSEX,RH13OAS,THE HEADQUARTERS,Maydewell Avenue SINFOLD,,U1,E,,,,,,,,,,,,,C563744,,,US,,,,,,,,,,,,,,NT15,,,,,,,,,,CRMH04,,10,X,,X,,,,,,,,A17SAT HOUSE ACCOUNT,A17-S999,C563744,A17SAT,,AJ WALTER AVIATION,,,,,,
,X,TCUS,PRECISION POLYMER MFG,,0003,PRECISION POLYMER MFG,,,KALAMAZOO,49006,3915 RAVINE ROAD,MIKE VAN UNEN,,US,E,MI,269 344 2044,,,,,,,,,,,C541957,,,US,,,,,,,,,,,,,,NT15,,,,,,,,,,CRMH04,,10,X,,X,,,,,,,,A17SAT HOUSE ACCOUNT,A17-S999,C541957,A17SAT,,PRECISION POLYMER MFG,,,,,MI,
,X,TCUS,ORC - WI VALUE ADD,,0003,ORC - WISCONSIN VALUE ADD,,,MENOMONEE FALLS,53051,WESCO ANIXTER,N59 W 13855 MANHARDT DRIVE,,US,E,WI,,,,,,,,,,,,C559352,,,US,,,,,,,,,,,,,,NT15,,,,,,,,,,CRMH04,,10,X,,X,,,,,,,,A17SAT HOUSE ACCOUNT,A17-S999,C559352,A17SAT,,ORC - WISCONSIN VALUE ADD,,,,,WI,
,X,TCUS,FARMSHELF,,0003,FARMSHELF,,,BROOKLYN,11205,19 MORRIS AVENUE,"New Lab,",,US,E,NY,,,,,,,,,,,,C507719,,,US,,,,080000,160000,080000,160000,,,,,,,NT15,,,,JFK,A,,10034835,,,CRMH04,,10,X,,X,,,,,,,,A17SAT Fernando Arellano,S1554,C507719,A17SAT,10034835,FARMSHELF,JFK,A,,,NY,
,X,TCUS,TECHFORM,,0003,TECHFORM,,,PENETANGUISHENE,L9M1G8,11 CENTENNIAL DRIVE,OFFICE x 258,,CA,E,ONTARIO,(705) 549-7406,,,,,,,,,,,C534187,,,US,,,,080000,170000,080000,170000,,,,,,,NT15,,,,,,,,,,CRMH04,,10,X,,X,,,,,,,,A17SAT HOUSE ACCOUNT,A17-S999,C534187,A17SAT,,TECHFORM,,,,,ONTARIO,
,X,TCUS,DURAKON RAMOS PENDA,,0003,DURAKON RAMOS PENDA,,,RAMOS ARIZPE,25900,AVENUE INDUSTRIA METALURGICA 1024-1,PARQUE IND. SALTILLO-RAMOS,,MX,E,Coahuila,,,,,,,,,,,,C529512,,,US,,,,080000,170000,080000,170000,,,,,,,NT15,,,,,,,,,,CRMH04,,10,X,,X,,,,,,,,A17SAT HOUSE ACCOUNT,A17-S999,C529512,,,DURAKON RAMOS PENDA,,,,,Coahuila,
,X,TCUS,VALEO SISTEMAS ELECTRICOS,,0003,VALEO SISTEMAS ELECTRICOS,,,SANTA ROSA JAUREGUI DE SANTIAG,,DOMICILIO AVENUE INDUSTRIAL MINERA NORTH 5032,Parque Indsutrial Queretaro,,MX,E,Queretaro,,,,,,,,,,,,C560093,,,US,,,,,,,,,,,,,,NT15,,,,,,,,,,CRMH04,,10,X,,X,,,,,,,,A17SAT HOUSE ACCOUNT,A17-S999,C560093,A17SAT,,VALEO SISTEMAS ELECTRICOS,,,,,Queretaro,
,X,TCUS,BARZA LOG,,0003,BARZA LOGISTICS,,,QUERETARO,76220,AVENUE HERCULES 400 BODEGA 7,PARQUE INDUSTRIAL AEREOPUERTO,,MX,E,QUERETARO,,,,,,,,,,,,C559776,,,US,,,,,,,,,,,,,,NT15,,,,,,,,,,CRMH04,,10,X,,X,,,,,,,,A17SAT HOUSE ACCOUNT,A17-S999,C559776,A17SAT,,BARZA LOGISTICS,,,,,QUERETARO,
,X,TCUS,PEXCO-APODA,,0003,PEXCO-APODA,,,CD APODACA,,BOULEVARD INTERAMERICAN 201 PARQUE INDUSTRIAL FINSA,"Parque Industrial Finsa, 66600",,MX,E,NL,,,,,,,,,,,,C513742,,,US,,,,,,,,,,,,,,NT15,,,,,,,,,,CRMH04,,10,X,,X,,,,,,,,A17SAT HOUSE ACCOUNT,A17-S999,C513742,,,Pexco-Apoda,,,,,NL,
,X,TCUS,DURAKON LERMA PENDA,,0003,DURAKON LERMA PENDA,,,LERMA TOLUCA,52002,AVENUE SANTA ANA LOTES 19 Y 20 M23,PARQUE INDUSTRIAL LERMA EM,,MX,E,TOLUCA,,,,,,,,,,,,C529197,,,US,,,,080000,170000,080000,170000,,,,,,,NT15,,,,CID,F,,,,,CRMH04,,10,X,,X,,,,,,,,A17SAT HOUSE ACCOUNT,A17-S999,C529197,,,DURAKON LERMA PENDA,CID,F,,,TOLUCA,
,X,TCUS,SEASON GROUP MEXICO,,0003,SEASON GROUP MEXICO,,,REYNOSA,88780,PRIVADA 1ERO DE MAYO,Parque Industrial Prologis,,MX,E,Tamaulipas,,,,,,,,,,,,C513666,,,US,,,,,,,,,,,,,,NT15,,,,,,,,,,CRMH04,,10,X,,X,,,,,,,,A17SAT HOUSE ACCOUNT,A17-S999,C513666,A17SAT,,SEASON GROUP MEXICO,,,,,Tamaulipas,
,X,TCUS,ADAPT,,0003,ADAPT,,,QUERETARO,76226,INDUSTRIA PETROQUIMICA 402,Parque Industrial Queretaro,,MX,E,QRO,,,,,,,,,,,,C529199,,,US,,,,080000,170000,080000,170000,,,,,,,NT15,,,,,,,,,,CRMH04,,10,X,,X,,,,,,,,A17SAT HOUSE ACCOUNT,A17-S999,C529199,A17SAT,,ADAPT,,,,,QRO,
,X,TCUS,PENDA RAMOS ARIZPE,,0003,PENDA RAMOS ARIZPE,,,RAMOS ARIZPE,25900,AVENUE INDUSTRIA METALURGICA 1024-I,PARQUE INDUSTRIAL SAL-RAM,,MX,E,Coahuila,,,,,,,,,,,,C530312,,,US,,,,,,,,,,,,,,NT15,,,,,,,,,,CRMH04,,10,X,,X,,,,,,,,A17SAT HOUSE ACCOUNT,A17-S999,C530312,A17SAT,,PENDA RAMOS ARIZPE,,,,,Coahuila,
,X,TCUS,VALEO QRO,,0003,VALEO QRO,,,JAUREGUI,76220,AVENUE IND MINERA 502,Parque Industrial Santa Rosa,,MX,E,QUERETARO,,,,,,,,,,,,C543695,,,US,,,,,,,,,,,,,,NT15,,,,,,,,,,CRMH04,,10,X,,X,,,,,,,,A17SAT HOUSE ACCOUNT,A17-S999,C543695,A17SAT,,VALEO QRO.,,,,,QUERETARO,
,X,TCUS,QUALITY SYNTHETIC RUBBER - QSR,,0003,QUALITY SYNTHETIC RUBBER - QSR,,,QUERETARO,76246,CARRETERA ESTATAL 431KM 2+200 CALLE B INT 69,Parque Tecnológico Innovación,,MX,E,Queretaro,,,,,,,,,,,,C513665,,,US,,,,,,,,,,,,,,NT15,,,,,,,,,,CRMH04,,10,X,,X,,,,,,,,A17SAT HOUSE ACCOUNT,A17-S999,C513665,,,Quality Synthetic Rubber - QSR,,,,,Queretaro,
,X,TCUS,PALARDY,,0003,PALARDY,,,ST-HYACINTHE,J2S8L2,6355 AVENUE CHOQUETTE,Pascal Rajotte,,CA,E,Quebec,450-773-8315,,,,,,,,,,,C544167,,,US,,,,,,,,,,,,,,NT15,,,,,,,,,,CRMH04,,10,X,,X,,,,,,,,A17SAT HOUSE ACCOUNT,A17-S999,C544167,A17SAT,,Palardy,,,,,Quebec,
,X,TCUS,PATTIE DUNAYEVICH LOG TECHNICIAN,,0003,PATTIE DUNAYEVICH LOGISTICS TECHNICIAN,,,VISTA,92081,2455 ASH STREET,PATTIE DUNAYEVICH,,US,E,CA,7605994800,,,,,,,,,,,C542021,,,US,,,,,,,,,,,,,,NT15,,,,SAN,D,,,,,CRMH04,,10,X,,X,,,,,,,,A17SAT HOUSE ACCOUNT,A17-S999,C542021,A17SAT,,PATTIE DUNAYEVICH LOGISTICS TECHNICIAN,SAN,D,,,CA,
,X,TCUS,WINTERFELL USA,,0003,WINTERFELL USA LLC,,,PHARR,78577,9008 GOLIAD DRIVE,PCP SAMANTHA MEDAL,,US,E,TX,,,,,,,,,,,,C542632,,,US,,,,,,,,,,,,,,NT15,,,,,,,,,,CRMH04,,10,X,,X,,,,,,,,A17SAT HOUSE ACCOUNT,A17-S999,C542632,A17SAT,,WINTERFELL USA LLC,,,,,TX,
,X,TCUS,ARROW ELECTRONICS,,0003,ARROW ELECTRONICS INC,,,RENO,89511,665 MAESTRO DRIVE,PCP: MANUEL PIEDRA,,US,E,NV,,,,,,,,,,,,C542556,,,US,,,,,,,,,,,,,,NT15,,,,,,,,,,CRMH04,,10,X,,X,,,,,,,,A17SAT HOUSE ACCOUNT,A17-S999,C542556,A17SAT,,Arrow Electronics Inc.,,,,,NV,
,X,TCUS,MANNCORP,,0003,MANNCORP INC,,,SAN DIEGO,92111,7835 WILKERSON COURT,shipping,,US,E,CA,Ph 858-490-6266,,,,,,,,,,,C555274,,,US,,,,,,,,,,,,,,NT15,,,,SAN,A,,,,,CRMH04,,10,X,,X,,,,,,,,A17SAT HOUSE ACCOUNT,A17-S999,C555274,A17SAT,,Manncorp Inc.,SAN,A,,,CA,
,X,TCUS,FR8 AUCTIONS,,0003,FR8 AUCTIONS,,,LITHIA SPRINGS,30122,1265 TERMINUS DRIVE,,,US,E,GA,Phone : 4044216128,,,,,,,,,,,C560636,,,US,,,,,,,,,,,,,,NT15,,,,ATL,D,,,,,CRMH04,,10,X,,X,,,,,,,,A17SAT HOUSE ACCOUNT,A17-S999,C560636,A17SAT,,FR8 AUCTIONS,ATL,D,,,GA,
,X,TCUS,TTI DFW,,0003,TTI DFW,,,FORT WORTH,76137,3737 MEACHAM BOULEVARD,,,US,E,TX,Phone 817.740.9000,,,,,,,,,,,C536678,,,US,,,,,,,,,,,,,,NT15,,,,,,,,,,CRMH04,,10,X,,X,,,,,,,,A17SAT HOUSE ACCOUNT,A17-S999,C536678,A17SAT,,TTI DFW,,,,,TX,
,X,TCUS,BUILDERS FIRSTSOURCE,,0003,BUILDERS FIRSTSOURCE,,,ROCKPORT,78382,301 E NORTH STREET,,,US,E,TX,Phone: (361) 729-6831,,,,,,,,,,,C555311,,,US,,,,,,,,,,,,,,NT15,,,,,,,,,,CRMH04,,10,X,,X,,,,,,,,A17SAT HOUSE ACCOUNT,A17-S999,C555311,A17SAT,,Builders FirstSource,,,,,TX,
,X,TCUS,EXEL DBADHLSUPPLY CHAIN,,0003,EXEL INC DBADHLSUPPLY CHAIN,,,LIVONIA,48152,38701 SEVEN MILE ROAD SUITE 345,,,US,E,MI,Phone: (734) 853-5737,,,,,,,,,,,C533094,,,US,,,,,,,,,,,,,,NT15,,,,DTW,A,,,,,CRMH04,,10,X,,X,,,,,,,,A17SAT HOUSE ACCOUNT,A17-S999,C533094,A17SAT,,Exel Inc DBADHLSupply Chain,DTW,A,,,MI,
,X,TCUS,LUFTHANSA CARGO,,0003,LUFTHANSA CARGO,,,DENVER,80249,27000 EAST 75TH AVENUE UNIT A,,,US,E,CO,Phone: (800) 542-2746,,,,,,,,,,,C539618,,,US,,,,,,,,,,,,,,NT15,,,,,,,,,,CRMH04,,10,X,,X,,,,,,,,A17SAT HOUSE ACCOUNT,A17-S999,C539618,A17SAT,,Lufthansa Cargo,,,,,CO,
,X,TCUS,LUFTHANSA CARGO IAH,,0003,LUFTHANSA CARGO IAH,,,HUMBLE,77338,19115 LEE ROAD 195,,,US,E,TX,Phone: (800) 542-2746,,,,,,,,,,,C550599,,,US,,,,,,,,,,,,,,NT15,,,,,,,,,,CRMH04,,10,X,,X,,,,,,,,A17SAT HOUSE ACCOUNT,A17-S999,C550599,A17SAT,,Lufthansa Cargo IAH,,,,,TX,
,X,TCUS,CARGOQUIN,,0003,CARGOQUIN INC,,,LAREDO,78041,5803 EAST DRIVE,PO Box 1128,,US,E,TX,,,,,,,,,,,,C388497,,,US,,,,080000,170000,,,,,,,,,NT15,,,,,,,,,,CRMH04,,10,X,,X,,,,,,,,A17SAT HOUSE ACCOUNT,A17-S999,C388497,,,"Cargoquin, Inc",,,,,TX,
,X,TCUS,DIPASA USA,,0003,DIPASA USA INC,,,BROWNSVILLE,78526,6600 EAST FM 802,POC Vivian Ledesma/ 9568314072,,US,E,TX,,,,,,,,,,,,C542551,,,US,,,,,,,,,,,,,,NT15,,,,MFE,C,,,,,CRMH04,,10,X,,X,,,,,,,,A17SAT HOUSE ACCOUNT,A17-S999,C542551,A17SAT,,Dipasa USA Inc,MFE,C,,,TX,
,X,TCUS,PARQUE IND QUERTARO,,0003,PARQUE INDUSTRIAL QUERTARO,,,,48326,AVENUE LA MONTANA NO 121,Queretaro,,MX,E,,,,,,,,,,,,,C407904,,,US,,,,,,,,,,,,,,NT15,,,,DTW,D,,,,,CRMH04,,10,X,,X,,,,,,,,A17SAT HOUSE ACCOUNT,A17-S999,C407904,,,Parque Industrial Quertaro,DTW,D,,,,
,X,TCUS,DIAMOND WIPES INTL,,0003,DIAMOND WIPES INTERNATIONAL,,,CHINO,91710,13775 RAMONA AVENUE,"Raul Mauss, Shipping Coordinat",,US,E,CA,,,,,,,,,,,,C537197,,,US,,,,,,,,,,,,,,NT15,,,,LAX,G,,,,,CRMH04,,10,X,,X,,,,,,,,A17SAT HOUSE ACCOUNT,A17-S999,C537197,A17SAT,,Diamond Wipes International,LAX,G,,,CA,
,X,TCUS,LANDIS & GYR,,0003,LANDIS & GYR,,,REYNOSA,88788,MIKE ALLEN 1221 EDIF 1 PARQUE INDUSTRIAL,REYNOSA SECCION NORTE,,MX,E,TAMAULIPAS,,,,,,,,,,,,C539595,,,US,,,,070000,180000,070000,180000,,,,,,,NT15,,,,,,,,,,CRMH04,,10,X,,X,,,,,,,,A17SAT HOUSE ACCOUNT,A17-S999,C539595,A17SAT,,LANDIS & GYR,,,,,TAMAULIPAS,
,X,TCUS,DOUBLE AAG C/O FARVAM,,0003,DOUBLE AAG C/O FARVAM,,,PHARR,78577,9008 GOLIAD DRIVE,"RIGO ECHAVARRIA, 9568007032",,US,E,TX,,,,,,,,,,,,C511797,,,US,,,,,,,,,,,,,,NT15,,,,,,,,,,CRMH04,,10,X,,X,,,,,,,,A17SAT HOUSE ACCOUNT,A17-S999,C511797,,,DOUBLE AAG c/o FARVAM,,,,,TX,
,X,TCUS,SEASON COMPONENTS COMPANY,,0003,SEASON COMPONENTS COMPANY LTD,,,TSUEN WAN,999077,8-12 MA KOK STREET,"RM 503, SUN FUNG INDUSTRIAL BUILDING",,HK,E,,,,,,,,,,,,,C326391,,,US,,,,,,,,,,,,,,NT15,,,,,,,,,,CRMH04,,10,X,,X,,,,,,,,A17SAT HOUSE ACCOUNT,A17-S999,C326391,,,SEASON COMPONENTS COMPANY LTD.,,,,,,
,X,TCUS,WS FORWARDING,,0003,WS FORWARDING INC,,,LAREDO,78045,13509 REGIONAL DRIVE,Roberto Guerrero,,US,E,TX,(956) 775-9840,,,,,,,,,,,C533747,,,US,,,,,,,,,,,,,,NT15,,,,LRD,A,,,,,CRMH04,,10,X,,X,,,,,,,,A17SAT HOUSE ACCOUNT,A17-S999,C533747,A17SAT,,"W.S. FORWARDING, INC.",LRD,A,,,TX,
,X,TCUS,COLLIER EQUIPMENT,,0003,COLLIER EQUIPMENT INC,,,LEXINGTON,35648,100 MILL CREEK CIRCLE,Ronda Hitt,,US,E,AL,256.229.6595,,,,,,,,,,,C561500,,,US,,,,,,,,,,,,,,NT15,,,,,,,,,,CRMH04,,10,X,,X,,,,,,,,A17SAT HOUSE ACCOUNT,A17-S999,C561500,A17SAT,,Collier Equipment Inc,,,,,AL,
,X,TCUS,RITE AID,,0003,RITE AID CORP,,,ABERDEEN/ PERRYMAN,21001,601 CHELSEA ROAD,RX Arrea 1 (PERFERED CARRIERS/,,US,E,MD,,,,,,,,,,,,C298928,,,US,,,,,,,,,,,,,,NT15,,,,BWI,C,,,,,CRMH04,,10,X,,X,,,,,,,,A17SAT HOUSE ACCOUNT,A17-S999,C298928,,,Rite Aid Corp.,BWI,C,,,MD,
,X,TCUS,INDAMEX,,0003,INDAMEX,,,VILLAMAR MICHOACAN DE OCAMPO,59554,CALLE CARRETERA JIQUILPAN ZAMORA,S/N Emiliano Zapata,,MX,E,Michoacan,,,,,,,,,,,,C555297,,RFCIIA191113H0,US,,,,080000,170000,080000,170000,,,,,,,NT15,,,,,,,10043186,,,CRMH04,,10,X,,X,,,,,,,,A17SAT Fernando Arellano,S1554,C555297,A17SAT,10043186,Indamex,,,,,Michoacan,
,X,TCUS,DURAKON RAMOS PENDA,,0003,DURAKON RAMOS PENDA,,,RAMOS ARIZPE,25900,AVENUE IND METALURGICA 1024-1 PARQUE INDUSTRIAL,SALTILLO-RAMOS.,,MX,E,Coahuila,,,,,,,,,,,,C529319,,,US,,,,080000,170000,080000,170000,,,,,,,NT15,,,,,,,,,,CRMH04,,10,X,,X,,,,,,,,A17SAT HOUSE ACCOUNT,A17-S999,C529319,,,DURAKON RAMOS PENDA,,,,,Coahuila,
,X,TCUS,ALLCLEAR REPAIR SVCS,,0003,ALLCLEAR REPAIR SERVICES,,,MIRAMAR,33027,15501 SW 29TH STREET SUITE 101,SAMANTHA GONZALEZ/954 538 2517,,US,E,FL,,,,,,,,,,,,C559799,,,US,,,,,,,,,,,,,,NT15,,,,MIA,D,,,,,CRMH04,,10,X,,X,,,,,,,,A17SAT HOUSE ACCOUNT,A17-S999,C559799,A17SAT,,ALLCLEAR REPAIR SERVICES,MIA,D,,,FL,
,X,TCUS,FORD/NEOVIA,,0003,FORD/NEOVIA,,,CUAUTITLAN IZCALLI,01210,AVENUE TEJOCOTES S/N PARQUE INDUSTRIAL,SAN MARTIN OBISPO.,,MX,E,ESTADO DE MEXICO,,,,,,,,,,,,C531457,,,US,,,,080000,170000,080000,170000,,,,,,,NT15,,,,,,,,,,CRMH04,,10,X,,X,,,,,,,,A17SAT HOUSE ACCOUNT,A17-S999,C531457,A17SAT,,FORD/NEOVIA,,,,,ESTADO DE MEXICO,
,X,TCUS,CAÑADA DE LA VIRGEN,,0003,CAÑADA DE LA VIRGEN,,,"SAN MIGUEL DE ALLENDE,",37750,JOSEFINA OROZCO,"San Miguel de Allende,",,MX,E,guanajuato,,,,,,,,,,,,C563089,,,US,,,,,,,,,,,,,,NT15,,,,,,,,,,CRMH04,,10,X,,X,,,,,,,,A17SAT HOUSE ACCOUNT,A17-S999,C563089,A17SAT,,Cañada de la Virgen,,,,,guanajuato,
,X,TCUS,ENCHANTE LIVING,,0003,ENCHANTE LIVING,,,MONTERREY,66267,RICARDO MARGAIN 575 INT 208,SAN PEDRO GARZA,,MX,E,NUEVO LEON,,,,,,,,,,,,C559428,,,US,,,,,,,,,,,,,,NT15,,,,,,,,,,CRMH04,,10,X,,X,,,,,,,,A17SAT HOUSE ACCOUNT,A17-S999,C559428,A17SAT,,ENCHANTE LIVING,,,,,NUEVO LEON,
,X,TCUS,DESTILADORA DEL VALLE DE TEQUILA,,0003,DESTILADORA DEL VALLE DE TEQUILA,,,TEQUILA,46403,CARRETERA INTERNACIONAL 102 102 000,Santa Cruz de los Espinos,,MX,E,Jalisco,,,,,,,,,,,,C563317,,,US,,,,,,,,,,,,,,NT15,,,,,,,,,,CRMH04,,10,X,,X,,,,,,,,A17SAT HOUSE ACCOUNT,A17-S999,C563317,A17SAT,,DESTILADORA DEL VALLE DE TEQUILA,,,,,Jalisco,
,X,TCUS,STELLANTIS MOPAR US 03117,,0003,STELLANTIS MOPAR US 03117,,,WARREN,48091,21555 SHERWOOD AVENUE BLDG EAST,SHERWOOD NATIONAL PDC,,US,E,MI,,,,,,,,,,,,C543951,,,US,,,,,,,,,,,,,,NT15,,,,,,,,,,CRMH04,,10,X,,X,,,,,,,,A17SAT HOUSE ACCOUNT,A17-S999,C543951,A17SAT,,STELLANTIS MOPAR US 03117,,,,,MI,
,X,TCUS,INTERTRANS FORWARDING,,0003,INTERTRANS FORWARDING,,,PHARR,78577,721 BONA TERRA,STE B,,US,E,TX,,,,,,,,,,,,C500602,,,US,,,,090000,180000,090000,180000,,,,,,,NT15,,,,,,,10033213,,,CRMH04,,10,X,,X,,,,,,,,A17SAT Fernando Arellano,S1554,C500602,A17SAT,10033213,INTERTRANS FORWARDING,,,,,TX,
,X,TCUS,GABRIEL BOCANERA,,0003,GABRIEL BOCANERA,,,PHARR,78557,2251 N 10TH STREET,STE C /G.BOCANERO,,US,E,TX,956-715-8222,,,,,,,,,,,C541803,,,US,,,,,,,,,,,,,,NT15,,,,MFE,A,,,,,CRMH04,,10,X,,X,,,,,,,,A17SAT HOUSE ACCOUNT,A17-S999,C541803,A17SAT,,GABRIEL BOCANERA,MFE,A,,,TX,
,X,TCUS,EPOWER SOLUTIONS,,0003,EPOWER SOLUTIONS,,,WACONIA,55387,1918 FISCHER DRIVE,Steve Carlson,,US,E,MN,574-214-8780,,,,,,,,,,,C543429,,,US,,,,,,,,,,,,,,NT15,,,,,,,,,,CRMH04,,10,X,,X,,,,,,,,A17SAT HOUSE ACCOUNT,A17-S999,C543429,A17SAT,,ePower Solutions,,,,,MN,
,X,TCUS,LYKES CARTAGE,,0003,LYKES CARTAGE,,,SCHERTZ,78154,6417 TRI-COUNTY PARKWAY,SUITE #100,,US,E,TX,,,,,,,,,,,,C295144,,,US,,,,,,,,,,,,,,NT15,,,,,,,,,,CRMH04,,10,X,,X,,,,,,,,A17SAT HOUSE ACCOUNT,A17-S999,C295144,,,LYKES CARTAGE,,,,,TX,
,X,TCUS,AIR GEN,,0003,AIR GENERAL,,,HOUSTON,77032,971 WEST SAM HOUSTON PARKWAY,SUITE 100,,US,E,TX,,,,,,,,,,,,C546574,,,US,,,,,,,,,,,,,,NT15,,,,,,,,,,CRMH04,,10,X,,X,,,,,,,,A17SAT HOUSE ACCOUNT,A17-S999,C546574,,,AIR GENERAL,,,,,TX,
,X,TCUS,IEWC GREENVILE,,0003,IEWC GREENVILE,,,GREER,29651,120 CALIBER RIDGE DR,SUITE 123,,US,E,SC,,,,,,,,,,,,C541555,,,US,,,,,,,,,,,,,,NT15,,,,,,,,,,CRMH04,,10,X,,X,,,,,,,,A17SAT HOUSE ACCOUNT,A17-S999,C541555,A17SAT,,IEWC GREENVILE,,,,,SC,
,X,TCUS,PRIME LOG SOLUTIONS,,0003,PRIME LOG SOLUTIONS,,,MIAMI,33126,1301 NW 84TH AVENUE,SUITE 127,,US,E,FL,,,,,,,,,,,,C511068,,,US,,,,,,,,,,,,,,NT15,,,,MIA,A,,8020254,,,CRMH04,,10,X,,X,,,,,,,,A17SAT HOUSE ACCOUNT,A17-S999,C511068,,8020254,PRIME LOG SOLUTIONS,MIA,A,,,FL,
,X,TCUS,9777 W GULF BANK RD,,0003,9777 W GULF BANK RD,,,HOUSTON,77040,9777 WEST GULF BANK ROAD,SUITE 15,,US,E,TX,,,,,,,,,,,,C556108,,,US,,,,,,,,,,,,,,NT15,,,,,,,,,,CRMH04,,10,X,,X,,,,,,,,A17SAT HOUSE ACCOUNT,A17-S999,C556108,A17SAT,,9777 W. GULF BANK RD,,,,,TX,
,X,TCUS,AIRGROUP MFE,,0003,AIRGROUP MFE,,,MISSION,78572,2112 SOUTH SHARY ROAD,SUITE 2,,US,E,TX,,,,,,,,,,,,C538888,,,US,,,,,,,,,,,,,,NT15,,,,,,,,,,CRMH04,,10,X,,X,,,,,,,,A17SAT HOUSE ACCOUNT,A17-S999,C538888,A17SAT,,AIRGROUP MFE,,,,,TX,
,X,TCUS,ST GEORGE WHSE,,0003,ST GEORGE WAREHOUSE INC,,,PASADENA,77507,4035 UNDERWOOD,SUITE 200,,US,E,TX,,,,,,,,,,,,C546074,,,US,,,,,,,,,,,,,,NT15,,,,IAH,E,,,,,CRMH04,,10,X,,X,,,,,,,,A17SAT HOUSE ACCOUNT,A17-S999,C546074,A17SAT,,ST GEORGE WAREHOUSE INC,IAH,E,,,TX,
,X,TCUS,VENU PRASHAD,,0003,VENU PRASHAD,,,TROY,48083,340 E BIG BEAVER ROAD,Suite 240,,US,E,MI,TEL 313-702-3727,,,,,,,,,,,C540395,,,US,,,,,,,,,,,,,,NT15,,,,DTW,C,,,,,CRMH04,,10,X,,X,,,,,,,,A17SAT HOUSE ACCOUNT,A17-S999,C540395,A17SAT,,Venu Prashad,DTW,C,,,MI,
,X,TCUS,RADIANT LOG - TAYLOR MI,,0003,RADIANT LOGISTICS - TAYLOR MI,,,TAYLOR,48180,25911 NORTHLINE COMMERCE DRIVE,SUITE 300,,US,E,MI,800-521-1042,,,,,,,,,,,C378438,,,US,,,,,,,,,,,,,,NT15,,,,,,,,,,CRMH04,,10,X,,X,,,,,,,,A17SAT HOUSE ACCOUNT,A17-S999,C378438,,,RADIANT LOGISTICS - TAYLOR MI,,,,,MI,
,X,TCUS,NCAB GROUP,,0003,NCAB GROUP,,,LARGO,33773,8565 SOMERSET DRIVE,SUITE B,,US,E,FL,,,,,,,,,,,,C536898,,,US,,,,,,,,,,,,,,NT15,,,,,,,,,,CRMH04,,10,X,,X,,,,,,,,A17SAT HOUSE ACCOUNT,A17-S999,C536898,A17SAT,,NCAB GROUP,,,,,FL,
,X,TCUS,INGENICO,,0003,INGENICO,,,ALPHARETTA,30005,6430 SHILOH ROAD EAST,Suite B,,US,E,GA,,,,,,,,,,,,C563638,,,US,,,,,,,,,,,,,,NT15,,,,,,,,,,CRMH04,,10,X,,X,,,,,,,,A17SAT HOUSE ACCOUNT,A17-S999,C563638,A17SAT,,Ingenico,,,,,GA,
,X,TCUS,REVAIR,,0003,REVAIR,,,MACEDONIA,44056,1333 HIGHLAND ROAD E,SUITE E / tel,,US,E,OH,4196325300,,,,,,,,,,,C549190,,,US,,,,,,,,,,,,,,NT15,,,,,,,,,,CRMH04,,10,X,,X,,,,,,,,A17SAT HOUSE ACCOUNT,A17-S999,C549190,A17SAT,,REVAIR,,,,,OH,
,X,TCUS,FCA SALTILLO,,0003,FCA SALTILLO,,,RAMOS ARIZPE,25900,BOULEVARD MIGUEL RAMOS ARIZPE NO 124,Sur Zona Industrial,,MX,E,Coahuila,,,,,,,,,,,,C531484,,,US,,,,080000,170000,080000,170000,,,,,,,NT15,,,,,,,,,,CRMH04,,10,X,,X,,,,,,,,A17SAT HOUSE ACCOUNT,A17-S999,C531484,A17SAT,,FCA SALTILLO,,,,,Coahuila,
,X,TCUS,ALMACEN GABA,,0003,ALMACEN GABA LLC,,,BROWNSVILLE,78526,7838 RUBEN M TORRES BOULEVARD,t Name: Anais Galvan,,US,E,TX,956538792,,,,,,,,,,,C560635,,,US,,,,,,,,,,,,,,NT15,,,,MFE,C,,,,,CRMH04,,10,X,,X,,,,,,,,A17SAT HOUSE ACCOUNT,A17-S999,C560635,A17SAT,,ALMACEN GABA LLC,MFE,C,,,TX,
,X,TCUS,SMD,,0003,SMD INC,,,EL PASO,79906,24 CONCORD SUITE F,,,US,E,TX,T:915.260.6371,,,,,,,,,,,C536662,,,US,,,,,,,,,,,,,,NT15,,,,,,,,,,CRMH04,,10,X,,X,,,,,,,,A17SAT HOUSE ACCOUNT,A17-S999,C536662,A17SAT,,SMD INC,,,,,TX,
,X,TCUS,COOPER STANDARD,,0003,COOPER STANDARD,,,SHERBROOKE,J1R0W8,4870 ROBERT-BOYD,,,CA,E,QC,TE +18197809666,,,,,,,,,,,C537272,,,US,,,,,,,,,,,,,,NT15,,,,,,,,,,CRMH04,,10,X,,X,,,,,,,,A17SAT HOUSE ACCOUNT,A17-S999,C537272,A17SAT,,Cooper Standard,,,,,QUEBEC,
,X,TCUS,WESCO ANIXTER,,0003,WESCO ANIXTER,,,EL PASO,79936,1435 EAST BRENNAN SUITE H,,,US,E,TX,TEL (915) 860-4858,,,,,,,,,,,C552452,,,US,,,,,,,,,,,,,,NT15,,,,,,,,,,CRMH04,,10,X,,X,,,,,,,,A17SAT HOUSE ACCOUNT,A17-S999,C552452,A17SAT,,WESCO ANIXTER,,,,,TX,
,X,TCUS,SEASON GROUP,,0003,SEASON GROUP,,,SAN ANTONIO,78250,8001 MAINLAND DRIVE,Tel : Hugo Yamada,,US,E,TX,,,,,,,,,,,,C510180,,,US,,,,080000,180000,080000,180000,,,,,,,NT15,,,,,,,10038077,,,CRMH04,,10,X,,X,,,,,,,,A17SAT HOUSE ACCOUNT,A17-S999,C510180,A17SAT,10038077,SEASON GROUP,,,,,TX,
,X,TCUS,NISSAN GROUP OF NORTH AMER,,0003,NISSAN GROUP OF NORTH AMERICA,,,NOVI,48377,46890 MAGELLAN DRIVE,CTC NEELAM,,US,E,MI,TEL 248-4884539,,,,,,,,,,,C538731,,,US,,,,,,,,,,,,,,NT15,,,,DTW,C,,,,,CRMH04,,10,X,,X,,,,,,,,A17SAT HOUSE ACCOUNT,A17-S999,C538731,A17SAT,,NISSAN GROUP OF NORTH AMERICA,DTW,C,,,MI,
,X,TCUS,IAG AIR GENERAL,,0003,IAG AIR GENERAL INC,,,HUMBLE,77338,19175 LEE ROAD SUITE 150,,,US,E,TX,TEL 281-443-4954,,,,,,,,,,,C555598,,,US,,,,,,,,,,,,,,NT15,,,,,,,,,,CRMH04,,10,X,,X,,,,,,,,A17SAT HOUSE ACCOUNT,A17-S999,C555598,A17SAT,,IAG AIR GENERAL INC,,,,,TX,
,X,TCUS,ANDREINA ANDRADE,,0003,ANDREINA ANDRADE,,,MIAMI,33178,5473 NW 72ND AVENUE,,,US,E,FL,TEL 3052827778,,,,,,,,,,,C555385,,,US,,,,,,,,,,,,,,NT15,,,,MIA,A,,,,,CRMH04,,10,X,,X,,,,,,,,A17SAT HOUSE ACCOUNT,A17-S999,C555385,A17SAT,,ANDREINA ANDRADE,MIA,A,,,FL,
,X,TCUS,TERMINAL ISLAND LAX,,0003,TERMINAL ISLAND LAX,,,SAN PEDRO,90731,389 TERMINAL WAY,,,US,E,CA,TEL 3102210220,,,,,,,,,,,C550749,,,US,,,,,,,,,,,,,,NT15,,,,,,,,,,CRMH04,,10,X,,X,,,,,,,,A17SAT HOUSE ACCOUNT,A17-S999,C550749,A17SAT,,TERMINAL ISLAND (LAX),,,,,CA,
,X,TCUS,STONERIDGE,,0003,STONERIDGE INC,,,LEXINGTON,44904,345 S MILL STREET,AMBER CLELAND,,US,E,OH,TEL 419-884-4155,,,,,,,,,,,C538671,,,US,,,,,,,,,,,,,,NT15,,,,,,,,,,CRMH04,,10,X,,X,,,,,,,,A17SAT HOUSE ACCOUNT,A17-S999,C538671,A17SAT,,STONERIDGE INC,,,,,OH,
,X,TCUS,HILLMAN GROUP INC,,0003,THE HILLMAN GROUP INC,,,FOREST PARK,45240,1700 CARILLON BOULEVARD,,,US,E,OH,Tel 513-851-4900,,,,,,,,,,,C533748,,,US,,,,,,,,,,,,,,NT15,,,,,,,,,,CRMH04,,10,X,,X,,,,,,,,A17SAT HOUSE ACCOUNT,A17-S999,C533748,A17SAT,,"The Hillman Group, Inc",,,,,OH,
,X,TCUS,SEMIOSBIO TECH,,0003,SEMIOSBIO TECHNOLOGIES INC,,,VANCOUVER,V5T4T5,430 - 887 GREAT NOTHERM WAY,,,CA,E,BC,TEL 604-229-2044,,,,,,,,,,,C537998,,,US,,,,080000,170000,080000,170000,,,,,,,NT15,,,,,,,10039079,,,CRMH04,,10,X,,X,,,,,,,,A17SAT Fernando Arellano,S1554,C537998,A17SAT,10039079,SEMIOSBIO TECHNOLOGIES INC,,,,,BRITISH COLUMBIA,
,X,TCUS,BUILDING PROD PLUS & AMER POLE & TIME,,0003,BUILDING PRODUCTS PLUS & AMERICAN POLE & TIME,,,HOUSTON,77045,12317 ALMEDA ROAD,,,US,E,TX,TEL 7134348008,,,,,,,,,,,C558958,,,US,,,,,,,,,,,,,,NT15,,,,IAH,C,,,,,CRMH04,,10,X,,X,,,,,,,,A17SAT HOUSE ACCOUNT,A17-S999,C558958,A17SAT,,Building Products Plus & American Pole & Time,IAH,C,,,TX,
,X,TCUS,UNITED AIRLINE CARGO IAH,,0003,UNITED AIRLINE CARGO IAH,,,HOUSTON,77032,3230 PALLET ROAD,,,US,E,TX,tel 800 822 2746,,,,,,,,,,,C541324,,,US,,,,,,,,,,,,,,NT15,,,,,,,,,,CRMH04,,10,X,,X,,,,,,,,A17SAT HOUSE ACCOUNT,A17-S999,C541324,A17SAT,,UNITED AIRLINE CARGO IAH,,,,,TX,
,X,TCUS,DNATA CARGO USA HOUSTON,,0003,DNATA CARGO USA HOUSTON,,,HUMBLE,77338,19577 LEE ROAD,,,US,E,TX,tel 832) 626-7585,,,,,,,,,,,C555600,,,US,,,,,,,,,,,,,,NT15,,,,,,,,,,CRMH04,,10,X,,X,,,,,,,,A17SAT HOUSE ACCOUNT,A17-S999,C555600,A17SAT,,Dnata Cargo USA Houston,,,,,TX,
,X,TCUS,NAHANNI STEEL PROD,,0003,NAHANNI STEEL PRODUCTS,,,BRAMPTON,L6T 5R8,38 DEERHUBT DRIVE,EXT 120,,CA,E,ON,TEL 9057912100,,,,,,,,,,,C538782,,,US,,,,,,,,,,,,,,NT15,,,,,,,,,,CRMH04,,10,X,,X,,,,,,,,A17SAT HOUSE ACCOUNT,A17-S999,C538782,,,NAHANNI STEEL PRODUCTS,,,,,ONTARIO,
,X,TCUS,KEYSTONE COLD STORAGE,,0003,KEYSTONE COLD STORAGE,,,PHARR,78577,1200 WEST HI LINE ROAD,TEL 956,,US,E,TX,,,,,,,,,,,,C554645,,,US,,,,,,,,,,,,,,NT15,,,,,,,,,,CRMH04,,10,X,,X,,,,,,,,A17SAT HOUSE ACCOUNT,A17-S999,C554645,A17SAT,,KEYSTONE COLD STORAGE,,,,,TX,
,X,TCUS,PRIDA TX CARGO,,0003,PRIDA TEXAS CARGO LLC,,,LAREDO,78045,8802 KILLAM INDUSTRIAL BOULEVARD,,,US,E,TX,TEL 9567238400,,,,,,,,,,,C538063,,,US,,,,080000,180000,080000,180000,,,,,,,NT15,,,,LRD,A,,10039096,,,CRMH04,,10,X,,X,,,,,,,,A17SAT Fernando Arellano,S1554,C538063,A17SAT,10039096,PRIDA TEXAS CARGO LLC,LRD,A,,,TX,
,X,TCUS,MAS LOG C/O LANDIS + GYR-PLANT DDC1,,0003,MAS LOGISTICS C/O LANDIS + GYR-PLANT DDC1,,,PHARR,78577,9601 INTERNATIONAL BOULEVARD,,,US,E,TX,tel 9567824319,,,,,,,,,,,C538001,,,US,,,,080000,180000,080000,080000,,,,,,,NT15,,,,,,,,,,CRMH04,,10,X,,X,,,,,,,,A17SAT HOUSE ACCOUNT,A17-S999,C538001,A17SAT,,MAS LOGISTICS c/o Landis + GYR-PLANT DDC1,,,,,TX,
,X,TCUS,KRAYDEN,,0003,KRAYDEN INC,,,DENVER,80234,1491 WEST 124 TH AVENUE,Tel: Senia Port,,US,E,CO,(899) 958 0240,,,,,,,,,,,C535137,,,US,,,,,,,,,,,,,,NT15,,,,DEN,A,,,,,CRMH04,,10,X,,X,,,,,,,,A17SAT HOUSE ACCOUNT,A17-S999,C535137,,,Krayden Inc.,DEN,A,,,CO,
,X,TCUS,ANIXTER,,0003,ANIXTER INC,,,MENOMONEE FALLS,53051,N59 W13855 MANHARDT DRIVE,,,US,E,WI,Tel: 262 509 4343,,,,,,,,,,,C538821,,,US,,,,,,,,,,,,,,NT15,,,,,,,,,,CRMH04,,10,X,,X,,,,,,,,A17SAT HOUSE ACCOUNT,A17-S999,C538821,A17SAT,,Anixter Inc.,,,,,WI,
,X,TCUS,BAR 20 DAIRY FARMS,,0003,BAR 20 DAIRY FARMS,,,KERMAN,93630,24387 WEST WHITESBRIDGE AVENUE,,,US,E,CA,TEL: 559 655 8942,,,,,,,,,,,C550707,,,US,,,,,,,,,,,,,,NT15,,,,,,,,,,CRMH04,,10,X,,X,,,,,,,,A17SAT HOUSE ACCOUNT,A17-S999,C550707,A17SAT,,Bar 20 Dairy Farms,,,,,CA,
,X,TCUS,Q SOURCE,,0003,Q SOURCE INC,,,BOHEMIA,11716,227 KNICKERBOCKER AVENUE,,,US,E,NY,Tel: 631-563-0600,,,,,,,,,,,C552598,,,US,,,,,,,,,,,,,,NT15,,,,JFK,E,,,,,CRMH04,,10,X,,X,,,,,,,,A17SAT HOUSE ACCOUNT,A17-S999,C552598,A17SAT,,Q Source Inc.,JFK,E,,,NY,
,X,TCUS,ANTOLIN SPARTANBURG ASSEMBLY,,0003,ANTOLIN SPARTANBURG ASSEMBLY LLC,,,SPARTANBURG,29303,2781 NEW CUT ROAD,,,US,E,SC,tel: 8643428102,,rhett.plemmons@grupoantolin.com,,,,,,,,,C534815,,,US,,,,080000,170000,080000,170000,,,,,,,NT15,,,,,,,,,,CRMH04,,10,X,,X,,,,,,,,A17SAT HOUSE ACCOUNT,A17-S999,C534815,A17SAT,,"Antolin Spartanburg Assembly, LLC",,,,,SC,
,X,TCUS,DB RESEARCH LLP,,0003,DB RESEARCH LLP,,,HARLINGEN,78550,302 HANMORE INDUSTRIAL PARKWAY,,,US,E,TX,TEL: 877 787 0101,,,,,,,,,,,C511156,,,US,,,,080000,180000,080000,180000,,,,,,,NT15,,,,,,,10035689,,,CRMH04,,10,X,,X,,,,,,,,A17SAT HOUSE ACCOUNT,A17-S999,C511156,A17SAT,10035689,DB RESEARCH L.L.P.,,,,,TX,
,X,TCUS,HARRIS TEETER,,0003,HARRIS TEETER INC,,,GREENSBORO,27410,200 DISTRIBUTION DRIVE,,,US,E,NC,TEL:3362975350 /5351/5357,,,,,,,,,,,C534721,,,US,,,,073000,160000,070000,160000,,,,,,,NT15,,,,,,,,,,CRMH04,,10,X,,X,,,,,,,,A17SAT HOUSE ACCOUNT,A17-S999,C534721,A17SAT,,"Harris Teeter, Inc",,,,,NC,
,X,TCUS,BOAT LIFTS UNL,,0003,BOAT LIFTS UNLIMITED INC,,,ODENTON,21113,1901 BETSON COURT,,,US,E,MD,TEL:4106743100,,,,,,,,,,,C559433,,,US,,,,,,,,,,,,,,NT15,,,,,,,,,,CRMH04,,10,X,,X,,,,,,,,A17SAT HOUSE ACCOUNT,A17-S999,C559433,A17SAT,,BOAT LIFTS UNLIMITED INC,,,,,MD,
,X,TCUS,HAVIS,,0003,HAVIS,,,BURNSVILLE,55306,14451EWING AVENUE SOUTH,,,US,E,MN,TEL:5077024038,,,,,,,,,,,C563617,,,US,,,,,,,,,,,,,,NT15,,,,MSP,B,,,,,CRMH04,,10,X,,X,,,,,,,,A17SAT HOUSE ACCOUNT,A17-S999,C563617,A17SAT,,HAVIS,MSP,B,,,MN,
,X,TCUS,REELL PRECISION MANU,,0003,REELL PRECISION MANUFACTURING,,,SAINT PAUL,55110,1259 WILLOW LAKE BOULEVARD,,,US,E,MN,tel:651-4842447,,,,,,,,,,,C534816,,,US,,,,,,,,,,,,,,NT15,,,,MSP,B,,,,,CRMH04,,10,X,,X,,,,,,,,A17SAT HOUSE ACCOUNT,A17-S999,C534816,A17SAT,,Reell Precision Manufacturing,MSP,B,,,MN,
,X,TCUS,MI DIST CENTER,,0003,MICHIGAN DISTRIBUTION CENTER,,,WATERFORD TOWNSHIP,48329,5400 PERRY DRIVE,,,US,E,MI,tel:717-731-3815,,,,,,,,,,,C536647,,,US,,,,,,,,,,,,,,NT15,,,,,,,,,,CRMH04,,10,X,,X,,,,,,,,A17SAT HOUSE ACCOUNT,A17-S999,C536647,A17SAT,,Michigan Distribution Center,,,,,MI,
,X,TCUS,LIVERPOOL DIST CTR,,0003,LIVERPOOL DISTRIBUTION CENTER,,,LIVERPOOL,13088,7245 HENRY CLA,,,US,E,NY,Tel:717-731-3815,,,,,,,,,,,C536648,,,US,,,,,,,,,,,,,,NT15,,,,SYR,A,,,,,CRMH04,,10,X,,X,,,,,,,,A17SAT HOUSE ACCOUNT,A17-S999,C536648,A17SAT,,Liverpool Distribution Center,SYR,A,,,NY,
,X,TCUS,LANCASTER DIST CTR,,0003,LANCASTER DIST CTR,,,LANCASTER,933536,2801 WEST AVENUE H,,,US,E,CA,TEL:717-731-3815,,,,,,,,,,,C537034,,,US,,,,,,,,,,,,,,NT15,,,,,,,,,,CRMH04,,10,X,,X,,,,,,,,A17SAT HOUSE ACCOUNT,A17-S999,C537034,A17SAT,,Lancaster Dist Ctr,,,,,CA,
,X,TCUS,STANDARD MOTOR PROD,,0003,STANDARD MOTOR PRODUCTS INC,,,LONG ISLAND CITY,11101,37-18 NORTHERN BOULEVARD,,,US,E,NY,TEL:718-316-4770,,,,,,,,,,,C544201,,,US,,,,,,,,,,,,,,NT15,,,,JFK,A,,,,,CRMH04,,10,X,,X,,,,,,,,A17SAT HOUSE ACCOUNT,A17-S999,C544201,A17SAT,,Standard Motor Products. Inc,JFK,A,,,NY,
,X,TCUS,DIAMOND WIPES INTL,,0003,DIAMOND WIPES INTERNATIONAL,,,CHINO,91710,4651 SCHAEFER AVENUE,,,US,E,CA,tel:909-230-988,,,,,,,,,,,C531646,,,US,,,,,,,,,,,,,,NT15,,,,LAX,G,,,,,CRMH04,,10,X,,X,,,,,,,,A17SAT HOUSE ACCOUNT,A17-S999,C531646,A17SAT,,Diamond Wipes International,LAX,G,,,CA,
,X,TCUS,VEST GROUP LOG,,0003,VEST GROUP LOGISTICS,,,FLORENCE,41042,1100 BURLINGTON PIKE,Teresa Kennedy / Donna Webster,,US,E,KY,,,,,,,,,,,,C538331,,,US,,,,,,,,,,,,,,NT15,,,,,,,,,,CRMH04,,10,X,,X,,,,,,,,A17SAT HOUSE ACCOUNT,A17-S999,C538331,A17SAT,,Vest Group Logistics,,,,,KY,
,X,TCUS,IEWC PHOENIX,,0003,IEWC PHOENIX,,,MESA,85204,850 E COVEY LANE,UNIT 100,,US,E,AZ,,,,,,,,,,,,C544765,,,US,,,,,,,,,,,,,,NT15,,,,PHX,C,,,,,CRMH04,,10,X,,X,,,,,,,,A17SAT HOUSE ACCOUNT,A17-S999,C544765,A17SAT,,IEWC PHOENIX,PHX,C,,,AZ,
,X,TCUS,SUMIDA,,0003,SUMIDA,,,CLARKSTON,48348,5800 MOODY DRIVE,VILLAGE OF CLAKSRTON,,US,E,MI,,,,,,,,,,,,C546597,,,US,,,,,,,,,,,,,,NT15,,,,,,,,,,CRMH04,,10,X,,X,,,,,,,,A17SAT HOUSE ACCOUNT,A17-S999,C546597,A17SAT,,SUMIDA,,,,,MI,
,X,TCUS,PEYTON’S SOUTHEAST,,0003,PEYTON’S SOUTHEAST,,,CLEVELAND,37311,160 GOLDSTAR DRIVE SW,WHSE #08,,US,E,TN,,,,,,,,,,,,C541009,,,US,,,,,,,,,,,,,,NT15,,,,,,,,,,CRMH04,,10,X,,X,,,,,,,,A17SAT HOUSE ACCOUNT,A17-S999,C541009,,,Peyton’s Southeast,,,,,TN,
,X,TCUS,PEYTON’S PHOENIX,,0003,PEYTON’S PHOENIX,,,PHOENIX,85043,5305 WEST BUCKEYE ROAD,WHSE #185,,US,E,AZ,,,,,,,,,,,,C541012,,,US,,,,,,,,,,,,,,NT15,,,,PHX,A,,,,,CRMH04,,10,X,,X,,,,,,,,A17SAT HOUSE ACCOUNT,A17-S999,C541012,A17SAT,,Peyton’s Phoenix,PHX,A,,,AZ,
,X,TCUS,PEYTON’S FOUNTAIN,,0003,PEYTON’S FOUNTAIN,,,FOUNTAIN,80817,11025 CHARTER OAK RANCH,WHSE #388,,US,E,CO,,,,,,,,,,,,C541011,,,US,,,,,,,,,,,,,,NT15,,,,,,,,,,CRMH04,,10,X,,X,,,,,,,,A17SAT HOUSE ACCOUNT,A17-S999,C541011,A17SAT,,Peyton’s Fountain,,,,,CO,
,X,TCUS,DURR UNIVERSAL S DE RL DE CV,,0003,DURR UNIVERSAL S DE RL DE CV,,,SAN LUIS POTOSÍ,78395,AVENUE MANTENIMIENTO 130 ZONA INDUSTRIAL,"Ximena Canales, 011 52 444 870",,MX,E,SLP,,,,,,,,,,,,C549819,,,US,,,,,,,,,,,,,,NT15,,,,,,,,,,CRMH04,,10,X,,X,,,,,,,,A17SAT HOUSE ACCOUNT,A17-S999,C549819,A17SAT,,Durr Universal S. de R.L. de C.V,,,,,SLP,
,X,TCUS,CHROMA MEDICINE,,0003,CHROMA MEDICINE,,,BOSTON,02215,201 BROOKLINE AVENUE,Yessenia Anglero Roduguez,,US,E,MA,,,,,,,,,,,,C554228,,,US,,,,,,,,,,,,,,NT15,,,,,,,,,,CRMH04,,10,X,,X,,,,,,,,A17SAT HOUSE ACCOUNT,A17-S999,C554228,A17SAT,,CHROMA MEDICINE,,,,,MA,
,X,TCUS,LOG MASTERS SC,,0003,LOGISTICS MASTERS SC,,,REYNOSA,88788,BOULEVARD LUIS DONALDO COLOSIO SN INT 13 Y 14,ZONA DE AGENTES ADUANALES,,MX,E,TAMAULIPAS,,,,,,,,,,,,C531767,,,US,,,,080000,170000,080000,170000,,,,,,,NT15,,,,,,,,,,CRMH04,,10,X,,X,,,,,,,,A17SAT HOUSE ACCOUNT,A17-S999,C531767,A17SAT,,"LOGISTICS MASTERS, S.C.",,,,,TAMAULIPAS,
,X,TCUS,SCREW CONVEYOR DE MEXICO,,0003,SCREW CONVEYOR DE MEXICO,,,GUADALAJARA,,OSCAR MENENDEZ NO 2522,Zona Industrial,,MX,E,JALISCO,,,,,,,,,,,,C542492,,,US,,,,,,,,,,,,,,NT15,,,,,,,,,,CRMH04,,10,X,,X,,,,,,,,A17SAT HOUSE ACCOUNT,A17-S999,C542492,A17SAT,,Screw Conveyor DE Mexico,,,,,JALISCO,
,X,TCUS,EBERHARD MANU CO,,0003,EBERHARD MANUFACTURING CO,,,STRONGSVILLE,44149,21944 DRAKE ROAD,,,US,E,OH,,,,,,,,,,,,C251259,,,US,,,,,,,,,,,,,,NT15,,,,CLE,A,,,,,CRMH04,,10,X,,X,,,,,,,,A17SAT HOUSE ACCOUNT,A17-S999,C251259,,,Eberhard Manufacturing Co,CLE,A,,,OH,
,X,TCUS,LUFTHANSA CARGO DEN,,0003,LUFTHANSA CARGO DEN,,,DENVER,80249,27000 EAST 75TH AVENUE UNIT A,,,US,E,CO,8005422746,,,,,,,,,,,C268369,,,US,,,,,,,,,,,,,,NT15,,,,,,,,,,CRMH04,,10,X,,X,,,,,,,,A17SAT HOUSE ACCOUNT,A17-S999,C268369,A17SAT,,Lufthansa Cargo DEN,,,,,CO,
,X,TCUS,WORLD TRADE DIST IAH,,0003,WORLD TRADE DISTRIBUTION IAH,,,HOUSTON,77020,2222 NORTH WAYSIDE,,,US,E,TX,,,,,,,,,,,,C311730,,,US,,,,,,,,,,,,,,NT15,,,,,,,,,,CRMH04,,10,X,,X,,,,,,,,A17SAT HOUSE ACCOUNT,A17-S999,C311730,,,WORLD TRADE DISTRIBUTION (IAH),,,,,TX,
,X,TCUS,TTI,,0003,TTI INC,,,FORTH WORTH,76137,3737 MEACHAM BOULEVARD,,,US,E,TX,817.740.9000,,,,,,,,,,,C237987,,208234316,KS,38692765,,20090617,,,,,,,,,,,NT15,,,,,,,,,,CRMH04,,10,X,,X,,,,,,,,B50ORD KEVIN SNEATH,S138,C237987,,,TTI INC,,,,,TX,
,X,TCUS,UPS,,0003,UPS,,,PHARR,78577,201 WEST ANAYA ROAD,,,,E,TX,,,,,,,,,,,,C327621,,,US,,,,,,,,,,,,,,NT15,,,,,,,,,,CRMH04,,10,X,,X,,,,,,,,A17SAT HOUSE ACCOUNT,A17-S999,C327621,,,UPS,,,,,TX,
,X,TCUS,WESTERN DIVERSIFIED PLASTICS,,0003,WESTERN DIVERSIFIED PLASTICS,,,MATTAWAN,49071,53150 N MAIN STREET,,,US,E,MI,,,,,,,,,,,,C329087,,,US,,,,080000,170000,,,,,,,,,NT15,,,,,,,,,,CRMH04,,10,X,,X,,,,,,,,A17SAT HOUSE ACCOUNT,A17-S999,C329087,,,Western Diversified Plastics,,,,,MI,
,X,TCUS,VERST GROUP LOGISTICS-FLORENCE,,0003,VERST GROUP LOGISTICS-FLORENCE,,,FLORENCE,41042,1100 BURLINGTON PIKE,,,US,E,KY,,,,,,,,,,,,C330813,,,US,,,,,,,,,,,,,,NT15,,,,,,,,,,CRMH04,,10,X,,X,,,,,,,,A17SAT HOUSE ACCOUNT,A17-S999,C330813,,,Verst Group Logistics-Florence,,,,,KY,
,X,TCUS,IMEX FORWARDING AGENCY,,0003,IMEX FORWARDING AGENCY INC,,,LAREDO,78045,14414 MAQUILA LOOP,,,,E,TX,,,,,,,,,,,,C341608,,,US,,,,,,,,,,,,,,NT15,,,,LRD,A,,,,,CRMH04,,10,X,,X,,,,,,,,A17SAT HOUSE ACCOUNT,A17-S999,C341608,,,Imex Forwarding Agency Inc,LRD,A,,,TX,
,X,TCUS,KRAYDENMEX / FWD EP,,0003,KRAYDENMEX / FWD EP,,,EL PASO,79936,12115 ROJAS DRIVE,,,US,E,TX,,,,,,,,,,,,C363056,,,US,,,,,,,,,,,,,,NT15,,,,,,,,,,CRMH04,,10,X,,X,,,,,,,,A17SAT HOUSE ACCOUNT,A17-S999,C363056,,,KRAYDENMEX / FWD EP,,,,,TX,
,X,TCUS,UNITED CARGO DEN,,0003,UNITED CARGO DEN,,,DENVER,80249,27000 EAST 75TH AVENUE,,,US,E,CO,,,,,,,,,,,,C366041,,,US,,,,,,,,,,,,,,NT15,,,,,,,,,,CRMH04,,10,X,,X,,,,,,,,A17SAT HOUSE ACCOUNT,A17-S999,C366041,,,UNITED CARGO DEN,,,,,CO,
,X,TCUS,SKY MART SALES,,0003,SKY MART SALES CORP,,,MIAMI,33172,9475 NW 13 STREET,,,US,E,FL,,,,,,,,,,,,C366784,,,KS,1058684255,,20200110,,,,,,,,,,,NT15,,,,MIA,A,,,,,CRMH04,,10,X,,X,,,,,,,,A17SAT HOUSE ACCOUNT,A17-S999,C366784,,,"SKY MART SALES, CORP.",MIA,A,,,FL,
,X,TCUS,CONTROL DEVICES STONERIDGE,,0003,CONTROL DEVICES STONERIDGE INC,,,LEXINGTON,44904,345 SOUTH MILL STREET,,,US,E,OH,,,,,,,,,,,,C367689,,,US,,,,,,,,,,,,,,NT15,,,,,,,,,,CRMH04,,10,X,,X,,,,,,,,A17SAT HOUSE ACCOUNT,A17-S999,C367689,,,"Control Devices, Stoneridge, Inc",,,,,OH,
,X,TCUS,FOX VALLEY MOLDING - HARLINGEN,,0003,FOX VALLEY MOLDING INC - HARLINGEN,,,HARLINGEN,78550,5506 E GRIMES STREET,,,US,E,TX,,,,,,,,,,,,C369979,,,US,,,,,,,,,,,,,,NT15,,,,,,,,,,CRMH04,,10,X,,X,,,,,,,,A17SAT HOUSE ACCOUNT,A17-S999,C369979,,,Fox Valley Molding Inc - Harlingen,,,,,TX,
,X,TCUS,UNITED CARGO LAX,,0003,UNITED CARGO LAX,,,LAX,,,,,US,E,CA,,,,,,,,,,,,C386555,,,US,,,,,,,,,,,,,,NT15,,,,,,,,,,CRMH04,,10,X,,X,,,,,,,,A17SAT HOUSE ACCOUNT,A17-S999,C386555,,,UNITED CARGO LAX,,,,,CA,
,X,TCUS,ANIXTER USA,,0003,ANIXTER INC USA,,,ALSIP,60803,11740 SOUTH AUSTIN AVENUE,,,US,E,IL,,,,,,,,,,,,C389264,,,KS,1030981155,,20140908,,,,,,,,,,,NT15,,,,ORD,B,,,,,CRMH04,,10,X,,X,,,,,,,,A17SAT HOUSE ACCOUNT,A17-S999,C389264,,,ANIXTER INC (USA),ORD,B,,,IL,
,X,TCUS,DHL AIRPORT,,0003,DHL AIRPORT,,,PHILADELPHIA,19148,PHILADELPHIA AIRPORT,,,US,E,PA,,,,,,,,,,,,C397524,,,US,,,,,,,,,,,,,,NT15,,,,,,,,,,CRMH04,,10,X,,X,,,,,,,,A17SAT HOUSE ACCOUNT,A17-S999,C397524,,,DHL AIRPORT,,,,,PA,
,X,TCUS,ADAM TECH,,0003,ADAM TECH,,,UNION,07083,909 RAHWAY AVENUE,,,US,E,NJ,,,,,,,,,,,,C400562,,,US,,,,,,,,,,,,,,NT15,,,,,,,,,,CRMH04,,10,X,,X,,,,,,,,A17SAT HOUSE ACCOUNT,A17-S999,C400562,,,Adam Tech,,,,,NJ,
,X,TCUS,NSE 1/4,,0003,NSE 1/4,,,LINCOLN,35096,294-A CLOVER ROAD,,,US,E,AL,,,,,,,,,,,,C413418,,,US,,,,,,,,,,,,,,NT15,,,,,,,,,,CRMH04,,10,X,,X,,,,,,,,A17SAT HOUSE ACCOUNT,A17-S999,C413418,,,NSE 1/4,,,,,AL,
,X,TCUS,ST GEORGE LOG,,0003,ST GEORGE LOGISTICS,,,COMPTON,90220,1650 SOUTH CENTRAL AVENUE,,,US,E,CA,,,,,,,,,,,,C419950,,,US,,,,,,,,,,,,,,NT15,,,,LAX,A,,,,,CRMH04,,10,X,,X,,,,,,,,A17SAT HOUSE ACCOUNT,A17-S999,C419950,,,ST GEORGE LOGISTICS,LAX,A,,,CA,
,X,TCUS,IEWC PHOENIX,,0003,IEWC PHOENIX,,,SCOTTSDALE,85260,15550 NORTH 78TH STREET,,,US,E,AZ,,,,,,,,,,,,C426507,,,US,,,,,,,,,,,,,,NT15,,,,PHX,B,,,,,CRMH04,,10,X,,X,,,,,,,,A17SAT HOUSE ACCOUNT,A17-S999,C426507,,,IEWC PHOENIX,PHX,B,,,AZ,
,X,TCUS,FORWARD AIR - MFE,,0003,FORWARD AIR - MFE,,,MCALLEN,78503,,,,US,E,TX,956-682-0825,,,,,,,,,,,C427482,,,US,,,,,,,,,,,,,,NT15,,,,MFE,A,,,,,CRMH04,,10,X,,X,,,,,,,,A17SAT HOUSE ACCOUNT,A17-S999,C427482,,,FORWARD AIR - MFE,MFE,A,,,TX,
,X,TCUS,OMAR SANTOS TRADECO,,0003,OMAR SANTOS INC TRADECO,,,LAREDO,78045,8503 SAN GABRIEL,,,US,E,TX,,,,,,,,,,,,C440892,,,US,,,,,,,,,,,,,,NT15,,,,LRD,A,,,,,CRMH04,,10,X,,X,,,,,,,,A17SAT HOUSE ACCOUNT,A17-S999,C440892,,,Omar Santos Inc.% Tradeco,LRD,A,,,TX,
,X,TCUS,TOYODA GOSEI BROWNSVILLE TX,,0003,TOYODA GOSEI BROWNSVILLE TEXAS LLC,,,LOS INDIOS,78567,107 JOAQUIN CAVAZOS ROAD,,,US,E,TX,,,,,,,,,,,,C443939,,,US,,,,,,,,,,,,,,NT15,,,,,,,,,,CRMH04,,10,X,,X,,,,,,,,A17SAT HOUSE ACCOUNT,A17-S999,C443939,,,TOYODA GOSEI BROWNSVILLE TEXAS LLC,,,,,TX,
,X,TCUS,CORSO GIOVANNI AGNELLI 200,,0003,CORSO GIOVANNI AGNELLI 200,,,VOLVERA,ITALY,,,,IT,E,TORINO,390 110031111,,,,,,,,,,,C445078,,,US,,,,,,,,,,,,,,NT15,,,,,,,,,,CRMH04,,10,X,,X,,,,,,,,A17SAT HOUSE ACCOUNT,A17-S999,C445078,,,Corso Giovanni Agnelli 200,,,,,TORINO,
,X,TCUS,ELLSWORTH ADHESIVE,,0003,ELLSWORTH ADHESIVE,,,GERMANTOWN,53022,W129 N10825 WASHINGTON DRIVE,,,US,E,WI,,,,,,,,,,,,C459656,,,US,,,,,,,,,,,,,,NT15,,,,,,,,,,CRMH04,,10,X,,X,,,,,,,,A17SAT HOUSE ACCOUNT,A17-S999,C459656,,,ELLSWORTH ADHESIVE,,,,,WI,
,X,TCUS,ST GEORGE WHSE,,0003,ST GEORGE WAREHOUSE,,,COMPTON,90220,1650 SOUTH CENTRAL AVENUE,,,US,E,CA,,,,,,,,,,,,C223900,,,US,,,19000101,,,,,,,,,,,NT15,,,,LAX,A,,,,,CRMH04,,10,X,,X,,,,,,,,A17SAT HOUSE ACCOUNT,A17-S999,C223900,,,St. George Warehouse,LAX,A,,,CA,
,X,TCUS,UNI-TRADE FORWARDING,,0003,UNI-TRADE FORWARDING,,,LAREDO,78045,130 FLECHA LANE,,,US,E,TX,,,,,,,,,,,,C459998,,,US,,,,,,,,,,,,,,NT15,,,,LRD,A,,,,,CRMH04,,10,X,,X,,,,,,,,A17SAT HOUSE ACCOUNT,A17-S999,C459998,,,UNI-TRADE FORWARDING,LRD,A,,,TX,
,X,TCUS,HARBOUR INDUSTRIES,,0003,HARBOUR INDUSTRIES LLC,,,SHELBURNE,05482,4744 SHELBOURNE ROAD,,,US,E,VT,,,,,,,,,,,,C468078,,,KS,1190686663,,20170622,,,,,,,,,,,NT15,,,,,,,,,,CRMH04,,10,X,,X,,,,,,,,A17SAT HOUSE ACCOUNT,A17-S999,C468078,,,HARBOUR INDUSTRIES LLC,,,,,VT,
,X,TCUS,LOERA CUSTOMS BROKERAGE,,0003,LOERA CUSTOMS BROKERAGE INC,,,BROWNSVILLE,78521,5845 E 14 STREET,,,US,E,TX,,,,,,,,,,,,C468943,,,US,,,,,,,,,,,,,,NT15,,,,MFE,C,,,,,CRMH04,,10,X,,X,,,,,,,,A17SAT HOUSE ACCOUNT,A17-S999,C468943,,,LOERA CUSTOMS BROKERAGE INC.,MFE,C,,,TX,
,X,TCUS,FCA / CHRYSLER GROUP,,0003,FCA / CHRYSLER GROUP LLC,,,AUBURN HILLS,48326,2301 FEATHERSTONE ROAD,,,US,E,MI,,,,,,,,,,,,C474333,,,US,,,,,,,,,,,,,,NT15,,,,DTW,D,,,,,CRMH04,,10,X,,X,,,,,,,,A17SAT HOUSE ACCOUNT,A17-S999,C474333,,,FCA / CHRYSLER GROUP LLC,DTW,D,,,MI,
,X,TCUS,STG LOG,,0003,STG LOGISTICS,,,COMPTON,90220,1650 SOUTH CENTRAL AVENUE,,,US,E,CA,,,,,,,,,,,,C481108,,,US,,,,,,,,,,,,,,NT15,,,,LAX,A,,,,,CRMH04,,10,X,,X,,,,,,,,A17SAT HOUSE ACCOUNT,A17-S999,C481108,,,STG LOGISTICS,LAX,A,,,CA,
,X,TCUS,C/O FEDEX SUPPLY CHAIN,,0003,C/O FEDEX SUPPLY CHAIN,,,SAXONBURG,16056,1200 SOUTH NOA DRIVE,,,US,E,PA,,,,,,,,,,,,C496996,,,US,,,,,,,,,,,,,,NT15,,,,,,,,,,CRMH04,,10,X,,X,,,,,,,,A17SAT HOUSE ACCOUNT,A17-S999,C496996,,,c/o FEDEX Supply Chain,,,,,PA,
,X,TCUS,HAPPY MANSIONDBA TOUGHDOG SECURITY,,0003,HAPPY MANSION LLC DBA TOUGHDOG SECURITY,,,PHARR,78577,1500 MID CITIES,,,US,E,TX,9562051345,,,,,,,,,,,C498397,,,US,,,,090000,100000,090000,100000,,,,,,,NT15,,,,,,,10032980,,,CRMH04,,10,X,,X,,,,,,,,A17SAT HOUSE ACCOUNT,A17-S999,C498397,A17SAT,10032980,HAPPY MANSION LLC DBA TOUGHDOG SECURITY,,,,,TX,
,X,TCUS,GUANGDONG TOPLEADER AUTOMOTIVE AIR CONDITIONING CO,,0003,GUANGDONG TOPLEADER AUTOMOTIVE AIR CONDITIONING CO,,,"DONGGUAN CITY, GUANGDONG",523402,425 JINXING ROAD LIAOBU TOWN,,,CN,E,Guangdong,,,,,,,,,,,,C498455,,,US,,,,,,,,,,,,,,NT15,,,,,,,,,,CRMH04,,10,X,,X,,,,,,,,A17SAT HOUSE ACCOUNT,A17-S999,C498455,,,Guangdong Topleader Automotive Air Conditioning Co,,,,,Guangdong,
,X,TCUS,SEASON GROUP MX RL DE CV,,0003,SEASON GROUP MX RL DE CV,,,PHARR,78577,1000 WEST ANAYA,,,US,E,TX,,,,,,,,,,,,C499201,,,US,,,,080000,170000,080000,170000,,,,,,,NT15,,,,,,,10033193,,,CRMH04,,10,X,,X,,,,,,,,A17SAT HOUSE ACCOUNT,A17-S999,C499201,A17SAT,10033193,SEASON GROUP MX RL DE CV,,,,,TX,
,X,TCUS,BS TRADER,,0003,BS TRADER,,,HIDALGO,78577,9105 SEGUIN DRIVE STE-A,,,US,E,TX,,,,,,,,,,,,C503986,,,US,,,,080000,180000,080000,180000,,,,,,,NT15,,,,,,,10034245,,,CRMH04,,10,X,,X,,,,,,,,A17SAT HOUSE ACCOUNT,A17-S999,C503986,A17SAT,10034245,"B,S TRADER",,,,,TX,
,X,TCUS,LION SUPPLY,,0003,LION SUPPLY INC,,,BROWNSVILLE,78526,1244 ROBINHOOD STREET SUITE 118,,,US,E,TX,,,,,,,,,,,,C504449,,,US,,,,090000,180000,090000,180000,,,,,,,NT15,,,,MFE,C,,10034277,,,CRMH04,,10,X,,X,,,,,,,,A17SAT HOUSE ACCOUNT,A17-S999,C504449,A17SAT,10034277,LION SUPPLY INC,MFE,C,,,TX,
,X,TCUS,9008 GOLIAD DR,,0003,9008 GOLIAD DR,,,PHARR,78577,RIGO ECHAVARRIA,,,US,E,TX,,,,,,,,,,,,C507763,,,US,,,,080000,180000,080000,180000,,,,,,,NT15,,,,,,,10035555,,,CRMH04,,10,X,,X,,,,,,,,A17SAT HOUSE ACCOUNT,A17-S999,C507763,A17SAT,10035555,9008 GOLIAD DR,,,,,TX,
,X,TCUS,BAYPORT CONTAINER TERMINAL,,0003,BAYPORT CONTAINER TERMINAL,,,HOUSTON,77586,12619 PORT ROAD,,,US,E,TX,,,,,,,,,,,,C508458,,,US,,,,,,,,,,,,,,NT15,,,,IAH,E,,,,,CRMH04,,10,X,,X,,,,,,,,A17SAT HOUSE ACCOUNT,A17-S999,C508458,,,BAYPORT CONTAINER TERMINAL,IAH,E,,,TX,
,X,TCUS,INTSOL GROUP,,0003,INTSOL GROUP,,,LAREDO,78045,301 INTERAMERICA BOULEVARD,,,US,E,TX,,,,,,,,,,,,C510112,,,US,,,,080000,170000,080000,170000,,,,,,,NT15,,,,LRD,A,,,,,CRMH04,,10,X,,X,,,,,,,,A17SAT HOUSE ACCOUNT,A17-S999,C510112,A17SAT,,INTSOL GROUP,LRD,A,,,TX,
,X,TCUS,BP HELIOS CAFE,,0003,BP HELIOS CORPORATE CAFE,,,HOUSTON,77079,HELIOS WAY,,,US,E,TX,,,,,,,,,,,,C510467,,,US,,,,,,,,,,,,,,NT15,,,,IAH,C,,,,,CRMH04,,10,X,,X,,,,,,,,A17SAT HOUSE ACCOUNT,A17-S999,C510467,,,BP Helios Corporate Cafe,IAH,C,,,TX,
,X,TCUS,ANIXTER,,0003,ANIXTER INC,,,EL PASO,79936,1435 EAST HENRY BRENNAN DRIVE SUITE H,,,US,E,TX,,,,,,,,,,,,C510486,,,US,,,,,,,,,,,,,,NT15,,,,,,,,,,CRMH04,,10,X,,X,,,,,,,,A17SAT HOUSE ACCOUNT,A17-S999,C510486,,,Anixter Inc,,,,,TX,
,X,TCUS,HILTON AMERICAS HOUSTON,,0003,HILTON AMERICAS HOUSTON,,,HOUSTON,77010,1600 LAMAR STREET,,,US,E,TX,,,,,,,,,,,,C510490,,,US,,,,,,,,,,,,,,NT15,,,,IAH,B,,,,,CRMH04,,10,X,,X,,,,,,,,A17SAT HOUSE ACCOUNT,A17-S999,C510490,A17SAT,,HILTON AMERICAS HOUSTON,IAH,B,,,TX,
,X,TCUS,BAYSIDE FRESH MARKET,,0003,BAYSIDE FRESH MARKET,,,LOS INDIOS,78567,HORSESHOE BAY,,,US,E,TX,,,,,,,,,,,,C510599,,,US,,,,,,,,,,,,,,NT15,,,,,,,,,,CRMH04,,10,X,,X,,,,,,,,A17SAT HOUSE ACCOUNT,A17-S999,C510599,,,Bayside Fresh Market,,,,,TX,
,X,TCUS,DLH BOWLES,,0003,DLH BOWLES INC,,,MCALLEN,78503,5001 TANYA AVENUE,,,US,E,TX,,,,,,,,,,,,C511062,,,US,,,,,,,,,,,,,,NT15,,,,MFE,A,,,,,CRMH04,,10,X,,X,,,,,,,,A17SAT HOUSE ACCOUNT,A17-S999,C511062,,,DLH BOWLES INC,MFE,A,,,TX,
,X,TCUS,ALLOYS VALVES & CONTROL,,0003,ALLOYS VALVES & CONTROL INC,,,SANTA ANA,92704,3210 S SUSAN STREET,,,US,E,CA,,,,,,,,,,,,C511070,,,US,,,,,,,,,,,,,,NT15,,,,LAX,C,,,,,CRMH04,,10,X,,X,,,,,,,,A17SAT HOUSE ACCOUNT,A17-S999,C511070,,,ALLOYS VALVES & CONTROL INC,LAX,C,,,CA,
,X,TCUS,5 STAR EMBROIDERY,,0003,5 STAR EMBROIDERY,,,MCALLEN,78504,7605 N 26TH STREET,,,US,E,TX,,,,,,,,,,,,C512211,,83-2111924,US,,,,080000,180000,080000,180000,,,,,,,NT15,,,,MFE,A,,10035556,,,CRMH04,,10,X,,X,,,,,,,,A17SAT HOUSE ACCOUNT,A17-S999,C512211,A17SAT,10035556,5 STAR EMBROIDERY,MFE,A,,,TX,
,X,TCUS,AUSTIN MANU SVCS,,0003,AUSTIN MANUFACTURING SERVICES,,,AUSTIN,78728,NORTH TECH BUILDING 5 SUITE 550,,,US,E,TX,,,,,,,,,,,,C513236,,,US,,,,,,,,,,,,,,NT15,,,,,,,,,,CRMH04,,10,X,,X,,,,,,,,A17SAT HOUSE ACCOUNT,A17-S999,C513236,,,AUSTIN MANUFACTURING SERVICES,,,,,TX,
,X,TCUS,JANUS FIRE SYSTEM,,0003,JANUS FIRE SYSTEM,,,CROWN POINT,46307,1102 RUPCICH DRIVE,,,US,E,IN,,,,,,,,,,,,C513279,,,US,,,,,,,,,,,,,,NT15,,,,ORD,T,,,,,CRMH04,,10,X,,X,,,,,,,,A17SAT HOUSE ACCOUNT,A17-S999,C513279,A17SAT,,JANUS FIRE SYSTEM,ORD,T,,,IN,
,X,TCUS,ANAM LOG,,0003,ANAM LOGISTICS,,,LAREDO,78045,8503 SAN GABRIEL,,,US,E,TX,,,,,,,,,,,,C513280,,,US,,,,,,,,,,,,,,NT15,,,,LRD,A,,10035684,,,CRMH04,,10,X,,X,,,,,,,,A17SAT HOUSE ACCOUNT,A17-S999,C513280,A17SAT,10035684,ANAM LOGISTICS,LRD,A,,,TX,
,X,TCUS,JG CUSTOMS FORWARDING,,0003,JG CUSTOMS FORWARDING LLC,,,PHARR,78577,1300 EAST MILITARY HIGHWAY 281,,,US,E,TX,,,,,,,,,,,,C513322,,,US,,,,,,,,,,,,,,NT15,,,,,,,,,,CRMH04,,10,X,,X,,,,,,,,A17SAT HOUSE ACCOUNT,A17-S999,C513322,,,JG CUSTOMS FORWARDING LLC,,,,,TX,
,X,TCUS,MERCURY PROD CO,,0003,MERCURY PRODUCTS CO,,,SALTILLO,25010,SIERRA TARAHUMARA 546 SIERRA DEL SUR SALTILLO CO,,,,E,Coah,,,,,,,,,,,,C514683,,,US,,,,,,,,,,,,,,NT15,,,,,,,,,,CRMH04,,10,X,,X,,,,,,,,A17SAT HOUSE ACCOUNT,A17-S999,C514683,,,Mercury Products Co,,,,,Coah,
,X,TCUS,BLUE GRACE LOG,,0003,BLUE GRACE LOGISTICS,,,RIVERVIEW,33578,2846 SOUTH FALKENBURG,,,US,E,FL,,,,,,,,,,,,C527906,,,US,,,,080000,180000,080000,180000,,,,,,,NT15,,,,,,,10036650,,,CRMH04,,10,X,,X,,,,,,,,A17SAT HOUSE ACCOUNT,A17-S999,C527906,A17SAT,10036650,BLUE GRACE LOGISTICS,,,,,FL,
,X,TCUS,BAYTOWN PACKHOUSE,,0003,BAYTOWN PACKHOUSE,,,BAYTOWN,77523,5411 AMERIPORT PARKWAY,,,US,E,TX,,,,,,,,,,,,C528929,,,US,,,,080000,180000,080000,180000,,,,,,,NT15,,,,HOU,D,,,,,CRMH04,,10,X,,X,,,,,,,,A17SAT HOUSE ACCOUNT,A17-S999,C528929,A17SAT,,Baytown Packhouse,HOU,D,,,TX,
,X,TCUS,CELATOR,,0003,CELATOR,,,ZAPOPAN,45221,CARR A CUCBA 400 INT 3-B LA VENTA DEL ASTILLER,,,MX,E,JALISCO,,,,,,,,,,,,C529318,,,US,,,,,,,,,,,,,,NT15,,,,,,,,,,CRMH04,,10,X,,X,,,,,,,,A17SAT HOUSE ACCOUNT,A17-S999,C529318,,,CELATOR,,,,,JALISCO,
,X,TCUS,TRANSMARINE HOUSTON,,0003,TRANSMARINE HOUSTON,,,HUMBLE,77396,2006 WILSON ROAD,,,US,E,TX,,,,,,,,,,,,C529368,,,US,,,,,,,,,,,,,,NT15,,,,,,,,,,CRMH04,,10,X,,X,,,,,,,,A17SAT HOUSE ACCOUNT,A17-S999,C529368,,,TRANSMARINE HOUSTON,,,,,TX,
,X,TCUS,CORE COMPOSITES,,0003,CORE COMPOSITES,,,MATAMOROS,87569,CARRETERA MATAMOROS REYNOSA,,,MX,E,TAMAULIPAS,,,,,,,,,,,,C529574,,,US,,,,080000,170000,080000,170000,,,,,,,NT15,,,,,,,,,,CRMH04,,10,X,,X,,,,,,,,A17SAT HOUSE ACCOUNT,A17-S999,C529574,,,CORE COMPOSITES,,,,,TAMAULIPAS,
,X,TCUS,A SCHULMAN DE MÉXICO SA DE CV,,0003,A SCHULMAN DE MÉXICO SA DE CV,,,SAN LUIS POTOSÍ,78395,AVENUE CFE 730 ZONA INDUSTRIAL DEL POTOSI,,,MX,E,SLP,,,,,,,,,,,,C530395,,,US,,,,080000,170000,080000,170000,,,,,,,NT15,,,,,,,,,,CRMH04,,10,X,,X,,,,,,,,A17SAT HOUSE ACCOUNT,A17-S999,C530395,A17SAT,,"A. SCHULMAN DE MÉXICO, S.A. DE C.V.",,,,,SLP,
,X,TCUS,MEIJER DC-093,,0003,MEIJER DC-093,,,LANSING,48917,2501 SOUTH CREYTS ROAD,,,US,E,MI,,,,,,,,,,,,C531434,,,US,,,,,,,,,,,,,,NT15,,,,DTW,E,,,,,CRMH04,,10,X,,X,,,,,,,,A17SAT HOUSE ACCOUNT,A17-S999,C531434,,,MEIJER DC-093,DTW,E,,,MI,
,X,TCUS,DAIICHI ELEKTRONIK,,0003,DAIICHI ELEKTRONIK,,,ESCOBEDO,66422,AVENUE LAS TORRES NO 500 COL EJIDO SAN NICOLÁS,,,MX,E,NUEVO LEON,,,,,,,,,,,,C531578,,,US,,,,080000,170000,080000,170000,,,,,,,NT15,,,,,,,,,,CRMH04,,10,X,,X,,,,,,,,A17SAT HOUSE ACCOUNT,A17-S999,C531578,A17SAT,,DAIICHI ELEKTRONIK,,,,,NUEVO LEON,
,X,TCUS,C & S WHOLESALE GROCERS,,0003,C & S WHOLESALE GROCERS,,,BETHLEHEM,18020,125 NORTH COMMERCE WAY,,,US,E,PA,,,,,,,,,,,,C531676,,,US,,,,,,,,,,,,,,NT15,,,,,,,,,,CRMH04,,10,X,,X,,,,,,,,A17SAT HOUSE ACCOUNT,A17-S999,C531676,A17SAT,,C & S Wholesale Grocers,,,,,PA,
,X,TCUS,PENDA,,0003,PENDA CORPORATION,,,PORTAGE,53901,2344 WEST WISCONSIN STREET,,,US,E,WI,,,,,,,,,,,,C531823,,,US,,,,080000,170000,080000,170000,,,,,,,NT15,,,,MSN,C,,,,,CRMH04,,10,X,,X,,,,,,,,A17SAT HOUSE ACCOUNT,A17-S999,C531823,A17SAT,,PENDA CORPORATION,MSN,C,,,WI,
,X,TCUS,SERVIACERO,,0003,SERVIACERO,,,LEON,37490,CIRCUITO OLEODUCTO 212 COL CIUDAD INDUSTRIAL,,,MX,E,GUANAJUATO,,,,,,,,,,,,C531911,,,US,,,,080000,170000,080000,170000,,,,,,,NT15,,,,,,,,,,CRMH04,,10,X,,X,,,,,,,,A17SAT HOUSE ACCOUNT,A17-S999,C531911,A17SAT,,SERVIACERO,,,,,GUANAJUATO,
,X,TCUS,MOLD-TECH,,0003,MOLD-TECH,,,EL MARQUEZ,76295,CATARATAS 3 BODEGA 1 PARQUE INDUSTRIAL LA NORIA,,,MX,E,QUERETARO,,,,,,,,,,,,C531916,,,US,,,,080000,170000,080000,170000,,,,,,,NT15,,,,,,,,,,CRMH04,,10,X,,X,,,,,,,,A17SAT HOUSE ACCOUNT,A17-S999,C531916,A17SAT,,MOLD-TECH,,,,,QUERETARO,
,X,TCUS,MGI CAJAS,,0003,MGI CAJAS,,,SALTILLO,25137,BOULEVARD LUIS ECHEVERRIA 1795,,,MX,E,COAHUILA,,,,,,,,,,,,C532104,,,US,,,,080000,170000,080000,170000,,,,,,,NT15,,,,,,,,,,CRMH04,,10,X,,X,,,,,,,,A17SAT HOUSE ACCOUNT,A17-S999,C532104,A17SAT,,MGI CAJAS,,,,,COAHUILA,
,X,TCUS,TOYOTA MOTOR NORTH AMER SAT,,0003,TOYOTA MOTOR NORTH AMERICA SAT,,,SAN ANTONIO,78264,1 LONE STAR PASS BLDG 24,,,US,E,TX,,,,,,,,,,,,C532834,,,US,,,,080000,170000,080000,170000,,,,,,,NT15,,,,,,,,,,CRMH04,,10,X,,X,,,,,,,,A17SAT HOUSE ACCOUNT,A17-S999,C532834,A17SAT,,TOYOTA MOTOR NORTH AMERICA SAT,,,,,TX,
,X,TCUS,ELITE CUSTOMS BROKERAGE SVCS,,0003,ELITE CUSTOMS BROKERAGE SERVICES,,,MISSION,78572,,,,US,E,TX,,,,,,,,,,,,C532869,,,US,,,,080000,170000,080000,170000,,,,,,,NT15,,,,,,,,,,CRMH04,,10,X,,X,,,,,,,,A17SAT HOUSE ACCOUNT,A17-S999,C532869,A17SAT,,Elite Customs Brokerage Services,,,,,TX,
,X,TCUS,PEMSA,,0003,PEMSA,,,CELAYA,38024,AVENUE CONCEPCION BEISTEGUI 2007 ZONA INDUSTRIAL PTE,,,MX,E,GUANAJUATO,,,,,,,,,,,,C533097,,,US,,,,080000,170000,080000,170000,,,,,,,NT15,,,,MEM,F,,,,,CRMH04,,10,X,,X,,,,,,,,A17SAT HOUSE ACCOUNT,A17-S999,C533097,A17SAT,,PEMSA,MEM,F,,,GUANAJUATO,
,X,TCUS,ZAT LOG C/O AIRGROUP,,0003,ZAT LOGISTICS C/O AIRGROUP,,,REYNOSA,88780,BRECHA E-99 SN INT COL PARQ REYNOSA,,,MX,E,TAMAULIPAS,,,,,,,,,,,,C533147,,,US,,,,080000,170000,080000,170000,,,,,,,NT15,,,,,,,,,,CRMH04,,10,X,,X,,,,,,,,A17SAT HOUSE ACCOUNT,A17-S999,C533147,A17SAT,,ZAT LOGISTICS c/o AIRGROUP,,,,,TAMAULIPAS,
,X,TCUS,TOYOTA MOTOR NORTH AMER PLANO,,0003,TOYOTA MOTOR NORTH AMERICA PLANO,,,PLANO,75024,6565 HEADQUARTERS DRIVE,,,US,E,TX,,,,,,,,,,,,C533239,,,US,,,,080000,170000,080000,170000,,,,,,,NT15,,,,DFW,B,,,,,CRMH04,,10,X,,X,,,,,,,,A17SAT HOUSE ACCOUNT,A17-S999,C533239,A17SAT,,TOYOTA MOTOR NORTH AMERICA PLANO,DFW,B,,,TX,
,X,TCUS,AFS AGENCIA ADUANAL,,0003,AFS AGENCIA ADUANAL,,,NUEVO LAREDO,88000,ALDAMA 1115 COL NUEVO LAREDO CENTRO,,,MX,E,TAMAULIPAS,,,,,,,,,,,,C533963,,,US,,,,080000,170000,080000,170000,,,,,,,NT15,,,,,,,,,,CRMH04,,10,X,,X,,,,,,,,A17SAT HOUSE ACCOUNT,A17-S999,C533963,A17SAT,,AFS AGENCIA ADUANAL,,,,,TAMAULIPAS,
,X,TCUS,FCA US- 03111WARREN PARTS DC,,0003,FCA US LLC - 03111WARREN PARTS DC,,,WARREN,48091,21035 SHERWOOD AVENUE BLDG EAST,,,US,E,MI,,,,,,,,,,,,C533969,,,US,,,,,,,,,,,,,,NT15,,,,,,,,,,CRMH04,,10,X,,X,,,,,,,,A17SAT HOUSE ACCOUNT,A17-S999,C533969,A17SAT,,FCA US LLC - 03111WARREN PARTS DC,,,,,MI,
,X,TCUS,CHRYSLER / MOPAR,,0003,CHRYSLER / MOPAR,,,WARREN,48091,21555 SHERWOOD AVENUE BLDG EAST,,,US,E,MI,,,,,,,,,,,,C534727,,,US,,,,,,,,,,,,,,NT15,,,,,,,,,,CRMH04,,10,X,,X,,,,,,,,A17SAT HOUSE ACCOUNT,A17-S999,C534727,A17SAT,,Chrysler / Mopar,,,,,MI,
,X,TCUS,JABIL,,0003,JABIL,,,ZAPOPAN,45130,AVENIDA VALDEPENAS 1993 LOMAS DE ZAPOPAN,,,MX,E,Jalisco,,,,,,,,,,,,C535039,,,US,,,,080000,170000,080000,170000,,,,,,,NT15,,,,,,,,,,CRMH04,,10,X,,X,,,,,,,,A17SAT HOUSE ACCOUNT,A17-S999,C535039,,,JABIL,,,,,Jalisco,
,X,TCUS,TUTTLE MFG,,0003,TUTTLE MFG,,,BARRINGTON,60010,1032 WEST NORTHWEST HIGHWAY,,,US,E,IL,,,,,,,,,,,,C535082,,,US,,,,080000,170000,080000,170000,,,,,,,NT15,,,,,,,,,,CRMH04,,10,X,,X,,,,,,,,A17SAT HOUSE ACCOUNT,A17-S999,C535082,A17SAT,,Tuttle Mfg.,,,,,IL,
,X,TCUS,18330 SUTTER BLVD,,0003,18330 SUTTER BLVD,,,MORGAN HILL,95037,,,,US,E,CA,,,,,,,,,,,,C535138,,,US,,,,,,,,,,,,,,NT15,,,,SFO,P,,,,,CRMH04,,10,X,,X,,,,,,,,A17SAT HOUSE ACCOUNT,A17-S999,C535138,,,18330 SUTTER BLVD,SFO,P,,,CA,
,X,TCUS,GRUPO Q NICARAGUA SA,,0003,GRUPO Q NICARAGUA SA,,,MANAGUA,,PISTA JEAN PAUL CONTIGUO AL BANCO PROCREDITO,,,NI,E,NICARAGUA,,,,,,,,,,,,C535150,,,US,,,,080000,170000,080000,170000,,,,,,,NT15,,,,,,,,,,CRMH04,,10,X,,X,,,,,,,,A17SAT HOUSE ACCOUNT,A17-S999,C535150,A17SAT,,"GRUPO Q NICARAGUA, S.A.",,,,,NICARAGUA,
,X,TCUS,GRUPO Q EL SALVADOR SA DE CV,,0003,GRUPO Q EL SALVADOR SA DE CV,,,SAN SALVADOR,,AUTOPISTA SUR Y AVENIDA LAS AMAPOLAS,,,SV,E,EL SALVADOR,,,,,,,,,,,,C535151,,,US,,,,080000,170000,080000,170000,,,,,,,NT15,,,,,,,,,,CRMH04,,10,X,,X,,,,,,,,A17SAT HOUSE ACCOUNT,A17-S999,C535151,A17SAT,,"GRUPO Q EL SALVADOR, S.A. DE C.V.",,,,,EL SALVADOR,
,X,TCUS,CENTERLINE PARTS AND DIST,,0003,CENTERLINE PARTS AND DISTRIBUTION,,,CENTER LINE,48015,26311 LAWRENCE AVENUE,,,US,E,MI,,,,,,,,,,,,C535328,,,US,,,,,,,,,,,,,,NT15,,,,,,,,,,CRMH04,,10,X,,X,,,,,,,,A17SAT HOUSE ACCOUNT,A17-S999,C535328,A17SAT,,CENTERLINE PARTS AND DISTRIBUTION,,,,,MI,
,X,TCUS,TRIENDA HOLDINGS,,0003,TRIENDA HOLDINGS LLC,,,PORTAGE,53904,N7660 INDUSTRIAL ROAD,,,US,E,WISCONSIN,,,,,,,,,,,,C535577,,,US,,,,080000,170000,080000,170000,,,,,,,NT15,,,,,,,,,,CRMH04,,10,X,,X,,,,,,,,A17SAT HOUSE ACCOUNT,A17-S999,C535577,A17SAT,,TRIENDA HOLDINGS LLC,,,,,WISCONSIN,
,X,TCUS,TOUGHDOG SECURITY SYSTEMSINC,,0003,TOUGHDOG SECURITY SYSTEMSINC,,,SAN ANTONIO,78216,403 E RAMSEY ROAD SUITE 203,,,US,E,TX,,,,,,,,,,,,C535746,,,US,,,,080000,180000,080000,180000,,,,,,,NT15,,,,SAT,A,,,,,CRMH04,,10,X,,X,,,,,,,,A17SAT HOUSE ACCOUNT,A17-S999,C535746,A17SAT,,"TOUGHDOG SECURITY SYSTEMS,INC",SAT,A,,,TX,
,X,TCUS,NAHANNI STEEL PROD,,0003,NAHANNI STEEL PRODUCTS,,,BRAMPTON,L6T5R8,38 DEERHURST DRIVE,,,CA,E,ONTARIO,,,,,,,,,,,,C536734,,,US,,,,,,,,,,,,,,NT15,,,,,,,,,,CRMH04,,10,X,,X,,,,,,,,A17SAT HOUSE ACCOUNT,A17-S999,C536734,A17SAT,,NAHANNI STEEL PRODUCTS,,,,,ONTARIO,
,X,TCUS,INTESER GROUP,,0003,INTESER GROUP,,,HIDALGO,78557,2101 N 10TH STREET,,,US,E,TX,,,,,,,,,,,,C536950,,,US,,,,,,,,,,,,,,NT15,,,,MFE,A,,,,,CRMH04,,10,X,,X,,,,,,,,A17SAT HOUSE ACCOUNT,A17-S999,C536950,A17SAT,,INTESER GROUP,MFE,A,,,TX,
,X,TCUS,AMER AIRLINES CARGO - DFW,,0003,AMERICAN AIRLINES CARGO - DFW,,,DALLAS,75261,1816 N SERVICE ROAD,,,US,E,TX,,,,,,,,,,,,C537219,,,US,,,,,,,,,,,,,,NT15,,,,,,,,,,CRMH04,,10,X,,X,,,,,,,,A17SAT HOUSE ACCOUNT,A17-S999,C537219,,,American Airlines Cargo - DFW,,,,,TX,
,X,TCUS,FCA US-RYAN & SONS3RD PARTY,,0003,FCA US-RYAN & SONS3RD PARTY,,,TOLEDO,43607,,,,US,E,OH,,,,,,,,,,,,C537452,,,US,,,,,,,,,,,,,,NT15,,,,,,,,,,CRMH04,,10,X,,X,,,,,,,,A17SAT HOUSE ACCOUNT,A17-S999,C537452,A17SAT,,FCA US-RYAN & SONS3RD PARTY,,,,,OH,
,X,TCUS,FCA MARYSVILLE NATL PDC,,0003,FCA MARYSVILLE NATIONAL PDC,,,MARYSVILLE,480401,840 HURON BOULEVARD,,,US,E,MICHIGAN,,,,,,,,,,,,C537891,,,US,,,,,,,,,,,,,,NT15,,,,,,,,,,CRMH04,,10,X,,X,,,,,,,,A17SAT HOUSE ACCOUNT,A17-S999,C537891,A17SAT,,FCA MARYSVILLE NATIONAL PDC,,,,,MICHIGAN,
,X,TCUS,RUBA INTERNATIONAL SVCS,,0003,RUBA INTERNATIONAL SERVICES LLC,,,HIDALGO,78557,601 E PRODUCE ROAD,,,US,E,TX,,,,,,,,,,,,C538336,,,US,,,,,,,,,,,,,,NT15,,,,MFE,A,,,,,CRMH04,,10,X,,X,,,,,,,,A17SAT HOUSE ACCOUNT,A17-S999,C538336,A17SAT,,RUBA INTERNATIONAL SERVICES LLC,MFE,A,,,TX,
,X,TCUS,RITE AID MI,,0003,RITE AID MICHIGAN,,,WATERFORD TOWNSHIP,48329,5400 PERRY DRIVE,,,US,E,MI,,,,,,,,,,,,C538559,,,US,,,,,,,,,,,,,,NT15,,,,,,,,,,CRMH04,,10,X,,X,,,,,,,,A17SAT HOUSE ACCOUNT,A17-S999,C538559,A17SAT,,RITE AID MICHIGAN,,,,,MI,
,X,TCUS,RITE AID DCL LIVERPOOL DIST CTR,,0003,RITE AID DCL LIVERPOOL DIST CTR,,,LIVERPOOL,13088,7245 HENRY CLAY BOULEVARD,,,US,E,NY,,,,,,,,,,,,C538567,,,US,,,,,,,,,,,,,,NT15,,,,SYR,A,,,,,CRMH04,,10,X,,X,,,,,,,,A17SAT HOUSE ACCOUNT,A17-S999,C538567,A17SAT,,RITE AID DCL LIVERPOOL DIST CTR,SYR,A,,,NY,
,X,TCUS,AEROPUERTO INTL MTY,,0003,AEROPUERTO INTERNATIONAL MTY,,,APODACA,,CALLE PRINCIPAL DE ACCESO A HANGARES,,,MX,E,NUEVO LEON,,,,,,,,,,,,C538887,,,US,,,,,,,,,,,,,,NT15,,,,,,,,,,CRMH04,,10,X,,X,,,,,,,,A17SAT HOUSE ACCOUNT,A17-S999,C538887,A17SAT,,AEROPUERTO INTERNATIONAL MTY,,,,,NUEVO LEON,
,X,TCUS,PYA AUTOMOTIVE,,0003,PYA AUTOMOTIVE,,,IRAPUATO,36847,SAJONIA 607 CENTRO INDUSTRIAL GUANAJUATO,,,MX,E,GUANAJUATO,,,,,,,,,,,,C538949,,,US,,,,080000,170000,080000,170000,,,,,,,NT15,,,,,,,,,,CRMH04,,10,X,,X,,,,,,,,A17SAT HOUSE ACCOUNT,A17-S999,C538949,A17SAT,,PYA AUTOMOTIVE,,,,,GUANAJUATO,
,X,TCUS,BARBOURS CUT,,0003,BARBOURS CUT,,,LA PORTE,77571,1515 EAST BARBOURS CUT BOULEVARD,,,US,E,TX,,,,,,,,,,,,C539907,,,US,,,,,,,,,,,,,,NT15,,,,IAH,D,,,,,CRMH04,,10,X,,X,,,,,,,,A17SAT HOUSE ACCOUNT,A17-S999,C539907,A17SAT,,BARBOURS CUT,IAH,D,,,TX,
,X,TCUS,ASSIC,,0003,ASSIC,,,TAHLEQUAH,74464,15413 WEST 790 ROAD,,,US,E,OK,,,,,,,,,,,,C540082,,,US,,,,,,,,,,,,,,NT15,,,,TUL,C,,,,,CRMH04,,10,X,,X,,,,,,,,A17SAT HOUSE ACCOUNT,A17-S999,C540082,A17SAT,,ASSIC,TUL,C,,,OK,
,X,TCUS,PALARDY ACIER INOXYDABLE,,0003,PALARDY ACIER INOXYDABLE INC,,,SAINT-HYACINTHE,J2S 8L2,6355 AVENUE CHOQUETTE,,,CA,E,QUEBEC,,,,,,,,,,,,C540806,,,US,,,,,,,,,,,,,,NT15,,,,,,,,,,CRMH04,,10,X,,X,,,,,,,,A17SAT HOUSE ACCOUNT,A17-S999,C540806,A17SAT,,Palardy Acier Inoxydable Inc.,,,,,QUEBEC,
,X,TCUS,FAVIMARK INTERNACIONAL,,0003,FAVIMARK INTERNACIONAL,,,JUAREZ,66644,HACIENDA HUINALA 7 CRISPIN TREVIÑO,,,MX,E,Nuevo Leon,,,,,,,,,,,,C540827,,,US,,,,080000,170000,080000,170000,,,,,,,NT15,,,,,,,,,,CRMH04,,10,X,,X,,,,,,,,A17SAT HOUSE ACCOUNT,A17-S999,C540827,,,FAVIMARK INTERNACIONAL.,,,,,Nuevo Leon,
,X,TCUS,NEXT GENERATION PLASTICS C/O KW PLASTICS,,0003,NEXT GENERATION PLASTICS C/O KW PLASTICS,,,TROY,36079,279 PIKE COUNTY LAKE ROAD,,,US,E,AL,,,,,,,,,,,,C540829,,,US,,,,080000,170000,080000,170000,,,,,,,NT15,,,,,,,,,,CRMH04,,10,X,,X,,,,,,,,A17SAT HOUSE ACCOUNT,A17-S999,C540829,,,NEXT GENERATION PLASTICS C/O KW PLASTICS,,,,,AL,
,X,TCUS,IEWC MILWAUKEE,,0003,IEWC MILWAUKEE,,,NEW BERLIN,53151,5001 SOUTH TOWNE DRIVE,,,US,E,WI,,,,,,,,,,,,C541476,,,US,,,,,,,,,,,,,,NT15,,,,,,,,,,CRMH04,,10,X,,X,,,,,,,,A17SAT HOUSE ACCOUNT,A17-S999,C541476,A17SAT,,IEWC MILWAUKEE,,,,,WI,
,X,TCUS,HIDALGO EXPORT,,0003,HIDALGO EXPORT,,,PHARR,78577,494 EAST,,,US,E,TX,,,,,,,,,,,,C541638,,,US,,,,,,,,,,,,,,NT15,,,,,,,,,,CRMH04,,10,X,,X,,,,,,,,A17SAT HOUSE ACCOUNT,A17-S999,C541638,A17SAT,,HIDALGO EXPORT,,,,,TX,
,X,TCUS,TOYODA GOSEI BROWNSVILLE TX,,0003,TOYODA GOSEI BROWNSVILLE TX LLC,,,LOS INDIOS,78567,107 JOAQUIN CAVAZOS ROAD,,,US,E,TX,,,,,,,,,,,,C541802,,,US,,,,,,,,,,,,,,NT15,,,,,,,,,,CRMH04,,10,X,,X,,,,,,,,A17SAT HOUSE ACCOUNT,A17-S999,C541802,A17SAT,,TOYODA GOSEI BROWNSVILLE TX LLC,,,,,TX,
,X,TCUS,BESTOP SA DE CV,,0003,BESTOP SA DE CV,,,"SAN MATEO OTZACATIPAN ,",50220,BOULEVARD MIGUEL ALEMAN VALDEZ S/N MANZANA 300 LOTE 5,,,MX,E,San Nicolas Toluca Mexico,,,,,,,,,,,,C543167,,,US,,,,,,,,,,,,,,NT15,,,,,,,,,,CRMH04,,10,X,,X,,,,,,,,A17SAT HOUSE ACCOUNT,A17-S999,C543167,A17SAT,,Bestop SA de CV,,,,,San Nicolas Toluca Mexico,
,X,TCUS,MILLS DE MEXICO,,0003,MILLS DE MEXICO,,,SAN LUIS POTOSÍ,78395,EJE 126 S/ND,,,MX,E,SLP,,,,,,,,,,,,C543169,,,US,,,,,,,,,,,,,,NT15,,,,,,,,,,CRMH04,,10,X,,X,,,,,,,,A17SAT HOUSE ACCOUNT,A17-S999,C543169,,,Mills de Mexico,,,,,SLP,
,X,TCUS,ARD LOG ALABAMA,,0003,ARD LOGISTICS ALABAMA LLC,,,VANCE,35490,10093 BROSE DRIVE,,,US,E,AL,,,,,,,,,,,,C544064,,,US,,,,,,,,,,,,,,NT15,,,,,,,,,,CRMH04,,10,X,,X,,,,,,,,A17SAT HOUSE ACCOUNT,A17-S999,C544064,A17SAT,,ARD LOGISTICS ALABAMA LLC,,,,,AL,
,X,TCUS,FORESITE,,0003,FORESITE INC,,,KOKOMO,46902,1982 S ELIZABETH STREET,,,US,E,IN,,,,,,,,,,,,C544236,,,US,,,,,,,,,,,,,,NT15,,,,,,,,,,CRMH04,,10,X,,X,,,,,,,,A17SAT HOUSE ACCOUNT,A17-S999,C544236,A17SAT,,Foresite Inc,,,,,IN,
,X,TCUS,MARELLI EUROPE SPA,,0003,MARELLI EUROPE SPA,,,CORBETTA,20011,VIALE ALDO BORLETTU 61-63,,,IT,E,MILAN,,,,,,,,,,,,C544609,,,US,,,,,,,,,,,,,,NT15,,,,,,,,,,CRMH04,,10,X,,X,,,,,,,,A17SAT HOUSE ACCOUNT,A17-S999,C544609,A17SAT,,MARELLI EUROPE SPA,,,,,MILAN,
,X,TCUS,YA YA FOODS,,0003,YA YA FOODS,,,ETOBICOKE,M9W1P1,51 REXDALE BOULEVARD,,,CA,E,ONTARIO,,,,,,,,,,,,C544904,,,US,,,,,,,,,,,,,,NT15,,,,,,,,,,CRMH04,,10,X,,X,,,,,,,,A17SAT HOUSE ACCOUNT,A17-S999,C544904,A17SAT,,YA YA FOODS,,,,,ONTARIO,
,X,TCUS,ST GEORGE WHSE OF TX,,0003,ST GEORGE WAREHOUSE OF TEXAS,,,PASADENA,77507,43035 UNDERWOOD SUITE 200,,,US,E,TX,,,,,,,,,,,,C545301,,,US,,,,,,,,,,,,,,NT15,,,,IAH,E,,,,,CRMH04,,10,X,,X,,,,,,,,A17SAT HOUSE ACCOUNT,A17-S999,C545301,A17SAT,,ST. GEORGE WAREHOUSE OF TEXAS,IAH,E,,,TX,
,X,TCUS,TOUGH DOG SECURITY SAT,,0003,TOUGH DOG SECURITY SAT,,,SAN ANTONIO,78216,403 E RAMSEY ROAD,,,US,E,TX,,,,,,,,,,,,C545304,,,US,,,,,,,,,,,,,,NT15,,,,SAT,A,,,,,CRMH04,,10,X,,X,,,,,,,,A17SAT HOUSE ACCOUNT,A17-S999,C545304,A17SAT,,TOUGH DOG SECURITY SAT,SAT,A,,,TX,
,X,TCUS,IMPACT CNC,,0003,IMPACT CNC LLC,,,COLUMBIA CITY,46725,2651 SOUTH NO 600 EAST,,,US,E,IN,,,,,,,,,,,,C545308,,,US,,,,,,,,,,,,,,NT15,,,,FWA,B,,,,,CRMH04,,10,X,,X,,,,,,,,A17SAT HOUSE ACCOUNT,A17-S999,C545308,A17SAT,,"Impact CNC, LLC",FWA,B,,,IN,
,X,TCUS,COASTAL CREATIVE,,0003,COASTAL CREATIVE,,,SAN DIEGO,92126,9715 CARROLL CENTRE ROAD 107,,,US,E,CA,,,,,,,,,,,,C545460,,,US,,,,,,,,,,,,,,NT15,,,,SAN,B,,,,,CRMH04,,10,X,,X,,,,,,,,A17SAT HOUSE ACCOUNT,A17-S999,C545460,A17SAT,,Coastal Creative,SAN,B,,,CA,
,X,TCUS,ANIXTER ANAHEIM,,0003,ANIXTER ANAHEIM,,,ANAHEIM,92807,5055 EAST LANDON DRIVE,,,US,E,CA,,,,,,,,,,,,C545465,,,US,,,,,,,,,,,,,,NT15,,,,LAX,C,,,,,CRMH04,,10,X,,X,,,,,,,,A17SAT HOUSE ACCOUNT,A17-S999,C545465,A17SAT,,ANIXTER ANAHEIM,LAX,C,,,CA,
,X,TCUS,CUMMINS GRUPO IND S DE RL DE CV BC 127,,0003,CUMMINS GRUPO INDUSTRIAL S DE RL DE CV BC 127,,,SAN LUIS POTOSI,,EJE 122 NO 200 78395 ZONA INDUSTRIA,,,MX,E,SAN LUIS POTOSI,,,,,,,,,,,,C545574,,,US,,,,,,,,,,,,,,NT15,,,,,,,,,,CRMH04,,10,X,,X,,,,,,,,A17SAT HOUSE ACCOUNT,A17-S999,C545574,A17SAT,,CUMMINS GRUPO INDUSTRIAL S DE RL DE CV (BC 127),,,,,SAN LUIS POTOSI,
,X,TCUS,ANIXTER-1601,,0003,ANIXTER-1601,,,LEWISVILLE,75057,1601 WATERS RIDGE RD,,,US,E,TX,,,,,,,,,,,,C545807,,,US,,,,,,,,,,,,,,NT15,,,,DFW,A,,,,,CRMH04,,10,X,,X,,,,,,,,A17SAT HOUSE ACCOUNT,A17-S999,C545807,A17SAT,,ANIXTER-1601,DFW,A,,,TX,
,X,TCUS,COMPAL USA,,0003,COMPAL USA,,,LOGANSPORT,46947,1 TECHNOLOGY WAY,,,US,E,IN,,,,,,,,,,,,C546281,,,US,,,,,,,,,,,,,,NT15,,,,,,,,,,CRMH04,,10,X,,X,,,,,,,,A17SAT HOUSE ACCOUNT,A17-S999,C546281,A17SAT,,Compal USA,,,,,IN,
,X,TCUS,ST GENETICS,,0003,ST GENETICS,,,NAVASOTA,77868,23250 STATE HIGHWAY 6 SOUTH SUITE 100,,,US,E,TX,,,,,,,,,,,,C546365,,,US,,,,,,,,,,,,,,NT15,,,,IAH,F,,,,,CRMH04,,10,X,,X,,,,,,,,A17SAT HOUSE ACCOUNT,A17-S999,C546365,A17SAT,,ST Genetics,IAH,F,,,TX,
,X,TCUS,NA QUADRANT,,0003,NORTH AMERICAN QUADRANT LLC,,,PHARR,78577,701 NORTH INTERNATIONAL BOULEVARD 123-3755,,,US,E,TX,,,,,,,,,,,,C546635,,,US,,,,080000,180000,080000,180000,,,,,,,NT15,,,,,,,10040774,,,CRMH04,,10,X,,X,,,,,,,,A17SAT Fernando Arellano,S1554,C546635,A17SAT,10040774,NORTH AMERICAN QUADRANT LLC,,,,,TX,
,X,TCUS,SOUL CARRIER,,0003,SOUL CARRIER,,,PHOENIX,85018,3261 EAST CAMELBACK ROAD,,,US,E,AZ,,,,,,,,,,,,C547433,,,US,,,,080000,170000,080000,170000,,,,,,,NT15,,,,,,,10041011,,,CRMH04,,10,X,,X,,,,,,,,A17SAT HOUSE ACCOUNT,A17-S999,C547433,A17SAT,10041011,SOUL CARRIER,,,,,AZ,
,X,TCUS,EUREKA LEATHER,,0003,EUREKA LEATHER INC,,,SACRAMENTO,95828,8626 ELDER CREEK ROAD,,,US,E,CA,,,,,,,,,,,,C548303,,,US,,,,,,,,,,,,,,NT15,,,,SMF,A,,,,,CRMH04,,10,X,,X,,,,,,,,A17SAT HOUSE ACCOUNT,A17-S999,C548303,A17SAT,,EUREKA LEATHER INC,SMF,A,,,CA,
,X,TCUS,GRUPPO MASTROTTO SPA,,0003,GRUPPO MASTROTTO SPA,,,ARZIGNANO,36071,VIADUCT QUARTA STRADA 7,,,IT,E,,,,,,,,,,,,,C548304,,,US,,,,,,,,,,,,,,NT15,,,,,,,,,,CRMH04,,10,X,,X,,,,,,,,A17SAT HOUSE ACCOUNT,A17-S999,C548304,A17SAT,,GRUPPO MASTROTTO SPA,,,,,,
,X,TCUS,TOUGHDOG SECURITY,,0003,TOUGHDOG SECURITY,,,MCALLEN,78501,1317 EAST HACKBERRY AVENUE,,,US,E,TX,,,,,,,,,,,,C548316,,,US,,,,,,,,,,,,,,NT15,,,,MFE,A,,,,,CRMH04,,10,X,,X,,,,,,,,A17SAT HOUSE ACCOUNT,A17-S999,C548316,A17SAT,,TOUGHDOG SECURITY,MFE,A,,,TX,
,X,TCUS,ISG FORWARDING,,0003,ISG FORWARDING,,,HIDALGO,78557,2101 N 10TH STREET,,,US,E,TX,,,,,,,,,,,,C548319,,,US,,,,,,,,,,,,,,NT15,,,,MFE,A,,,,,CRMH04,,10,X,,X,,,,,,,,A17SAT HOUSE ACCOUNT,A17-S999,C548319,A17SAT,,ISG FORWARDING,MFE,A,,,TX,
,X,TCUS,SOUTHWEST FRT,,0003,SOUTHWEST FREIGHT INC,,,HOUSTON,,9005 SPIKEWOOD DRIVE,,,,E,TX,,,,,,,,,,,,C548658,,,US,,,,,,,,,,,,,,NT15,,,,,,,,,,CRMH04,,10,X,,X,,,,,,,,A17SAT HOUSE ACCOUNT,A17-S999,C548658,A17SAT,,SOUTHWEST FREIGHT INC,,,,,TX,
,X,TCUS,UPS MFE,,0003,UPS MFE,,,MCALLEN,78501,1201 EAST UPAS AVENUE,,,US,E,TX,,,,,,,,,,,,C548938,,,US,,,,,,,,,,,,,,NT15,,,,MFE,A,,,,,CRMH04,,10,X,,X,,,,,,,,A17SAT HOUSE ACCOUNT,A17-S999,C548938,A17SAT,,UPS MFE,MFE,A,,,TX,
,X,TCUS,SUEZ WATER TECH & SOLUTIONS,,0003,SUEZ WATER TECHNOLOGIES & SOLUTIONS,,,OAKVILLE,L6M4J4,3239 DUNDAS STREET WEST,,,CA,E,Ontario,,,,,,,,,,,,C549186,,,US,,,,,,,,,,,,,,NT15,,,,,,,,,,CRMH04,,10,X,,X,,,,,,,,A17SAT HOUSE ACCOUNT,A17-S999,C549186,A17SAT,,Suez Water Technologies & Solutions,,,,,Ontario,
,X,TCUS,OSCAR VILLAREAL,,0003,OSCAR VILLAREAL,,,HARLINGEN,78552,2422 SOUTH EXPRESSWAY 83,,,US,E,TX,,,,,,,,,,,,C549421,,,US,,,,,,,,,,,,,,NT15,,,,,,,,,,CRMH04,,10,X,,X,,,,,,,,A17SAT HOUSE ACCOUNT,A17-S999,C549421,,,OSCAR VILLAREAL,,,,,TX,
,X,TCUS,FCT ASSEMBLY - GREELEY,,0003,FCT ASSEMBLY INC - GREELEY,,,GREELEY,80631,1309 NORTH 17TH AVENUE,,,US,E,CO,,,,,,,,,,,,C549461,,,US,,,,,,,,,,,,,,NT15,,,,,,,,,,CRMH04,,10,X,,X,,,,,,,,A17SAT HOUSE ACCOUNT,A17-S999,C549461,,,"FCT Assembly, Inc. - Greeley",,,,,CO,
,X,TCUS,F16-INC,,0003,F16-INC,,,LAREDO,78040,9003 SAN DARIO AVENUE,,,US,E,TX,,,,,,,,,,,,C549522,,,US,,,,,,,,,,,,,,NT15,,,,LRD,A,,,,,CRMH04,,10,X,,X,,,,,,,,A17SAT HOUSE ACCOUNT,A17-S999,C549522,A17SAT,,F16-INC,LRD,A,,,TX,
,X,TCUS,QUIPTECH,,0003,QUIPTECH,,,TLAJOMULCO DE ZÚÑIGA,56647,CAMINO A LA TIJERA 806 INT A-1,,,MX,E,JALISCO,,,,,,,,,,,,C551403,,,US,,,,,,,,,,,,,,NT15,,,,,,,,,,CRMH04,,10,X,,X,,,,,,,,A17SAT HOUSE ACCOUNT,A17-S999,C551403,A17SAT,,Quiptech,,,,,JALISCO,
,X,TCUS,DATA WEIGHING SYS,,0003,DATA WEIGHING SYSTEMS,,,WOODALE,601091,255 MITTEL DRIVE,,,US,E,IL,,,,,,,,,,,,C551421,,,US,,,,,,,,,,,,,,NT15,,,,,,,,,,CRMH04,,10,X,,X,,,,,,,,A17SAT HOUSE ACCOUNT,A17-S999,C551421,A17SAT,,Data Weighing Systems,,,,,IL,
,X,TCUS,FORWARDAIR MFE,,0003,FORWARDAIR MFE,,,MCALLEN,78503,6901 SOUTH 33RD STREET BLDG FTZ,,,US,E,TX,,,,,,,,,,,,C552087,,,US,,,,,,,,,,,,,,NT15,,,,MFE,A,,,,,CRMH04,,10,X,,X,,,,,,,,A17SAT HOUSE ACCOUNT,A17-S999,C552087,A17SAT,,FORWARDAIR MFE,MFE,A,,,TX,
,X,TCUS,NATL ELECTRIC COIL,,0003,NATIONAL ELECTRIC COIL,,,BROWNSVILLE,78521,3330 E 14TH STREET,,,US,E,TX,,,,,,,,,,,,C552217,,,US,,,,080000,180000,080000,180000,,,,,,,NT15,,,,MFE,C,,10042071,,,CRMH04,,10,X,,X,,,,,,,,A17SAT HOUSE ACCOUNT,A17-S999,C552217,A17SAT,10042071,NATIONAL ELECTRIC COIL,MFE,C,,,TX,
,X,TCUS,RYAN & SONS 3RD PARTY,,0003,RYAN & SONS 3RD PARTY,,,TOLEDO,43612,315 MATZINGER ROAD UNIT F,,,US,E,OH,,,,,,,,,,,,C552272,,,US,,,,,,,,,,,,,,NT15,,,,,,,,,,CRMH04,,10,X,,X,,,,,,,,A17SAT HOUSE ACCOUNT,A17-S999,C552272,A17SAT,,Ryan & Sons 3rd Party,,,,,OH,
,X,TCUS,STELLANTIS MOPAR US 03118,,0003,STELLANTIS MOPAR US 03118,,,CENTER LINE,48015,26311 LAWRENCE AVENUE,,,US,E,MI,,,,,,,,,,,,C552329,,,US,,,,,,,,,,,,,,NT15,,,,,,,,,,CRMH04,,10,X,,X,,,,,,,,A17SAT HOUSE ACCOUNT,A17-S999,C552329,A17SAT,,STELLANTIS MOPAR US 03118,,,,,MI,
,X,TCUS,CAROL MASURA,,0003,CAROL MASURA,,,ROCHESTER HILLS,48309,2961 BOND STREET,,,US,E,MI,,,,,,,,,,,,C552635,,,US,,,,,,,,,,,,,,NT15,,,,,,,,,,CRMH04,,10,X,,X,,,,,,,,A17SAT HOUSE ACCOUNT,A17-S999,C552635,,,Carol Masura,,,,,MI,
,X,TCUS,PANASONIC,,0003,PANASONIC,,,LOS INDIOS,78567,1101 JOAQUIN CAVAZOS,,,US,E,TX,,,,,,,,,,,,C552910,,,US,,,,,,,,,,,,,,NT15,,,,,,,,,,CRMH04,,10,X,,X,,,,,,,,A17SAT HOUSE ACCOUNT,A17-S999,C552910,A17SAT,,PANASONIC,,,,,TX,
,X,TCUS,GSD CORE TOOLS & PROCESSES,,0003,GSD CORE TOOLS & PROCESSES,,,TRAVERSE CITY,49686,2748 GARFIELD ROAD N SUITE 9,,,US,E,MI,,,,,,,,,,,,C553225,,,US,,,,,,,,,,,,,,NT15,,,,,,,,,,CRMH04,,10,X,,X,,,,,,,,A17SAT HOUSE ACCOUNT,A17-S999,C553225,A17SAT,,GSD CORE TOOLS & PROCESSES,,,,,MI,
,X,TCUS,ALL NIPPON AIRWAYS,,0003,ALL NIPPON AIRWAYS,,,,900455,6040 AVION DRIVE,,,US,E,,,,,,,,,,,,,C553268,,,US,,,,,,,,,,,,,,NT15,,,,,,,,,,CRMH04,,10,X,,X,,,,,,,,A17SAT HOUSE ACCOUNT,A17-S999,C553268,A17SAT,,ALL NIPPON AIRWAYS,,,,,,
,X,TCUS,VIA TORTONA 25,,0003,VIA TORTONA 25,,,MILANO,20144,VIADUCT TORTONA 25,,,IT,E,,,,,,,,,,,,,C554229,,,US,,,,,,,,,,,,,,NT15,,,,,,,,,,CRMH04,,10,X,,X,,,,,,,,A17SAT HOUSE ACCOUNT,A17-S999,C554229,A17SAT,,VIA TORTONA 25,,,,,,
,X,TCUS,KISIELEWSKI SP ZOO,,0003,KISIELEWSKI SP ZOO,,,WOLCZYN,46-250,LIGOTA WOLCZYNSKA 70,,,PL,E,,,,,,,,,,,,,C554270,,,US,,,,,,,,,,,,,,NT15,,,,,,,,,,CRMH04,,10,X,,X,,,,,,,,A17SAT HOUSE ACCOUNT,A17-S999,C554270,A17SAT,,KISIELEWSKI SP Z.O.O,,,,,,
,X,TCUS,CIRCLE G CONSTR,,0003,CIRCLE G CONSTRUCTION,,,PORT ISABEL,78578,419 SUMMIT STREET,,,US,E,TX,,,,,,,,,,,,C554588,,,US,,,,,,,,,,,,,,NT15,,,,,,,,,,CRMH04,,10,X,,X,,,,,,,,A17SAT HOUSE ACCOUNT,A17-S999,C554588,A17SAT,,CIRCLE G CONSTRUCTION,,,,,TX,
,X,TCUS,LUNMAR BOAT LIFTS,,0003,LUNMAR BOAT LIFTS,,,SULPHUR,70665,3715 HIGHWAY 27 SOUTH,,,US,E,LA,,,,,,,,,,,,C554589,,,US,,,,,,,,,,,,,,NT15,,,,LFT,Z,,,,,CRMH04,,10,X,,X,,,,,,,,A17SAT HOUSE ACCOUNT,A17-S999,C554589,A17SAT,,LUNMAR BOAT LIFTS,LFT,Z,,,LA,
,X,TCUS,CIRCLE G CONSTR LAGUNA VISTA,,0003,CIRCLE G CONSTRUCTION LAGUNA VISTA,,,LAGUNA VISTA,78578,1314 BEACH BOULEVARD,,,US,E,TX,,,,,,,,,,,,C554653,,,US,,,,,,,,,,,,,,NT15,,,,,,,,,,CRMH04,,10,X,,X,,,,,,,,A17SAT HOUSE ACCOUNT,A17-S999,C554653,A17SAT,,CIRCLE G CONSTRUCTION LAGUNA VISTA,,,,,TX,
,X,TCUS,ZAT LOG HIDALGO,,0003,ZAT LOGISTICS HIDALGO,,,PHARR,78577,1005 E PRODUCE ROAD,,,US,E,TX,,,,,,,,,,,,C554827,,,US,,,,,,,,,,,,,,NT15,,,,,,,,,,CRMH04,,10,X,,X,,,,,,,,A17SAT HOUSE ACCOUNT,A17-S999,C554827,A17SAT,,ZAT LOGISTICS HIDALGO,,,,,TX,
,X,TCUS,PRICESMART,,0003,PRICESMART INC,,,MIAMI,33178,11441 NW 107TH STREET,,,US,E,FL,,,,,,,,,,,,C555018,,,US,,,,,,,,,,,,,,NT15,,,,MIA,A,,,,,CRMH04,,10,X,,X,,,,,,,,A17SAT HOUSE ACCOUNT,A17-S999,C555018,A17SAT,,PRICESMART INC.,MIA,A,,,FL,
,X,TCUS,VISTA AUCTION,,0003,VISTA AUCTION LLC,,,CHARLOTTE,28273,11001 CARPET STREET,,,US,E,NC,,,,,,,,,,,,C555368,,,US,,,,,,,,,,,,,,NT15,,,,,,,,,,CRMH04,,10,X,,X,,,,,,,,A17SAT HOUSE ACCOUNT,A17-S999,C555368,A17SAT,,VISTA AUCTION LLC,,,,,NC,
,X,TCUS,UNL FRT CONSULTANS INC,,0003,UNLIMITED FREIGHT CONSULTANS INC,,,MIAMI,33166,8001 NW 79TH AVENUE,,,US,E,FL,,,,,,,,,,,,C555514,,,US,,,,,,,,,,,,,,NT15,,,,MIA,A,,,,,CRMH04,,10,X,,X,,,,,,,,A17SAT HOUSE ACCOUNT,A17-S999,C555514,A17SAT,,Unlimited Freight Consultans Inc,MIA,A,,,FL,
,X,TCUS,SIMPSON STRONG - TIE CO,,0003,SIMPSON STRONG - TIE COMPANY,,,MCKINNEY,75069,2151 SOUTH AIRPORT DRIVE,,,US,E,TX,,,,,,,,,,,,C555585,,,US,,,,,,,,,,,,,,NT15,,,,DFW,C,,,,,CRMH04,,10,X,,X,,,,,,,,A17SAT HOUSE ACCOUNT,A17-S999,C555585,A17SAT,,SIMPSON STRONG - TIE COMPANY,DFW,C,,,TX,
,X,TCUS,FEDEX EDINBURG,,0003,FEDEX EDINBURG,,,EDINBURG,78541,502 INDEPENDE DRIVE,,,US,E,TX,,,,,,,,,,,,C555674,,,US,,,,,,,,,,,,,,NT15,,,,MFE,B,,,,,CRMH04,,10,X,,X,,,,,,,,A17SAT HOUSE ACCOUNT,A17-S999,C555674,A17SAT,,FEDEX EDINBURG,MFE,B,,,TX,
,X,TCUS,PACIFIC PRESS CO,,0003,PACIFIC PRESS CO,,,ANAHEIM,92807,1215 N FEE ANA STREET,,,US,E,CA,,,,,,,,,,,,C555797,,,US,,,,,,,,,,,,,,NT15,,,,LAX,C,,,,,CRMH04,,10,X,,X,,,,,,,,A17SAT HOUSE ACCOUNT,A17-S999,C555797,A17SAT,,PACIFIC PRESS CO,LAX,C,,,CA,
,X,TCUS,STARFIGHTERS AEROSPACE,,0003,STARFIGHTERS AEROSPACE INC,,,TARPON SPRINGS,34689,1608 NORTH JASMINE AVENUE,,,US,E,FL,,,,,,,,,,,,C555895,,,US,,,,,,,,,,,,,,NT15,,,,,,,,,,CRMH04,,10,X,,X,,,,,,,,A17SAT HOUSE ACCOUNT,A17-S999,C555895,A17SAT,,STARFIGHTERS AEROSPACE INC.,,,,,FL,
,X,TCUS,DECOFINMEX,,0003,DECOFINMEX,,,SAN BENITO,78586,30351 BUSINESS 77,,,US,E,TX,,,,,,,,,,,,C555970,,,US,,,,,,,,,,,,,,NT15,,,,,,,,,,CRMH04,,10,X,,X,,,,,,,,A17SAT HOUSE ACCOUNT,A17-S999,C555970,A17SAT,,DECOFINMEX,,,,,TX,
,X,TCUS,VEHICLE DEVELOPMENT LAB 0250,,0003,VEHICLE DEVELOPMENT LAB 0250,,,AUBURN HILLS,48326,800 CHRYSLER DRIVE,,,US,E,MI,,,,,,,,,,,,C556001,,,US,,,,,,,,,,,,,,NT15,,,,DTW,D,,,,,CRMH04,,10,X,,X,,,,,,,,A17SAT HOUSE ACCOUNT,A17-S999,C556001,A17SAT,,VEHICLE DEVELOPMENT LAB 0250,DTW,D,,,MI,
,X,TCUS,HARMONY AEROSPACE FRANCE,,0003,HARMONY AEROSPACE FRANCE,,,GARONE,31120,16 AVENUE DU PRADIÉ,,,FR,E,TOLOUSE,,,,,,,,,,,,C556246,,,US,,,,,,,,,,,,,,NT15,,,,,,,,,,CRMH04,,10,X,,X,,,,,,,,A17SAT HOUSE ACCOUNT,A17-S999,C556246,A17SAT,,HARMONY AEROSPACE FRANCE,,,,,TOLOUSE,
,X,TCUS,APPLE TOWING CO,,0003,APPLE TOWING CO,,,LA PORTE,77571,401 E MAIN STREET,,,US,E,TX,,,,,,,,,,,,C556267,,,US,,,,,,,,,,,,,,NT15,,,,IAH,D,,,,,CRMH04,,10,X,,X,,,,,,,,A17SAT HOUSE ACCOUNT,A17-S999,C556267,A17SAT,,Apple Towing Co.,IAH,D,,,TX,
,X,TCUS,DELTA CARGO IAH,,0003,DELTA CARGO IAH,,,HUMBLE,77338,18705 LEE ROAD,,,US,E,TX,,,,,,,,,,,,C559098,,,US,,,,,,,,,,,,,,NT15,,,,,,,,,,CRMH04,,10,X,,X,,,,,,,,A17SAT HOUSE ACCOUNT,A17-S999,C559098,A17SAT,,DELTA CARGO IAH,,,,,TX,
,X,TCUS,PINNACLE LOG MFE,,0003,PINNACLE LOGISTICS MFE,,,MCALLEN,78503,2101 WEST MILITARY HIGHWAY,,,US,E,TX,,,,,,,,,,,,C559159,,,US,,,,,,,,,,,,,,NT15,,,,MFE,A,,,,,CRMH04,,10,X,,X,,,,,,,,A17SAT HOUSE ACCOUNT,A17-S999,C559159,A17SAT,,PINNACLE LOGISTICS MFE,MFE,A,,,TX,
,X,TCUS,PROPONENT TAMARAC FL,,0003,PROPONENT TAMARAC FL,,,TAMARAC,33321,10601 STSTE STREET SUITE 1,,,US,E,FL,,,,,,,,,,,,C559234,,,US,,,,,,,,,,,,,,NT15,,,,,,,,,,CRMH04,,10,X,,X,,,,,,,,A17SAT HOUSE ACCOUNT,A17-S999,C559234,A17SAT,,PROPONENT TAMARAC FL,,,,,FL,
,X,TCUS,CIRCLE G CONSTR YUCCA,,0003,CIRCLE G CONSTRUCTION YUCCA,,,SOUTH PADRE ISLAND,78597,5803 YUCCA CIRCLE,,,US,E,TX,,,,,,,,,,,,C559434,,,US,,,,,,,,,,,,,,NT15,,,,,,,,,,CRMH04,,10,X,,X,,,,,,,,A17SAT HOUSE ACCOUNT,A17-S999,C559434,A17SAT,,CIRCLE G CONSTRUCTION YUCCA,,,,,TX,
,X,TCUS,MUENSTER MILLING CO,,0003,MUENSTER MILLING COMPANY,,,MUENSTER,76252,202 SOUTH MAIN STREET,,,US,E,TX,,,,,,,,,,,,C559648,,,US,,,,,,,,,,,,,,NT15,,,,,,,,,,CRMH04,,10,X,,X,,,,,,,,A17SAT HOUSE ACCOUNT,A17-S999,C559648,A17SAT,,MUENSTER MILLING COMPANY,,,,,TX,
,X,TCUS,TURKISH AIRLINE CARGO IAH,,0003,TURKISH AIRLINE CARGO IAH,,,100 HUMBLE,77338,18705 LEE ROAD SUITE,,,US,E,TX,,,,,,,,,,,,C559712,,,US,,,,,,,,,,,,,,NT15,,,,,,,,,,CRMH04,,10,X,,X,,,,,,,,A17SAT HOUSE ACCOUNT,A17-S999,C559712,A17SAT,,TURKISH AIRLINE CARGO IAH,,,,,TX,
,X,TCUS,STELLANTIS EUROPE SPA,,0003,STELLANTIS EUROPE SPA,,,TORINO TO,10135 IT,CORSO GIOVANNI AGNELLI 200,,,IT,E,TORINO,,,,,,,,,,,,C559870,,,US,,,,,,,,,,,,,,NT15,,,,,,,,,,CRMH04,,10,X,,X,,,,,,,,A17SAT HOUSE ACCOUNT,A17-S999,C559870,A17SAT,,STELLANTIS EUROPE SPA,,,,,TORINO,
,X,TCUS,RANCHO CANADA DE LA VIRGEN,,0003,RANCHO CANADA DE LA VIRGEN,,,GUANAJUATO,37898,37898 SNA MIGUEL DE ALLENDE,,,MX,E,GUANAJUATO,,,,,,,,,,,,C559973,,,US,,,,,,,,,,,,,,NT15,,,,,,,,,,CRMH04,,10,X,,X,,,,,,,,A17SAT HOUSE ACCOUNT,A17-S999,C559973,A17SAT,,RANCHO CANADA DE LA VIRGEN,,,,,GUANAJUATO,
,X,TCUS,SCS,,0003,SCS,,,LAREDO,78045,416B GRAND CENTRAL,,,US,E,TX,,,,,,,,,,,,C559974,,,US,,,,,,,,,,,,,,NT15,,,,LRD,A,,,,,CRMH04,,10,X,,X,,,,,,,,A17SAT HOUSE ACCOUNT,A17-S999,C559974,A17SAT,,SCS,LRD,A,,,TX,
,X,TCUS,ECOSAFE NATURAL PROD,,0003,ECOSAFE NATURAL PRODUCTS,,,SAANICHTON,V8M2C2,16-6782 VEYANESS ROAD,,,CA,E,BC,,,,,,,,,,,,C560146,,,US,,,,,,,,,,,,,,NT15,,,,,,,,,,CRMH04,,10,X,,X,,,,,,,,A17SAT HOUSE ACCOUNT,A17-S999,C560146,A17SAT,,ECOSAFE NATURAL PRODUCTS,,,,,BC,
,X,TCUS,PRO DISPLAY / NDMS,,0003,PRO DISPLAY / NDMS,,,CARROLLTON,75006,1804 TRINITY VALLEY DRIIVE,,,US,E,TX,,,,,,,,,,,,C560306,,,US,,,,,,,,,,,,,,NT15,,,,DFW,A,,,,,CRMH04,,10,X,,X,,,,,,,,A17SAT HOUSE ACCOUNT,A17-S999,C560306,A17SAT,,Pro Display / NDMS,DFW,A,,,TX,
,X,TCUS,MARAL CARRIERS C/O FRAVA USA,,0003,MARAL CARRIERS C/O FRAVA USA,,,HIDALGO,HIDALGO,13132 EAST RAMON AYALA DRIVE,,,US,E,TX,,,,,,,,,,,,C560352,,,US,,,,,,,,,,,,,,NT15,,,,,,,,,,CRMH04,,10,X,,X,,,,,,,,A17SAT HOUSE ACCOUNT,A17-S999,C560352,A17SAT,,Maral Carriers c/o FRAVA USA,,,,,TX,
,X,TCUS,SEASON GROUP MX,,0003,SEASON GROUP MX,,,PHARR,78577,900 WEST ANAYA ROAD,,,US,E,TX,,,,,,,,,,,,C560379,,,US,,,,,,,,,,,,,,NT15,,,,,,,,,,CRMH04,,10,X,,X,,,,,,,,A17SAT HOUSE ACCOUNT,A17-S999,C560379,A17SAT,,SEASON GROUP MX,,,,,TX,
,X,TCUS,SMART SUPPLY CHAIN,,0003,SMART SUPPLY CHAIN INC,,,HOUSTON,77071,14935 EAST HAMPTON CIRCLE,,,US,E,TX,,,,,,,,,,,,C560380,,,US,,,,,,,,,,,,,,NT15,,,,,,,,,,CRMH04,,10,X,,X,,,,,,,,A17SAT HOUSE ACCOUNT,A17-S999,C560380,A17SAT,,Smart Supply Chain Inc,,,,,TX,
,X,TCUS,CROSS TECH GROUP,,0003,CROSS TECHNOLOGIES GROUP INC,,,WESTLAND,48186,1210 MANUFACTURES DRIVE,,,US,E,MI,,,,,,,,,,,,C560583,,,US,,,,,,,,,,,,,,NT15,,,,,,,,,,CRMH04,,10,X,,X,,,,,,,,A17SAT HOUSE ACCOUNT,A17-S999,C560583,A17SAT,,CROSS TECHNOLOGIES GROUP INC,,,,,MI,
,X,TCUS,QTEK MEXICO S DE RL DE CV,,0003,QTEK MEXICO S DE RL DE CV,,,TLAJOMULCO DE ZUNIGA,45645,CAMINO A LA TIJERA NO 806 A -1,,,MX,E,JALISCO,,,,,,,,,,,,C560593,,,US,,,,,,,,,,,,,,NT15,,,,,,,,,,CRMH04,,10,X,,X,,,,,,,,A17SAT HOUSE ACCOUNT,A17-S999,C560593,A17SAT,,QTEK MEXICO S DE RL DE CV,,,,,JALISCO,
,X,TCUS,ACCELERATED,,0003,ACCELERATED,,,HOUSTON,77032,2928 GREEN ROAD 550,,,US,E,TX,,,,,,,,,,,,C560735,,,US,,,,,,,,,,,,,,NT15,,,,,,,,,,CRMH04,,10,X,,X,,,,,,,,A17SAT HOUSE ACCOUNT,A17-S999,C560735,A17SAT,,Accelerated,,,,,TX,
,X,TCUS,HEROLD PRECISION METALS,,0003,HEROLD PRECISION METALS LLC,,,WHITE BEAR TOWNSHIP,5510,1370 HAMMOND ROAD,,,US,E,MN,,,,,,,,,,,,C561415,,,US,,,,,,,,,,,,,,NT15,,,,,,,,,,CRMH04,,10,X,,X,,,,,,,,A17SAT HOUSE ACCOUNT,A17-S999,C561415,A17SAT,,"Herold Precision Metals, LLC",,,,,MN,
,X,TCUS,DLAZARI,,0003,DLAZARI,,,MCALLEN,78504,1500 WEST DOVE AVENUE,,,US,E,TX,,,,,,,,,,,,C561658,,,US,,,,,,,,,,,,,,NT15,,,,MFE,A,,,,,CRMH04,,10,X,,X,,,,,,,,A17SAT HOUSE ACCOUNT,A17-S999,C561658,A17SAT,,DLazari,MFE,A,,,TX,
,X,TCUS,FRAVA LOG,,0003,FRAVA LOGISTICS LLC,,,PHARR,78577,9008 GOLIAD DRIVE,,,US,E,TX,,,,,,,,,,,,C559102,,,US,,,,080000,180000,080000,180000,,,,,,,NT15,,,,,,,10043699,,,CRMH04,,10,X,,X,,,,,,,,A17SAT Fernando Arellano,S1554,C559102,A17SAT,10043699,FRAVA LOGISTICS LLC,,,,,TX,
,X,TCUS,DAVILA SVCS,,0003,DAVILA SERVICES INC,,,MCALLEN,78503,2201 UVALDE AVENUE BAY 8,,,US,E,TX,,,,,,,,,,,,C556197,,,US,,,,080000,080000,080000,080000,,,,,,,NT15,,,,MFE,A,,10043432,,,CRMH04,,10,X,,X,,,,,,,,A17SAT Fernando Arellano,S1554,C556197,A17SAT,10043432,DAVILA SERVICES INC,MFE,A,,,TX,
,X,TCUS,SEMIOSBIO TECH IN CHEM LAB,,0003,SEMIOSBIO TECHNOLOGIES IN CHEM LAB,,,VANCOUVER,V5T4T5,220-887 GREAT NOTHERN WAY,,,CA,E,BRITISH COLUMBIA,,,,,,,,,,,,C561710,,,US,,,,,,,,,,,,,,NT15,,,,,,,,,,CRMH04,,10,X,,X,,,,,,,,A17SAT HOUSE ACCOUNT,A17-S999,C561710,A17SAT,,SemiosBIO Technologies In Chem Lab,,,,,BRITISH COLUMBIA,
,X,TCUS,WESCO ANIXTER MI,,0003,WESCO ANIXTER MI,,,LAKE ORION,48359,325 WEST SILVERBELL ROAD SUITE 200,,,US,E,MI,,,,,,,,,,,,C561714,,,US,,,,,,,,,,,,,,NT15,,,,,,,,,,CRMH04,,10,X,,X,,,,,,,,A17SAT HOUSE ACCOUNT,A17-S999,C561714,A17SAT,,Wesco Anixter MI,,,,,MI,
,X,TCUS,AERO ACCESSORIES,,0003,AERO ACCESSORIES,,,MIRAMAR,33027,15501 SW 29TH STREET SUITE 201,,,US,E,FL,,,,,,,,,,,,C561806,,,US,,,,,,,,,,,,,,NT15,,,,MIA,D,,,,,CRMH04,,10,X,,X,,,,,,,,A17SAT HOUSE ACCOUNT,A17-S999,C561806,A17SAT,,AERO ACCESSORIES,MIA,D,,,FL,
,X,TCUS,GURIT,,0003,GURIT,,,BROWNSVILLE,78521,1555 NORTH CENTRAL AVENUE,,,US,E,TX,,,,,,,,,,,,C561902,,,US,,,,,,,,,,,,,,NT15,,,,MFE,C,,,,,CRMH04,,10,X,,X,,,,,,,,A17SAT HOUSE ACCOUNT,A17-S999,C561902,A17SAT,,GURIT,MFE,C,,,TX,
,X,TCUS,LM WIND POWERS BLADES,,0003,LM WIND POWERS BLADES,,,GRAND FORKS,58203,1195 S 48 TH STREET,,,US,E,ND,,,,,,,,,,,,C561903,,,US,,,,,,,,,,,,,,NT15,,,,FAR,D,,,,,CRMH04,,10,X,,X,,,,,,,,A17SAT HOUSE ACCOUNT,A17-S999,C561903,A17SAT,,LM WIND POWERS BLADES,FAR,D,,,ND,
,X,TCUS,SPECTRO JET CARE,,0003,SPECTRO JET CARE,,,CEDAR KNOLLS,07927,3 SADDLE ROAD,,,US,E,NJ,,,,,,,,,,,,C561939,,,US,,,,,,,,,,,,,,NT15,,,,EWR,B,,,,,CRMH04,,10,X,,X,,,,,,,,A17SAT HOUSE ACCOUNT,A17-S999,C561939,A17SAT,,SPECTRO JET CARE,EWR,B,,,NJ,
,X,TCUS,TM AEROLINEAS,,0003,TM AEROLINEAS,,,MEXICO CITY,15520,FRANCISCO SARABIA 17,,,MX,E,MEXICO,,,,,,,,,,,,C561940,,,US,,,,,,,,,,,,,,NT15,,,,,,,,,,CRMH04,,10,X,,X,,,,,,,,A17SAT HOUSE ACCOUNT,A17-S999,C561940,A17SAT,,TM AEROLINEAS,,,,,MEXICO,
,X,TCUS,INTERSKY PRECISION AEROSPACE,,0003,INTERSKY PRECISION AEROSPACE,,,MEMPHIS,38132,1910 NONCONNAH BOULEVARD SUITE 132,,,US,E,TN,,,,,,,,,,,,C561945,,,US,,,,,,,,,,,,,,NT15,,,,,,,,,,CRMH04,,10,X,,X,,,,,,,,A17SAT HOUSE ACCOUNT,A17-S999,C561945,A17SAT,,Intersky Precision Aerospace,,,,,TN,
,X,TCUS,AOG ACCESSORIES,,0003,AOG ACCESSORIES,,,MIAMI,33122,2549 NW 74TH AVENUE,,,US,E,FL,,,,,,,,,,,,C562159,,,US,,,,,,,,,,,,,,NT15,,,,MIA,A,,,,,CRMH04,,10,X,,X,,,,,,,,A17SAT HOUSE ACCOUNT,A17-S999,C562159,A17SAT,,AOG Accessories,MIA,A,,,FL,
,X,TCUS,DIEHL AVIATION CUSTOMER SVC CTR AMERICAS,,0003,DIEHL AVIATION CUSTOMER SERVICE CENTER AMERICAS,,,STERRETT,35147,12001 HIGHWAY 280,,,US,E,AL,,,,,,,,,,,,C562385,,,US,,,,,,,,,,,,,,NT15,,,,,,,,,,CRMH04,,10,X,,X,,,,,,,,A17SAT HOUSE ACCOUNT,A17-S999,C562385,A17SAT,,Diehl Aviation Customer Service Center AMERICAS,,,,,AL,
,X,TCUS,WISDOM DIGITAL LOG,,0003,WISDOM DIGITAL LOGISTICS,,,LAREDO,78045,13702 MERCURY ROAD,,,US,E,TX,,,,,,,,,,,,C562466,,,US,,,,,,,,,,,,,,NT15,,,,LRD,A,,,,,CRMH04,,10,X,,X,,,,,,,,A17SAT HOUSE ACCOUNT,A17-S999,C562466,A17SAT,,WISDOM Digital Logistics,LRD,A,,,TX,
,X,TCUS,WESCO ANIXTER IL,,0003,WESCO ANIXTER IL,,,ALSIP,60803,11614 SOUTH AUSTIN AVENUE,,,US,E,IL,,,,,,,,,,,,C562504,,,US,,,,,,,,,,,,,,NT15,,,,ORD,B,,,,,CRMH04,,10,X,,X,,,,,,,,A17SAT HOUSE ACCOUNT,A17-S999,C562504,A17SAT,,WESCO ANIXTER IL,ORD,B,,,IL,
,X,TCUS,JAL CARGO LAX,,0003,JAL CARGO LAX,,,LOS ANGELES,90045,6041 WEST IMOERIAL HIGHWAY D,,,US,E,CA,,,,,,,,,,,,C563128,,,US,,,,,,,,,,,,,,NT15,,,,LAX,A,,,,,CRMH04,,10,X,,X,,,,,,,,A17SAT HOUSE ACCOUNT,A17-S999,C563128,A17SAT,,JAL Cargo LAX,LAX,A,,,CA,
,X,TCUS,EVA AIRWAYS/WFS,,0003,EVA AIRWAYS/WFS,,,DFW AIRPORT,75261,1639 WEST 23RD STREET SUITE 200,,,US,E,TX,,,,,,,,,,,,C563224,,,US,,,,,,,,,,,,,,NT15,,,,,,,,,,CRMH04,,10,X,,X,,,,,,,,A17SAT HOUSE ACCOUNT,A17-S999,C563224,A17SAT,,EVA AIRWAYS/WFS,,,,,TX,
,X,TCUS,PERIMETER GLOBAL LOG,,0003,PERIMETER GLOBAL LOGISTICS,,,PHOENIX,85009,3949 WEST VAN BUREN ST SUITE 200,,,US,E,AZ,,,,,,,,,,,,C563286,,,US,,,,,,,,,,,,,,NT15,,,,,,,,,,CRMH04,,10,X,,X,,,,,,,,A17SAT HOUSE ACCOUNT,A17-S999,C563286,A17SAT,,Perimeter Global Logistics,,,,,AZ,
,X,TCUS,IMSE BV,,0003,IMSE BV,,,MERKSEM,2170,GRIFFINSTRAAT 7,,,BE,E,ANTWERP,,,,,,,,,,,,C563516,,,US,,,,,,,,,,,,,,NT15,,,,,,,,,,CRMH04,,10,X,,X,,,,,,,,A17SAT HOUSE ACCOUNT,A17-S999,C563516,A17SAT,,IMSE BV,,,,,ANTWERP,
,X,TCUS,AIR FRANCE IAH,,0003,AIR FRANCE IAH,,,HUMBLE,77338,18705 LEE ROAD,,,US,E,TX,,,,,,,,,,,,C563794,,,US,,,,,,,,,,,,,,NT15,,,,,,,,,,CRMH04,,10,X,,X,,,,,,,,A17SAT HOUSE ACCOUNT,A17-S999,C563794,A17SAT,,AIR FRANCE IAH,,,,,TX,
,X,TCUS,WFS DFW,,0003,WFS DFW,,,DFW AIRPORT,75261,1639 WEST 23RD STREET,,,US,E,TX,,,,,,,,,,,,C563887,,,US,,,,,,,,,,,,,,NT15,,,,,,,,,,CRMH04,,10,X,,X,,,,,,,,A17SAT HOUSE ACCOUNT,A17-S999,C563887,A17SAT,,WFS DFW,,,,,TX,
,X,TCUS,HILL ROM DE MEXICO S DE RL DE CV,,0003,HILL ROM DE MEXICO S DE RL DE CV,,,APODACA,66640,AVENUE DEL TELEFONO 200 HUINALA,,,MX,E,NUEVO LEON,,,,,,,,,,,,C563954,,,US,,,,,,,,,,,,,,NT15,,,,,,,,,,CRMH04,,10,X,,X,,,,,,,,A17SAT HOUSE ACCOUNT,A17-S999,C563954,A17SAT,,HILL ROM DE MEXICO S DE RL DE CV,,,,,NUEVO LEON,
,X,TCUS,MAQUILA SOLUTIONS MEXICO SA DE CV GRUPO CARGOQUIN,,0003,MAQUILA SOLUTIONS MEXICO SA DE CV GRUPO CARGOQUIN,,,APODACA,66634,CALLE AVENIDA PRINCIPAL 201-A,,,MX,E,NUEVO LEON,,,,,,,,,,,,C564014,,,US,,,,,,,,,,,,,,NT15,,,,,,,,,,CRMH04,,10,X,,X,,,,,,,,A17SAT HOUSE ACCOUNT,A17-S999,C564014,A17SAT,,MAQUILA SOLUTIONS MEXICO SA DE CV GRUPO CARGOQUIN,,,,,NUEVO LEON,
,X,TCUS,ENERGY IAH,,0003,ENERGY IAH,,,HUMBLE,78396,7529 RANKIN ROAD BLDG B,,,US,E,TX,,,,,,,,,,,,C564188,,,US,,,,,,,,,,,,,,NT15,,,,,,,,,,CRMH04,,10,X,,X,,,,,,,,A17SAT HOUSE ACCOUNT,A17-S999,C564188,A17SAT,,ENERGY IAH,,,,,TX,
,,,WISDOM DIGITAL LOG,,,,,,,,,,,,,,,,,,,,,,,,,,,,,,,,,,,,,,,,,,,,,,,,,,,,,,,,,,,,,,,,,,,,,,,,,,,,
,,,WESCO ANIXTER IL,,,,,,,,,,,,,,,,,,,,,,,,,,,,,,,,,,,,,,,,,,,,,,,,,,,,,,,,,,,,,,,,,,,,,,,,,,,,
,,,JAL CARGO LAX,,,,,,,,,,,,,,,,,,,,,,,,,,,,,,,,,,,,,,,,,,,,,,,,,,,,,,,,,,,,,,,,,,,,,,,,,,,,
